ID,Name,Phone,Payment,Points
1,Judy Baker,588.449.6965,Card,0
2,Ann Williams,922-669-1669,Cash,0
3,Shannon Smith,001-418-345-1462x7048,Gift Card,0
4,Elizabeth Fowler,+1-332-752-8809x570,Cash,0
5,Sandra Parker,4399117182,Cash,0
6,Carmen Rose,+1-563-583-4657x871,Card,0
7,Alex Spencer,001-330-510-3105,Cash,0
8,John Ryan,001-899-973-7631x1656,Card,0
9,Amy Valdez,+1-410-665-1333x8726,Cash,0
10,Shannon Jones,+1-910-980-1326,Cash,0
11,James Brown,(206)247-4687x2343,Gift Card,0
12,Amy Silva,582.208.1219x13619,Cash,0
13,Jennifer Silva,954.335.3462x47510,Cash,0
14,Daniel Baker,(613)354-2784x980,Gift Card,0
15,Brandy Wilson,682-944-9353,Cash,0
16,Terry Williams,+1-264-300-5242x7868,Cash,0
17,Stephen Mckee,+1-605-798-2620,Gift Card,0
18,Rebecca Valencia,(833)215-8692x322,Gift Card,0
19,Tim Patton,(534)221-6073x37543,Gift Card,0
20,Jennifer Ramirez,645-486-8501,Cash,0
21,Victoria Johnson,+1-265-856-9816x934,Gift Card,0
22,Timothy Ryan,001-735-861-5951x4846,Card,0
23,Kristen Lee,+1-762-999-4680x44369,Cash,0
24,Michael Dixon,001-221-248-9513x4332,Card,0
25,John Atkinson,476-293-6763,Gift Card,0
26,Shannon Mcclure,001-763-928-7083x17278,Cash,0
27,Michelle Wagner,+1-972-577-4348,Card,0
28,Billy Mitchell,855-881-2236x231,Gift Card,0
29,John Brown,(569)909-6705x46688,Card,0
30,Jeffrey Johnson,462-972-9806x99016,Card,0
31,David Murphy,755.564.6417x080,Gift Card,0
32,Rachael Pearson,001-603-730-9232x71937,Gift Card,0
33,Lawrence Adkins,824-519-0496,Cash,0
34,Michael Burton,749-319-0586,Cash,0
35,Gloria Atkinson,916.857.2628x4987,Card,0
36,Leslie Morris,714.273.7996,Gift Card,0
37,Frederick Freeman MD,954-594-8083x136,Gift Card,0
38,Maria Henry,9147363495,Cash,0
39,Patrick Rivera,001-574-544-3135x182,Card,0
40,Destiny Lawrence,001-689-241-3435x24082,Gift Card,0
41,Kristen Terry,(771)409-4777,Card,0
42,Dawn Hensley,616-371-9022,Gift Card,0
43,Bailey Duran DDS,+1-238-367-7496x499,Card,0
44,Christine Clark,+1-212-532-8120x67974,Gift Card,0
45,Douglas Heath,434-693-6183,Gift Card,0
46,Andrea Martin,999-347-1746x4887,Gift Card,0
47,Stacy Navarro,+1-940-913-9904x902,Cash,0
48,Catherine Richards,+1-671-875-6551x2567,Gift Card,0
49,Krista Gibson,945-916-8087x60385,Card,0
50,Christina Dunn,377-510-9324x8086,Card,0
51,Susan Murray MD,(974)484-6773,Card,0
52,Thomas Romero,(614)965-8404,Gift Card,0
53,Jill Washington,988-867-5339x63605,Gift Card,0
54,Matthew Hoover,(370)928-9517,Card,0
55,Charles Pitts,(817)745-9615,Cash,0
56,Stacy Freeman,+1-309-313-4316,Card,0
57,Michael Berger,8504455623,Cash,0
58,Bob Pitts,+1-637-492-3747x407,Cash,0
59,Tony Huerta,664-674-3671x3695,Gift Card,0
60,Ronald Foster,5905974395,Gift Card,0
61,Megan Le,+1-421-504-7095x21456,Card,0
62,Joshua Mata,784.324.7451x71236,Gift Card,0
63,Alexis Herrera,754.596.5137x098,Cash,0
64,Madison Marshall,001-446-812-0047x113,Cash,0
65,Michael Paul,+1-669-226-1796,Gift Card,0
66,Claudia Wallace,551.358.5064,Card,0
67,Samantha Davis,390.505.3293,Cash,0
68,Robin Hall,001-729-504-2284x21020,Gift Card,0
69,Alexis Baker,(368)911-7758,Gift Card,0
70,Theresa Williams,+1-784-470-0766x17711,Gift Card,0
71,Donald Schultz,+1-856-398-4789,Cash,0
72,Ashley Pena,001-783-667-3657x66156,Card,0
73,Christian Leblanc,211-716-1528,Cash,0
74,Jennifer Russo,001-360-749-4519x83273,Cash,0
75,Holly Farmer,001-636-289-9809,Gift Card,0
76,Michael Parker,850-922-9612x01836,Gift Card,0
77,Jacob Griffith,001-999-810-2290x14767,Gift Card,0
78,Paul Wilson,(614)597-8403x69003,Card,0
79,Pamela Roberts,707-362-2683,Card,0
80,Patrick Graham,715.496.9664x160,Gift Card,0
81,Lisa Collier,(716)513-6968x164,Cash,0
82,Christopher Dixon,488-635-5231,Cash,0
83,Lance Wolf,+1-912-377-9979x9552,Cash,0
84,Mark Hogan,001-205-781-4770,Cash,0
85,Angela Lin,999-586-7980,Card,0
86,John Hernandez,9719518203,Cash,0
87,Lisa Cox,666-459-0515x1864,Gift Card,0
88,Kevin Thomas,(346)829-1486x528,Card,0
89,Alicia Parker,357.233.2214,Gift Card,0
90,Sherri Williamson,+1-962-622-9270x653,Cash,0
91,Rachel Young,847.835.9774,Gift Card,0
92,Ruth Solis,(640)375-8181,Cash,0
93,Denise Whitehead,(861)737-5060,Cash,0
94,Zachary Brooks,4519522047,Cash,0
95,Aaron Miller,232-589-8614x341,Gift Card,0
96,Riley Bryant,679-880-8932,Card,0
97,Harry Duncan,(218)851-8888,Gift Card,0
98,Amanda Hughes,(740)751-5319x520,Card,0
99,Carrie Maxwell,772.621.7043x030,Gift Card,0
100,Virginia Daniels,903-845-0541x566,Cash,0
101,Cody Holt,(384)316-1692x845,Card,0
102,Edward Griffin,001-362-875-7059x640,Gift Card,0
103,Robert Shelton,7298702135,Gift Card,0
104,Amanda Hernandez,555.371.9285x654,Card,0
105,Cody Holmes,+1-514-347-3947,Gift Card,0
106,Benjamin Thompson,001-771-555-1884x422,Cash,0
107,Curtis Taylor,805.989.5782x9114,Card,0
108,Patricia Morrow,425-417-7852,Gift Card,0
109,Thomas Brown,682-342-2535,Card,0
110,Mark Pierce,(449)481-8299,Gift Card,0
111,Michelle Jacobs,001-800-210-9439,Gift Card,0
112,Mr. Dylan Frye MD,+1-464-771-0276x77359,Card,0
113,Emma Travis,(962)558-8153x714,Cash,0
114,Anthony Dougherty,+1-963-625-9532x787,Gift Card,0
115,Brandon Long MD,939.650.0479,Card,0
116,Sarah Jordan,656-350-6098x358,Cash,0
117,Jerry Pierce,+1-891-221-6558x523,Cash,0
118,Chad Cook,687.729.8259x5269,Gift Card,0
119,Katrina Burns,001-647-205-5169,Card,0
120,Deborah Rios,001-399-530-9728x96230,Card,0
121,Erik Hernandez,001-936-889-7028x385,Gift Card,0
122,Christopher Barr,585-949-7334x84344,Gift Card,0
123,Gregory Peck,001-344-719-8665x2404,Gift Card,0
124,Mary Burgess,538.548.4219,Card,0
125,Taylor Perez,401.865.7120,Cash,0
126,Shirley Alvarez,+1-434-254-0193x8026,Card,0
127,Jennifer Simpson DVM,400-949-9154x7887,Gift Card,0
128,Robert Rivera,001-774-320-5493x2966,Card,0
129,Brandon Holden,253.604.6374x5499,Cash,0
130,Melissa Brown,774-526-8414,Card,0
131,Casey Hernandez,001-795-368-7833x9187,Card,0
132,Ashley Poole,939.282.2587x13971,Gift Card,0
133,Jose Bryant,3872406403,Gift Card,0
134,Michael Weaver,7178046226,Card,0
135,Thomas Bennett,482-551-2868,Card,0
136,Nicole Good,386.286.3375x243,Card,0
137,Jennifer Miranda,2335119079,Card,0
138,Jennifer Young,702.584.3959,Cash,0
139,Charles Keller,964.240.8926,Gift Card,0
140,Teresa Powers,956.262.4628x73342,Cash,0
141,Tracy Grant,(363)543-5175,Card,0
142,James Jacobs,6132983735,Gift Card,0
143,Colton Figueroa,001-773-693-6385x4678,Gift Card,0
144,Jose Crawford,575-435-5609,Card,0
145,Juan Silva,001-664-923-5369x3785,Gift Card,0
146,Maria Henry,(252)328-7280,Card,0
147,Mary Duran,(923)212-0387x50997,Card,0
148,Juan Smith,648.740.8621x18233,Cash,0
149,James Watson,(979)233-4101x6668,Card,0
150,Michele Miller,(259)418-0339x74014,Gift Card,0
151,Emily Ali,001-826-714-2939,Cash,0
152,Patrick Gibbs,001-818-750-1631x599,Gift Card,0
153,Donald Riddle,335.386.6296x1943,Card,0
154,James Bowers,(765)651-1047,Card,0
155,Brandon Jordan,+1-388-761-0158,Cash,0
156,Alexandria Gutierrez,001-418-339-8262x24447,Cash,0
157,Donald Evans,354-437-9937,Card,0
158,Travis Cook,+1-965-775-6924x593,Card,0
159,James Flores,001-479-235-6465x1939,Gift Card,0
160,Julia Erickson,341.967.2434x266,Gift Card,0
161,Karen Morales DDS,001-268-805-8911x352,Card,0
162,Erin Hogan,501-943-8889,Card,0
163,Joel Frazier,001-782-650-7146x112,Gift Card,0
164,Richard Boyd,(371)477-5140x105,Cash,0
165,Natalie Black,+1-425-886-7362,Cash,0
166,Omar Ware,496.760.3341x918,Gift Card,0
167,Jim Baker,485.696.9691x5579,Gift Card,0
168,Leslie Powers,813-841-2528x66929,Card,0
169,Mark Steele,+1-228-927-4225x7905,Gift Card,0
170,Robert Maynard,676.576.7721x90340,Gift Card,0
171,Carol Ellis,001-578-881-9148x5807,Gift Card,0
172,Ronald Potter,807-445-1713x3959,Cash,0
173,Rachel Li,6956849825,Cash,0
174,Tiffany Robertson,+1-412-660-4223x25367,Gift Card,0
175,Jaime Jones,001-316-884-5775x90175,Card,0
176,Jeffrey Lewis,354-958-9297x500,Gift Card,0
177,Timothy Moore,706.432.4241x541,Card,0
178,Mario Barber,001-236-211-0371x29387,Card,0
179,Ruth Mcneil,(427)413-6111x55426,Gift Card,0
180,Justin Bishop,(375)332-6973,Cash,0
181,Bryce Blair,(665)223-4138x999,Card,0
182,Mary Turner,398.236.4037x61379,Gift Card,0
183,Dr. Bonnie Valencia,001-365-282-7109,Cash,0
184,Andrew Brown,(384)686-6618x8924,Cash,0
185,Thomas Mccann,(285)569-1463,Gift Card,0
186,Jeffrey Chavez,+1-604-421-0202x758,Gift Card,0
187,Paul Marks,001-710-256-4814x9177,Cash,0
188,Mr. Jacob Scott Jr.,001-913-780-0030,Cash,0
189,Chris Velazquez,3867353654,Cash,0
190,Michael Williams,380.961.7445,Gift Card,0
191,Curtis Elliott,293-575-9738x3206,Gift Card,0
192,Makayla Steele,8509641383,Gift Card,0
193,Valerie Thomas,410-838-6571x918,Gift Card,0
194,Keith Graham,(634)545-6557,Gift Card,0
195,Dale Chan,001-312-712-7756,Card,0
196,Christine Parker,711-824-9035x213,Gift Card,0
197,Megan Green,(306)478-8317,Gift Card,0
198,Antonio Norman,323.265.1994,Gift Card,0
199,Christina Brewer PhD,851-907-0296,Cash,0
200,Michael Thompson,524.647.2099,Card,0
201,Dr. John Miller MD,(738)838-0657x87598,Card,0
202,Alexander Harper,3405785932,Card,0
203,Deborah Velasquez,001-203-796-5223x9559,Gift Card,0
204,Kristy Hart,578.542.7010,Cash,0
205,John Rivera,+1-732-352-5002x921,Card,0
206,Tom Foster,454-752-2675,Cash,0
207,Kevin Thompson,542-320-9690x2959,Card,0
208,Brenda Mcgee,555.521.5704,Gift Card,0
209,Hayley Buchanan,001-300-967-6267x6586,Cash,0
210,Laura Chang,327.310.4054,Gift Card,0
211,Stephen Martin,481-859-9706,Gift Card,0
212,Brian Harris,268.884.4431,Card,0
213,Sara Hernandez,(606)314-9731x032,Card,0
214,Brian Glover,674.918.6256x5270,Gift Card,0
215,Darrell Adams,2218158693,Cash,0
216,Jennifer Nichols,493.374.1608x9899,Gift Card,0
217,Joann Rush,(433)620-6163,Cash,0
218,Nicholas Aguirre,268-868-5487,Gift Card,0
219,Chase Knight,001-611-891-4856,Card,0
220,Laura Kennedy,(746)529-9606,Gift Card,0
221,John Adams,(705)644-4713x247,Card,0
222,Lisa Davis,836.478.5082x148,Cash,0
223,Kelly Carroll,(533)603-0705,Cash,0
224,John Sanders,703-757-9727,Cash,0
225,Steven Curry,001-614-806-0293x333,Card,0
226,Sharon Coffey,+1-707-922-9034x94466,Cash,0
227,John Byrd,+1-369-910-8589x944,Cash,0
228,William Davidson,244-932-8309x652,Card,0
229,Deanna Barnes MD,6994353875,Gift Card,0
230,Sherri White,772-548-2513,Card,0
231,Elizabeth French,554-394-7170x99917,Card,0
232,Jane Evans,7224356972,Gift Card,0
233,Katherine Welch,(450)907-4329,Cash,0
234,Penny Anderson,(566)267-6008x35058,Card,0
235,Lori Wright,001-654-621-6894x210,Gift Card,0
236,Joseph Warren,(425)375-3260x33230,Cash,0
237,Matthew Johnson,+1-848-390-9010x0167,Cash,0
238,Kara Hernandez,001-304-661-8499x261,Cash,0
239,Brian Gonzalez,948.535.6420,Gift Card,0
240,Karen Young,3116972181,Gift Card,0
241,Joyce Madden,270-212-0455x611,Gift Card,0
242,Mary Jackson,(679)841-5521x667,Cash,0
243,Karen Fisher,(912)402-1697,Card,0
244,Peggy Carr,+1-527-771-6701x45089,Cash,0
245,Melissa Montgomery,(437)356-2890x02877,Cash,0
246,Erica Rivera,908-338-6631x779,Cash,0
247,Jillian Wilson,501.966.0880x1994,Gift Card,0
248,Heidi Brown,375.389.9757,Cash,0
249,Courtney Peterson,+1-548-585-1027x2614,Cash,0
250,Samuel Lewis,451.960.9177,Gift Card,0
251,Noah Tran,(897)882-9221x69958,Gift Card,0
252,Sydney Farmer,765-547-2269x848,Gift Card,0
253,Marcus Roberts,(822)688-5158x799,Cash,0
254,Jenny Smith,606-620-0342,Card,0
255,Antonio Mueller,880.557.1983,Gift Card,0
256,Rebecca Horton,001-906-566-5800x439,Cash,0
257,Michele Holland,001-898-293-3472x12281,Card,0
258,Justin Anderson,001-240-657-2025,Card,0
259,Kenneth Howard DDS,583-528-1826x88615,Gift Card,0
260,Erin Carter,001-798-878-0157x39930,Cash,0
261,Theresa Cruz,+1-240-685-8877,Gift Card,0
262,Cheryl Palmer,328-580-1336,Cash,0
263,Michele Cherry,001-361-520-7501x10248,Gift Card,0
264,Jennifer Hayes,(765)306-1809x1901,Gift Card,0
265,Michael Obrien,476-660-7283x2684,Card,0
266,Suzanne Norton,001-350-688-2100x9968,Gift Card,0
267,Patrick Swanson,568.322.2394,Cash,0
268,Robert Phelps,001-487-581-4141x39755,Gift Card,0
269,Manuel Mccullough,277-759-4929x95562,Card,0
270,Daniel Singh,(345)625-7775x47812,Gift Card,0
271,Brenda Ryan,611-908-0996x930,Cash,0
272,Brittany Long,001-494-427-8816x58039,Cash,0
273,Christopher Fry,+1-727-850-3731x45303,Gift Card,0
274,Jesse Williams,+1-351-684-4989x2665,Gift Card,0
275,Terry Black,(657)579-0827x231,Cash,0
276,Christopher Guzman,436-851-7773,Gift Card,0
277,Andrew Berry,(428)809-2024,Card,0
278,Kristy Smith,001-441-637-9772x3692,Cash,0
279,Michael Nielsen,+1-891-436-6210x388,Gift Card,0
280,Cassandra Valenzuela,+1-808-781-1729x806,Card,0
281,Melissa Patterson,865.699.1624x7314,Card,0
282,Michael Clarke,001-781-380-6356,Gift Card,0
283,Matthew King,+1-969-459-4636,Cash,0
284,Justin King,795-262-1372x1386,Cash,0
285,Vincent Smith,727-396-1143,Gift Card,0
286,Misty Arias,(598)249-0277x0384,Card,0
287,Kayla Hale,+1-820-553-0214x656,Gift Card,0
288,Nancy Jones,584-989-5543,Gift Card,0
289,Laura Green,(981)881-8451x84894,Gift Card,0
290,Patricia Todd,001-777-290-7141x63356,Cash,0
291,Deborah Mitchell,(951)582-7553x9423,Cash,0
292,David Baker,933.295.2111,Card,0
293,Kimberly Williams,459.257.9472x8463,Cash,0
294,Jenny Ayers,7852627187,Card,0
295,Daniel Carpenter,959-842-8434x79552,Gift Card,0
296,Michael Watson,(847)529-2931x4386,Gift Card,0
297,Tyler Hernandez,6266728857,Card,0
298,Laura Ross,001-620-734-7175x455,Cash,0
299,Bryan Dillon,+1-339-898-2455x877,Gift Card,0
300,Julie Frye,(756)599-6112,Gift Card,0
301,Matthew Page,+1-464-575-9876x220,Cash,0
302,Teresa Haynes,232-261-1178,Gift Card,0
303,Kelly Ferrell,649-921-6433,Gift Card,0
304,Bonnie Roberson,9054577848,Cash,0
305,Melissa Thompson,+1-979-668-8457x831,Cash,0
306,David Torres,9826547807,Card,0
307,Jeffrey Carter,508.453.6866,Gift Card,0
308,Maria Clayton,641.863.8944,Gift Card,0
309,Barry Taylor,279-474-9735,Card,0
310,Joseph Lopez,244-927-0312,Cash,0
311,Jason Floyd,457.505.1204x6187,Cash,0
312,Danielle James,3135673037,Cash,0
313,Michael Collins,520-888-1474x35031,Card,0
314,Christopher Hill,763-300-9792,Card,0
315,Jonathan Parks,500-252-8127x35857,Cash,0
316,Heather Taylor,4777848739,Card,0
317,John Dillon,+1-282-818-2744x857,Gift Card,0
318,Sonya Harvey,(693)751-8638x782,Card,0
319,Frank Davis,+1-910-622-0317x31096,Cash,0
320,Daniel Robbins,7372170586,Gift Card,0
321,Deborah Williams,841-538-1138,Cash,0
322,Matthew Hudson,(388)461-9576,Cash,0
323,Krista Wagner,+1-528-597-5585x56659,Cash,0
324,Joshua Garner,(277)660-0490x824,Gift Card,0
325,Mrs. Emily Ingram,001-448-488-9921x075,Cash,0
326,Steve Wright,341-696-9315x727,Card,0
327,Robert James,001-205-756-6139x06048,Card,0
328,Brittany Shaw,520.867.9981,Cash,0
329,James Anderson,879-408-6416,Cash,0
330,Karen Gonzalez,(393)389-8331x4659,Gift Card,0
331,Jessica Bailey,559-704-2597x92703,Cash,0
332,Nicholas Miller,001-703-592-4051x4770,Card,0
333,Christy Payne,001-648-579-2069x80420,Gift Card,0
334,Lisa Brown,+1-301-764-5104x6368,Gift Card,0
335,Mr. Brandon Gonzalez,780.703.8457x620,Card,0
336,Eric Ferrell,840.546.0843x25621,Card,0
337,Kenneth Simmons,495-878-2329x8324,Cash,0
338,Vanessa Thomas DVM,(251)788-1252,Card,0
339,Jennifer Jenkins,542.531.2209x949,Card,0
340,Alexander Miller,001-572-289-7526x77223,Gift Card,0
341,Wayne Schaefer,(233)831-2797x57366,Card,0
342,Jennifer Crosby,001-298-580-8177,Gift Card,0
343,Jennifer Moss,+1-668-903-4764,Gift Card,0
344,Edward Ellison,001-882-877-1812x982,Cash,0
345,Alexander Chavez,001-337-814-5211x175,Card,0
346,Vanessa Salazar,(468)460-2592,Gift Card,0
347,Michael Barnes,974-221-2309x4077,Gift Card,0
348,Katherine Robinson,+1-577-267-1990x38498,Gift Card,0
349,Anthony Bailey,(809)494-5101,Cash,0
350,Duane Guerrero,001-799-882-7950x145,Cash,0
351,Olivia Bridges,547-521-4586,Cash,0
352,Ashley Blair,+1-781-479-4695x4899,Gift Card,0
353,Kathleen Daniel,872.893.4301x0713,Cash,0
354,Gregory Shaffer,703.244.1448,Cash,0
355,Gary Foster,001-290-423-5577,Cash,0
356,Mr. Steven Herrera,776-308-4958x80395,Gift Card,0
357,Diana Johnson,(882)399-6291x4504,Gift Card,0
358,David Hayes DVM,984.221.5031,Card,0
359,Susan Moore,378-245-2182x30768,Card,0
360,Andrew Charles,657-501-8409,Card,0
361,Corey Hill,771-742-2410x98813,Card,0
362,Tony Brock,001-232-414-9587,Gift Card,0
363,Steven Williams,(501)366-2997x9545,Cash,0
364,Nicole Owens,(517)417-4773,Cash,0
365,Lisa Durham,(425)657-7017x1577,Card,0
366,Lindsey Anderson,861-858-1487,Card,0
367,David Moore,361.953.9669x5832,Card,0
368,Kyle Nguyen,872-746-1919,Card,0
369,Matthew Davis PhD,001-902-527-8469,Cash,0
370,Shawn Evans,+1-246-251-9098x62405,Gift Card,0
371,Samantha Howard,403-969-6566x6683,Gift Card,0
372,Justin Bridges,(462)342-2010x276,Gift Card,0
373,Robert Dalton,001-596-492-7868x765,Card,0
374,Adam Jimenez,001-338-946-8950x0975,Gift Card,0
375,Angela Cross,247.781.8913x71894,Gift Card,0
376,Alexandra Gibson,295.965.4420x9494,Cash,0
377,Laura Douglas,690-647-1281x4429,Gift Card,0
378,Alexis Rodriguez,(492)275-2437,Gift Card,0
379,Bradley Thomas,(776)263-7239,Cash,0
380,Nicole Wilson,(876)974-7836,Gift Card,0
381,Joseph Graham,676-658-0185x6945,Card,0
382,Dawn Silva,239.838.5258x001,Gift Card,0
383,Brian Griffin,544.330.0910,Gift Card,0
384,Barbara Gates,(369)921-2447,Card,0
385,Destiny Simmons,+1-954-321-4066x50442,Card,0
386,Timothy Bishop Jr.,312.686.3917x4101,Cash,0
387,Alicia Jimenez,+1-800-864-2569x0877,Card,0
388,Priscilla Floyd,+1-730-667-1985,Card,0
389,Mark Benjamin,258-851-7432,Gift Card,0
390,Elizabeth Price,257-517-3203,Gift Card,0
391,Arthur Fernandez MD,+1-370-505-0506,Cash,0
392,Mary Ellis,+1-482-293-1027x07903,Card,0
393,Anthony Parker,579-329-1117,Cash,0
394,Jessica Cain,001-365-319-8253x0925,Cash,0
395,Peter Jackson,(282)973-9021x962,Cash,0
396,Adam Howe,001-594-467-2324x876,Gift Card,0
397,Amanda White,791.545.6083x3181,Gift Card,0
398,Mark Clark,2317277220,Gift Card,0
399,Jeffrey Cook,001-970-710-8220x78113,Cash,0
400,Paul Villanueva,515.331.3636,Card,0
401,John Zamora,(539)772-6527,Gift Card,0
402,Christina Martinez,001-690-442-1776x253,Cash,0
403,Margaret Carr,(998)931-6873,Cash,0
404,Nicholas Fitzgerald,235.869.3929,Card,0
405,Amanda Ruiz,001-880-568-6717x73180,Card,0
406,Edward Holland,907-942-7990,Gift Card,0
407,Shelly Sullivan,(570)316-5804x649,Gift Card,0
408,Gabriela Randolph,550.416.5790x55281,Card,0
409,Mrs. Ashley Mendoza,001-993-935-5486x40155,Gift Card,0
410,Sandra Harrison,+1-384-379-5137,Card,0
411,Christopher Mullen,212-641-2723,Card,0
412,Michael Huynh,756.770.4310x3856,Cash,0
413,Mr. Joseph Kelley,449.724.2437x540,Gift Card,0
414,Tyler Montgomery,(284)722-2231,Cash,0
415,Jessica Wood,480.655.2578,Card,0
416,Alexander Velazquez,001-927-752-0885x47492,Card,0
417,Monique Mccullough,(781)340-6937,Gift Card,0
418,Lee Lee,234.730.1871x86375,Card,0
419,Mike Patterson,(950)645-5478x1376,Card,0
420,Nicholas Hurst,001-862-399-1234x7851,Cash,0
421,Mark Nelson,(987)292-3264,Cash,0
422,Elizabeth Richards,487.930.0244x7146,Cash,0
423,Maria Johnson,001-247-619-5979x64715,Card,0
424,Anthony Flores,001-325-520-4565x044,Cash,0
425,Catherine Davis,001-428-655-4451x89520,Gift Card,0
426,John Peterson,(313)828-3389,Card,0
427,Billy Fuentes,7754452798,Gift Card,0
428,Alyssa Olsen,822.334.2321,Cash,0
429,Raymond Todd,6312089071,Cash,0
430,Michael Webster,493-693-2501,Card,0
431,Hannah Martin,293.389.1190x83342,Card,0
432,Tami York,859.327.1256x6383,Card,0
433,Emily Owens,627.954.8015x71647,Gift Card,0
434,Jason Mercer,(431)875-2071x67811,Gift Card,0
435,Kevin Garcia,(515)835-3961,Card,0
436,Diana Reeves,001-694-465-7967,Gift Card,0
437,Ashley King,432.601.0170x2695,Card,0
438,Anne Jones,001-287-273-4778x48588,Gift Card,0
439,Sheryl Wilson MD,(877)900-2842x7624,Card,0
440,Laura Henry,+1-889-677-8280,Cash,0
441,Wesley Jensen MD,350-809-0255x9056,Cash,0
442,Hunter Bell,+1-733-234-9114x15208,Cash,0
443,Scott Bradley,(340)579-0569x65917,Gift Card,0
444,Jonathan Hubbard,629-845-6371x83440,Gift Card,0
445,Lori Rubio,001-791-395-4198x763,Cash,0
446,Elizabeth Brock,(485)936-6498x78208,Card,0
447,Victor Harmon,548.496.9083x572,Card,0
448,Pamela Richard,(451)536-4424x93631,Gift Card,0
449,Robert Collins,486.260.3242x0448,Card,0
450,Katelyn Smith,459-541-6516,Card,0
451,Nicholas Fitzpatrick,898.547.1391x55963,Card,0
452,Christopher Booker,964.590.7851x586,Gift Card,0
453,Sherry Giles,(675)740-9003x486,Gift Card,0
454,Melinda Nichols,676.506.4413,Gift Card,0
455,Caitlin Gonzales,360-741-7765x61248,Card,0
456,Nicholas Kelley,370-402-7206x34591,Gift Card,0
457,Micheal Saunders,+1-529-365-7724x2954,Cash,0
458,Christopher Walter,001-530-608-9317,Gift Card,0
459,Caroline Morales,(394)521-5291x08677,Cash,0
460,Cheryl Atkins,447-862-6393x436,Gift Card,0
461,Alyssa Cherry,997.435.9710,Cash,0
462,Valerie Sanders,266.794.1180,Cash,0
463,Kaitlin Gomez,+1-290-404-8964x652,Cash,0
464,Jonathan Conrad,921.658.6241x502,Cash,0
465,Tammy Campbell,294-585-6257x287,Gift Card,0
466,David Johnson,927-361-7075x877,Cash,0
467,Sharon Martinez,534-222-8499,Gift Card,0
468,Laura Butler,737-315-0416,Cash,0
469,Brittany Miller,001-477-549-0509x759,Card,0
470,Rebecca Campbell,5188961642,Gift Card,0
471,Samuel Martin,001-564-921-4764x92515,Gift Card,0
472,James Adams,+1-761-965-9266x108,Gift Card,0
473,Maria Reeves,588.814.7617x4224,Card,0
474,Anthony Jones,6817866179,Gift Card,0
475,Brad Gordon,772-926-0164,Card,0
476,Joanna Morton,223-421-9416x80061,Card,0
477,Julia Sullivan,+1-397-249-9564x12203,Cash,0
478,Chelsea Johnson,323.468.3147x2760,Card,0
479,Nancy Wallace,370.879.3349x6050,Gift Card,0
480,Sarah Mclaughlin,+1-284-207-6789x973,Gift Card,0
481,Ethan Brown,+1-967-717-9576x0243,Gift Card,0
482,Jordan Matthews,+1-359-972-4665x72934,Gift Card,0
483,Curtis Obrien,767-643-3800,Card,0
484,Christopher Clayton,701.256.1931x83745,Card,0
485,Kristin Kemp,001-289-310-7711x991,Cash,0
486,Bruce Harris,(524)978-7125x521,Gift Card,0
487,Patricia Smith,854.582.1456x5328,Gift Card,0
488,Jeffrey Hardin,885.407.2081x155,Gift Card,0
489,James Johnson,+1-629-408-4668x4550,Gift Card,0
490,Jill Harris,+1-299-775-6341,Card,0
491,Nathan Hobbs,684.531.8848x52008,Gift Card,0
492,Elizabeth Henderson,910.754.8510x17490,Card,0
493,Dr. Virginia Cunningham,+1-789-535-4492x6831,Card,0
494,Heather Garcia,001-766-811-0627x371,Cash,0
495,Kelly Foster,997-467-7622x827,Card,0
496,Kayla Rice,001-337-770-2851x961,Cash,0
497,Amanda Hernandez,(645)644-7022x960,Gift Card,0
498,Robert Burns,985-710-6794,Gift Card,0
499,Karen Cortez,+1-822-887-7725x199,Gift Card,0
500,James Weaver,+1-274-512-0948x18139,Gift Card,0
501,Kathryn Smith,+1-282-904-3397x18956,Card,0
502,Allison Kim,(608)356-4111x82422,Card,0
503,Tristan Gregory,7954200461,Gift Card,0
504,Frederick Bennett,803-339-9378,Cash,0
505,Fernando Tran,370-563-0489,Gift Card,0
506,Marisa Martinez,001-467-518-3258,Gift Card,0
507,Jessica Buck,600.879.4200x749,Cash,0
508,Dr. Christy Pittman MD,(689)814-1612,Gift Card,0
509,Jonathan Pham,+1-254-974-3553x79502,Card,0
510,Adam Thompson,+1-376-781-1807,Card,0
511,Jamie Burke,(520)317-5370x3045,Card,0
512,Lori Stokes,237.550.4793,Gift Card,0
513,Miss Ashley Ramirez,672.583.9992x19212,Gift Card,0
514,Monica Hill,+1-308-994-8706x05664,Gift Card,0
515,Joseph Williams DDS,7463875063,Gift Card,0
516,Rhonda Mooney,361.233.2541,Gift Card,0
517,Robert Watkins,+1-954-331-7350x5831,Cash,0
518,Lauren Miller,6068512070,Card,0
519,Michael Hansen,866-319-6399x0767,Card,0
520,Timothy Logan,485.693.1109x193,Cash,0
521,John Oliver,(732)600-2496,Card,0
522,Kimberly Thomas,249.854.5089x2038,Card,0
523,William Davidson,715.637.7959,Gift Card,0
524,Christopher Gibson,5739033793,Card,0
525,Tiffany Rivera,001-463-662-0501x5081,Cash,0
526,Mark Durham,(500)433-4234x258,Gift Card,0
527,Christopher Green,502-761-5347,Gift Card,0
528,Mary Pugh,+1-861-512-2338x655,Gift Card,0
529,Pamela Matthews,+1-942-553-0428,Gift Card,0
530,Rachel Gibbs,+1-712-986-8578x725,Cash,0
531,Kathleen Adams,(490)733-3736x3466,Gift Card,0
532,Bradley Walton,978-853-9078x9567,Card,0
533,Robert Stewart,(302)673-4151x4888,Gift Card,0
534,Annette Jones,5834535444,Gift Card,0
535,Dr. Nancy Gaines MD,545-966-9078x2633,Card,0
536,Kevin Tran,275.715.3663x778,Card,0
537,Shane Torres,001-207-255-3666x8459,Gift Card,0
538,Brittany Cisneros,399-799-6636x18637,Gift Card,0
539,Jocelyn Kline,421-582-0970,Gift Card,0
540,Victor Campbell,448.717.0580,Gift Card,0
541,Jennifer Moore,528-667-1632,Cash,0
542,Michael Wells,+1-394-893-8743x027,Gift Card,0
543,Danielle Murphy,001-777-679-0147,Gift Card,0
544,Rodney Horn,(632)696-7629x16032,Gift Card,0
545,Andrea Barber,776.881.5118,Cash,0
546,David Hunter,301.476.5636x004,Gift Card,0
547,Paul Washington,418-237-2742,Gift Card,0
548,Cassandra Martinez,001-562-910-4275x2308,Cash,0
549,Sara Cain,+1-516-547-0900x6335,Card,0
550,Javier Hays,531-531-2206x81558,Gift Card,0
551,Jennifer Patterson,231.855.2065,Cash,0
552,Daniel Barrett,495-601-3649x718,Card,0
553,Lindsay Jarvis,001-962-852-5715x099,Card,0
554,Natalie Gordon,001-203-409-1436x391,Card,0
555,Edward Hernandez,203.897.5245,Cash,0
556,Donna Johnson,001-455-933-8033x9685,Card,0
557,Amy Vasquez,502.532.1298,Card,0
558,Jessica Mcdonald,(933)562-9344,Card,0
559,Richard Miller,(266)827-7689x627,Card,0
560,Bradley Knox,998-328-2467x4746,Card,0
561,Miguel Gonzalez,700.885.7666,Cash,0
562,Martin Chapman MD,9167923645,Card,0
563,Marilyn House,001-533-470-5024x9724,Gift Card,0
564,Ray Newman,(869)618-3626x4488,Gift Card,0
565,Nicole Glass,219-452-4364,Gift Card,0
566,April Jones,001-968-464-6225x223,Card,0
567,Ashley Bradley,323.402.3467,Gift Card,0
568,Brady Martinez,250-693-7710,Cash,0
569,Adrienne Aguilar,9139806984,Card,0
570,Lindsey Rogers,+1-855-435-6690x55107,Cash,0
571,Bryce Schmidt,001-735-279-7863x050,Cash,0
572,Nancy Gregory,397.869.1567,Gift Card,0
573,Cory Thomas,598.502.7148x72717,Card,0
574,Paul Keller,616-902-5643,Card,0
575,Meagan Wade,+1-871-853-9915,Card,0
576,Rachel Burch,(733)441-4111x59319,Cash,0
577,Tiffany Ray,7404983665,Card,0
578,Lindsay Walker,(408)275-2437x7294,Gift Card,0
579,Ellen Mooney,749-473-7460,Cash,0
580,Christine Oconnor,802.776.4208,Cash,0
581,John Bailey,(261)684-4386x1259,Card,0
582,Christopher Taylor,001-874-823-3305x912,Card,0
583,Carol Brown,(272)301-8596x263,Cash,0
584,John Watts,(361)376-4750,Card,0
585,John Barnett,630.499.9741x92676,Cash,0
586,Arthur Stout,+1-326-306-8887,Cash,0
587,Christine Barrett,229-420-8751,Gift Card,0
588,Marissa Miller,601-218-4582x603,Gift Card,0
589,Kelly Patton,+1-287-529-7585x98831,Cash,0
590,Charles Chase,829.383.9542,Card,0
591,Debbie Santos,(367)614-6283,Gift Card,0
592,Melissa Lee MD,+1-389-326-2566x09314,Card,0
593,Jennifer Murphy,855-542-3401,Gift Card,0
594,Brian Frost,(684)697-1859,Card,0
595,Stephanie Jackson,001-462-458-8967x92408,Cash,0
596,Keith Adams,001-853-596-7275x7844,Card,0
597,Scott Meza,(251)811-3129x01487,Card,0
598,Tara Taylor,288.916.0930x6853,Cash,0
599,Megan Macias,332.715.2850x67625,Gift Card,0
600,Danielle Ryan,001-214-947-4430x96348,Cash,0
601,Sarah Brown,4978545105,Cash,0
602,Brian Vasquez,688-526-1702,Cash,0
603,James Diaz,(884)217-7225,Cash,0
604,Seth Gonzalez,540.926.6502,Card,0
605,Victoria Wilson,487.725.6862x1102,Card,0
606,Pamela Young,+1-456-490-6744x71639,Gift Card,0
607,Randall Lin,001-536-337-1892x392,Gift Card,0
608,Andrew Mooney,(660)593-1066,Gift Card,0
609,Jeffery Brown,(204)214-5456x35020,Card,0
610,Erica Mitchell,291-462-4755x411,Cash,0
611,Patrick Ward,001-398-295-3439x61129,Cash,0
612,Susan Pena,937.511.8954,Cash,0
613,Brittany Anderson,(284)485-5716x17688,Cash,0
614,Melissa Anderson,4909367881,Gift Card,0
615,Janet Chan,(694)632-0293x9087,Cash,0
616,Elizabeth Adams,623-408-3402,Gift Card,0
617,Richard Day,338.610.5955,Cash,0
618,Jennifer Carr,500-953-4240x89164,Card,0
619,Derrick Perkins,001-462-573-6527x17272,Cash,0
620,Terri White,904-822-6931x2163,Card,0
621,Joseph Acosta,4915660100,Cash,0
622,Debra Mays,+1-400-618-5132x797,Cash,0
623,Christopher Brown,001-448-210-0184x186,Gift Card,0
624,Allison Simmons,(554)336-1721,Card,0
625,Diane Jones,415-610-9226x85926,Cash,0
626,Donna Hutchinson,975-341-0225x267,Gift Card,0
627,Jeffrey Acosta,(815)922-6557,Cash,0
628,Jennifer Leon,323-866-8788x78836,Cash,0
629,Paula Shepherd,913.450.3058,Card,0
630,Amy Bailey,001-824-272-8633x30212,Gift Card,0
631,Jessica Brown,491-379-2025,Card,0
632,Adam Guerra,(422)272-8476x57041,Cash,0
633,Amanda Potter,620.366.7849x84362,Card,0
634,Vanessa Martinez,369.903.6289,Cash,0
635,Matthew Sullivan,(220)556-3411x1595,Gift Card,0
636,Joshua Jones,+1-204-938-3034x199,Gift Card,0
637,Ernest Harding,4543683565,Card,0
638,Steven Gordon,520.596.7904x22711,Gift Card,0
639,Martha Mack,(688)798-5725,Cash,0
640,Teresa Williams,001-463-639-9129x710,Card,0
641,Tracy Harrington,671-775-2421,Gift Card,0
642,Benjamin Page,847.847.2197x054,Cash,0
643,Sylvia Anderson,(289)555-1687x409,Gift Card,0
644,Kristina Moore,946-329-6136,Cash,0
645,John Nichols,711.921.6636x515,Gift Card,0
646,Patrick Wilson,208.727.2359x096,Card,0
647,Veronica Lewis,606.844.2121,Gift Card,0
648,Shane Hayes,(983)942-0165x42356,Card,0
649,Rachel Sheppard,(259)460-8931x99255,Card,0
650,Taylor Porter,816-448-0727x91033,Card,0
651,Cindy Clark,390.955.0448,Gift Card,0
652,Joy Jenkins,(486)885-1276x528,Cash,0
653,Ryan Barker,(349)911-1109x61798,Cash,0
654,Renee Contreras,(233)778-6137x15766,Gift Card,0
655,Katie Adams,+1-744-763-0600x02589,Card,0
656,Kenneth Jordan,+1-863-496-0962,Gift Card,0
657,Evan Moore,412.781.9648,Cash,0
658,Brandon Kim,+1-492-509-8196x0275,Card,0
659,Courtney Lee,364.304.1209,Cash,0
660,Kyle Rodriguez,342-911-7536x1706,Cash,0
661,Angela Mcdaniel,(757)922-4029x9015,Cash,0
662,Lindsay Smith DDS,313-590-8088x235,Cash,0
663,Charles Miller,001-824-847-3158x477,Card,0
664,Danielle Gonzalez,001-846-619-9423x767,Cash,0
665,Lisa Lawson,(739)855-1720x84964,Cash,0
666,Christopher Morris,(353)213-5525,Gift Card,0
667,Adam Murphy,395.638.1649x383,Cash,0
668,Theresa Aguirre,+1-819-366-5533x07704,Card,0
669,Christopher Murphy,(239)704-0907x4260,Gift Card,0
670,Andrea Davis,(944)955-6185x79064,Card,0
671,Tracy Martinez,(491)303-0021x563,Gift Card,0
672,Steven Wood,+1-600-740-1041,Cash,0
673,Rebecca Gray,001-322-597-1252x967,Gift Card,0
674,Mary Bray,273-514-4158x33117,Gift Card,0
675,Daniel Cardenas,671.953.9885,Cash,0
676,Sarah Garcia,(535)367-9836,Card,0
677,Christopher Parker,001-412-671-1307,Cash,0
678,Matthew Chavez,718-215-6326x868,Card,0
679,Jacob Williams,(863)343-6294x8978,Gift Card,0
680,Maria Haley,310.609.4318,Cash,0
681,Manuel Baldwin,(261)334-7323x5494,Gift Card,0
682,Terry Howell,001-843-725-1225x7207,Cash,0
683,William Ibarra,(909)357-9073,Gift Card,0
684,Alan Frazier,638-982-2114x5775,Gift Card,0
685,Jimmy Carey,758-997-1480x2632,Gift Card,0
686,Kenneth Dominguez,(753)813-6148x78245,Cash,0
687,Theresa Hill,709.685.9167,Gift Card,0
688,Adam Ho,(972)684-9824,Card,0
689,Edward Chavez,749.210.7406,Cash,0
690,Chad Koch,782.514.2369x14307,Card,0
691,Mandy Henderson,444-594-2965,Cash,0
692,Jason Gonzalez,714-797-8266x1287,Cash,0
693,Jeffrey Fisher,(470)680-6129x43985,Cash,0
694,Ryan Martinez,+1-907-787-0104x15914,Cash,0
695,Barbara Richards,503.382.8723x24407,Gift Card,0
696,Christian Hobbs,913.431.7087x60146,Gift Card,0
697,Sarah Payne,+1-579-916-2022x328,Card,0
698,Mr. Brett Chapman,(346)861-7662x047,Card,0
699,Eric Brewer,+1-597-705-2774x02588,Card,0
700,Kelly Palmer,(825)395-7244,Card,0
701,Maria Bennett,892.398.8425x9959,Cash,0
702,Samuel Moore,817-875-3312,Card,0
703,Amy King,9178590251,Card,0
704,Mark Hawkins,547.374.3326,Cash,0
705,Lori Barnett,702.405.6981,Gift Card,0
706,Tina Chandler,873.839.7855x98217,Card,0
707,Laura Martinez,841.717.3098x50344,Gift Card,0
708,Seth Donaldson,289-338-9846,Card,0
709,Taylor Mercer,+1-200-556-4350x2385,Gift Card,0
710,Robert Elliott DDS,001-205-916-9918x72401,Card,0
711,Marie Reynolds,830-800-3896x0870,Card,0
712,Jessica Simmons,(817)219-5535,Cash,0
713,Brandon Smith,(789)700-3010x27240,Cash,0
714,Stephanie Bolton,(596)971-1148,Card,0
715,Robin Hurst,774.358.4384,Gift Card,0
716,Steven Thornton,+1-774-413-2834x831,Card,0
717,David Alexander,001-871-907-0449x64104,Gift Card,0
718,James Wallace,736.226.8040,Gift Card,0
719,Nicole Rogers,693-905-9660x186,Cash,0
720,Nathan Mack,626-773-2044x138,Gift Card,0
721,Amanda Hill,249-901-4954x277,Cash,0
722,Andrew Howard,+1-483-660-9149x8517,Card,0
723,Desiree Booth,(432)929-0310,Cash,0
724,Amanda Love,7443058093,Gift Card,0
725,Jeremy Dixon,435.295.6164,Card,0
726,Richard Rogers,(557)749-0250x42901,Cash,0
727,Priscilla Romero,001-353-569-0261,Cash,0
728,Yolanda Mccoy,001-568-618-0978x8754,Card,0
729,Erin Lloyd,(337)751-3765x158,Cash,0
730,Lisa Cole,(339)328-3692x94455,Gift Card,0
731,Jonathan Hernandez,232.870.2164x8712,Card,0
732,Christopher Jones,386.265.2683x41559,Card,0
733,Thomas Dodson,(776)947-2298x12099,Cash,0
734,Jeffrey Romero,001-841-634-7509,Cash,0
735,Fernando White,(303)768-4995,Card,0
736,Bryan Hill,432.244.9134x213,Cash,0
737,Amanda Macdonald,+1-830-970-5349,Card,0
738,Sandra Phillips,317-767-4124,Cash,0
739,Natasha Walker,752-285-4781,Cash,0
740,Timothy Bauer,938-400-3296x33472,Card,0
741,Diane Gonzalez,583-406-1789,Cash,0
742,Michael Austin,+1-793-957-8243x4776,Cash,0
743,Daniel Mccarty,001-446-975-3612x75156,Card,0
744,Sharon Burke,+1-830-944-8360x85456,Gift Card,0
745,Dean Brown,735.404.7639x2831,Cash,0
746,Alicia Bowen,(815)558-1083x5832,Cash,0
747,Christopher Brooks,(638)630-0081x86702,Card,0
748,Mark Watts,3418662411,Cash,0
749,Patrick Weaver,(219)663-9456,Card,0
750,Dale Baker,+1-597-864-6136x8474,Card,0
751,Jonathan Long,(381)673-9063x757,Card,0
752,Robert Daugherty,882-937-9312,Card,0
753,Sara Hodges,8742645205,Card,0
754,Daniel Hart,387.853.5778x8116,Card,0
755,Adam Meyer,923-471-0672,Gift Card,0
756,Kimberly Ross,516-744-8595x9224,Cash,0
757,Danielle Ford,522-587-0562x27104,Gift Card,0
758,Kimberly Rivera,7972921583,Cash,0
759,Denise Hoover,(594)659-6488x31921,Card,0
760,Justin Martinez,596.359.9949x73203,Card,0
761,Lisa Thomas,305.510.2876x7548,Card,0
762,Jamie Cruz,954.985.8193x2426,Card,0
763,Danielle Martinez,(452)205-7563x98365,Gift Card,0
764,Isaac Lee,001-645-215-4809,Card,0
765,Maria Sanders,001-344-209-0797x727,Gift Card,0
766,Louis Reeves,001-622-516-1070x518,Cash,0
767,Nancy Cook,+1-652-395-8066x01382,Cash,0
768,Andrew Franklin,001-386-920-4485x157,Gift Card,0
769,Thomas White,925-390-2035,Cash,0
770,Terri Parker,+1-532-640-6424x29563,Cash,0
771,Cassandra Phillips,001-274-817-5955x872,Cash,0
772,Keith Chaney,(654)235-8841x83437,Cash,0
773,Kelly Welch,227.495.5969x0515,Cash,0
774,George Wong,925-942-7820,Card,0
775,Melissa Simon,834.859.5764x0381,Cash,0
776,Tiffany Morales,4284249839,Card,0
777,Rachel Brown,442-557-6270,Cash,0
778,Elizabeth Miller,936.413.2850,Card,0
779,John Mcdaniel,001-737-667-3162x526,Gift Card,0
780,Monica Coleman,(781)257-9039x2355,Gift Card,0
781,Nicole Melendez,+1-832-473-0346x1562,Card,0
782,James Nicholson,3467226817,Card,0
783,Ashley Huffman,9258298670,Gift Card,0
784,Anthony Coleman,001-819-378-5758x5126,Gift Card,0
785,George Villa,001-643-289-7607,Gift Card,0
786,John Richardson,+1-854-265-4084x245,Card,0
787,Edward Johnson,350-486-3218,Gift Card,0
788,Mackenzie Jordan,257-493-8970x155,Card,0
789,Misty Burnett,468-615-4660,Cash,0
790,Natalie Miller,(513)894-4988x30597,Cash,0
791,Michael Lopez,609.962.4406x30624,Card,0
792,Vanessa Flores,930.853.1949,Gift Card,0
793,Erin Price,+1-905-555-5727,Gift Card,0
794,Carolyn Price,(709)917-8513x8544,Gift Card,0
795,Alyssa Weber,(995)596-6048,Card,0
796,Joshua Gray,416-833-1942,Cash,0
797,Heather Robinson,+1-945-951-5888x636,Cash,0
798,Tim Moore,(864)808-5721,Gift Card,0
799,Jennifer Fields,+1-532-499-8199x605,Cash,0
800,Kaitlyn Davis,(909)568-8327x532,Card,0
801,Edward Kline,997.373.9732,Card,0
802,Sara Wiggins,(837)310-0687,Card,0
803,Tina Ware,+1-819-280-7704,Card,0
804,Mitchell Hunt,+1-476-511-2491x2565,Gift Card,0
805,Christine Davis,+1-617-273-4547x5749,Card,0
806,Brittany Roberts,959.954.4294,Card,0
807,Brittany Trujillo,(629)446-4303,Gift Card,0
808,Deanna Griffith,001-886-979-2529x8585,Card,0
809,Shelby Olson,560.715.3433x2491,Card,0
810,Mr. Mark Smith DDS,333.250.6158x14888,Cash,0
811,Joseph Sanchez,001-323-437-2094x8413,Cash,0
812,Amy Perez,001-597-971-8051,Card,0
813,Bradley Gonzalez,+1-893-397-4909,Gift Card,0
814,Jessica Day,001-497-704-6947,Gift Card,0
815,Kayla Bean,248-735-4884x7127,Gift Card,0
816,Katrina Simpson,(516)341-7582,Cash,0
817,Cindy Shaw,487-414-9392x52362,Cash,0
818,Jose Wells,+1-764-934-7452x455,Gift Card,0
819,Justin Farmer,5605652740,Card,0
820,Dawn Wall,9566658833,Gift Card,0
821,David Nguyen,297.706.7349x9601,Gift Card,0
822,Jacob Mclean,672-515-6229,Cash,0
823,Jessica Murphy,+1-748-984-0215,Card,0
824,Cindy Morris,475.353.4490,Cash,0
825,Jessica Shaffer,7809850960,Card,0
826,Gene Jones,991-581-8281,Gift Card,0
827,Pamela Jordan,277-825-1295x786,Card,0
828,Abigail Clayton,7039562439,Cash,0
829,Christina Underwood,(292)432-3421x089,Cash,0
830,Tina Murphy,333-834-2643x35027,Card,0
831,Sean Dickerson,360.377.6336,Cash,0
832,Katie Lane,712.931.7955x63318,Card,0
833,Brian Bryant,8666615541,Gift Card,0
834,Michael Santos,(470)445-0232x9028,Cash,0
835,Pamela Brown,445.496.2622,Card,0
836,Tim Buchanan,2732465495,Cash,0
837,Stephen Johnson,(360)286-9822,Gift Card,0
838,Daniel Barnes,217-676-8729,Cash,0
839,Steven Scott,585-391-7793x23822,Gift Card,0
840,Michelle Campbell,+1-613-434-2457x988,Gift Card,0
841,James Thomas,001-206-903-2020x3265,Card,0
842,Mr. Mark Montoya,001-367-637-9487,Cash,0
843,Kayla Rogers,(645)378-7158,Gift Card,0
844,Jessica Johnson,+1-421-737-1184,Cash,0
845,Jeffrey Joyce,582-768-3230,Card,0
846,Penny Hart,580.485.8382x52129,Gift Card,0
847,Tina Coleman,940.764.6867,Cash,0
848,Todd Smith,484-539-9106x227,Gift Card,0
849,Christopher Barnes,001-333-451-3426,Cash,0
850,Charles Hill,901-484-8197x37418,Card,0
851,William Lozano,340-364-1769x27438,Card,0
852,Miss Linda Cox DVM,+1-376-260-1444x85645,Card,0
853,Robert Sanchez,839.264.1789x9698,Gift Card,0
854,Leslie Leon,891-213-5996,Gift Card,0
855,Richard Phelps,001-280-766-0392,Gift Card,0
856,Thomas Pham,001-474-555-5347x0574,Cash,0
857,Sharon Wong,001-365-327-1559x8354,Cash,0
858,Emily Crawford,(463)447-5575,Cash,0
859,Brian Perkins,684.488.2691x31196,Cash,0
860,Kim Sanders,(614)299-1537x0382,Card,0
861,Roy Lucero II,973.920.4309,Gift Card,0
862,Juan Carroll,(728)796-9645x46553,Gift Card,0
863,Michael Morris,001-538-792-1878x519,Card,0
864,Maria Spencer,874.390.7977,Cash,0
865,Carolyn Castro,+1-605-272-1514,Gift Card,0
866,Katherine Padilla,(863)474-8453,Gift Card,0
867,Veronica Matthews,8904591191,Gift Card,0
868,Danielle Guzman,001-922-407-1511x69666,Card,0
869,Catherine Collins,(564)771-2463,Card,0
870,Miss Gina Walton,740.890.8051x20800,Gift Card,0
871,Robert Carroll,(712)439-7283x512,Cash,0
872,Michelle Hobbs,(682)670-9081,Card,0
873,Michael Lawrence,(817)939-2957,Cash,0
874,Mary Jones,252.937.3605,Gift Card,0
875,Susan Zimmerman,001-818-515-8998,Cash,0
876,Chad Gallagher,866-666-1707x1587,Cash,0
877,Dr. Dustin Sutton Jr.,2312499825,Gift Card,0
878,Eric Lopez,+1-506-388-2850,Card,0
879,Cody Walker,513-773-9900x63140,Gift Card,0
880,Dr. Samantha Watson,(802)229-3946x9434,Cash,0
881,Jason Ramirez,574.390.6072,Cash,0
882,Ashley Barrera,612.385.2464x8449,Gift Card,0
883,Jennifer Blackwell,918.373.2807,Gift Card,0
884,Andrew Hughes,213-569-5727,Gift Card,0
885,Misty Williams,8258425730,Cash,0
886,Edgar Brown,(635)470-7139,Gift Card,0
887,Victor Brown,+1-216-888-0925x50213,Card,0
888,Anthony Hughes,001-813-609-8107,Gift Card,0
889,Jasmine Kent,779.545.7727,Card,0
890,Mark Thompson,(842)450-6420x7683,Card,0
891,Heather Mcmahon,(567)577-6755x56283,Gift Card,0
892,Laura Gould,001-995-678-6543x6271,Card,0
893,Tina Berg,(803)435-8268x62703,Card,0
894,Paul Elliott,(469)932-6573,Card,0
895,Timothy Salazar,001-401-511-0005x1553,Cash,0
896,Austin Hanson,397-875-2441x82226,Cash,0
897,Juan Harrison,431-227-1026x767,Cash,0
898,Victoria Cox,399.427.0795x515,Cash,0
899,Eric Long,(213)854-1597,Gift Card,0
900,Holly King DDS,907.352.0344x76504,Card,0
901,Andre Wiggins,+1-809-704-6376x604,Cash,0
902,Jose Chaney,(765)325-4837x44171,Cash,0
903,Carl Gill,312.251.2931,Cash,0
904,Nancy Peterson,+1-312-497-5191x023,Card,0
905,Trevor Smith,+1-933-601-6583x73792,Card,0
906,Leslie Valencia,328.301.2342x893,Card,0
907,Samuel Avila,526.894.9684,Gift Card,0
908,Gregory Allen,2448210175,Gift Card,0
909,Phillip Moran,7159959194,Cash,0
910,Robert Wood,775-883-3920x5677,Cash,0
911,Steven Hayes,(766)202-5626,Card,0
912,Robert Whitehead,(692)731-0672,Gift Card,0
913,Jonathan Moore,+1-443-937-9766,Cash,0
914,Amy Ali,557-894-2387,Card,0
915,Tyler Welch MD,996-391-9284x5525,Card,0
916,Jacob Sanchez,535-574-8595x32593,Gift Card,0
917,John Smith MD,662-395-1877,Gift Card,0
918,Richard Moody,425-607-3305x597,Cash,0
919,Kari Edwards,+1-633-599-1403,Cash,0
920,Jenny Cardenas,3447324006,Cash,0
921,Theodore Hernandez,+1-968-629-7514x7439,Gift Card,0
922,Carl Blanchard,205-887-5256,Gift Card,0
923,Jennifer Nguyen,001-404-359-9080x27112,Cash,0
924,Teresa Young,001-855-451-6517x68086,Cash,0
925,Ann Clark,(514)933-0800,Card,0
926,Daniel Hall,(628)955-6608,Cash,0
927,Miguel Perry,203-790-3397,Gift Card,0
928,Lauren Richardson,(763)828-0944,Gift Card,0
929,Dakota Lawson,435-346-1470x79863,Card,0
930,Robert Newton,239.543.9457,Cash,0
931,Stacey King,404.903.2537x65769,Card,0
932,Kyle Norton,+1-831-491-0090x04047,Cash,0
933,Jacob Brewer,(351)246-0401x42473,Card,0
934,Tara Thompson,913-379-8440,Card,0
935,Brittany Brown,+1-660-907-6762x09014,Gift Card,0
936,Derek Lambert,537.200.9687,Gift Card,0
937,Brandon Richardson,882.755.8825x5629,Gift Card,0
938,Gregory Carter,+1-478-265-6194x25577,Card,0
939,Thomas Mcgrath,(395)882-9236,Card,0
940,Wanda Stephens,819.804.8235x71558,Gift Card,0
941,Gregory Russell,001-813-672-3081x72143,Cash,0
942,Kimberly Davis,300.604.1321,Gift Card,0
943,Bryan Duffy,+1-260-994-5653x46997,Card,0
944,Kathryn Bell,276-981-6995x706,Card,0
945,Angie King,913-217-6539,Card,0
946,Juan Padilla,439.961.0290x871,Gift Card,0
947,Karl Solis,+1-604-491-8727,Card,0
948,Kyle Simmons,+1-521-737-7306x26042,Cash,0
949,Lauren Snyder,001-771-812-2299x077,Cash,0
950,Joseph Benson,+1-681-767-0468x6111,Gift Card,0
951,Jonathon Sanchez,(710)621-9237,Cash,0
952,Wesley Douglas,001-461-880-3324,Card,0
953,Anthony French,584-998-0425,Card,0
954,Chelsea Wells,931.326.8812x2821,Card,0
955,Danielle Molina,+1-853-946-0605x6035,Gift Card,0
956,Sharon Goodman,(679)986-2398,Card,0
957,Jessica Johnson,981-720-5464,Card,0
958,Joseph Murphy,378-976-9899x9275,Cash,0
959,Kim Jensen,744-544-9835,Card,0
960,Hannah Torres,786-544-9639x24358,Gift Card,0
961,Lauren Thompson,001-943-739-5275x3674,Gift Card,0
962,Larry King,(886)501-3477x8948,Gift Card,0
963,William Fuller,291.376.6512x2150,Cash,0
964,Joshua Adams,663-609-0015,Card,0
965,David Montgomery,001-748-553-2089,Card,0
966,Vincent Reyes,+1-390-321-9947,Gift Card,0
967,Jason Allen,+1-822-934-1034x699,Gift Card,0
968,Brian Miller,001-877-726-9608x437,Card,0
969,Jonathan Gilbert,793.752.1962x633,Cash,0
970,David Roberts,269.870.9317,Gift Card,0
971,Heather Smith,(576)516-4534x54722,Gift Card,0
972,Veronica Diaz,001-631-421-9804x18472,Card,0
973,Diana Moon,264.428.1319,Cash,0
974,John Henderson,(430)339-1114,Cash,0
975,Kristen Wood,(228)223-0524,Gift Card,0
976,Christopher Harrison,(439)359-4737,Gift Card,0
977,Carla Obrien,8168204787,Cash,0
978,Julie Holland,359.796.4862x87203,Card,0
979,Ashley Strong,(464)650-5730x3627,Gift Card,0
980,Charles Lester,547.467.7537x260,Card,0
981,Tammy Phillips,9572661945,Gift Card,0
982,Sheila Mendoza,(253)548-2012x840,Cash,0
983,Jacqueline West,897-259-5450x89177,Card,0
984,Kimberly Curry,812.565.7422x31964,Gift Card,0
985,Eric Mckay,669.536.2689,Gift Card,0
986,Austin Trevino,771-937-2711x759,Gift Card,0
987,Deanna Hansen,001-955-682-9849x3306,Gift Card,0
988,Jordan Porter,001-460-394-4128x3337,Card,0
989,Katie Gutierrez,(869)854-1329x7150,Card,0
990,Brittany Kennedy,5558143776,Card,0
991,David Sanchez,(352)395-9611,Cash,0
992,Alejandra Fernandez,312.200.7202x4559,Cash,0
993,Eric Garcia,001-310-690-3267,Cash,0
994,Lisa Fox,+1-542-617-9428x179,Card,0
995,Samuel Ortega,001-577-558-4466x345,Card,0
996,Michael Johnson,6917217221,Gift Card,0
997,Lauren Higgins,(361)289-4370x52635,Card,0
998,Samuel King,(777)465-7256,Gift Card,0
999,Richard Best,(817)252-0238x97432,Gift Card,0
1000,Lynn Dawson,+1-655-801-7833x258,Gift Card,0
1001,Wendy Salazar,+1-736-207-9848x704,Gift Card,0
1002,Mark Conner,567.699.3593x7440,Gift Card,0
1003,Aaron Perez,873.260.6014,Gift Card,0
1004,Tiffany Norton,+1-749-407-9388x4136,Cash,0
1005,Christina Cohen,653-670-1242,Card,0
1006,Taylor Harris,(451)344-8811,Cash,0
1007,April Allen,001-642-317-5188x78179,Gift Card,0
1008,Brandon Thompson,784.409.1122,Cash,0
1009,Melissa Lee,001-350-556-6186x32397,Cash,0
1010,Taylor Norman,+1-576-255-3007,Cash,0
1011,Alicia Beck,(356)405-7121x988,Card,0
1012,Juan Arnold,001-651-490-5348x64010,Cash,0
1013,Robyn Kidd,256-618-5174x460,Card,0
1014,Michael Kane,399.515.1145x51293,Gift Card,0
1015,Eric Hodges,001-381-789-8484x16046,Cash,0
1016,Anthony Jones,001-301-670-7568,Card,0
1017,Todd Jacobson,515.422.9107,Card,0
1018,Tyler Shields,836.508.4937x83063,Card,0
1019,Eileen Taylor,001-669-944-3916,Gift Card,0
1020,Brian Garza,001-342-892-9132x0330,Gift Card,0
1021,Daniel Chung,001-903-410-6153,Card,0
1022,Matthew Martinez,(556)568-4732x365,Gift Card,0
1023,Travis Kim III,(672)400-7843x61424,Gift Card,0
1024,Adam Floyd,919.575.4373x47642,Cash,0
1025,Casey Norman,+1-676-638-8214x5841,Cash,0
1026,Alicia Bradley,434-943-8998,Cash,0
1027,April Benjamin,586-895-0732x14644,Cash,0
1028,Toni Cunningham,(516)779-3350x557,Gift Card,0
1029,Jeffrey Hart DDS,392-336-0376,Gift Card,0
1030,Vanessa Alexander,(833)335-1040,Card,0
1031,Maria Wu DVM,553-291-1498,Cash,0
1032,Donald Jackson,001-807-736-5118x93940,Cash,0
1033,Nicole Hawkins,(501)290-4322,Card,0
1034,Christina Clark,(347)507-3920,Gift Card,0
1035,Peter Juarez,+1-362-312-7602x50826,Gift Card,0
1036,Christy Hernandez,763-924-8889,Cash,0
1037,Zachary Patel,001-637-562-9745,Cash,0
1038,Rebecca Houston,464.268.7191,Gift Card,0
1039,Michael Herring,587-469-2082,Cash,0
1040,Anthony Garrison,+1-313-688-1588,Cash,0
1041,Joshua Clayton,9673323182,Gift Card,0
1042,Mark Miller,001-457-324-5000x00015,Cash,0
1043,Connor Benton,778-850-9025,Cash,0
1044,Rebecca Gordon,344-421-8299x8747,Cash,0
1045,Phillip Mason,2562708670,Cash,0
1046,Dean Sanchez,(551)858-4826x691,Cash,0
1047,Derrick Perez,550-554-2960x80706,Card,0
1048,Scott Grant,+1-850-698-2210x401,Gift Card,0
1049,Becky Peters,304.842.8773x83638,Gift Card,0
1050,Christopher Jones,001-569-842-8946x420,Gift Card,0
1051,Bianca Bowen,763.614.4170x64625,Cash,0
1052,Amanda Powell,955.882.4301,Gift Card,0
1053,Ricky Roy,798.480.3153x88824,Gift Card,0
1054,Ronald Brown,001-650-740-4333x353,Cash,0
1055,Barbara Chandler,(211)519-7871,Gift Card,0
1056,Brandon Shelton,932.765.3060x1198,Cash,0
1057,Anna Yu DVM,001-488-200-2300x91561,Card,0
1058,James Kennedy,001-774-449-1609x365,Card,0
1059,Angela Munoz,889-941-8433,Card,0
1060,Alexander Taylor,(732)823-9982x13745,Cash,0
1061,David Johnson,001-842-888-6050x5376,Gift Card,0
1062,Natasha Stone,512-760-0308,Card,0
1063,Stephen Davis,001-206-827-1531x23455,Gift Card,0
1064,Catherine Armstrong,676.282.9384x4013,Cash,0
1065,Victoria Deleon,243-378-8260x33591,Gift Card,0
1066,Jocelyn Benson,+1-908-659-9144x920,Gift Card,0
1067,Carol Avila,001-399-669-9648x997,Gift Card,0
1068,Richard Riley,+1-593-425-9140x8499,Gift Card,0
1069,Ashley Combs,242.966.9806,Cash,0
1070,Mark Bryant,(507)423-4838x93595,Cash,0
1071,Kristina Smith,805-761-2996x5082,Card,0
1072,Bridget Guerrero,286-996-5613,Cash,0
1073,Annette Rivas,(638)859-5143,Card,0
1074,Cynthia Hogan,884-800-2730x0869,Gift Card,0
1075,Anthony Bass,001-268-631-1395x00168,Cash,0
1076,Mark Jones,001-750-576-2839x7620,Card,0
1077,Debra Huang,479.746.2072x662,Cash,0
1078,Robert Reese,676.302.9914x0688,Card,0
1079,Christina Chavez,925-352-3561,Cash,0
1080,Daniel Ferrell,(811)592-0613,Cash,0
1081,Veronica Stewart,678.695.6133x718,Gift Card,0
1082,Anthony Ali,001-850-626-4801,Card,0
1083,Anthony Hayes,+1-241-467-8127x78221,Cash,0
1084,Sherry Shannon,001-782-913-4862,Gift Card,0
1085,Melissa Kim,001-963-283-1828x56053,Cash,0
1086,Michael Stephens DDS,(217)870-6736x8205,Cash,0
1087,Angela Pittman,(735)952-1650,Gift Card,0
1088,Melissa Sullivan,(818)921-9259,Gift Card,0
1089,Tina Grant,+1-243-469-9848,Gift Card,0
1090,Thomas Rosales,4936869484,Gift Card,0
1091,Gail Moss,481.514.5788x70715,Gift Card,0
1092,Jennifer Myers,382.909.7461,Card,0
1093,Joseph Cruz Jr.,+1-296-787-2258x937,Cash,0
1094,April Schneider,+1-235-304-0566x95790,Gift Card,0
1095,Steven Thompson,001-755-644-2867x9632,Card,0
1096,David Lynn,+1-389-746-3389x15624,Card,0
1097,Philip Bowen,725.362.9269x3358,Card,0
1098,William Wagner,+1-765-250-7846,Card,0
1099,Nicole Mejia,943-403-4918x9117,Cash,0
1100,Joseph Bush,001-334-701-5364,Card,0
1101,Brian Carey,313.525.9367,Cash,0
1102,Jillian Stewart,4949214105,Card,0
1103,Joseph Bright,001-498-578-0927x045,Cash,0
1104,Kelsey Gates,(862)925-8660x598,Cash,0
1105,Diana Huffman,(875)785-4859,Card,0
1106,Emily Marquez,+1-442-282-4911x650,Cash,0
1107,Amanda Solis,(239)731-3215x513,Card,0
1108,Andrew Harris,+1-968-421-4448x8966,Cash,0
1109,Dr. William Walker MD,+1-374-562-0258x2543,Cash,0
1110,Carrie Daniels,623-312-3920,Gift Card,0
1111,Oscar Mcclure,836.347.2387x50827,Card,0
1112,Cassandra White,(277)754-5847x262,Card,0
1113,Brandon Velasquez,+1-376-983-1608x27172,Cash,0
1114,Christina Cobb,001-539-892-0522x2999,Gift Card,0
1115,Tina Oconnor,591-743-8823x25539,Card,0
1116,Elizabeth Butler,977.332.6430x9544,Gift Card,0
1117,Jeremy Summers,001-270-729-2712,Gift Card,0
1118,Steven Mcdonald,371.437.5298x83220,Cash,0
1119,Jennifer Gibbs,9839200487,Card,0
1120,Daniel Singh,001-658-652-3860x030,Gift Card,0
1121,James Miller,001-395-217-1523,Card,0
1122,Maria Jackson,001-595-201-4374x8309,Card,0
1123,Wendy Miller,+1-397-919-1260x22132,Cash,0
1124,Paul Taylor,491-211-6612,Gift Card,0
1125,Nathan Griffin,001-858-773-3930x4936,Cash,0
1126,Adam White,+1-448-712-4211x4086,Cash,0
1127,Laura Nguyen,(729)746-2093,Card,0
1128,Sara Jones,001-303-499-5297x0137,Card,0
1129,Jeff Howard,285-864-2304x12027,Cash,0
1130,Lucas Mendoza,+1-374-802-9907,Card,0
1131,Kevin Gutierrez,(224)581-5542,Card,0
1132,Sharon Johnson,7108956797,Gift Card,0
1133,Elizabeth Brown,695.954.6234x712,Gift Card,0
1134,Brian Peters,001-318-910-3068x31764,Card,0
1135,Jose Stephens,215.871.2901x50713,Cash,0
1136,David Murray,651.504.5847,Card,0
1137,Carrie Padilla,9098625885,Card,0
1138,Linda Crawford,418.905.3396,Cash,0
1139,Sara Preston,(821)859-1832x70004,Cash,0
1140,Eric Rivera,001-301-610-7977,Card,0
1141,Paul Baker,588.319.4905,Card,0
1142,Christopher Scott,+1-380-594-9769x873,Card,0
1143,Jeffrey Martinez,(969)984-1661x23740,Gift Card,0
1144,Danielle Rivas,001-256-323-8994x99197,Gift Card,0
1145,Susan Martin,(420)237-0878x21160,Card,0
1146,Mary Green,+1-913-459-9898,Gift Card,0
1147,Angela Wallace,8886948018,Gift Card,0
1148,Charles Chang,458.283.9785x708,Cash,0
1149,Debbie Williams,357.412.3691x4961,Cash,0
1150,Kathryn Montoya,629-268-8276x970,Card,0
1151,Crystal Wilson,596-415-6078,Cash,0
1152,Mr. Robert Tran,656.251.7962,Gift Card,0
1153,Tammy Miles,696-468-3496x0478,Cash,0
1154,Adam Hoffman,462-225-9364,Cash,0
1155,Laura Clarke,848.468.8390,Cash,0
1156,Mrs. Brittany Archer,579.791.6091x14131,Card,0
1157,Victoria Bowman,(736)413-3760,Card,0
1158,Mrs. Dawn Hawkins,465-602-5447,Gift Card,0
1159,Brent Stewart,9349409661,Cash,0
1160,Tara Jones,424.398.9808x80678,Cash,0
1161,Jeremy Gutierrez,835-592-6648,Card,0
1162,Lauren Horton,+1-774-686-9415,Gift Card,0
1163,Regina Williams,892-292-0753,Card,0
1164,Benjamin Miller,+1-603-798-8636x53621,Card,0
1165,Anthony Washington,6094942489,Card,0
1166,Thomas Lutz,+1-648-796-6760x56420,Gift Card,0
1167,Jackson Avila,580-797-4533x89062,Card,0
1168,Jared James,(726)554-0165,Gift Card,0
1169,Alexa Frederick,(422)712-2427x67746,Card,0
1170,Jeanette Garcia,(841)215-8488,Gift Card,0
1171,Tanner Herrera,579-386-7782,Cash,0
1172,Kyle David,404.272.6426x121,Cash,0
1173,David Moss,753.665.9680x7852,Gift Card,0
1174,Carrie Anderson,+1-683-985-4540x06445,Gift Card,0
1175,Charles Gonzalez,912-332-7489,Gift Card,0
1176,Steven Sanders,834.427.2038,Gift Card,0
1177,Stephanie Gomez,7805196304,Gift Card,0
1178,Lee Mcguire,558.682.4935,Cash,0
1179,Scott Boyer,+1-418-616-7784x8165,Gift Card,0
1180,Thomas Moses,546-908-3851x799,Gift Card,0
1181,Kristen Smith,+1-853-491-2878x84869,Cash,0
1182,Pamela George,257-392-7147x2463,Cash,0
1183,Victoria Fernandez,(542)342-3839x7283,Cash,0
1184,Brian Lucas,+1-270-562-9328,Cash,0
1185,Bryan Velasquez,9238200186,Gift Card,0
1186,Andrew Johnson,+1-398-676-1081x4356,Gift Card,0
1187,Nathaniel Hurst,753-619-8074x6823,Gift Card,0
1188,William Stewart,+1-810-903-0762x05459,Cash,0
1189,Erin Leach,8667664110,Card,0
1190,Brandon Davis,640.978.5169,Gift Card,0
1191,Luis Richardson,+1-836-868-3482,Card,0
1192,Lawrence Glover,738.268.8891x78791,Card,0
1193,Kevin White,819.776.0932x012,Gift Card,0
1194,Victor Boyd,+1-726-404-1809,Cash,0
1195,Rachel Ward,351.377.7412x74692,Card,0
1196,Rebecca Newman,(441)499-6264,Gift Card,0
1197,Tommy Cook,001-717-604-5421,Gift Card,0
1198,Roy Williams,(882)509-2257x09001,Cash,0
1199,Stephanie Ortiz,4727324728,Cash,0
1200,Stacey Ramirez,5173882247,Card,0
1201,Jason Price,+1-350-371-0580,Gift Card,0
1202,Vanessa Bishop,411.552.6105x370,Card,0
1203,Joel Pacheco,001-650-707-4189,Card,0
1204,Crystal Brewer,001-787-469-8936,Card,0
1205,Diana Kennedy,361-598-2734,Cash,0
1206,Molly Jones,650-525-8963x217,Cash,0
1207,Rachel Chandler,848.235.2680x648,Gift Card,0
1208,Jo Chapman,744.588.3842,Cash,0
1209,William Velez,762-980-5507x7406,Card,0
1210,Heather Diaz,(923)692-0908x5510,Card,0
1211,Mary Greene,211.417.8619,Cash,0
1212,Edward Dunlap,+1-260-322-0695x35412,Cash,0
1213,Catherine Santana,001-350-702-6015,Card,0
1214,Nathan White,(994)579-5074x071,Gift Card,0
1215,Julie Pierce,(695)203-1006x493,Gift Card,0
1216,Steven Wilson,652-303-6089x411,Cash,0
1217,Wanda Rogers,+1-792-885-5359x520,Card,0
1218,Anthony Stuart,001-390-806-9680,Gift Card,0
1219,Karen Williams,001-737-584-2339x449,Card,0
1220,James Ellis,001-625-450-3250x17365,Cash,0
1221,Catherine Rodriguez,+1-542-690-2923,Gift Card,0
1222,Brandon Smith,8906605308,Gift Card,0
1223,Christian Leach,766-973-2904,Cash,0
1224,Shawn Hart,+1-875-692-1299,Cash,0
1225,Anthony Ashley,462.302.7558,Gift Card,0
1226,William Wu,001-492-507-1152x380,Card,0
1227,Tyler Garcia,+1-321-858-1897x059,Card,0
1228,Brian Kim,+1-955-988-1959,Gift Card,0
1229,Michael James,900.453.7893x18692,Card,0
1230,Desiree Ali,601-482-2720x0283,Cash,0
1231,Sara Perez,+1-820-741-4474x32811,Card,0
1232,Michelle Haynes,+1-720-420-3042x32277,Card,0
1233,Ashley Watson,602.881.6506,Gift Card,0
1234,Michael Summers,(593)477-7569x198,Card,0
1235,Melinda Pearson,+1-516-317-4690x298,Cash,0
1236,Alyssa Wright,001-884-919-6622x9131,Gift Card,0
1237,Anthony Sullivan,(866)770-6362x198,Card,0
1238,Eric Mitchell,001-744-207-6634x93396,Card,0
1239,Larry Jackson,422.662.6114,Cash,0
1240,Jason Taylor,001-358-854-2188x0879,Card,0
1241,David Collins,001-619-996-4338x532,Card,0
1242,Chelsea Diaz,5583333430,Cash,0
1243,Ruben Charles,876.605.4576x94757,Card,0
1244,Terri Hendricks,335-836-5974x66986,Gift Card,0
1245,Douglas Miller,845-408-0959x48152,Gift Card,0
1246,Todd Johnston,(347)621-3074x2359,Card,0
1247,Bryan Cervantes,6487933261,Cash,0
1248,Cindy Pacheco,796.437.3100x817,Cash,0
1249,Bryan Richardson,+1-671-484-5235,Cash,0
1250,Taylor Salinas,447-501-7320x865,Gift Card,0
1251,Julie Anderson,(965)363-3701x40052,Card,0
1252,Timothy Nguyen,300.802.7221x42573,Gift Card,0
1253,Eric Ponce,001-813-768-1720x313,Card,0
1254,Christian Rowe,(709)729-7352,Gift Card,0
1255,Shannon Vega,422.227.3938,Card,0
1256,Samuel Vazquez,753.223.6618,Cash,0
1257,Brandon Williams,208.326.9718x236,Gift Card,0
1258,Caleb Sanders,(883)988-2176x484,Gift Card,0
1259,Jeremy Baker,(633)622-2801,Gift Card,0
1260,Hannah Mooney DVM,001-722-525-6062,Cash,0
1261,Anthony Price,+1-273-911-8046x7413,Gift Card,0
1262,Crystal Hansen,618-852-0136x2608,Gift Card,0
1263,Ronald Wells,(461)354-7055x491,Gift Card,0
1264,Jeffrey Le,319-855-6409,Gift Card,0
1265,Christine Morris,+1-675-420-7020,Gift Card,0
1266,Christopher Smith,+1-871-921-2413x936,Card,0
1267,Maria Sullivan,001-587-331-2677,Gift Card,0
1268,Victoria Lopez,760.575.9889x786,Card,0
1269,Taylor Shepard,+1-794-431-9165x43089,Gift Card,0
1270,Charles Moore,001-915-605-7644,Card,0
1271,Michael Smith,(987)664-4867x64979,Cash,0
1272,Ann Velasquez,(956)504-5006x3553,Cash,0
1273,Patrick Proctor,001-769-427-7119,Gift Card,0
1274,Jamie Morris,4594702551,Card,0
1275,Michael Simmons,715.894.8989,Cash,0
1276,Douglas Sandoval,645.344.3441,Card,0
1277,Timothy Chapman,001-493-444-9743x94640,Gift Card,0
1278,Kevin Mason,(397)539-8894,Card,0
1279,Walter Cuevas,001-597-620-2170x75485,Gift Card,0
1280,Rachel Wood,892.320.3004x4964,Card,0
1281,Levi Knight,8257121375,Card,0
1282,Linda Lee,001-557-308-6199,Card,0
1283,Isaac Evans,556-663-1138x850,Card,0
1284,Cheryl Russell,+1-620-533-4742x46310,Gift Card,0
1285,Michelle Perry,001-468-300-8529x4690,Card,0
1286,Valerie Kim,717-243-0435x0238,Cash,0
1287,Robert Lynch,466-552-7523x328,Card,0
1288,Alan Rivera,001-613-830-3033,Card,0
1289,Barry Schwartz,+1-267-450-7627x99553,Card,0
1290,Jacob Brown,(539)684-7230,Gift Card,0
1291,Tiffany Anderson,(484)471-9017,Card,0
1292,Brandi Williams,(807)364-8717x754,Gift Card,0
1293,Sandra Walls,(440)965-8387,Gift Card,0
1294,Gina Brennan,822-659-0956,Gift Card,0
1295,Suzanne Hardy,(337)433-7912,Card,0
1296,William Wilson,980.635.8690x170,Card,0
1297,Rebecca Cantu,+1-325-919-9945x295,Card,0
1298,Christopher Whitehead,(343)838-7220x5422,Gift Card,0
1299,Michael Cohen,996-233-0833x444,Gift Card,0
1300,Ryan Porter,+1-795-304-7020x596,Gift Card,0
1301,Sheri Lopez,+1-677-449-2663x29563,Cash,0
1302,Jonathan Flores,(725)392-0616,Gift Card,0
1303,Larry Johnson,(492)729-4115x630,Card,0
1304,Maurice Perkins,463.272.6294,Card,0
1305,Billy Alvarado,+1-280-685-1331x380,Cash,0
1306,Sarah Walker,(611)322-1215,Cash,0
1307,Kimberly Kane,+1-368-776-4019,Card,0
1308,Joshua Price,720-706-2987x7873,Gift Card,0
1309,Tina Little,864-419-6234x2192,Gift Card,0
1310,Corey Smith,001-310-342-9483x147,Cash,0
1311,Lucas Hernandez,001-269-299-9498x12831,Gift Card,0
1312,Jeffrey Ortiz,001-520-300-5328x5386,Card,0
1313,Mark Nguyen,(443)883-8058,Cash,0
1314,Lisa Keller,001-990-807-6862,Gift Card,0
1315,Shannon Thompson,+1-338-796-3376,Cash,0
1316,Sophia Richmond,001-462-467-1368x41013,Cash,0
1317,Darius Lynch,988-735-2791,Card,0
1318,Pamela Everett,4672761065,Cash,0
1319,Taylor Mills,+1-343-719-2797x6178,Gift Card,0
1320,Jennifer Castaneda,+1-838-445-7202x6656,Cash,0
1321,Heather Gallegos,(457)734-9899,Card,0
1322,Lance Lambert,+1-807-842-9907x4729,Gift Card,0
1323,Yolanda Brown,999.667.0808x974,Cash,0
1324,Melissa Jefferson,664-918-3984x1673,Gift Card,0
1325,Lori Clark,001-298-481-6498x0445,Card,0
1326,Kayla Foster,2528102627,Card,0
1327,Juan Winters,5822484581,Gift Card,0
1328,Kimberly Peters,+1-705-874-8839x97418,Card,0
1329,Mrs. Brittany Choi,(700)503-0566x199,Gift Card,0
1330,Walter Howard,918-249-3784x6790,Card,0
1331,Kiara Martin,+1-600-413-6510x3444,Gift Card,0
1332,Teresa Long,356-786-5240x622,Gift Card,0
1333,Lisa Graham,625.962.2219x0533,Cash,0
1334,Deanna Parker,(548)545-5939x6521,Gift Card,0
1335,John Miller,(245)553-1290,Card,0
1336,Matthew Potts,573-727-7264,Gift Card,0
1337,Michelle Morris,922-794-2525x16185,Card,0
1338,Joan Brown,9806549147,Card,0
1339,David Diaz,352.747.8417,Cash,0
1340,Michaela Whitney,234.549.3053x788,Card,0
1341,Joseph Fisher,933-489-2608,Gift Card,0
1342,Kristin Gomez,(478)773-0486,Card,0
1343,Emily Martinez,001-346-753-5378x018,Card,0
1344,John Carter,(571)877-6296x9143,Gift Card,0
1345,Larry Scott,(764)950-9999x0010,Card,0
1346,Alan Bullock,+1-652-611-8968x44246,Cash,0
1347,Teresa Franco,+1-479-357-2857x595,Card,0
1348,Amber Thomas,997.389.1248x839,Cash,0
1349,Timothy Christensen,344.451.4367x28681,Card,0
1350,Margaret Clark,256.281.1939x78145,Cash,0
1351,Lisa Stark,001-892-517-7905x5286,Gift Card,0
1352,Richard Davis,+1-558-380-7053x26011,Gift Card,0
1353,Tyler Patel,001-274-225-5136,Card,0
1354,Erin Nichols,581-904-5024,Card,0
1355,Benjamin Cooper,001-887-536-6271x358,Card,0
1356,David Montgomery,001-705-885-6154x731,Card,0
1357,Cynthia Freeman,(255)411-6436,Card,0
1358,Susan Ruiz,(270)728-9666,Card,0
1359,Elizabeth Boyd,(644)816-1019x7535,Gift Card,0
1360,Amanda Brooks,203-688-0273,Card,0
1361,Jason Henderson,814.244.7189x39530,Cash,0
1362,James Neal,+1-790-392-2884x98745,Cash,0
1363,Cynthia Decker,387-827-1743x06881,Cash,0
1364,Samantha Rowe,001-903-743-9881x87387,Gift Card,0
1365,Courtney Young,(747)570-4130x9091,Cash,0
1366,Mallory Barnes,2286262542,Card,0
1367,Ryan Huffman,619.605.7720,Cash,0
1368,Anthony Vaughn,001-294-919-3245x381,Gift Card,0
1369,Emily Blevins,(424)887-0987,Cash,0
1370,Dr. Laura Harris,(651)574-2240,Cash,0
1371,Brett Ferguson,+1-900-234-6861x630,Cash,0
1372,James Benson,(802)400-9536,Card,0
1373,Isaac Ortiz,+1-290-205-7795,Gift Card,0
1374,David Cook,001-200-973-9713,Gift Card,0
1375,Brandon Harris,(790)687-1672x2104,Cash,0
1376,Rebecca Lutz,692-581-7074,Card,0
1377,William Thomas,244.422.5216,Cash,0
1378,Daniel Matthews,001-412-809-4477x26903,Cash,0
1379,Heather Davis,(476)617-9480,Card,0
1380,Samantha Howard,+1-351-760-2119,Gift Card,0
1381,Kimberly Nielsen,626-986-4986,Cash,0
1382,Raven Odonnell,262.537.6008x84474,Card,0
1383,Matthew Bray,001-319-807-4992,Card,0
1384,Anthony Duncan,001-883-669-2353x4848,Card,0
1385,Trevor Gordon,439-286-5462,Card,0
1386,Zachary Gonzalez,001-872-505-5033x0000,Card,0
1387,Natasha Mcknight,339.619.0088x991,Gift Card,0
1388,Robert Johnson,969-223-2737,Cash,0
1389,Joshua Quinn,681-586-7463x0009,Cash,0
1390,Bryan Davis,771.618.1519,Card,0
1391,Charles Berry,820-234-0153x5346,Gift Card,0
1392,James Andrews,+1-444-694-6672x010,Gift Card,0
1393,Michelle Patrick,001-481-882-2387x940,Cash,0
1394,Joseph Mason,874-652-7353,Gift Card,0
1395,Timothy Cooper,300.341.2918x285,Card,0
1396,Teresa Fuller,+1-555-290-4610x0792,Card,0
1397,Jason Brown,(483)582-7101,Gift Card,0
1398,Mrs. Nancy Schaefer,(515)612-0485x07665,Gift Card,0
1399,Nicholas Arellano,522-276-3460x1915,Card,0
1400,Nathan Lindsey,347.924.3586,Gift Card,0
1401,Ms. Carla Stewart MD,+1-427-626-7086x66562,Card,0
1402,Dr. Lisa Ramos,(787)284-9477x12903,Cash,0
1403,William Rodriguez,648.897.4223x54340,Card,0
1404,Nicole Kelley,721-656-4952,Cash,0
1405,Carolyn Booker,+1-944-511-1973x88182,Gift Card,0
1406,Michael Hall,659.848.8218,Gift Card,0
1407,Wendy Sullivan,001-405-511-0212x54341,Card,0
1408,Bailey Morales,598-460-3721x8600,Cash,0
1409,Michael Garcia,689.999.0114x003,Gift Card,0
1410,Cynthia Christensen,619.378.6016x2590,Card,0
1411,Dominique Spence,485.350.1137x535,Cash,0
1412,Thomas Grant,+1-878-207-2790x37161,Cash,0
1413,Kayla Maxwell,922.739.9647x7183,Cash,0
1414,Amanda Johns,+1-710-924-8085,Cash,0
1415,Kathryn Smith,+1-844-832-3622x1690,Gift Card,0
1416,Sarah Green,+1-370-767-5169x13952,Gift Card,0
1417,Brian Russell,426-610-7033x5084,Cash,0
1418,Michele Neal,+1-283-692-4848x130,Gift Card,0
1419,Nancy Burke,805-930-2151,Cash,0
1420,Pamela Klein,(746)233-9534x8110,Gift Card,0
1421,Shirley Hill,764.727.8961x5738,Cash,0
1422,Suzanne Rodriguez,+1-717-975-1239,Card,0
1423,Gloria Green,(609)872-3602x4465,Cash,0
1424,Julie Johnson,371-707-3087,Gift Card,0
1425,Dennis Pearson,+1-537-203-1754,Cash,0
1426,Stacy Phillips,448-757-2602,Card,0
1427,Paul Jennings,(227)928-8407x6642,Cash,0
1428,Jamie Clark,513.853.8676x2592,Cash,0
1429,Sara Lawson,(204)788-6932x05534,Cash,0
1430,Melissa Acevedo,+1-227-739-6159x764,Cash,0
1431,Matthew Morris,307.289.7755x426,Gift Card,0
1432,Richard Green,(473)462-7320,Gift Card,0
1433,Bridget Garcia,001-417-757-6917x16204,Gift Card,0
1434,Derrick Tran,001-283-505-2169,Card,0
1435,Renee Lopez,(669)980-1426,Cash,0
1436,Amy Payne,277-703-1637,Cash,0
1437,Teresa Carter,532.367.2446,Cash,0
1438,Jessica Hart,263.480.8390x654,Card,0
1439,Lisa Salazar,+1-451-993-9327,Cash,0
1440,Scott Moore,001-216-435-0496,Card,0
1441,Michelle Chavez,+1-752-272-8453x9749,Gift Card,0
1442,Aaron Villarreal,(440)267-5602x08019,Card,0
1443,Raymond Strong,001-743-590-4489x09322,Gift Card,0
1444,Christopher Bernard,351.502.5550,Gift Card,0
1445,Diane Hogan DDS,5365988843,Cash,0
1446,Christopher Horn,(429)662-0805x9831,Cash,0
1447,Ann Hobbs,4752965999,Card,0
1448,David Crawford,317.274.9542,Cash,0
1449,Kurt Camacho,+1-319-537-5919x2267,Card,0
1450,Jaime Sharp,(864)375-2864,Card,0
1451,Brenda Johnson,+1-761-473-0099x284,Cash,0
1452,Corey Thornton,553-455-0514,Cash,0
1453,Mark Evans,+1-408-477-9724x79254,Cash,0
1454,Kathryn Young,858-919-2048x770,Gift Card,0
1455,Sandra Gonzalez,732.299.8651,Card,0
1456,John Daniels,764-808-5858x8382,Cash,0
1457,Karen Sullivan,(708)646-7292,Cash,0
1458,Shannon Walsh,451-796-2822x25018,Gift Card,0
1459,Mary Reid,(447)228-6394,Cash,0
1460,Tracy Mcguire,241.849.9290,Card,0
1461,Ronald Ramos,(866)504-5095,Gift Card,0
1462,John Mitchell,5037910193,Cash,0
1463,Kimberly Thompson,(247)811-9360,Cash,0
1464,Tara Thomas,605.564.6160x7626,Cash,0
1465,Michelle Gomez,3959372346,Card,0
1466,Mary Mathews,+1-513-336-1094x41642,Cash,0
1467,Donald Montoya,937-827-7685,Card,0
1468,Nicole Henderson,001-734-794-2904x617,Cash,0
1469,Joshua Smith,279-499-3242,Cash,0
1470,Daniel Parker,001-641-972-3456x53869,Card,0
1471,Yolanda Martin,585-836-2689x0472,Gift Card,0
1472,Deborah Delgado,4953385574,Card,0
1473,Donald Morris,001-690-809-3781,Cash,0
1474,John Holland,(314)937-8844x37066,Card,0
1475,Tonya Bell,(746)272-6368x15418,Gift Card,0
1476,Brittany Alvarez,001-229-610-8450x786,Gift Card,0
1477,Heidi Mullins,(805)903-3746x98330,Card,0
1478,Mary Johnson,(271)982-2266x7941,Card,0
1479,Katie Murphy,959.806.7396x34289,Gift Card,0
1480,Ryan Lindsey,+1-350-849-2217x0486,Gift Card,0
1481,Jessica Russell,520.416.2907,Cash,0
1482,Katrina Gilbert,+1-998-227-1826x53371,Card,0
1483,Samantha Parker,526-794-2039x831,Card,0
1484,William Guzman,8144599670,Card,0
1485,Gerald Ryan,605.549.8243,Gift Card,0
1486,Melissa Patton,001-517-381-6780x664,Cash,0
1487,Matthew Carpenter,001-301-964-9281x50370,Gift Card,0
1488,Kyle Moore,+1-440-870-3088x0817,Card,0
1489,Christopher Bautista,+1-424-748-5007,Cash,0
1490,Catherine Lucas,+1-441-916-8069x1961,Card,0
1491,Casey Grant,520.739.1702x63444,Card,0
1492,Jane Curtis,+1-745-587-0120x4242,Gift Card,0
1493,Albert Davis,(937)853-0284,Card,0
1494,Tammy Brown,+1-767-702-4365x240,Card,0
1495,Phillip Scott,001-718-975-4036x48821,Card,0
1496,Mrs. Jaclyn Crosby MD,(832)636-0667,Card,0
1497,Beverly Perkins,001-872-420-4298,Card,0
1498,Jason Harvey,4665617996,Gift Card,0
1499,Jamie Galloway,+1-929-998-3358x768,Cash,0
1500,Cody Hendricks,(704)513-4820x84931,Gift Card,0
1501,Nichole Cherry,+1-912-826-0001x440,Cash,0
1502,Luis Burgess,343-204-9134,Gift Card,0
1503,Robert Simpson,(787)820-9986,Cash,0
1504,Patrick Estrada,001-524-205-9208x235,Gift Card,0
1505,Kari Simmons,+1-819-448-9629x805,Card,0
1506,Angela Hopkins,707.996.6186,Card,0
1507,Phillip Herman,+1-540-943-4741x2531,Card,0
1508,Emily Sullivan,7072773217,Cash,0
1509,Brandon Johnston,+1-520-925-9991x93873,Gift Card,0
1510,Edward White,844-474-8904x7607,Cash,0
1511,Emily Jones,7763519170,Cash,0
1512,Mr. Matthew Shields,001-351-745-6340,Gift Card,0
1513,Hailey Stephens,515-374-4965,Card,0
1514,Amber Vasquez,600.240.9304x5418,Gift Card,0
1515,Danielle Leblanc DDS,(421)280-3966,Card,0
1516,Jacob Hoover,+1-864-707-8802,Gift Card,0
1517,Michael Davis,(946)693-3356x2303,Gift Card,0
1518,Alex Velez,4672089870,Card,0
1519,Michelle Greene,+1-318-743-1132x661,Cash,0
1520,Kristen Hoffman,226-732-1196x04722,Gift Card,0
1521,Taylor Gregory,374.654.4708x2317,Gift Card,0
1522,Benjamin Williamson,839-246-7662x62359,Card,0
1523,William Taylor,(818)240-2578x7036,Gift Card,0
1524,Robert Long,3668360502,Gift Card,0
1525,Adam Gardner,503-290-9120,Card,0
1526,Chad Franklin,223-275-9795x31926,Gift Card,0
1527,Kim Williams,657.645.4492x054,Card,0
1528,Courtney Davis,+1-508-618-9655,Cash,0
1529,Sarah Gill,(862)829-5217x9705,Cash,0
1530,Wayne Ortiz,(424)586-0704x72660,Cash,0
1531,Zachary Diaz,(301)753-0173x167,Gift Card,0
1532,Gregory Alexander,7526244133,Cash,0
1533,Derek Mckinney,353-815-7905x719,Cash,0
1534,Patrick Evans,001-969-636-5618x335,Gift Card,0
1535,Kristin Foster,6575023771,Card,0
1536,Renee Garcia,(520)495-6733,Cash,0
1537,Lindsey Mendoza,+1-823-996-4402x82532,Gift Card,0
1538,Scott Delgado,427-573-9238x520,Gift Card,0
1539,Alison Davis,001-501-669-3328x442,Card,0
1540,Benjamin Garza Jr.,+1-907-755-1545x260,Card,0
1541,Michael Dean,583.410.0643,Card,0
1542,Peter Haney,001-822-877-7733x1680,Card,0
1543,Monica Johnson,403.685.0360x595,Gift Card,0
1544,Dwayne Luna,9747027406,Gift Card,0
1545,Jessica Fisher,(890)662-0036x385,Cash,0
1546,Monica Campbell,945.697.9318x399,Cash,0
1547,Linda Jones,+1-486-809-9550x493,Cash,0
1548,Jessica Robinson,(339)346-1212,Cash,0
1549,Dylan Cantu,440.501.2762,Gift Card,0
1550,Valerie Warner,474-422-5678x7188,Card,0
1551,Joseph Payne,705.884.1680x6134,Card,0
1552,Paul Andrews,+1-646-805-8679,Cash,0
1553,Michael Allen,2974236108,Card,0
1554,James Anderson,765-955-7864,Cash,0
1555,Kelly Ross,957-751-2476x40006,Cash,0
1556,Rhonda Stokes,(740)351-6654,Cash,0
1557,Steven Hensley,818-899-7402x338,Cash,0
1558,Reginald Copeland,501.870.3630x9442,Gift Card,0
1559,Andrew Steele,001-208-898-3094x1349,Cash,0
1560,Samantha Alvarez,697.224.5284x1356,Gift Card,0
1561,Thomas Marshall,(267)748-0957x394,Cash,0
1562,Lori Dunn,(560)329-4420,Gift Card,0
1563,Joseph Proctor,(458)249-0734,Gift Card,0
1564,Justin Alexander,874.686.7595x141,Card,0
1565,Melissa Griffith MD,582.495.8684x19623,Card,0
1566,Jessica Doyle,(386)994-2767x483,Gift Card,0
1567,Aaron Powell,001-431-651-8178,Card,0
1568,Stacey Morrow,594-969-8906x23272,Cash,0
1569,Marcus Bautista,7226379006,Gift Card,0
1570,Michelle Burton,908.747.7954x176,Gift Card,0
1571,Kevin Jones,+1-789-307-3781,Cash,0
1572,Lance Grant,958-896-2683x8488,Card,0
1573,Alexander Moore,4763123961,Card,0
1574,Rachel Morrison,+1-451-288-1298x8618,Gift Card,0
1575,Katherine Sexton,(490)810-7923x7298,Card,0
1576,Stephanie Walker,001-786-949-7035x067,Cash,0
1577,Jennifer Stone,001-333-755-7077x3123,Cash,0
1578,Mark Maldonado,001-657-605-2187x99384,Card,0
1579,Jacob Hicks,411.541.4701,Gift Card,0
1580,Rebecca Rosales,368.271.5689,Cash,0
1581,Jessica Salas,+1-678-802-3445x684,Card,0
1582,Laura Carter,001-936-564-0163x29573,Gift Card,0
1583,Heather Duffy,(272)492-7318x683,Cash,0
1584,Ann Hansen,001-742-633-2416x518,Cash,0
1585,Lauren Robles,4733446746,Card,0
1586,Mark Kelly,417-349-1617x0502,Gift Card,0
1587,Anna Cunningham,641-534-4760,Card,0
1588,Rita Roberts,001-229-828-6433x0265,Gift Card,0
1589,Chelsea Grant,866.877.1966,Card,0
1590,April Bright,001-263-342-0222x3499,Card,0
1591,Christine Kim,(483)667-5901x77915,Gift Card,0
1592,Jamie Hill,8927335174,Card,0
1593,Eric Oneill,(701)886-3726x3199,Cash,0
1594,Madeline Kelly,001-722-277-6414x90038,Card,0
1595,Natalie Cook,434-544-8672,Card,0
1596,Elizabeth Fischer,614.554.6157,Card,0
1597,Brandon Green,001-478-287-9531,Cash,0
1598,Kevin Mitchell,276.361.8308x580,Card,0
1599,Kimberly Hanna,543-891-5114,Gift Card,0
1600,Mr. Mark Landry,8787187109,Gift Card,0
1601,Carl Juarez,3687026933,Cash,0
1602,Cassidy Paul,8607023028,Card,0
1603,Melissa Rogers,001-805-922-4114x206,Card,0
1604,Ethan Scott,001-499-420-1663x3822,Card,0
1605,Andre Flores,001-322-220-5620,Cash,0
1606,Ashley Clark,+1-743-439-1332,Cash,0
1607,Tina Wilson,423.594.5645,Cash,0
1608,Jonathan Evans,497-260-2498x6634,Card,0
1609,Lauren Kelly,(377)734-9852x97356,Card,0
1610,Yolanda Holden,(855)891-4762x5380,Gift Card,0
1611,Derek Patton,(733)569-5247x466,Gift Card,0
1612,Justin Hale,001-462-698-5324x367,Cash,0
1613,John Moore,863.583.5434x685,Gift Card,0
1614,Allison Glover,(382)749-7939x9816,Card,0
1615,Megan Porter,968-537-1030,Cash,0
1616,James Ruiz,(201)448-9678,Gift Card,0
1617,Donald Clark,(414)763-9476,Card,0
1618,Sara Goodman,+1-626-245-6339x1729,Gift Card,0
1619,Robert Baker,+1-811-526-6497x19670,Gift Card,0
1620,Daniel Rodriguez,561-625-9016,Gift Card,0
1621,Amanda Webster,533.644.3767,Gift Card,0
1622,Ashlee Williams,001-584-210-1679,Card,0
1623,David Stephens,660-449-9100,Gift Card,0
1624,Amanda Moreno,(561)668-0199x03421,Cash,0
1625,Natalie Murphy,+1-242-903-5316,Gift Card,0
1626,Megan Tucker,001-313-386-0157,Card,0
1627,Audrey Mcdowell,001-319-640-2470x288,Cash,0
1628,Casey Ferguson,+1-845-627-1936x7857,Card,0
1629,Chelsea Jones,+1-610-474-9161,Cash,0
1630,Christian Bailey,8134153506,Card,0
1631,Jason King,(952)352-7410x254,Gift Card,0
1632,Julie Daniels,001-594-288-5669x489,Card,0
1633,Brian Mooney,001-456-975-6355x842,Cash,0
1634,Angelica Moore,(625)665-0460x7001,Card,0
1635,Daniel Hatfield,(286)624-0871x0066,Cash,0
1636,Regina Garcia MD,(707)462-3811,Gift Card,0
1637,Charles Hernandez,(482)540-8475,Gift Card,0
1638,Larry Larson,3045108479,Cash,0
1639,Richard Bush,450.253.5722,Gift Card,0
1640,Jessica Wilson,001-257-380-9783x028,Gift Card,0
1641,Eric Howell,001-953-841-9528x144,Cash,0
1642,Donna Stephenson,(280)821-8893,Cash,0
1643,Gregory Zavala,+1-503-978-9121,Card,0
1644,Thomas Allen,001-669-290-5585x5759,Gift Card,0
1645,Diana Johnston,001-806-296-9045x2898,Gift Card,0
1646,Nicholas Price,(873)337-4570x16527,Gift Card,0
1647,Jennifer Castro,498-802-5308x4376,Gift Card,0
1648,Eric Ayala,225.208.4232x4234,Cash,0
1649,Jesse Martinez,755-736-9158,Card,0
1650,Ryan Richards,4627796024,Card,0
1651,David Hines,329.759.4523,Cash,0
1652,Tammy Taylor,(930)440-2966x2991,Card,0
1653,Edward Moore,(320)741-6782,Card,0
1654,Leslie Yoder,(493)270-6325x0313,Gift Card,0
1655,Richard Nicholson,5225061901,Gift Card,0
1656,Malik Burns,419.400.0029x5616,Gift Card,0
1657,Jamie Robbins,471-585-5940x799,Gift Card,0
1658,Riley Cooper,623.716.7781,Card,0
1659,Jeremy Roberts,370.319.4539,Card,0
1660,Valerie Patterson,(365)705-2761x20928,Card,0
1661,Anthony Bates,001-890-922-3116x7870,Card,0
1662,Christine Sanchez,(437)818-5921,Gift Card,0
1663,Kellie Mitchell,256.537.1142x94300,Gift Card,0
1664,George Odonnell,001-889-723-1324,Cash,0
1665,Lori York,(793)327-8417x8376,Gift Card,0
1666,Gina Clark,820.911.4065x26642,Card,0
1667,Sherri Savage,(812)772-4553x375,Gift Card,0
1668,Jasmin Harrison,(348)278-4962x24945,Gift Card,0
1669,Mario Edwards,(992)896-5685x12062,Gift Card,0
1670,Cassie Duffy,001-350-697-9344x2129,Cash,0
1671,Richard Watson,6227347780,Cash,0
1672,Miranda Ford,(551)484-0703,Gift Card,0
1673,Jesse Becker,(333)872-0945,Gift Card,0
1674,Ralph Wallace MD,(632)686-3011x22008,Cash,0
1675,Robert Mejia,+1-433-836-7960,Gift Card,0
1676,Dr. Brady Clark Jr.,349-546-9208x56490,Cash,0
1677,Marc Gallagher,693-850-0115,Cash,0
1678,Gregory Lam,001-208-603-8890x441,Cash,0
1679,David Bailey,(685)913-5381x4837,Gift Card,0
1680,Jonathan Gonzalez,+1-601-268-5647x177,Cash,0
1681,Timothy Johnson,716.898.8371x611,Gift Card,0
1682,Robert Levine,519-597-6759,Cash,0
1683,Austin Kane,001-750-858-3534x5819,Card,0
1684,Michael Gardner,453.839.9824,Gift Card,0
1685,Charles Mcdonald,001-575-280-1584x66879,Card,0
1686,Paula Smith,353.727.2766x98345,Card,0
1687,Michelle Martin,(985)546-1308,Cash,0
1688,Adrienne Moon,620.473.8277x7711,Cash,0
1689,Michael Castillo,463.509.0071x21024,Cash,0
1690,Dylan Robinson,+1-805-777-7196x19971,Gift Card,0
1691,Jessica Ingram,(276)240-9968x3344,Cash,0
1692,Holly Martin,626-553-7932x2191,Gift Card,0
1693,Dr. Judy Cox,373-260-1579x1150,Cash,0
1694,Michael Blankenship,(900)580-2658x93475,Cash,0
1695,Dylan Mason,857.919.2149,Card,0
1696,Sabrina Cruz,001-886-864-3203x172,Cash,0
1697,Richard Thomas,(285)849-2724x0002,Cash,0
1698,Angelica Estrada,(805)519-0854x3271,Gift Card,0
1699,Sherry Horton,335.263.6930,Gift Card,0
1700,Andrew Williams,+1-493-518-7810x480,Gift Card,0
1701,Trevor Brown,+1-592-990-9304,Gift Card,0
1702,Brandon Townsend,(628)908-1226x8159,Card,0
1703,Vicki Hammond,5532110583,Gift Card,0
1704,Jessica Spears,+1-879-584-2189x142,Card,0
1705,Jason Boyer,+1-501-867-6718x7762,Cash,0
1706,Jessica Fox,+1-850-916-2762x92266,Card,0
1707,Melissa Smith,001-237-961-6522x898,Card,0
1708,Kevin Stokes,001-981-425-5977,Cash,0
1709,William Huff,(340)983-8580x5014,Card,0
1710,Travis Hughes,989.339.1295x6518,Gift Card,0
1711,Sarah Parker,(900)750-0924x49287,Cash,0
1712,Wendy Sims,+1-802-293-0112x5018,Cash,0
1713,Christopher Webster Jr.,+1-895-422-2336x93180,Cash,0
1714,Alexis Farley,+1-530-924-2662x4975,Gift Card,0
1715,Morgan Roberts,8579144695,Card,0
1716,Nathan Daniels,835.744.5345x1466,Gift Card,0
1717,Kayla Wade,583-848-3586x267,Card,0
1718,Sandra Holmes,620.577.5870,Gift Card,0
1719,Stephen Ortiz,+1-283-644-3695x805,Card,0
1720,Anthony Vang,2929846720,Cash,0
1721,Christopher Odom,+1-739-207-7372x954,Gift Card,0
1722,Timothy Brown,(658)751-5020,Card,0
1723,Cody Hart,735-531-2794x3379,Cash,0
1724,Nathan Bullock,723-459-0426,Card,0
1725,Ruth Hernandez,(762)651-0857x38385,Card,0
1726,Bobby Welch,(509)919-3511x74555,Card,0
1727,Tammy Butler,328.716.7337x4612,Cash,0
1728,Jade Henderson,001-926-841-2608x4818,Cash,0
1729,Kevin Fitzpatrick,(993)219-6303x99516,Cash,0
1730,Andrew Rivera,+1-598-222-6731x234,Gift Card,0
1731,Gregory Walls,+1-442-502-5936x45028,Cash,0
1732,David Ruiz,001-657-667-2991x15490,Cash,0
1733,Bradley Rosales,443.969.5310,Card,0
1734,Mr. Brian Smith,(991)579-2651,Gift Card,0
1735,Katrina Wilkinson,(491)308-7392,Cash,0
1736,Danielle Bradley,757-437-6710,Cash,0
1737,Melanie Freeman,245.299.1530x445,Gift Card,0
1738,Cassandra Anderson,+1-468-738-7890x3450,Cash,0
1739,Jodi Sanders,704.609.3467,Cash,0
1740,Kimberly Cummings,468.981.0138,Gift Card,0
1741,Anthony Christensen,433-446-0184,Card,0
1742,David Sandoval,(353)820-8316,Cash,0
1743,Ryan Young,001-617-936-9078,Gift Card,0
1744,Clinton Williams,(621)741-0707x163,Card,0
1745,Alyssa Pena,+1-795-312-3708,Cash,0
1746,Sonia Silva,994-445-4569,Card,0
1747,Hailey Price,992-376-7137,Card,0
1748,Megan Mason,001-226-739-5612x66783,Cash,0
1749,Daniel Garcia,+1-887-340-2234,Card,0
1750,Richard Blackwell,(976)833-0411,Card,0
1751,Melinda Thompson,+1-615-924-8319x68636,Card,0
1752,David Edwards,+1-596-298-7036,Cash,0
1753,Joshua Tucker,+1-936-231-5922x912,Cash,0
1754,Kyle Ramirez,9404629118,Cash,0
1755,Christopher Castillo,630.918.1796x07578,Card,0
1756,Lauren Cole,+1-705-822-1711x486,Gift Card,0
1757,Oscar Tran,+1-510-361-7356,Card,0
1758,Christina Davis DDS,(957)326-1694x963,Cash,0
1759,Ryan Lewis,001-999-390-6820x130,Gift Card,0
1760,Johnny Lopez,+1-621-263-3613x17985,Card,0
1761,Amber Norris,7375295458,Gift Card,0
1762,Jason Ponce,499.481.2743,Cash,0
1763,Paula Mcclain,674-919-2581,Cash,0
1764,Stephanie Conway,623-760-1863,Cash,0
1765,Roger Cummings,+1-545-231-5630,Card,0
1766,Rebecca Harper,459.309.6459x87240,Gift Card,0
1767,Mark Mcclain,216-968-1133x97367,Card,0
1768,Barbara Sandoval,001-540-224-2224x198,Cash,0
1769,Thomas Lopez,665.640.1814,Card,0
1770,Philip Tran,720-324-3509x476,Gift Card,0
1771,Noah Simmons,656-940-9941,Card,0
1772,Marc Harvey,337-205-4245,Card,0
1773,Samantha Cruz,410-435-6594,Cash,0
1774,Tyler Allen,(866)396-9229x5338,Gift Card,0
1775,Anna Jones,+1-439-609-3424,Cash,0
1776,Jeff Thompson,001-534-963-3488x9334,Cash,0
1777,Todd Rojas,(469)840-8654x2438,Gift Card,0
1778,Theresa Spencer,607-943-5095x28895,Cash,0
1779,Sharon Wright,(996)345-3591x76504,Card,0
1780,Kelly Smith,001-899-854-2887x34496,Gift Card,0
1781,Kevin Carr,970-361-7069x014,Cash,0
1782,Victor Lewis,847.215.6756x65051,Cash,0
1783,Janice Bates,292-634-3596x985,Card,0
1784,Terry Brewer,(969)437-5402x42861,Cash,0
1785,Rebecca Martinez,4258038576,Gift Card,0
1786,Elizabeth Haney,263-884-9368,Gift Card,0
1787,Jose Walker,001-510-212-7896x9519,Cash,0
1788,Maria Gordon,(827)475-8670x365,Cash,0
1789,Cory Henderson,344-339-4689x633,Gift Card,0
1790,Brittany Walker,961.970.7317x445,Gift Card,0
1791,Carrie Gutierrez,(963)967-8508,Gift Card,0
1792,Jon Ayala,(994)943-4852x953,Cash,0
1793,Sherry Booth,001-837-967-6874x04207,Gift Card,0
1794,Eric Wallace,241.215.7330,Card,0
1795,Amber Rosales,001-706-856-5823x4453,Card,0
1796,Glenn White,226.360.0047,Card,0
1797,Noah Briggs,001-856-711-9989,Gift Card,0
1798,Angie Garcia DVM,837.946.6144x77618,Cash,0
1799,Diana Murray,001-466-768-2905,Cash,0
1800,William Willis,4894142330,Cash,0
1801,Terry Wyatt MD,339.886.2214x0513,Card,0
1802,Eric Parker,438.691.4785,Card,0
1803,Sean Carey,5359944102,Card,0
1804,Sara Gay,+1-366-547-7413,Card,0
1805,Angela Craig,3257853465,Card,0
1806,Marco Rose,+1-252-617-8955,Card,0
1807,Megan Mcpherson,(786)455-8167,Gift Card,0
1808,Daniel Nash,001-534-389-1800,Cash,0
1809,Sharon Lopez,(992)542-1959,Cash,0
1810,Sarah Pittman,001-812-318-5273x4114,Card,0
1811,Bradley Andrade,(253)901-5303x044,Gift Card,0
1812,Brandon Joseph,9968598455,Card,0
1813,Michelle Young,654-718-2991x2699,Cash,0
1814,Jason Cohen,+1-410-461-6691x008,Cash,0
1815,Brandi Singh,(882)468-2217x5626,Gift Card,0
1816,Cory Nelson,001-910-405-9325,Gift Card,0
1817,Kristen Bryant,001-432-620-0748x597,Cash,0
1818,Kristie Crosby,(295)414-5205,Card,0
1819,Theresa Ross,(604)980-2240x6547,Card,0
1820,Jennifer Petty,209-304-1898x56643,Card,0
1821,Erin Randall,(523)388-7888x76569,Cash,0
1822,Matthew Williams,+1-622-990-1138x6047,Cash,0
1823,Angela Ray,7385035148,Cash,0
1824,Tiffany Hudson,519-714-7905x3472,Cash,0
1825,Tina Ortiz,609.853.2670,Cash,0
1826,Kendra Carrillo,562-492-5822x82801,Cash,0
1827,Daniel Kim,685.768.4676x78096,Card,0
1828,Colleen Beltran,001-949-759-7521x3531,Cash,0
1829,Melinda Fletcher,+1-828-497-4874x114,Card,0
1830,Frank Martinez,001-719-397-6453x4965,Cash,0
1831,Peggy Graham,296-578-9630,Cash,0
1832,Jonathan White,463-601-5972,Cash,0
1833,Joseph Malone,001-834-292-7668x0984,Card,0
1834,Regina Sawyer,7405334801,Gift Card,0
1835,David Norton,466.871.5544x60539,Gift Card,0
1836,Steve Washington,362-372-0536x499,Card,0
1837,Brittany Schmidt,(567)228-5021x553,Card,0
1838,Jordan Baxter,+1-721-826-2643,Cash,0
1839,Jose Roberts,(307)989-0751x9919,Gift Card,0
1840,Mr. Christian Byrd,441-549-2531x649,Cash,0
1841,Maria Alvarado,747.676.5659x0705,Gift Card,0
1842,Deborah Leon,843.468.7715,Gift Card,0
1843,Molly Greer,990-976-3415x359,Cash,0
1844,Anthony Williams,554-377-3494,Gift Card,0
1845,Mary Benson,622.955.7856x4135,Gift Card,0
1846,James Murphy,+1-257-739-5232x8555,Cash,0
1847,Mr. Ross Cox,616.960.2841x36233,Card,0
1848,Albert Garcia,(797)714-7973x4185,Cash,0
1849,Kelly Robinson DVM,(960)717-0396x101,Cash,0
1850,Amanda Mathis,001-417-706-7949x07869,Cash,0
1851,Brent Mckee,(815)593-8967,Card,0
1852,Craig Patterson,955.489.6070,Card,0
1853,Joshua Nelson,633-551-3901,Card,0
1854,John Mathews,(974)893-6635,Gift Card,0
1855,Robert Brown,001-448-803-0073x565,Cash,0
1856,Kayla Mccann,326-337-9412x88669,Gift Card,0
1857,Megan Krueger,(914)425-2611,Cash,0
1858,Rhonda Grimes,(357)344-6532x5544,Card,0
1859,Rebecca Watts,+1-351-536-7380x52038,Cash,0
1860,Trevor Patterson,518-547-1462x2014,Card,0
1861,Derek Brown,512-272-8360,Cash,0
1862,Sherry Foster,877-409-0676x1837,Gift Card,0
1863,Jacqueline Webb,+1-871-262-1720x4888,Gift Card,0
1864,Ashley Price,001-630-832-6456,Gift Card,0
1865,Brian Salazar,(505)639-0649x0970,Gift Card,0
1866,Robert Bolton,001-897-401-8158x913,Card,0
1867,Julie Smith,821-253-1936x252,Card,0
1868,Brian Duncan,001-508-687-5480x29335,Cash,0
1869,Ryan Fowler,7656735174,Cash,0
1870,Daniel Vaughn,(310)721-4012x833,Gift Card,0
1871,Trevor Aguilar,299.503.5971x7717,Gift Card,0
1872,Jason Hayes,3948124605,Card,0
1873,Robert Hodges,+1-889-953-3768x4187,Gift Card,0
1874,Michael Mathews,3649345973,Gift Card,0
1875,Amanda Perez,696-275-7451x048,Cash,0
1876,Meredith Lucero,001-931-781-5605x4270,Cash,0
1877,Michelle Evans,661.711.0797x6475,Gift Card,0
1878,Joel Hunt,222.669.3485x403,Card,0
1879,Jamie Garrison,001-860-966-9926x1382,Card,0
1880,Randall Ramos,877.595.7039x962,Cash,0
1881,Kevin Suarez PhD,411.407.3512x896,Card,0
1882,Amanda Fernandez,+1-524-632-3330x2399,Cash,0
1883,Alexander Morales,001-706-994-3069x523,Card,0
1884,Jenna Osborne,+1-641-728-5370x064,Cash,0
1885,John Valentine,711.698.0425,Gift Card,0
1886,Kendra Smith,876.942.5507,Gift Card,0
1887,Alyssa White,392.721.3170,Cash,0
1888,Tracey Nielsen,001-992-587-9872,Card,0
1889,Melissa King,(849)656-2917,Cash,0
1890,Jeffery Young,001-928-688-0700x51028,Cash,0
1891,Bobby Crosby,(320)817-5454,Gift Card,0
1892,Jonathan Taylor,001-410-846-6275x015,Cash,0
1893,Laura King,(503)560-7854,Gift Card,0
1894,Walter Romero,923.483.6806x0145,Card,0
1895,James Jones,001-885-981-9701x5019,Gift Card,0
1896,Sarah Webb,(309)425-1920,Gift Card,0
1897,Michelle Martinez,729.470.4937,Card,0
1898,Ashley Nichols,+1-255-911-6397x1492,Gift Card,0
1899,Timothy Turner,442-848-7396,Cash,0
1900,Kyle Holmes,+1-831-924-9773,Cash,0
1901,Stephen Scott,443.854.9787,Gift Card,0
1902,Brian Mckee,001-443-680-2990x34804,Cash,0
1903,Sean Woodward,+1-800-494-0916x5737,Cash,0
1904,Christopher Reyes,001-322-654-9203x69309,Cash,0
1905,Lori Brown,452-873-1172,Card,0
1906,Austin Henry,669-900-1842x93359,Card,0
1907,Carla Johnston,+1-435-496-6771x5390,Cash,0
1908,Thomas Harmon,236.250.0329x909,Cash,0
1909,Ryan Russell,+1-444-527-8735x5404,Card,0
1910,Manuel George,001-806-275-4939x3439,Gift Card,0
1911,Scott Stevenson,+1-392-552-8783x57338,Cash,0
1912,Timothy Hall,233-702-3641x22474,Gift Card,0
1913,Robert Moore,535.405.1602,Card,0
1914,Robert Freeman,255-658-7094,Card,0
1915,Steven Meyers,+1-745-564-1199x25512,Gift Card,0
1916,Robin Pugh,001-981-391-3505x34941,Gift Card,0
1917,Jonathan Avila,(271)866-3282x463,Cash,0
1918,Jason Bruce,985-863-5200,Card,0
1919,Emily Roberts,9599868569,Gift Card,0
1920,Elizabeth Jennings,001-360-280-9010x146,Cash,0
1921,Lindsay Washington,388.881.8930x46163,Gift Card,0
1922,Kara Nichols,(818)456-9050x965,Card,0
1923,Christopher Johnson,727.820.8147x2373,Cash,0
1924,John Walker,001-308-630-6978x9995,Gift Card,0
1925,Duane Dunn,(971)746-7490x66886,Card,0
1926,Justin Hines,716-845-6059,Card,0
1927,Eric Howe,480-773-9200,Gift Card,0
1928,Tonya Patterson,001-333-477-7303x16787,Gift Card,0
1929,Ashley Campbell,220.712.4025x4550,Cash,0
1930,Willie Hunter,001-909-498-3976x7388,Gift Card,0
1931,Brent Lewis,343.683.0009,Cash,0
1932,Christopher Parker,707.641.7996,Card,0
1933,James Hunt,835.218.9622x5275,Cash,0
1934,Cameron Johnson,740.356.7712,Card,0
1935,Kelly Doyle,318-428-0516x660,Card,0
1936,Cameron Rose,947-890-9863x6152,Gift Card,0
1937,Sandra Patrick,844-520-2248x2488,Card,0
1938,Dana Murray,814.350.3118x026,Card,0
1939,Rachel Munoz,396.306.1047,Gift Card,0
1940,Robin Brock,+1-625-369-2476x883,Gift Card,0
1941,Connie Miller,231-781-1814,Gift Card,0
1942,Melissa Hall,617-290-4470x85609,Gift Card,0
1943,Stephanie Chavez,787-983-1031x4564,Card,0
1944,Phillip Ellis,+1-979-240-7403x37449,Gift Card,0
1945,Crystal Franklin,001-236-594-1264x106,Card,0
1946,Peter Hayes,218.305.7631,Gift Card,0
1947,Joseph Sullivan,946-612-5360x64004,Card,0
1948,Jennifer Greene,+1-369-989-4848,Card,0
1949,Matthew Sullivan,500-977-0177,Cash,0
1950,Terry Larson,807.281.1171,Card,0
1951,Diana Johnson DVM,544-615-5967x433,Cash,0
1952,Monica Mercer,652-439-1703x35300,Card,0
1953,Jared Bailey,001-461-697-7317x3946,Card,0
1954,Michelle Hernandez,985.886.5392,Cash,0
1955,Mary Green,934-293-1796,Gift Card,0
1956,Jacob Hansen,873-457-9211,Gift Card,0
1957,James Cain,+1-993-254-6463,Card,0
1958,Edward Rowland,+1-855-870-3934x2718,Card,0
1959,Lauren Hernandez,229-305-0926x00011,Gift Card,0
1960,Jessica Perry,001-473-384-4981,Gift Card,0
1961,April Chambers,+1-282-838-4699,Gift Card,0
1962,Craig Randolph,804-748-1773,Cash,0
1963,Misty Jones,(521)388-2206,Card,0
1964,Victoria Short,676-313-0236,Cash,0
1965,Jessica Allen,335.599.1676x40323,Cash,0
1966,Vanessa Taylor,+1-926-671-2693,Gift Card,0
1967,Lori Flores,(625)529-6444,Cash,0
1968,Nicole Patterson,001-686-281-1143x306,Card,0
1969,Kelly Flores,271.455.5906x2787,Gift Card,0
1970,Laura Watts,8468372162,Gift Card,0
1971,Cindy Lee,541.980.2955x99977,Card,0
1972,Rebecca Gonzalez,(379)355-1924x741,Card,0
1973,Daniel Myers,403.786.2567x611,Card,0
1974,Dorothy Horn,230.408.0563,Cash,0
1975,Carol King,+1-382-487-3210x7883,Cash,0
1976,Crystal Simmons,(948)252-2072x019,Card,0
1977,Brenda Harrison,+1-716-727-9636x51295,Card,0
1978,Michael Smith,(410)581-9484x226,Cash,0
1979,Alexandria Barnes,422.635.0283x034,Gift Card,0
1980,Jesus Roman,001-816-892-8091,Gift Card,0
1981,Javier Yoder,(396)287-4033x04544,Card,0
1982,Jeffrey Baker,900.884.4580x151,Cash,0
1983,Kevin Gutierrez,001-228-809-2411x505,Card,0
1984,Veronica Perry,001-731-552-5523x2280,Cash,0
1985,Miss Makayla Young,304-376-2539x501,Gift Card,0
1986,Paula Montoya,986-627-7888x26031,Cash,0
1987,Alicia Young,458-480-9718x614,Gift Card,0
1988,Stephanie Richardson,001-754-959-2055x967,Cash,0
1989,Lawrence Phelps Jr.,879.483.0457,Cash,0
1990,David Wang,+1-411-460-8958x97015,Gift Card,0
1991,Daniel Gray,596.200.8347x61289,Cash,0
1992,Tammie Campbell,913-399-7992,Card,0
1993,Tanya Dominguez,7338878852,Card,0
1994,Ashley Mejia,939-676-3090x073,Cash,0
1995,Veronica Atkinson,001-444-857-4441x0769,Cash,0
1996,Mark Howe,534-775-9160x4359,Gift Card,0
1997,Mallory Atkins,001-707-899-6585x7837,Cash,0
1998,Rebecca Jones,884.334.0730x7177,Card,0
1999,Melissa Heath,700-678-8369x22338,Cash,0
2000,Tanner Ortiz,001-395-428-5023,Cash,0
2001,Melinda Long,927.435.5149,Gift Card,0
2002,Michael Lopez,(734)277-1469,Cash,0
2003,Michelle Edwards,(870)620-0617x413,Card,0
2004,Timothy Ward,976-212-1893x912,Cash,0
2005,Erika Kim,(712)522-8305x6446,Card,0
2006,Taylor Watson,659-550-2635x60777,Gift Card,0
2007,Chad Ortiz,499.504.6008,Card,0
2008,James Guerrero,(969)702-2209,Gift Card,0
2009,Megan Morales,590.567.0151x200,Cash,0
2010,Logan Bryant,+1-372-416-2183x339,Gift Card,0
2011,Jamie Banks,(410)853-0712,Card,0
2012,Anthony Hansen,(783)677-4270,Card,0
2013,Erica Moss,+1-472-282-0632,Cash,0
2014,Veronica Jackson,001-780-444-6658,Cash,0
2015,Debra Ortiz,001-460-764-7245,Cash,0
2016,Jesse Owens,777-988-4070x946,Gift Card,0
2017,Reginald Brown,(212)498-8972x84268,Gift Card,0
2018,Virginia English,+1-216-741-7005x37186,Card,0
2019,Mitchell Daniels,3314664795,Cash,0
2020,Joseph Merritt,(842)285-3541,Cash,0
2021,Larry Rowland,+1-248-808-7017,Gift Card,0
2022,Dr. Jacob Williams,710.974.0433x689,Card,0
2023,Jody Hernandez,361-905-1109x0070,Gift Card,0
2024,Heidi Barber,5504254972,Gift Card,0
2025,Adam Craig,+1-775-999-7475x396,Gift Card,0
2026,Dawn Wolf,(726)594-2041x641,Card,0
2027,Andrew Leon,+1-851-333-7937x66997,Gift Card,0
2028,Stephanie Wang,2857571749,Cash,0
2029,Lisa Myers,614.249.9080x35862,Cash,0
2030,Jill Baker,7995986324,Gift Card,0
2031,William Doyle,611-810-8518,Card,0
2032,Stephanie Lynch,+1-959-532-1359x61830,Gift Card,0
2033,Melissa York,9024264259,Card,0
2034,Samuel Phillips,(698)978-1921,Card,0
2035,Dawn Daniel,674-960-4293x717,Cash,0
2036,Dr. Angela Jordan,927.858.0452x926,Card,0
2037,Kathy Banks,998.687.7544x584,Cash,0
2038,Cynthia Smith,+1-329-536-0596x275,Gift Card,0
2039,Steven Black,5128484479,Cash,0
2040,Maureen Russell,956-286-2230,Card,0
2041,Gabriela King,6535160227,Cash,0
2042,Daniel Gonzales,+1-327-418-6244x75631,Card,0
2043,Christine Hale,782.887.8066x1545,Cash,0
2044,Hayden Nguyen,818-802-8825x2128,Card,0
2045,Susan Stewart,+1-646-999-8428x828,Cash,0
2046,Erin Williams,532-498-8712,Gift Card,0
2047,Christine Reynolds,(486)942-7786x2685,Cash,0
2048,Joel Gray,6329087783,Card,0
2049,Tina Smith,(783)834-5573,Gift Card,0
2050,Troy Anderson,570.204.5358x597,Cash,0
2051,Patty Walker,+1-722-785-7042x4025,Gift Card,0
2052,Jason Munoz,001-339-777-0411x678,Card,0
2053,Jennifer Mueller,667-838-6569x0448,Gift Card,0
2054,Mr. Cody White PhD,001-824-489-5587x700,Cash,0
2055,Lucas Case,001-294-726-4076,Card,0
2056,Bradley Raymond,9333980138,Gift Card,0
2057,Jamie Stephens,256.289.0581,Card,0
2058,Holly Robinson,943.356.7027x728,Cash,0
2059,Dr. Holly Reynolds DDS,294.757.5959x955,Gift Card,0
2060,Matthew Barker,(729)417-1485x4183,Cash,0
2061,Bonnie Castaneda,(420)378-8216x511,Gift Card,0
2062,Terry Henry,001-945-520-3027x694,Gift Card,0
2063,Nicholas Payne,503-853-2124x4029,Cash,0
2064,Mathew Bauer,4947121805,Cash,0
2065,Evan Carroll,001-804-279-4123x254,Cash,0
2066,Steven Miller,534-534-8571,Cash,0
2067,Melissa Reynolds,(676)486-1273,Cash,0
2068,Bruce Johnson,(691)638-1301,Card,0
2069,Carla Fox,+1-508-388-1966x452,Card,0
2070,Ashley Johnston,001-508-321-3356,Gift Card,0
2071,Christian Hodges,+1-367-904-1710x3891,Gift Card,0
2072,Frank Delacruz,733-820-3449,Gift Card,0
2073,Johnny Scott,876.550.7752x57231,Gift Card,0
2074,Alexander Gonzalez,281.810.5703x9963,Gift Card,0
2075,Joel Smith,+1-994-269-6693x233,Cash,0
2076,Brian Maldonado,600.597.1408x63323,Cash,0
2077,Rebecca Sullivan,+1-474-548-8839,Gift Card,0
2078,Kyle Smith,001-772-628-5825,Card,0
2079,Zachary Rodriguez,+1-519-960-3482x367,Card,0
2080,Shawn Randall,623.980.0436,Card,0
2081,Eric Fisher,886-574-1637x120,Gift Card,0
2082,Gary Zamora,001-677-260-1458,Cash,0
2083,Ashley Parsons,815-872-8143x611,Cash,0
2084,Eric Lowery,761.718.9260,Gift Card,0
2085,Mark Gray,(342)668-3684x377,Gift Card,0
2086,Christina Wiley,+1-345-845-9566x00301,Gift Card,0
2087,Brenda Crawford,(938)569-7421,Cash,0
2088,Joseph Nichols,+1-709-257-0934x09916,Cash,0
2089,Andrea Jenkins,001-240-234-8484x377,Card,0
2090,Carrie Tucker,001-659-651-4295,Cash,0
2091,Jasmine Johnston,321-875-6275x2800,Gift Card,0
2092,Natalie Ferrell,001-517-734-4794x592,Cash,0
2093,Rose Dawson,+1-232-264-8971,Gift Card,0
2094,Adam Hawkins,229-645-7613,Cash,0
2095,Paula Case,984-414-2355x2833,Cash,0
2096,Rhonda Marquez,(979)381-3026x5647,Cash,0
2097,Gloria Castro,001-318-870-8941x0791,Gift Card,0
2098,Eric Morales,461-619-8309x754,Card,0
2099,Katherine Moyer,001-988-352-3774x87700,Card,0
2100,Gina Thompson,921-280-8226,Cash,0
2101,Mary Jenkins,7289653839,Gift Card,0
2102,Eric Chang,+1-982-210-0370x90703,Gift Card,0
2103,Kayla Quinn,001-669-432-0709x834,Gift Card,0
2104,Melissa Vasquez,887-762-9650x7445,Card,0
2105,Jeffery Foster,+1-741-298-2817x94779,Gift Card,0
2106,Renee Lee,622-702-6269x30326,Card,0
2107,Timothy Farley,530.790.7406,Cash,0
2108,Jose Thomas,(547)967-5125,Card,0
2109,Laura Lucero,9538669332,Card,0
2110,Willie Anderson,+1-956-428-3723,Card,0
2111,Paul Clark,4335700894,Gift Card,0
2112,Steven Harris,604.733.3318x838,Card,0
2113,Ralph Miller,(378)904-7371x985,Card,0
2114,Laura Cruz,7649554421,Card,0
2115,Kimberly Walker,+1-726-540-5327x396,Gift Card,0
2116,Tyrone Fox,+1-939-503-9799,Gift Card,0
2117,Angela Watson,721.398.5965,Card,0
2118,Monica Anderson,5666686067,Cash,0
2119,John Pitts PhD,001-386-232-8959,Card,0
2120,George Collins,862.521.5596x3743,Cash,0
2121,Dawn Rogers,+1-740-538-9554x656,Cash,0
2122,Anthony Henry,8025102736,Cash,0
2123,Valerie Bell,(373)822-3487x4939,Cash,0
2124,Abigail Davis,209-904-8866,Cash,0
2125,Scott Moore,947-889-3785x9541,Card,0
2126,Rachel Jensen,3932716458,Cash,0
2127,Paul Olsen,001-246-769-4473x387,Cash,0
2128,Tony Johnson,566-951-8378x47719,Cash,0
2129,Robert Kelly,+1-468-559-3806x250,Gift Card,0
2130,Scott Newman,+1-764-469-2434x35486,Card,0
2131,Chelsea Garcia MD,5387710880,Gift Card,0
2132,Jennifer Roberts,(304)390-3764x74769,Card,0
2133,Cody Wilson,603-396-5586x81900,Card,0
2134,Lance Lewis,(228)466-0138x550,Gift Card,0
2135,Rachel Olson,201.801.2457x18158,Gift Card,0
2136,Martha Davis,399-591-3650x5519,Gift Card,0
2137,Laura Patel,686-471-7080,Card,0
2138,Christina Martin,+1-550-571-9612,Gift Card,0
2139,Angela Lee,001-552-920-9400,Gift Card,0
2140,Angel Hickman,358.385.6274x8066,Card,0
2141,Stephanie Jarvis,(320)330-6951x65712,Cash,0
2142,Amber Day,+1-211-423-9933,Cash,0
2143,Kevin Reese,001-379-220-6231x45968,Cash,0
2144,Michele Schultz,001-368-304-5052,Cash,0
2145,Anthony Robinson,(308)916-4180x44608,Cash,0
2146,Dawn Brock,+1-734-269-5449,Card,0
2147,Alexandra Frazier,001-558-706-2745x6698,Gift Card,0
2148,Amanda Scott,+1-841-442-9049x577,Cash,0
2149,Connor Juarez,+1-547-266-9195,Card,0
2150,Todd Coffey,828.461.7468x5902,Cash,0
2151,Jill Hughes,666-428-6603,Card,0
2152,Todd Walter,+1-267-401-6562x774,Gift Card,0
2153,Jack Donovan,(731)425-2423,Cash,0
2154,Patrick Guerra,9854894961,Cash,0
2155,Tyler Brown,001-220-753-5313x18456,Gift Card,0
2156,Sandra Hall,+1-323-622-1091x29443,Gift Card,0
2157,Margaret Jones,4876834377,Cash,0
2158,Charles Reilly,(282)831-3799x81810,Card,0
2159,Eric Mcpherson,(778)496-3558x774,Gift Card,0
2160,Randall Turner,382.337.2544x22535,Card,0
2161,Tracy Frazier,001-928-405-0345x53882,Gift Card,0
2162,Dennis Sanders,(466)208-2887x45871,Gift Card,0
2163,Emily Jones,868.459.3152,Card,0
2164,Matthew Castillo,414-843-0106x1445,Card,0
2165,Heather Murray,533-619-9711x533,Cash,0
2166,Tasha Martin,(997)701-0034x34499,Gift Card,0
2167,Kimberly Kelly,+1-861-288-8178,Gift Card,0
2168,Whitney Lamb,(515)999-2794,Gift Card,0
2169,Thomas Robertson,649.203.3122x2395,Card,0
2170,Jessica Roberts,914.983.6874,Gift Card,0
2171,Kathleen Smith,9368665600,Cash,0
2172,Brenda Bond,+1-821-428-2193,Card,0
2173,Dr. Phillip Anderson,239-833-0459x692,Gift Card,0
2174,Vincent Johnson,685-331-2344x358,Card,0
2175,Joseph Parker,(251)624-2106x37817,Card,0
2176,Molly Perez,(648)411-6595x5859,Card,0
2177,David Berry,413.963.6597,Gift Card,0
2178,Jeffrey Vasquez,359.735.8613x4174,Gift Card,0
2179,Robert Peters,+1-284-926-7233,Card,0
2180,Ashley Glenn,2116139154,Gift Card,0
2181,Paul Gutierrez,879-321-4990x108,Cash,0
2182,Janice Fuentes,279-804-9915x738,Card,0
2183,Todd James,+1-836-672-0961x02372,Cash,0
2184,Christopher Cox,(599)472-4597x1557,Card,0
2185,Katherine Smith,854-291-7732,Gift Card,0
2186,Laurie Romero,(888)988-6108x59735,Cash,0
2187,Sabrina Rivas,833-964-4702x6327,Cash,0
2188,Stacey Hubbard,(696)945-8766x949,Cash,0
2189,Hannah Wilkinson,001-934-474-5024x0537,Card,0
2190,Abigail Hardy,+1-289-965-3945x03754,Cash,0
2191,Jade Patel,585.869.3291,Cash,0
2192,Elizabeth Yang,3407737304,Card,0
2193,Spencer Robinson,001-940-851-0265x838,Card,0
2194,Steven Middleton,946.646.6033x273,Gift Card,0
2195,Kristopher Patton,001-394-710-1027x607,Cash,0
2196,Edwin Holmes,001-277-897-3833,Gift Card,0
2197,David Preston,254.478.9350x526,Cash,0
2198,Alyssa Powell,875.367.0718x12923,Gift Card,0
2199,Laura Anderson,974.259.9841x3376,Card,0
2200,Michael Osborne,8796106510,Card,0
2201,Andrew Gibson,584.678.4830,Card,0
2202,Patricia Ford,(554)304-4927x28090,Card,0
2203,Kristen Fuentes,664.631.6785,Gift Card,0
2204,Stacy Pierce DDS,293-303-2075x60526,Cash,0
2205,Caitlin Whitaker,+1-502-799-9663x3092,Gift Card,0
2206,Jennifer Baker,2304799154,Gift Card,0
2207,Christine Martin,229-653-1850,Card,0
2208,Blake Meza,(206)582-0481,Gift Card,0
2209,Amy Yu,484-673-8577x9739,Card,0
2210,Erin Frazier,581.451.8272,Gift Card,0
2211,Donald Anderson,(718)752-5576x881,Gift Card,0
2212,Dana Giles,896-395-4487,Gift Card,0
2213,Gina Summers,001-848-684-9150x89244,Cash,0
2214,Thomas Johnson,(495)455-9355x88108,Gift Card,0
2215,Ricardo Evans,001-977-474-5925x41238,Gift Card,0
2216,Nancy Burnett,679.779.0070,Card,0
2217,Lindsay Mitchell,996-374-1662x3956,Card,0
2218,Jackson Walker,6273674906,Cash,0
2219,Susan Odom,927.265.3145x1341,Gift Card,0
2220,Douglas Diaz,+1-434-355-9556,Cash,0
2221,Justin Booker,735.276.6808,Cash,0
2222,Robert Carpenter,7867043171,Card,0
2223,Kristin Miranda,297-593-3686,Card,0
2224,Mary Fisher,398.388.5010x55839,Card,0
2225,Ryan Thompson,(864)500-9333,Gift Card,0
2226,Mr. Theodore Wade PhD,+1-587-682-1889,Card,0
2227,Todd Stone,001-467-666-3420x83481,Gift Card,0
2228,Ralph Graham,842.864.4047x8327,Card,0
2229,Kirk Curtis,318.677.4499x24687,Gift Card,0
2230,Dawn Ochoa,899.653.1556,Cash,0
2231,Christina Ramirez,(869)808-9649,Gift Card,0
2232,Zachary Stone,882-929-2324,Card,0
2233,Steven Perez,837.984.0613,Gift Card,0
2234,Michelle Mayo,978-830-4559x65765,Cash,0
2235,April Tanner,912-267-6449x43632,Card,0
2236,Brian Hayden,(934)642-0042x186,Gift Card,0
2237,Brett Wood,2357191985,Card,0
2238,Mark Young,885-508-1432x29876,Card,0
2239,John Garza,001-304-923-3810x608,Card,0
2240,Jack Martinez,284-757-4965,Gift Card,0
2241,Kara Warner,(699)261-1435x830,Card,0
2242,Karen Prince,001-951-630-6109x2216,Gift Card,0
2243,Timothy Morrow,447-932-0431,Gift Card,0
2244,Robert White,(265)860-2336x16558,Card,0
2245,Danielle Nguyen,226-272-0367x02751,Gift Card,0
2246,Heather Goodman,+1-368-870-6905x71121,Card,0
2247,Michael Harris,(635)639-3305,Card,0
2248,Mercedes Donaldson,(657)407-9432x18302,Cash,0
2249,Derek Brady,251-790-2041x15488,Cash,0
2250,Lawrence Lee,(953)236-3305x7543,Cash,0
2251,Robert Yoder,964-237-7021,Cash,0
2252,Nicole Alexander,925-392-8339,Cash,0
2253,Ryan Ryan,(581)576-9750x5917,Gift Card,0
2254,Michael Pollard,+1-855-691-6983x31793,Gift Card,0
2255,Alyssa Guzman,940-265-4525x935,Cash,0
2256,Sarah Mooney,(409)946-2078x562,Gift Card,0
2257,Matthew Moore,3262118680,Gift Card,0
2258,Stacey French MD,9912949081,Gift Card,0
2259,Craig Taylor,001-362-680-5877x770,Gift Card,0
2260,Julie Wolfe,521.719.5696x46077,Gift Card,0
2261,Heidi Dominguez,001-719-822-0513,Gift Card,0
2262,Timothy Bass,001-974-689-2500x7516,Gift Card,0
2263,Miranda Perry,635.981.8217x7487,Card,0
2264,David Boyer,+1-995-384-3835x699,Gift Card,0
2265,Charles Johnson,493-806-4691,Cash,0
2266,Ashley Davis,(599)233-5303x13878,Cash,0
2267,James Anderson,001-675-933-5526x2029,Gift Card,0
2268,Jonathan Wilson,+1-926-599-3451,Card,0
2269,Carmen Anderson,001-531-677-8650,Cash,0
2270,Roberta Gonzales,001-605-557-7791x74312,Cash,0
2271,Francisco Bailey,211.557.5092x72094,Cash,0
2272,Michael Brooks,+1-956-229-4339x1686,Cash,0
2273,Kimberly Nguyen,(994)939-4410x1042,Card,0
2274,Corey Ramirez,001-821-301-8188,Cash,0
2275,Christopher Abbott,+1-793-957-5384x8111,Card,0
2276,Colin Ellis,(401)264-2624x5546,Gift Card,0
2277,Tonya Rivas,646-592-2394x07173,Card,0
2278,James Brown,+1-254-970-0603x981,Gift Card,0
2279,Patricia Rodriguez,452.614.1202,Card,0
2280,Katherine Ross,(580)595-6418x5413,Cash,0
2281,Ian Lara,(385)991-5658,Cash,0
2282,Annette Brooks,382.390.5249x2219,Card,0
2283,Caitlin Aguilar,+1-848-514-1401x385,Gift Card,0
2284,Diane Jackson,620-612-0174x02098,Card,0
2285,William Palmer,566.859.4818x27291,Cash,0
2286,Michael Avery,364-249-1532,Gift Card,0
2287,Annette Brown,423-415-6823x42840,Cash,0
2288,Sherri Morse,(526)871-3202x5342,Gift Card,0
2289,Andrew West,(204)929-3987x6674,Cash,0
2290,Mr. Andrew Santos,(240)903-3051,Cash,0
2291,Brianna Yates,(554)426-5416,Gift Card,0
2292,Dr. Paul Ashley,001-539-885-2381x828,Cash,0
2293,Tracy Sims,001-378-768-0704x23573,Gift Card,0
2294,Andrea Miller,(299)921-3534x70507,Gift Card,0
2295,Aaron Hansen,001-849-449-9963x57686,Gift Card,0
2296,Cynthia Michael,795-719-4845x42259,Gift Card,0
2297,Robert Summers,001-305-391-5419x635,Cash,0
2298,Jason Parker,236-636-5905,Cash,0
2299,David Andrade,(223)542-6787,Cash,0
2300,Samantha Thompson,+1-681-928-1718x9935,Cash,0
2301,Sarah Flores,(911)527-5963,Cash,0
2302,Eric Skinner,231.808.8623,Cash,0
2303,Felicia Maddox,700-338-1803x648,Gift Card,0
2304,Tabitha Anderson,324.814.0817x02846,Card,0
2305,Julie Griffin,+1-632-514-9997x0320,Cash,0
2306,Mary Scott,001-834-242-1065x1004,Card,0
2307,Mark Rodriguez,235-955-7942,Cash,0
2308,Yvette Cohen,(839)356-7217,Gift Card,0
2309,Rebecca Greene,001-989-987-8776x77513,Cash,0
2310,Betty Lewis,+1-618-993-9720,Cash,0
2311,Donald Wilson,255-986-8173x418,Cash,0
2312,Lauren Powell,703-515-7585x9391,Gift Card,0
2313,Michelle Johnson,249-833-9271x954,Cash,0
2314,Erik Fisher,202.707.1537x842,Card,0
2315,Matthew Ball,001-435-444-0789x67788,Gift Card,0
2316,Rebecca Farmer,9073204094,Cash,0
2317,Dr. Elizabeth Garcia,957.380.4104x866,Gift Card,0
2318,Dawn Hill,(324)947-0498x67110,Gift Card,0
2319,Adam Allen,970-644-3073x24668,Cash,0
2320,Rita Brown,404.638.1779,Card,0
2321,Kenneth Campbell,8486113018,Card,0
2322,David Cervantes,(265)218-1275x917,Cash,0
2323,David Blake,732-356-7405x362,Card,0
2324,Megan Harris,254-811-1902,Gift Card,0
2325,Brian Mclaughlin,+1-993-500-5221x4426,Gift Card,0
2326,Holly Gonzalez,625-661-1615x999,Cash,0
2327,Jennifer Miles,+1-845-453-7582,Card,0
2328,Lori Brown,549-794-0232,Gift Card,0
2329,Leslie Petersen,303.952.8805x07507,Gift Card,0
2330,Heather Kramer,825-624-7777x4449,Gift Card,0
2331,Danielle Torres,800-460-6988x2648,Gift Card,0
2332,Megan Diaz,(337)479-3854x609,Cash,0
2333,Stephen King,525.445.3960x160,Gift Card,0
2334,Natalie Harrison,292.562.5174x316,Cash,0
2335,Anthony Bryan,001-794-439-8844x2789,Gift Card,0
2336,Dana Davis,394.496.4549x5957,Cash,0
2337,Corey Rodriguez,001-542-571-8322x402,Card,0
2338,Max Anderson,(317)464-0404x6551,Cash,0
2339,Crystal Miller,205-902-2892,Card,0
2340,Dorothy Fields,001-652-482-7677,Card,0
2341,Daniel Lyons,837.432.7839,Cash,0
2342,Tyler Wilson,5266077214,Card,0
2343,Melissa Cruz,001-565-337-1557,Cash,0
2344,Heather Smith,001-783-218-7309,Gift Card,0
2345,Daniel Hall,231.429.7341x485,Card,0
2346,Jordan Gaines,(490)482-6800x907,Gift Card,0
2347,Matthew Woods,(718)894-5239,Card,0
2348,Bonnie Clark,599-287-5175x79032,Gift Card,0
2349,Krista Ryan,(909)841-7502x41300,Card,0
2350,Gregory Haynes MD,485-509-5914x50497,Gift Card,0
2351,Marco Byrd,(672)486-5181,Cash,0
2352,Ricky Ellison,+1-684-550-4621x7643,Cash,0
2353,Sue Rodriguez,001-767-940-7886x985,Cash,0
2354,Bernard Walton,9665726418,Cash,0
2355,Joanna Carr,437-670-1249x31645,Card,0
2356,Dr. Jessica Smith,704.807.9365x187,Cash,0
2357,Cassandra Reynolds,001-792-803-2735x712,Gift Card,0
2358,Wanda Zhang,(730)308-5789,Cash,0
2359,Charles Torres,266-500-9805x78369,Cash,0
2360,Steven Adams,665.932.9856,Gift Card,0
2361,Rebekah Velasquez,3706600746,Cash,0
2362,Danielle Wallace,9493174436,Cash,0
2363,Mallory Abbott,(638)776-2157x7405,Card,0
2364,Jessica Martinez,(748)574-1427,Gift Card,0
2365,Danielle Swanson,+1-488-572-6349x212,Cash,0
2366,Laura Richards,621.759.0071x32044,Cash,0
2367,Thomas Webb,(541)376-6045x689,Gift Card,0
2368,Jennifer Fuentes,957-867-7657x6664,Card,0
2369,Harold Smith,+1-952-496-4552x17504,Cash,0
2370,Kathryn Ferrell,854.442.2061x850,Card,0
2371,Kimberly Bowers,686.840.0672,Gift Card,0
2372,Jessica Silva,521.543.0318,Gift Card,0
2373,Alejandro Miller,784-706-5488,Cash,0
2374,Emma Anderson,652-796-1514x3697,Card,0
2375,Troy Clark,779-783-8713,Card,0
2376,Tina Sloan,(833)289-5864x17825,Card,0
2377,Lindsay Brady,462-546-9476,Gift Card,0
2378,Stephen Boyle,226-385-1797x3679,Gift Card,0
2379,April Pena,419.309.5203x8721,Card,0
2380,Rebecca Walsh,001-404-456-2446,Gift Card,0
2381,James Coleman,539.435.0824,Card,0
2382,Frank Nunez,640-330-7559,Cash,0
2383,Stephanie Brown,484-235-0745x0933,Card,0
2384,Margaret Macias,+1-270-924-4043x109,Gift Card,0
2385,Mr. Christopher Byrd,001-832-377-3765x547,Gift Card,0
2386,Jeremy Alvarez,455.848.1471,Gift Card,0
2387,Brian Vance,293.492.9427,Gift Card,0
2388,Haley Peck,934-733-9062,Card,0
2389,Stephanie Burnett,333.491.2990x3719,Card,0
2390,Mrs. Dana Terry,(857)714-2116x220,Card,0
2391,Amber Love,836-343-6444x329,Card,0
2392,Christopher Wolf,001-900-272-2768x352,Cash,0
2393,Katie Khan,285.271.0933x853,Gift Card,0
2394,Andrew Brown,(332)958-6775x46586,Gift Card,0
2395,Matthew Maynard,+1-603-344-6332x4656,Cash,0
2396,Paul Navarro,817-757-3518x51769,Cash,0
2397,Kylie Gentry,(656)400-3375x22964,Gift Card,0
2398,Justin White,(551)945-5795,Card,0
2399,Crystal Sanders,4419426430,Card,0
2400,Billy Tyler,(729)482-1093,Card,0
2401,William Lee,(429)650-1496,Gift Card,0
2402,Robert Rhodes,+1-295-239-0878x34767,Cash,0
2403,Jessica Moore,566-866-9483x6094,Gift Card,0
2404,Sherry Paul,001-808-855-9256x2972,Card,0
2405,Sarah Clark,001-625-972-7346x89270,Gift Card,0
2406,Richard Frazier,346-266-1051x496,Gift Card,0
2407,Dr. Jennifer Shaw,+1-668-287-9244,Gift Card,0
2408,Melanie Hogan,+1-295-518-6956x1344,Card,0
2409,Cynthia Garcia,880.316.9347,Card,0
2410,Maria Tyler,477.493.9801,Gift Card,0
2411,Alyssa Cruz,385-720-0239,Card,0
2412,Benjamin Lee,(531)340-9821x2702,Gift Card,0
2413,Suzanne Webb,9129959031,Cash,0
2414,Jennifer Johnston,001-600-601-9176x532,Cash,0
2415,Dawn Robinson,271.951.5474x69117,Gift Card,0
2416,John Patel,(504)600-9380,Cash,0
2417,Laura Wilson,421.660.0593,Cash,0
2418,Kimberly Taylor,001-352-876-2520x2131,Cash,0
2419,Gregory Roberts,932.867.0116x78116,Gift Card,0
2420,Tiffany Smith,215-638-6426x73022,Cash,0
2421,Michael Velazquez,230-940-5319x84105,Gift Card,0
2422,Francisco Rose,952.984.6770x37846,Cash,0
2423,Adam Pena,507.764.4058,Gift Card,0
2424,Steven Miller,(472)279-7328,Card,0
2425,Michael Velez,(205)811-2134,Gift Card,0
2426,Sarah Ferguson,899-705-0240,Card,0
2427,Michael Little,871-817-0648x579,Gift Card,0
2428,Lydia Davis,307-290-4481x388,Cash,0
2429,Ariel Mullins,656-876-7761x952,Card,0
2430,Anne Williams,(217)464-5177,Card,0
2431,Mary Peters,453-247-8277x253,Cash,0
2432,Heather Chapman,001-428-948-9873x587,Gift Card,0
2433,Lisa Walter,535.870.2409,Card,0
2434,Christie Obrien,846.748.4427x39835,Cash,0
2435,David Jones,001-286-876-2273x5334,Card,0
2436,Amy Garcia,(433)840-1421x56345,Card,0
2437,Christopher Melton,+1-662-633-5704,Gift Card,0
2438,Robert Wilson,+1-643-644-2111x7549,Cash,0
2439,Evelyn May MD,388-742-4638,Gift Card,0
2440,Marcus Martinez,(647)992-4642x99872,Card,0
2441,Erica Pearson,+1-798-375-9153x007,Card,0
2442,William Curtis,534.379.2305x78245,Cash,0
2443,Jonathan Taylor,(243)878-6243x0146,Gift Card,0
2444,Patrick Price,001-906-296-3749x1218,Card,0
2445,Adam Jones,001-347-815-9011x25023,Gift Card,0
2446,Theodore Juarez,(472)389-8683,Cash,0
2447,Amy Myers,849-884-2507,Gift Card,0
2448,Robin Goodwin,684.820.0141x442,Gift Card,0
2449,John Wilkinson,(738)661-5952,Gift Card,0
2450,Franklin Ruiz,(937)598-2930x55779,Cash,0
2451,Jeffrey Harrison,001-510-259-3948x1504,Card,0
2452,Glenda Stokes,001-502-785-8696x6096,Card,0
2453,John Stark,6754121018,Gift Card,0
2454,Matthew James,+1-541-780-2459x4085,Card,0
2455,David Moore,537-979-5076x557,Cash,0
2456,Darlene Burnett,001-252-351-2258x4679,Card,0
2457,Renee Mejia,(479)529-4965,Cash,0
2458,Jennifer Scott,001-699-202-0385,Card,0
2459,Anthony Baker,759-912-4269,Card,0
2460,Connie Neal,413-897-6352x94614,Gift Card,0
2461,Alison Brown,(920)963-3461x189,Gift Card,0
2462,Charles White,(859)233-8041x9171,Card,0
2463,Christina Clayton PhD,508.854.4184,Gift Card,0
2464,Sharon Brown,(209)431-3788,Card,0
2465,Andrea Carpenter,(776)677-7736x57645,Card,0
2466,Stephen Clark,719.754.3511x02693,Gift Card,0
2467,Rodney Medina,001-223-933-1351x4855,Cash,0
2468,James Smith,(660)667-4151,Cash,0
2469,Karen Moore,(248)834-2797x30294,Gift Card,0
2470,Samantha Hull,(420)723-5893x771,Card,0
2471,Kimberly Schmidt,001-389-619-9495x16599,Cash,0
2472,Robert Douglas,446-645-2390x0415,Card,0
2473,Veronica Koch,001-986-978-5547x0189,Cash,0
2474,Hannah Williams,+1-246-270-9367x25028,Cash,0
2475,Emily Jones,207.934.6031x6134,Gift Card,0
2476,Bethany Jennings,664-457-5275,Cash,0
2477,Michelle Estrada,228.867.8515,Cash,0
2478,Jeanne Walls,355-871-5566,Card,0
2479,William Snow,7937636460,Card,0
2480,Michael Wilson,633-795-6322,Cash,0
2481,Kayla Brooks,+1-861-992-1269x748,Gift Card,0
2482,Kelly Duncan,596.831.9630x52704,Cash,0
2483,Sandra White,001-259-316-4230x12746,Gift Card,0
2484,Damon Rodriguez DDS,001-586-837-0855,Card,0
2485,Richard Thompson,9637567357,Cash,0
2486,Nicholas Martin,+1-284-510-4003x273,Gift Card,0
2487,Elizabeth Mills,001-474-263-5235x611,Card,0
2488,Sandy Fernandez,+1-469-358-6218x53111,Gift Card,0
2489,Robert Johnson,966.466.3694,Card,0
2490,Marie Moore,298-545-0337x90294,Cash,0
2491,Daniel Schultz Jr.,001-713-224-5275x6719,Gift Card,0
2492,Sandra Dennis,4568878071,Card,0
2493,Duane Dickerson,289-318-5298x3882,Cash,0
2494,Donald Owens,464.491.3616x5765,Card,0
2495,Michele Ballard,(619)554-9029x4849,Card,0
2496,Natasha Scott,377-766-1388x65500,Cash,0
2497,Michelle Garner,432.939.5936x01941,Cash,0
2498,James Hoffman,536-308-7807x20203,Cash,0
2499,Brooke Chang,001-296-567-6372,Gift Card,0
2500,Courtney Schroeder,936.656.7071x90565,Cash,0
