ID,Status,Timestamp
1,pending,2025-10-26 14:01
2,pending,2025-06-05 03:32
3,canceled,2025-07-11 21:50
4,canceled,2025-06-26 08:15
5,in progress,2025-04-18 20:29
6,in progress,2025-10-17 18:38
7,ready to pay,2025-08-09 04:36
8,ready to pay,2025-07-07 08:33
9,new,2025-01-13 22:28
10,new,2025-07-27 12:07
11,completed,2025-10-11 17:44
12,completed,2025-08-10 09:58
13,completed,2025-05-13 22:51
14,completed,2024-12-19 10:53
15,completed,2025-08-27 01:00
16,completed,2025-07-05 10:37
17,completed,2025-01-04 10:37
18,completed,2025-07-17 09:17
19,completed,2025-09-23 12:19
20,completed,2025-10-03 12:13
21,completed,2025-02-28 00:26
22,completed,2025-07-17 01:37
23,completed,2024-12-21 12:00
24,completed,2025-09-15 22:26
25,completed,2025-03-10 06:35
26,completed,2025-02-28 16:55
27,completed,2025-01-11 08:29
28,completed,2025-10-28 07:03
29,completed,2025-08-04 21:04
30,completed,2025-07-12 13:23
31,completed,2025-05-03 18:42
32,completed,2025-01-28 00:33
33,completed,2025-12-03 11:52
34,completed,2025-04-09 13:11
35,completed,2025-03-07 20:06
36,completed,2025-01-26 11:43
37,completed,2025-01-28 17:25
38,completed,2025-11-09 19:18
39,completed,2025-05-03 16:58
40,completed,2025-03-19 09:15
41,completed,2024-12-29 20:59
42,completed,2025-04-22 16:48
43,completed,2025-10-14 18:15
44,completed,2025-10-08 03:47
45,completed,2025-04-21 03:09
46,completed,2025-08-17 17:58
47,completed,2025-05-05 18:10
48,completed,2024-12-21 09:31
49,completed,2025-02-26 15:26
50,completed,2025-03-07 13:01
51,completed,2025-11-16 20:23
52,completed,2025-07-22 01:03
53,completed,2025-11-10 18:37
54,completed,2025-09-04 22:52
55,completed,2024-12-07 03:34
56,completed,2025-07-13 18:47
57,completed,2025-05-10 19:29
58,completed,2025-05-07 04:28
59,completed,2025-07-15 08:31
60,completed,2025-03-28 23:32
61,completed,2025-09-27 09:58
62,completed,2025-01-04 02:29
63,completed,2024-12-17 03:16
64,completed,2024-12-13 19:43
65,completed,2025-05-20 16:13
66,completed,2025-02-09 12:54
67,completed,2025-01-22 06:56
68,completed,2024-12-22 05:39
69,completed,2025-11-14 02:13
70,completed,2025-03-25 10:49
71,completed,2025-06-02 07:31
72,completed,2025-10-25 04:44
73,completed,2025-02-24 18:38
74,completed,2025-11-11 13:30
75,completed,2025-06-10 02:20
76,completed,2025-03-12 01:34
77,completed,2025-02-16 01:53
78,completed,2025-02-01 01:20
79,completed,2025-03-20 02:46
80,completed,2025-11-15 16:22
81,completed,2025-11-23 16:47
82,completed,2025-11-10 08:49
83,completed,2025-07-10 19:16
84,completed,2025-04-27 02:38
85,completed,2025-02-23 04:12
86,completed,2025-08-04 10:49
87,completed,2025-04-09 03:09
88,completed,2025-04-21 16:46
89,completed,2025-05-27 07:50
90,completed,2025-02-01 10:59
91,completed,2025-01-20 20:31
92,completed,2025-07-03 16:42
93,completed,2025-04-03 11:39
94,completed,2025-06-04 21:55
95,completed,2025-10-24 02:06
96,completed,2025-09-15 20:09
97,completed,2025-03-30 08:33
98,completed,2025-08-30 01:49
99,completed,2025-02-22 04:45
100,completed,2025-10-26 16:59
101,completed,2025-06-29 21:17
102,completed,2024-12-07 19:35
103,completed,2025-09-09 02:13
104,completed,2025-03-09 10:03
105,completed,2025-02-04 21:19
106,completed,2025-02-19 15:06
107,completed,2025-09-12 18:53
108,completed,2025-04-29 16:51
109,completed,2025-09-10 07:24
110,completed,2025-05-10 04:19
111,completed,2025-10-18 12:50
112,completed,2025-11-26 20:13
113,completed,2025-11-30 20:05
114,completed,2025-02-23 18:11
115,completed,2025-06-17 22:47
116,completed,2025-06-09 02:10
117,completed,2025-02-26 04:01
118,completed,2025-08-27 03:57
119,completed,2025-09-19 10:02
120,completed,2025-03-27 07:08
121,completed,2025-05-03 08:26
122,completed,2025-11-14 05:58
123,completed,2025-08-01 04:14
124,completed,2025-02-08 15:12
125,completed,2025-05-15 02:59
126,completed,2025-01-16 18:39
127,completed,2025-10-30 11:19
128,completed,2025-01-08 15:24
129,completed,2025-03-05 10:17
130,completed,2025-09-30 00:11
131,completed,2025-01-16 18:29
132,completed,2025-06-09 23:40
133,completed,2025-04-17 06:38
134,completed,2025-04-22 22:27
135,completed,2025-04-25 23:48
136,completed,2025-06-03 07:25
137,completed,2025-08-15 01:10
138,completed,2025-02-16 11:35
139,completed,2025-06-01 07:15
140,completed,2025-03-28 07:04
141,completed,2025-10-12 16:49
142,completed,2025-08-24 02:44
143,completed,2025-09-05 16:00
144,completed,2025-05-29 21:44
145,completed,2025-08-23 06:08
146,completed,2025-03-18 19:49
147,completed,2024-12-17 14:38
148,completed,2025-09-15 03:42
149,completed,2025-04-18 15:09
150,completed,2025-01-12 09:23
151,completed,2024-12-14 11:24
152,completed,2025-09-10 16:25
153,completed,2025-09-11 11:38
154,completed,2025-12-03 15:37
155,completed,2025-09-05 04:26
156,completed,2025-07-21 00:35
157,completed,2025-03-30 22:17
158,completed,2025-11-04 09:13
159,completed,2025-04-07 00:32
160,completed,2025-08-31 12:44
161,completed,2025-06-10 15:24
162,completed,2025-01-19 23:14
163,completed,2024-12-21 16:31
164,completed,2025-08-24 18:31
165,completed,2025-11-11 10:56
166,completed,2025-04-29 10:01
167,completed,2025-09-12 04:52
168,completed,2025-10-07 10:28
169,completed,2025-09-17 06:18
170,completed,2025-08-05 15:14
171,completed,2025-10-02 15:25
172,completed,2025-11-24 14:41
173,completed,2025-04-22 21:26
174,completed,2025-08-20 12:23
175,completed,2025-01-18 20:10
176,completed,2025-02-03 06:25
177,completed,2025-06-06 04:22
178,completed,2025-07-25 16:14
179,completed,2025-02-17 23:42
180,completed,2025-10-19 01:32
181,completed,2025-10-07 08:41
182,completed,2025-11-21 10:25
183,completed,2025-05-24 16:45
184,completed,2025-11-05 02:52
185,completed,2025-07-16 05:58
186,completed,2025-09-24 13:26
187,completed,2025-04-04 21:40
188,completed,2025-02-15 08:43
189,completed,2025-09-18 02:47
190,completed,2025-04-20 02:40
191,completed,2025-05-06 09:27
192,completed,2025-11-29 06:27
193,completed,2025-09-20 04:19
194,completed,2025-10-30 23:05
195,completed,2024-12-07 23:00
196,completed,2025-03-17 10:25
197,completed,2025-05-30 16:05
198,completed,2025-10-19 10:14
199,completed,2025-02-26 11:54
200,completed,2025-05-21 15:47
201,completed,2025-01-18 18:09
202,completed,2025-05-19 02:30
203,completed,2024-12-11 03:58
204,completed,2025-10-15 13:29
205,completed,2025-05-26 16:00
206,completed,2025-06-11 19:38
207,completed,2025-07-15 05:09
208,completed,2025-06-15 10:29
209,completed,2025-01-09 05:43
210,completed,2025-12-05 10:33
211,completed,2025-05-31 00:28
212,completed,2025-08-29 12:54
213,completed,2025-11-05 05:14
214,completed,2025-11-30 15:39
215,completed,2025-08-11 23:14
216,completed,2025-06-03 06:14
217,completed,2025-01-04 13:22
218,completed,2024-12-07 19:44
219,completed,2025-10-23 11:28
220,completed,2025-04-15 10:27
221,completed,2025-02-06 16:00
222,completed,2025-07-16 13:55
223,completed,2025-11-27 19:11
224,completed,2025-01-04 09:59
225,completed,2025-10-01 07:14
226,completed,2025-10-27 20:00
227,completed,2025-07-12 00:30
228,completed,2025-08-16 22:19
229,completed,2025-11-28 01:09
230,completed,2025-01-03 15:33
231,completed,2025-02-25 18:42
232,completed,2025-06-20 00:57
233,completed,2024-12-27 04:11
234,completed,2025-04-05 06:41
235,completed,2025-11-18 00:44
236,completed,2025-12-05 20:29
237,completed,2025-11-11 18:34
238,completed,2025-05-21 04:26
239,completed,2025-03-24 16:47
240,completed,2024-12-26 13:10
241,completed,2025-03-13 20:47
242,completed,2025-01-21 23:31
243,completed,2025-10-10 05:40
244,completed,2025-09-21 21:19
245,completed,2025-03-19 01:46
246,completed,2025-06-21 04:06
247,completed,2025-06-11 05:50
248,completed,2025-01-07 22:29
249,completed,2025-10-27 12:45
250,completed,2025-09-05 01:18
251,completed,2025-06-05 03:08
252,completed,2025-09-15 18:18
253,completed,2025-11-28 09:39
254,completed,2025-01-18 02:28
255,completed,2025-08-17 03:43
256,completed,2025-12-04 01:31
257,completed,2025-10-02 12:09
258,completed,2025-09-13 09:30
259,completed,2025-09-03 07:14
260,completed,2025-12-04 08:15
261,completed,2025-04-21 13:06
262,completed,2024-12-21 16:45
263,completed,2025-01-08 10:17
264,completed,2025-08-18 03:32
265,completed,2025-03-21 23:20
266,completed,2025-07-09 13:40
267,completed,2025-02-14 23:30
268,completed,2025-01-17 03:55
269,completed,2025-06-27 12:54
270,completed,2025-06-17 10:13
271,completed,2025-07-03 18:09
272,completed,2025-07-22 18:56
273,completed,2025-05-25 03:24
274,completed,2025-04-17 17:38
275,completed,2025-07-09 09:21
276,completed,2025-06-05 07:47
277,completed,2025-09-27 14:05
278,completed,2025-09-03 03:33
279,completed,2025-04-05 06:19
280,completed,2025-10-14 02:01
281,completed,2025-05-21 01:42
282,completed,2025-11-08 20:49
283,completed,2025-05-20 06:26
284,completed,2025-07-20 10:21
285,completed,2025-04-18 01:54
286,completed,2025-10-09 04:41
287,completed,2025-04-16 06:18
288,completed,2025-01-20 15:01
289,completed,2024-12-10 15:20
290,completed,2025-03-13 22:44
291,completed,2025-03-16 11:17
292,completed,2025-08-28 02:04
293,completed,2025-01-25 00:11
294,completed,2025-06-05 20:23
295,completed,2025-02-23 09:36
296,completed,2025-11-05 14:29
297,completed,2025-04-01 03:15
298,completed,2025-02-27 13:15
299,completed,2025-01-25 20:33
300,completed,2025-04-15 02:12
301,completed,2025-06-22 01:45
302,completed,2025-02-17 22:43
303,completed,2025-06-02 08:23
304,completed,2025-08-14 08:24
305,completed,2025-05-09 19:48
306,completed,2025-05-21 10:04
307,completed,2025-04-26 09:37
308,completed,2025-07-10 17:37
309,completed,2025-09-08 17:56
310,completed,2025-05-09 08:58
311,completed,2025-06-25 04:09
312,completed,2025-06-15 14:15
313,completed,2025-11-08 02:45
314,completed,2025-01-21 21:43
315,completed,2025-09-14 04:41
316,completed,2025-05-22 15:20
317,completed,2025-11-16 07:36
318,completed,2025-11-13 20:10
319,completed,2025-10-21 10:44
320,completed,2025-02-28 05:24
321,completed,2025-01-09 03:36
322,completed,2025-07-28 09:19
323,completed,2025-03-15 17:41
324,completed,2025-07-19 13:45
325,completed,2025-09-08 02:52
326,completed,2025-11-21 05:18
327,completed,2025-12-04 12:07
328,completed,2025-10-09 13:50
329,completed,2025-04-19 15:32
330,completed,2025-02-22 09:30
331,completed,2025-06-13 14:53
332,completed,2025-05-08 12:44
333,completed,2025-03-30 04:03
334,completed,2025-11-29 22:30
335,completed,2025-07-29 19:32
336,completed,2025-01-24 07:43
337,completed,2025-04-18 04:52
338,completed,2025-08-22 08:18
339,completed,2025-05-30 14:32
340,completed,2025-04-13 15:43
341,completed,2025-07-11 14:54
342,completed,2025-06-29 08:24
343,completed,2025-04-09 00:04
344,completed,2025-03-09 19:08
345,completed,2025-10-29 08:06
346,completed,2025-07-07 20:26
347,completed,2025-06-05 08:11
348,completed,2025-08-02 00:08
349,completed,2025-10-21 04:35
350,completed,2025-11-14 10:19
351,completed,2025-10-27 14:24
352,completed,2025-05-18 06:26
353,completed,2025-03-03 14:17
354,completed,2025-10-04 05:40
355,completed,2025-10-18 23:01
356,completed,2024-12-26 20:32
357,completed,2025-08-02 05:37
358,completed,2025-04-02 08:19
359,completed,2025-08-09 12:51
360,completed,2025-06-07 21:19
361,completed,2025-03-16 18:29
362,completed,2025-04-09 13:00
363,completed,2025-09-12 08:55
364,completed,2025-09-16 14:42
365,completed,2025-11-21 11:35
366,completed,2025-01-02 15:20
367,completed,2025-01-23 11:15
368,completed,2025-05-30 08:56
369,completed,2025-08-20 16:49
370,completed,2025-04-22 14:41
371,completed,2025-11-22 22:03
372,completed,2025-01-22 17:24
373,completed,2024-12-12 02:47
374,completed,2025-04-26 04:25
375,completed,2025-08-12 16:28
376,completed,2025-10-07 23:43
377,completed,2025-03-11 06:41
378,completed,2025-06-05 21:29
379,completed,2025-08-11 02:15
380,completed,2025-07-06 02:58
381,completed,2025-04-29 12:30
382,completed,2025-03-20 18:25
383,completed,2025-06-04 23:35
384,completed,2025-06-30 13:46
385,completed,2025-08-25 06:37
386,completed,2025-05-16 06:10
387,completed,2025-02-23 12:12
388,completed,2025-07-22 22:17
389,completed,2025-01-02 09:25
390,completed,2025-09-01 07:43
391,completed,2025-03-16 04:14
392,completed,2025-10-20 20:45
393,completed,2025-11-28 10:59
394,completed,2025-04-29 02:29
395,completed,2025-09-07 15:26
396,completed,2025-11-18 22:36
397,completed,2024-12-28 05:43
398,completed,2024-12-09 16:17
399,completed,2025-06-11 13:06
400,completed,2025-07-16 07:11
401,completed,2025-03-14 13:25
402,completed,2025-11-05 14:23
403,completed,2025-08-15 16:16
404,completed,2025-07-16 11:59
405,completed,2025-05-10 23:24
406,completed,2025-02-27 09:21
407,completed,2025-08-02 01:47
408,completed,2025-01-26 10:03
409,completed,2025-06-30 07:34
410,completed,2025-11-25 11:03
411,completed,2025-05-17 21:58
412,completed,2025-02-03 22:03
413,completed,2025-05-05 01:03
414,completed,2025-02-12 04:21
415,completed,2025-07-21 08:58
416,completed,2025-07-10 18:16
417,completed,2025-02-03 08:22
418,completed,2025-10-15 00:14
419,completed,2025-04-23 00:53
420,completed,2025-05-11 22:49
421,completed,2025-04-05 05:00
422,completed,2025-03-30 12:59
423,completed,2025-01-12 19:03
424,completed,2025-09-17 01:41
425,completed,2025-03-26 15:47
426,completed,2025-10-28 05:26
427,completed,2025-07-01 19:18
428,completed,2025-06-18 05:13
429,completed,2024-12-14 15:48
430,completed,2025-05-16 09:59
431,completed,2025-07-11 08:44
432,completed,2025-01-28 06:28
433,completed,2025-01-07 12:44
434,completed,2025-03-09 19:46
435,completed,2025-06-19 09:03
436,completed,2025-07-10 12:18
437,completed,2025-02-06 20:53
438,completed,2025-05-28 09:07
439,completed,2025-04-08 02:53
440,completed,2025-02-27 03:53
441,completed,2024-12-23 07:43
442,completed,2025-08-13 05:22
443,completed,2025-10-24 04:45
444,completed,2025-10-16 20:54
445,completed,2025-06-16 17:32
446,completed,2025-03-14 08:19
447,completed,2024-12-31 08:36
448,completed,2025-02-18 03:18
449,completed,2025-12-04 22:07
450,completed,2025-02-10 16:42
451,completed,2025-07-10 22:20
452,completed,2025-11-29 21:39
453,completed,2025-08-28 14:05
454,completed,2025-11-03 07:33
455,completed,2025-02-04 19:56
456,completed,2025-09-12 06:59
457,completed,2025-09-04 10:15
458,completed,2025-09-27 14:05
459,completed,2025-01-31 08:02
460,completed,2025-02-21 05:36
461,completed,2025-02-12 01:02
462,completed,2025-09-12 18:55
463,completed,2025-04-20 23:55
464,completed,2025-04-11 15:00
465,completed,2025-02-06 08:43
466,completed,2025-01-15 03:34
467,completed,2025-11-04 04:39
468,completed,2025-04-29 06:10
469,completed,2025-09-10 05:45
470,completed,2025-12-03 14:46
471,completed,2025-07-08 06:55
472,completed,2024-12-18 08:01
473,completed,2025-05-09 14:13
474,completed,2025-08-10 10:24
475,completed,2024-12-20 01:26
476,completed,2025-07-09 16:52
477,completed,2025-10-12 00:23
478,completed,2025-08-21 13:20
479,completed,2025-02-20 03:38
480,completed,2025-01-10 00:52
481,completed,2025-09-23 15:52
482,completed,2025-06-03 20:10
483,completed,2025-03-16 16:01
484,completed,2025-04-11 03:02
485,completed,2025-03-15 19:27
486,completed,2025-07-19 07:41
487,completed,2025-10-12 03:03
488,completed,2025-11-06 09:32
489,completed,2025-10-30 01:26
490,completed,2025-09-14 23:32
491,completed,2025-03-27 20:27
492,completed,2025-05-01 19:23
493,completed,2025-08-30 23:32
494,completed,2025-05-05 08:40
495,completed,2025-02-15 19:42
496,completed,2025-02-03 21:46
497,completed,2025-07-23 18:56
498,completed,2025-01-26 08:15
499,completed,2025-09-02 05:01
500,completed,2025-03-07 10:53
501,completed,2025-02-14 16:05
502,completed,2025-09-22 09:33
503,completed,2025-04-14 20:48
504,completed,2025-05-07 07:01
505,completed,2025-12-05 18:28
506,completed,2025-02-15 09:06
507,completed,2025-04-01 19:16
508,completed,2025-07-10 21:52
509,completed,2025-11-17 01:25
510,completed,2025-04-16 06:51
511,completed,2025-04-01 02:36
512,completed,2024-12-26 00:01
513,completed,2025-05-20 17:25
514,completed,2025-09-27 21:06
515,completed,2024-12-17 02:14
516,completed,2025-04-07 13:54
517,completed,2025-05-02 18:22
518,completed,2025-11-08 23:30
519,completed,2025-05-12 13:10
520,completed,2025-10-18 02:22
521,completed,2025-09-20 05:43
522,completed,2025-06-25 08:06
523,completed,2025-01-19 03:02
524,completed,2025-03-21 11:06
525,completed,2025-03-31 10:43
526,completed,2025-01-19 09:05
527,completed,2025-07-23 17:01
528,completed,2025-02-21 09:45
529,completed,2025-04-16 02:34
530,completed,2025-03-23 08:28
531,completed,2025-10-30 00:16
532,completed,2025-06-22 16:28
533,completed,2024-12-25 05:12
534,completed,2025-01-15 10:37
535,completed,2025-03-01 12:20
536,completed,2025-09-25 16:17
537,completed,2025-05-16 08:13
538,completed,2025-03-29 19:31
539,completed,2025-10-12 06:43
540,completed,2025-02-20 06:54
541,completed,2025-09-10 07:06
542,completed,2025-07-08 15:01
543,completed,2025-07-20 09:17
544,completed,2024-12-26 16:14
545,completed,2025-04-24 03:11
546,completed,2024-12-11 19:13
547,completed,2025-08-01 16:36
548,completed,2025-02-14 02:42
549,completed,2025-02-28 20:55
550,completed,2025-07-03 03:34
551,completed,2025-05-09 23:03
552,completed,2025-11-04 20:38
553,completed,2025-02-15 00:06
554,completed,2025-04-20 05:43
555,completed,2025-05-18 10:44
556,completed,2025-08-03 00:53
557,completed,2025-11-19 17:00
558,completed,2025-04-05 14:10
559,completed,2025-11-03 10:56
560,completed,2025-08-21 16:19
561,completed,2025-01-17 19:55
562,completed,2025-02-22 22:06
563,completed,2025-11-23 14:00
564,completed,2025-06-02 08:56
565,completed,2025-03-18 15:21
566,completed,2024-12-22 02:10
567,completed,2025-03-23 12:33
568,completed,2025-02-06 04:40
569,completed,2025-09-23 17:49
570,completed,2025-05-31 06:10
571,completed,2025-05-24 17:20
572,completed,2025-03-15 13:33
573,completed,2025-07-22 14:27
574,completed,2025-08-02 15:23
575,completed,2024-12-19 18:33
576,completed,2025-07-20 03:46
577,completed,2025-08-26 20:09
578,completed,2025-07-13 11:34
579,completed,2025-08-29 17:33
580,completed,2025-11-13 08:07
581,completed,2025-05-23 02:00
582,completed,2025-05-16 19:48
583,completed,2025-01-03 10:31
584,completed,2025-04-09 07:21
585,completed,2025-05-04 12:59
586,completed,2025-11-09 16:14
587,completed,2025-05-17 08:21
588,completed,2024-12-15 01:21
589,completed,2025-10-23 03:45
590,completed,2025-04-12 13:00
591,completed,2025-10-25 23:07
592,completed,2025-08-15 08:33
593,completed,2024-12-22 12:42
594,completed,2025-05-02 06:52
595,completed,2025-10-07 10:33
596,completed,2025-03-25 23:29
597,completed,2025-10-13 02:29
598,completed,2024-12-22 11:50
599,completed,2025-11-07 18:21
600,completed,2025-09-06 00:44
601,completed,2025-01-22 07:37
602,completed,2025-05-17 21:48
603,completed,2025-08-22 19:20
604,completed,2025-08-16 06:59
605,completed,2025-02-16 07:16
606,completed,2025-01-25 14:34
607,completed,2025-06-13 02:16
608,completed,2024-12-19 00:06
609,completed,2025-09-15 05:09
610,completed,2025-12-01 21:13
611,completed,2025-10-21 01:31
612,completed,2025-02-24 23:41
613,completed,2025-03-17 22:55
614,completed,2025-08-29 20:00
615,completed,2025-09-09 04:07
616,completed,2025-11-02 15:58
617,completed,2025-04-10 17:16
618,completed,2025-04-24 04:46
619,completed,2025-01-03 08:41
620,completed,2024-12-27 14:46
621,completed,2025-12-02 02:56
622,completed,2024-12-27 21:32
623,completed,2024-12-07 08:09
624,completed,2025-11-06 16:37
625,completed,2025-02-25 00:21
626,completed,2025-07-21 23:05
627,completed,2025-07-18 02:14
628,completed,2025-04-15 01:53
629,completed,2025-04-23 11:39
630,completed,2024-12-09 12:41
631,completed,2025-09-18 10:32
632,completed,2025-08-13 16:58
633,completed,2025-04-08 00:04
634,completed,2024-12-08 05:28
635,completed,2025-07-24 20:24
636,completed,2024-12-15 07:32
637,completed,2025-07-08 08:41
638,completed,2025-04-16 03:15
639,completed,2025-04-09 04:11
640,completed,2024-12-21 12:53
641,completed,2025-07-28 11:10
642,completed,2025-03-11 06:42
643,completed,2025-02-05 05:26
644,completed,2025-10-12 11:37
645,completed,2025-05-27 03:42
646,completed,2025-02-25 03:18
647,completed,2025-03-03 09:06
648,completed,2025-01-08 06:49
649,completed,2025-08-13 15:49
650,completed,2025-03-12 10:39
651,completed,2025-05-21 09:21
652,completed,2025-05-10 05:32
653,completed,2025-06-21 23:43
654,completed,2025-04-15 23:23
655,completed,2025-10-20 00:52
656,completed,2024-12-14 05:41
657,completed,2024-12-10 16:13
658,completed,2025-11-17 11:19
659,completed,2025-04-17 13:28
660,completed,2025-04-19 18:15
661,completed,2025-01-17 09:14
662,completed,2025-02-19 17:03
663,completed,2025-03-03 17:51
664,completed,2025-08-18 10:48
665,completed,2025-10-10 11:26
666,completed,2025-01-18 23:28
667,completed,2025-07-22 11:57
668,completed,2025-03-12 13:43
669,completed,2025-01-15 22:54
670,completed,2025-01-03 16:54
671,completed,2025-10-19 12:13
672,completed,2025-03-26 15:35
673,completed,2025-08-11 01:02
674,completed,2025-07-13 07:05
675,completed,2025-07-22 18:19
676,completed,2025-01-07 23:44
677,completed,2025-10-03 16:03
678,completed,2025-04-22 04:16
679,completed,2025-09-12 11:10
680,completed,2025-07-31 04:42
681,completed,2025-10-23 23:32
682,completed,2025-08-25 06:44
683,completed,2024-12-08 06:10
684,completed,2025-11-11 15:48
685,completed,2025-11-15 09:33
686,completed,2025-08-02 22:15
687,completed,2025-02-25 16:21
688,completed,2025-06-18 11:52
689,completed,2025-09-30 07:27
690,completed,2025-11-05 20:09
691,completed,2025-02-14 15:39
692,completed,2025-11-26 12:35
693,completed,2025-08-23 20:25
694,completed,2025-06-07 14:37
695,completed,2025-11-15 19:54
696,completed,2025-01-17 09:40
697,completed,2025-01-02 01:29
698,completed,2025-02-04 01:24
699,completed,2025-01-04 13:56
700,completed,2025-03-28 07:10
701,completed,2025-06-25 15:59
702,completed,2025-03-18 02:59
703,completed,2025-10-24 03:29
704,completed,2025-04-20 10:40
705,completed,2025-05-17 05:03
706,completed,2025-04-05 04:07
707,completed,2025-05-17 12:14
708,completed,2025-09-28 12:32
709,completed,2025-11-19 03:03
710,completed,2025-03-09 03:50
711,completed,2025-07-11 09:45
712,completed,2025-11-18 13:17
713,completed,2025-06-28 04:37
714,completed,2025-02-19 18:47
715,completed,2025-01-23 13:55
716,completed,2025-06-16 17:58
717,completed,2025-05-01 05:37
718,completed,2025-11-30 17:44
719,completed,2025-04-13 15:34
720,completed,2025-01-03 06:22
721,completed,2025-12-06 12:25
722,completed,2025-09-04 10:37
723,completed,2024-12-25 07:38
724,completed,2024-12-31 20:26
725,completed,2025-05-20 16:50
726,completed,2025-02-15 06:16
727,completed,2025-07-25 20:56
728,completed,2025-10-17 09:30
729,completed,2025-06-16 15:49
730,completed,2025-07-01 19:12
731,completed,2025-06-12 17:26
732,completed,2025-04-01 09:06
733,completed,2025-06-07 11:10
734,completed,2025-04-30 14:38
735,completed,2025-04-26 21:08
736,completed,2025-05-09 14:22
737,completed,2025-04-03 02:46
738,completed,2025-10-03 07:57
739,completed,2025-04-17 12:35
740,completed,2025-06-30 01:23
741,completed,2025-07-07 21:45
742,completed,2025-07-02 17:51
743,completed,2025-09-09 16:07
744,completed,2025-06-09 19:27
745,completed,2025-10-11 18:34
746,completed,2025-01-25 16:54
747,completed,2025-01-04 17:50
748,completed,2025-06-19 23:52
749,completed,2025-07-14 15:40
750,completed,2024-12-15 17:40
751,completed,2024-12-20 23:02
752,completed,2025-09-01 01:09
753,completed,2025-01-30 14:23
754,completed,2024-12-11 19:15
755,completed,2025-08-23 06:40
756,completed,2025-02-05 01:37
757,completed,2025-07-21 03:59
758,completed,2025-07-18 09:01
759,completed,2025-01-29 13:32
760,completed,2025-07-20 21:05
761,completed,2025-09-30 05:18
762,completed,2025-08-19 18:37
763,completed,2025-11-20 12:21
764,completed,2025-03-08 22:44
765,completed,2025-01-07 22:34
766,completed,2025-11-03 11:28
767,completed,2025-11-22 22:20
768,completed,2025-02-10 06:26
769,completed,2025-11-11 15:57
770,completed,2024-12-11 08:46
771,completed,2025-05-10 16:31
772,completed,2025-08-18 08:42
773,completed,2025-12-05 08:57
774,completed,2025-12-03 01:56
775,completed,2025-10-27 02:14
776,completed,2025-06-10 01:50
777,completed,2025-10-10 19:43
778,completed,2025-05-25 23:58
779,completed,2025-03-23 15:02
780,completed,2025-09-21 14:44
781,completed,2025-05-09 11:30
782,completed,2024-12-28 07:22
783,completed,2025-03-17 11:45
784,completed,2025-11-14 00:09
785,completed,2025-01-13 16:01
786,completed,2025-08-14 15:36
787,completed,2025-09-12 19:43
788,completed,2025-07-09 23:25
789,completed,2025-04-24 14:22
790,completed,2025-01-03 01:29
791,completed,2025-04-21 20:23
792,completed,2025-03-01 21:10
793,completed,2025-10-28 01:10
794,completed,2025-11-16 17:03
795,completed,2025-02-19 07:57
796,completed,2025-06-23 05:13
797,completed,2025-06-30 09:15
798,completed,2025-10-30 06:48
799,completed,2025-02-28 00:40
800,completed,2025-12-06 10:55
801,completed,2025-07-12 22:55
802,completed,2025-03-06 21:29
803,completed,2025-01-15 09:17
804,completed,2025-01-11 08:22
805,completed,2025-04-21 00:58
806,completed,2025-07-01 03:47
807,completed,2025-10-09 08:19
808,completed,2025-02-17 20:57
809,completed,2025-07-29 03:51
810,completed,2024-12-16 01:58
811,completed,2025-10-09 09:19
812,completed,2025-09-05 04:58
813,completed,2025-06-04 03:23
814,completed,2025-06-25 22:55
815,completed,2025-05-30 17:45
816,completed,2025-05-27 20:41
817,completed,2025-11-16 01:47
818,completed,2025-11-08 10:17
819,completed,2025-02-18 04:57
820,completed,2024-12-10 04:25
821,completed,2025-01-18 10:00
822,completed,2025-05-06 05:12
823,completed,2025-09-24 06:16
824,completed,2025-10-02 13:18
825,completed,2024-12-23 03:58
826,completed,2025-03-26 09:24
827,completed,2025-02-07 17:15
828,completed,2025-05-17 10:26
829,completed,2025-01-05 20:50
830,completed,2025-02-21 22:32
831,completed,2025-10-27 14:59
832,completed,2025-11-06 19:59
833,completed,2025-01-01 03:26
834,completed,2025-07-23 05:16
835,completed,2025-11-30 07:30
836,completed,2025-04-11 18:18
837,completed,2025-04-30 14:35
838,completed,2025-12-01 05:59
839,completed,2025-04-03 15:32
840,completed,2025-09-10 16:48
841,completed,2024-12-23 18:20
842,completed,2025-02-07 07:00
843,completed,2025-03-13 21:51
844,completed,2025-05-26 22:38
845,completed,2025-07-19 06:59
846,completed,2025-08-31 15:54
847,completed,2025-08-19 00:46
848,completed,2025-06-26 20:55
849,completed,2025-10-26 02:55
850,completed,2025-08-07 05:50
851,completed,2025-02-20 14:37
852,completed,2025-06-22 03:26
853,completed,2025-07-28 11:47
854,completed,2025-05-19 15:00
855,completed,2025-04-29 00:48
856,completed,2024-12-31 18:38
857,completed,2025-01-20 15:34
858,completed,2025-11-24 17:19
859,completed,2025-10-05 22:11
860,completed,2025-11-05 16:11
861,completed,2025-12-04 09:03
862,completed,2024-12-29 10:37
863,completed,2025-04-27 22:08
864,completed,2025-07-07 09:40
865,completed,2025-11-15 06:16
866,completed,2025-09-15 09:43
867,completed,2024-12-29 02:02
868,completed,2025-01-11 19:18
869,completed,2025-06-27 22:28
870,completed,2025-09-02 06:50
871,completed,2024-12-08 21:11
872,completed,2025-08-14 03:36
873,completed,2025-11-14 04:11
874,completed,2025-02-19 21:55
875,completed,2025-03-15 06:21
876,completed,2024-12-24 21:43
877,completed,2025-09-22 11:39
878,completed,2024-12-21 04:46
879,completed,2025-10-08 13:10
880,completed,2025-03-03 00:44
881,completed,2025-03-14 17:28
882,completed,2025-07-29 06:20
883,completed,2025-09-15 07:55
884,completed,2025-04-23 23:01
885,completed,2025-02-19 23:56
886,completed,2025-03-02 14:52
887,completed,2025-01-07 14:08
888,completed,2025-01-16 08:49
889,completed,2025-04-16 22:08
890,completed,2025-03-26 01:40
891,completed,2024-12-24 16:23
892,completed,2025-02-08 07:37
893,completed,2025-10-18 05:20
894,completed,2025-01-07 09:45
895,completed,2025-10-25 00:07
896,completed,2025-05-26 02:41
897,completed,2025-04-01 16:50
898,completed,2025-02-19 20:56
899,completed,2025-04-20 06:09
900,completed,2024-12-31 08:51
901,completed,2025-06-28 05:09
902,completed,2025-04-06 14:49
903,completed,2025-11-24 23:23
904,completed,2025-06-08 19:43
905,completed,2025-02-12 11:39
906,completed,2025-11-17 21:47
907,completed,2025-09-15 04:46
908,completed,2025-03-18 23:16
909,completed,2025-04-29 23:32
910,completed,2025-11-23 06:12
911,completed,2025-03-24 08:08
912,completed,2025-06-29 04:01
913,completed,2025-02-07 10:50
914,completed,2025-03-14 06:14
915,completed,2024-12-10 15:21
916,completed,2025-01-24 20:03
917,completed,2025-05-16 01:50
918,completed,2025-03-04 11:18
919,completed,2025-06-27 16:28
920,completed,2025-04-12 09:20
921,completed,2025-01-30 03:37
922,completed,2025-06-11 11:56
923,completed,2025-08-31 16:55
924,completed,2025-04-14 11:26
925,completed,2025-05-23 12:06
926,completed,2025-11-14 06:55
927,completed,2025-09-04 12:03
928,completed,2024-12-11 15:34
929,completed,2025-02-09 22:49
930,completed,2025-05-19 19:34
931,completed,2024-12-19 00:16
932,completed,2025-01-05 09:14
933,completed,2024-12-29 11:22
934,completed,2025-11-23 18:29
935,completed,2025-09-26 02:31
936,completed,2024-12-21 09:24
937,completed,2024-12-10 21:03
938,completed,2025-11-27 19:22
939,completed,2025-04-30 22:31
940,completed,2025-03-19 09:08
941,completed,2025-05-15 05:32
942,completed,2025-04-05 03:12
943,completed,2025-04-05 23:34
944,completed,2025-04-28 03:23
945,completed,2025-01-10 05:32
946,completed,2025-09-06 08:38
947,completed,2025-06-08 09:58
948,completed,2025-03-26 12:37
949,completed,2025-03-09 00:03
950,completed,2025-01-13 21:47
951,completed,2025-06-28 02:27
952,completed,2025-05-26 14:45
953,completed,2025-08-14 11:11
954,completed,2025-05-16 10:41
955,completed,2024-12-28 15:56
956,completed,2025-09-02 11:39
957,completed,2025-06-14 09:18
958,completed,2025-11-17 14:52
959,completed,2025-03-21 02:43
960,completed,2025-04-28 18:24
961,completed,2025-03-16 23:03
962,completed,2025-11-02 03:43
963,completed,2024-12-24 02:20
964,completed,2025-07-31 09:18
965,completed,2025-07-12 04:35
966,completed,2025-07-16 14:58
967,completed,2025-09-05 16:32
968,completed,2025-09-24 19:50
969,completed,2025-09-28 18:48
970,completed,2025-05-26 02:30
971,completed,2025-01-07 20:16
972,completed,2025-04-05 02:05
973,completed,2025-02-12 00:09
974,completed,2025-06-05 16:07
975,completed,2025-09-03 20:08
976,completed,2025-03-20 04:10
977,completed,2025-02-27 06:11
978,completed,2025-10-29 14:44
979,completed,2025-07-20 04:00
980,completed,2025-11-24 15:03
981,completed,2025-07-22 18:38
982,completed,2025-06-02 07:11
983,completed,2025-10-27 21:57
984,completed,2025-06-22 23:19
985,completed,2025-09-18 17:35
986,completed,2025-07-14 02:29
987,completed,2025-07-19 08:02
988,completed,2025-04-02 13:19
989,completed,2025-04-11 12:40
990,completed,2025-10-31 09:54
991,completed,2025-05-27 14:36
992,completed,2025-10-07 04:34
993,completed,2025-03-04 18:58
994,completed,2025-06-27 18:46
995,completed,2025-03-08 06:02
996,completed,2025-10-30 00:54
997,completed,2025-07-13 00:39
998,completed,2025-08-03 17:20
999,completed,2025-05-05 12:23
1000,completed,2025-04-19 04:13
1001,completed,2025-11-26 12:25
1002,completed,2025-07-13 21:56
1003,completed,2025-01-28 15:05
1004,completed,2025-12-02 03:02
1005,completed,2025-03-23 03:41
1006,completed,2025-05-05 10:51
1007,completed,2024-12-08 12:58
1008,completed,2025-08-11 01:02
1009,completed,2025-10-08 17:42
1010,completed,2025-09-29 16:26
1011,completed,2025-08-31 13:31
1012,completed,2024-12-25 11:55
1013,completed,2025-08-16 15:18
1014,completed,2025-05-26 17:23
1015,completed,2025-01-26 00:03
1016,completed,2025-04-24 16:13
1017,completed,2025-08-27 00:58
1018,completed,2024-12-27 05:56
1019,completed,2024-12-17 10:20
1020,completed,2025-06-09 13:03
1021,completed,2025-07-03 06:46
1022,completed,2025-07-09 01:54
1023,completed,2025-11-13 21:55
1024,completed,2025-01-09 23:45
1025,completed,2025-02-01 16:01
1026,completed,2025-01-13 07:48
1027,completed,2025-07-05 11:22
1028,completed,2025-01-28 07:11
1029,completed,2025-08-13 18:43
1030,completed,2025-03-06 12:25
1031,completed,2025-11-06 20:54
1032,completed,2025-04-16 09:51
1033,completed,2025-11-01 04:54
1034,completed,2025-11-18 18:00
1035,completed,2025-11-25 19:35
1036,completed,2025-03-21 15:39
1037,completed,2025-11-29 09:05
1038,completed,2025-05-12 22:56
1039,completed,2025-04-01 19:58
1040,completed,2025-01-06 21:02
1041,completed,2025-03-14 01:51
1042,completed,2025-07-12 13:44
1043,completed,2025-06-04 13:17
1044,completed,2025-01-31 16:36
1045,completed,2025-08-30 14:57
1046,completed,2025-05-02 06:51
1047,completed,2025-01-06 15:53
1048,completed,2025-10-19 21:57
1049,completed,2025-01-22 07:28
1050,completed,2025-03-02 08:54
1051,completed,2025-05-05 11:02
1052,completed,2025-03-20 12:06
1053,completed,2025-10-28 06:26
1054,completed,2025-06-02 18:09
1055,completed,2025-11-26 05:52
1056,completed,2025-04-21 21:05
1057,completed,2025-01-08 11:46
1058,completed,2025-05-27 07:07
1059,completed,2025-09-12 15:06
1060,completed,2025-07-12 07:24
1061,completed,2025-08-14 23:11
1062,completed,2025-07-10 18:12
1063,completed,2025-03-26 07:47
1064,completed,2025-04-03 10:40
1065,completed,2025-03-04 07:50
1066,completed,2025-04-06 12:34
1067,completed,2025-05-11 23:54
1068,completed,2025-04-02 18:35
1069,completed,2025-05-11 04:49
1070,completed,2025-01-23 14:55
1071,completed,2025-08-03 00:43
1072,completed,2025-04-17 19:05
1073,completed,2025-07-13 02:22
1074,completed,2025-07-17 06:23
1075,completed,2024-12-31 12:30
1076,completed,2025-03-17 08:26
1077,completed,2025-11-24 03:08
1078,completed,2025-05-05 12:16
1079,completed,2025-04-21 18:56
1080,completed,2025-01-19 11:21
1081,completed,2025-06-12 04:43
1082,completed,2025-10-16 19:42
1083,completed,2025-06-26 20:56
1084,completed,2025-12-02 11:18
1085,completed,2025-08-27 03:34
1086,completed,2025-03-14 14:50
1087,completed,2025-08-06 08:16
1088,completed,2025-02-15 20:45
1089,completed,2025-04-04 21:12
1090,completed,2025-02-21 07:30
1091,completed,2025-08-23 11:00
1092,completed,2025-11-14 07:57
1093,completed,2025-09-23 17:31
1094,completed,2025-03-13 16:30
1095,completed,2025-08-20 08:54
1096,completed,2025-07-12 20:41
1097,completed,2025-07-18 22:37
1098,completed,2025-09-19 00:22
1099,completed,2025-09-17 02:09
1100,completed,2025-12-02 02:32
1101,completed,2025-07-27 18:35
1102,completed,2025-03-06 21:14
1103,completed,2025-02-04 11:42
1104,completed,2025-04-29 00:30
1105,completed,2025-05-22 19:52
1106,completed,2025-05-20 23:38
1107,completed,2024-12-10 04:35
1108,completed,2025-06-14 05:53
1109,completed,2025-05-01 14:03
1110,completed,2025-11-12 13:38
1111,completed,2025-05-17 10:54
1112,completed,2025-06-11 21:51
1113,completed,2025-08-21 00:58
1114,completed,2024-12-17 20:52
1115,completed,2025-09-13 05:32
1116,completed,2025-03-28 10:51
1117,completed,2025-05-10 22:53
1118,completed,2025-03-09 20:12
1119,completed,2025-03-04 08:42
1120,completed,2025-01-22 14:01
1121,completed,2025-04-09 07:48
1122,completed,2025-02-23 07:45
1123,completed,2025-09-07 17:58
1124,completed,2025-06-09 09:23
1125,completed,2024-12-26 00:13
1126,completed,2025-05-14 04:48
1127,completed,2025-01-26 01:03
1128,completed,2025-04-22 11:44
1129,completed,2025-04-14 09:40
1130,completed,2025-03-07 19:43
1131,completed,2025-01-11 07:54
1132,completed,2025-07-27 09:03
1133,completed,2025-10-09 16:29
1134,completed,2025-05-14 11:16
1135,completed,2025-06-25 08:25
1136,completed,2025-06-26 19:24
1137,completed,2025-07-23 11:59
1138,completed,2025-08-12 15:20
1139,completed,2025-01-16 08:57
1140,completed,2025-01-18 06:10
1141,completed,2025-04-05 09:01
1142,completed,2025-04-20 20:41
1143,completed,2025-08-23 18:41
1144,completed,2025-10-19 22:54
1145,completed,2025-10-04 08:51
1146,completed,2025-03-18 09:40
1147,completed,2025-05-28 07:50
1148,completed,2025-06-03 14:26
1149,completed,2025-03-10 16:21
1150,completed,2025-08-18 13:42
1151,completed,2025-12-04 04:39
1152,completed,2025-07-08 21:56
1153,completed,2025-01-31 09:16
1154,completed,2024-12-25 19:24
1155,completed,2025-12-03 14:56
1156,completed,2025-06-06 06:37
1157,completed,2025-01-24 17:31
1158,completed,2024-12-31 01:27
1159,completed,2025-02-16 06:56
1160,completed,2025-04-28 01:37
1161,completed,2025-09-05 08:25
1162,completed,2025-03-28 23:41
1163,completed,2025-07-16 21:44
1164,completed,2025-07-27 13:30
1165,completed,2025-01-13 11:38
1166,completed,2025-05-13 12:21
1167,completed,2025-03-11 11:04
1168,completed,2025-10-19 03:06
1169,completed,2025-09-02 10:13
1170,completed,2025-08-11 10:38
1171,completed,2025-12-06 14:52
1172,completed,2025-08-20 23:56
1173,completed,2025-06-23 16:04
1174,completed,2025-05-03 08:07
1175,completed,2025-07-04 22:31
1176,completed,2025-03-22 18:39
1177,completed,2025-12-01 12:55
1178,completed,2025-04-28 16:09
1179,completed,2025-06-25 00:00
1180,completed,2025-10-20 16:22
1181,completed,2025-03-24 16:10
1182,completed,2024-12-07 08:38
1183,completed,2025-07-13 10:13
1184,completed,2025-11-06 05:54
1185,completed,2025-11-03 22:18
1186,completed,2025-04-15 12:11
1187,completed,2025-02-12 10:19
1188,completed,2025-03-19 02:56
1189,completed,2025-10-26 23:16
1190,completed,2025-07-19 14:35
1191,completed,2024-12-24 19:59
1192,completed,2025-04-03 23:03
1193,completed,2025-08-24 17:32
1194,completed,2025-09-08 12:37
1195,completed,2025-01-07 14:35
1196,completed,2025-03-21 05:36
1197,completed,2024-12-26 13:03
1198,completed,2025-03-30 09:20
1199,completed,2025-06-11 15:48
1200,completed,2025-04-07 04:24
1201,completed,2025-09-01 16:44
1202,completed,2024-12-18 01:45
1203,completed,2025-07-17 02:43
1204,completed,2025-01-16 12:57
1205,completed,2025-07-22 19:19
1206,completed,2025-03-23 23:12
1207,completed,2025-05-18 21:04
1208,completed,2025-02-03 23:17
1209,completed,2025-04-26 05:53
1210,completed,2025-06-06 00:49
1211,completed,2025-10-24 19:37
1212,completed,2025-09-08 10:04
1213,completed,2025-11-28 03:19
1214,completed,2024-12-15 06:44
1215,completed,2025-11-24 20:36
1216,completed,2025-02-19 06:22
1217,completed,2025-11-13 09:59
1218,completed,2025-08-25 08:35
1219,completed,2025-05-27 12:58
1220,completed,2025-04-15 20:30
1221,completed,2025-11-03 12:16
1222,completed,2025-09-29 19:38
1223,completed,2025-01-12 07:09
1224,completed,2025-09-25 07:42
1225,completed,2025-03-30 15:42
1226,completed,2025-10-13 08:34
1227,completed,2025-09-21 16:21
1228,completed,2025-08-02 18:32
1229,completed,2025-05-01 20:06
1230,completed,2025-01-28 12:15
1231,completed,2025-01-19 06:55
1232,completed,2025-02-11 11:40
1233,completed,2025-07-30 04:12
1234,completed,2025-07-21 21:04
1235,completed,2025-11-18 08:17
1236,completed,2025-01-30 20:13
1237,completed,2025-04-01 07:16
1238,completed,2025-07-20 12:31
1239,completed,2025-03-30 15:57
1240,completed,2025-10-04 17:05
1241,completed,2024-12-21 03:00
1242,completed,2025-04-18 06:25
1243,completed,2025-01-04 02:15
1244,completed,2025-04-02 18:22
1245,completed,2024-12-15 13:37
1246,completed,2025-11-11 01:23
1247,completed,2025-11-19 09:31
1248,completed,2025-08-21 16:41
1249,completed,2025-06-23 16:24
1250,completed,2025-11-17 23:35
1251,completed,2025-06-27 20:05
1252,completed,2025-11-19 01:00
1253,completed,2025-06-03 13:27
1254,completed,2025-02-27 18:03
1255,completed,2024-12-11 02:31
1256,completed,2025-03-14 20:31
1257,completed,2025-09-26 12:38
1258,completed,2025-05-03 12:39
1259,completed,2025-04-02 04:11
1260,completed,2025-10-27 12:10
1261,completed,2025-09-14 15:04
1262,completed,2025-04-19 02:27
1263,completed,2025-04-14 06:50
1264,completed,2025-09-16 20:46
1265,completed,2025-02-14 20:39
1266,completed,2025-03-12 11:44
1267,completed,2025-06-21 09:49
1268,completed,2025-01-13 18:44
1269,completed,2025-07-15 19:18
1270,completed,2025-03-23 15:51
1271,completed,2024-12-09 11:41
1272,completed,2025-07-08 08:32
1273,completed,2025-05-09 13:02
1274,completed,2025-02-10 10:15
1275,completed,2025-03-18 16:17
1276,completed,2025-04-30 15:53
1277,completed,2025-09-16 08:41
1278,completed,2025-04-23 05:12
1279,completed,2025-06-15 03:13
1280,completed,2025-10-22 20:35
1281,completed,2025-08-20 13:23
1282,completed,2025-09-24 07:42
1283,completed,2025-02-20 07:09
1284,completed,2025-03-21 04:11
1285,completed,2025-10-25 19:04
1286,completed,2025-03-15 06:44
1287,completed,2025-03-15 12:42
1288,completed,2025-09-21 00:12
1289,completed,2025-05-29 06:55
1290,completed,2025-05-29 23:00
1291,completed,2025-05-29 18:27
1292,completed,2025-07-31 21:18
1293,completed,2025-09-02 18:57
1294,completed,2024-12-18 07:03
1295,completed,2025-05-12 18:09
1296,completed,2024-12-11 17:26
1297,completed,2025-10-22 15:35
1298,completed,2025-07-24 07:51
1299,completed,2024-12-28 14:07
1300,completed,2025-09-30 02:59
1301,completed,2025-12-04 09:31
1302,completed,2025-11-27 22:49
1303,completed,2025-02-08 08:33
1304,completed,2025-05-26 06:16
1305,completed,2025-04-01 04:45
1306,completed,2025-01-11 11:43
1307,completed,2025-04-27 16:09
1308,completed,2025-10-19 00:07
1309,completed,2025-03-08 02:11
1310,completed,2025-07-13 04:38
1311,completed,2025-03-29 06:33
1312,completed,2025-05-29 01:03
1313,completed,2025-11-08 09:48
1314,completed,2025-04-22 21:29
1315,completed,2025-01-04 19:27
1316,completed,2025-04-22 21:25
1317,completed,2025-10-01 16:47
1318,completed,2025-08-05 11:25
1319,completed,2025-01-19 17:50
1320,completed,2025-01-05 00:45
1321,completed,2025-09-20 00:49
1322,completed,2025-10-22 08:30
1323,completed,2025-02-09 15:16
1324,completed,2025-11-26 00:06
1325,completed,2025-05-24 15:21
1326,completed,2025-09-13 12:15
1327,completed,2025-11-10 04:13
1328,completed,2025-10-12 02:44
1329,completed,2025-03-24 23:35
1330,completed,2025-04-07 23:17
1331,completed,2025-05-26 01:30
1332,completed,2025-06-04 16:50
1333,completed,2024-12-23 22:19
1334,completed,2025-10-07 05:46
1335,completed,2024-12-25 02:14
1336,completed,2025-03-28 23:03
1337,completed,2025-06-15 11:09
1338,completed,2024-12-16 00:37
1339,completed,2025-10-21 09:33
1340,completed,2025-09-27 15:40
1341,completed,2025-04-04 09:03
1342,completed,2025-10-11 01:17
1343,completed,2025-03-23 21:41
1344,completed,2025-05-22 05:24
1345,completed,2025-06-17 00:32
1346,completed,2025-06-24 06:17
1347,completed,2025-02-16 16:55
1348,completed,2025-10-17 17:03
1349,completed,2025-10-30 23:36
1350,completed,2025-12-03 19:38
1351,completed,2024-12-27 13:40
1352,completed,2025-08-21 01:18
1353,completed,2025-07-26 03:02
1354,completed,2025-12-02 12:27
1355,completed,2025-03-23 06:44
1356,completed,2025-06-27 05:20
1357,completed,2025-05-14 02:37
1358,completed,2025-11-27 10:12
1359,completed,2025-04-16 10:24
1360,completed,2025-05-07 11:44
1361,completed,2025-04-12 15:44
1362,completed,2025-07-31 00:44
1363,completed,2025-11-23 04:06
1364,completed,2025-02-22 23:50
1365,completed,2025-02-05 08:20
1366,completed,2025-10-22 16:21
1367,completed,2024-12-25 18:04
1368,completed,2025-09-18 17:12
1369,completed,2025-07-24 21:52
1370,completed,2025-03-23 02:08
1371,completed,2025-02-15 21:42
1372,completed,2025-01-02 01:59
1373,completed,2025-06-19 17:53
1374,completed,2025-09-09 12:47
1375,completed,2025-02-19 00:09
1376,completed,2025-03-09 22:31
1377,completed,2025-10-21 11:44
1378,completed,2025-07-10 21:24
1379,completed,2025-11-08 05:40
1380,completed,2025-10-05 20:49
1381,completed,2025-03-15 00:09
1382,completed,2025-04-29 11:30
1383,completed,2025-06-03 03:10
1384,completed,2025-10-20 16:49
1385,completed,2025-10-10 08:36
1386,completed,2025-01-26 20:13
1387,completed,2025-04-24 18:00
1388,completed,2025-04-26 20:13
1389,completed,2025-06-19 15:24
1390,completed,2025-05-18 02:57
1391,completed,2025-10-24 06:21
1392,completed,2025-07-01 17:31
1393,completed,2025-01-31 06:15
1394,completed,2025-02-05 00:28
1395,completed,2025-04-23 15:15
1396,completed,2025-07-30 01:39
1397,completed,2025-10-18 00:55
1398,completed,2025-11-17 04:47
1399,completed,2025-11-20 01:05
1400,completed,2025-06-19 17:53
1401,completed,2025-09-23 22:57
1402,completed,2025-08-03 11:01
1403,completed,2025-10-25 01:43
1404,completed,2025-10-07 06:09
1405,completed,2025-08-01 12:36
1406,completed,2025-10-28 15:41
1407,completed,2025-06-24 07:30
1408,completed,2025-06-26 23:18
1409,completed,2025-02-25 21:41
1410,completed,2025-01-16 03:06
1411,completed,2025-03-06 03:17
1412,completed,2025-10-01 06:32
1413,completed,2025-06-19 08:30
1414,completed,2025-12-06 06:42
1415,completed,2025-01-17 09:56
1416,completed,2025-09-09 21:17
1417,completed,2025-09-16 02:10
1418,completed,2024-12-31 21:47
1419,completed,2025-07-09 22:10
1420,completed,2025-11-03 08:21
1421,completed,2025-03-31 08:14
1422,completed,2024-12-11 16:55
1423,completed,2025-03-19 12:17
1424,completed,2025-07-11 04:10
1425,completed,2025-04-30 15:16
1426,completed,2025-05-20 04:22
1427,completed,2025-07-12 08:53
1428,completed,2025-03-23 12:19
1429,completed,2025-04-10 01:48
1430,completed,2025-04-26 19:36
1431,completed,2025-06-14 00:25
1432,completed,2025-11-17 16:57
1433,completed,2025-05-20 05:10
1434,completed,2025-06-19 07:31
1435,completed,2024-12-20 12:22
1436,completed,2025-08-01 11:57
1437,completed,2025-01-27 16:58
1438,completed,2024-12-15 23:52
1439,completed,2025-11-14 18:02
1440,completed,2025-11-30 08:23
1441,completed,2024-12-23 12:30
1442,completed,2025-11-06 11:38
1443,completed,2025-06-06 01:18
1444,completed,2025-04-28 11:15
1445,completed,2025-09-30 21:37
1446,completed,2025-06-04 16:50
1447,completed,2025-01-28 19:18
1448,completed,2025-10-01 11:43
1449,completed,2025-06-15 07:27
1450,completed,2025-02-27 01:28
1451,completed,2025-07-27 09:37
1452,completed,2025-01-02 04:53
1453,completed,2025-09-19 00:32
1454,completed,2025-03-04 11:03
1455,completed,2025-01-08 04:37
1456,completed,2025-03-15 22:33
1457,completed,2025-05-14 09:52
1458,completed,2025-01-25 19:43
1459,completed,2025-08-26 11:42
1460,completed,2025-06-25 08:30
1461,completed,2025-02-23 16:09
1462,completed,2025-04-18 06:30
1463,completed,2025-02-03 10:25
1464,completed,2025-05-26 19:01
1465,completed,2025-10-19 13:34
1466,completed,2025-06-18 06:17
1467,completed,2025-11-25 03:02
1468,completed,2025-10-15 02:11
1469,completed,2025-06-27 18:25
1470,completed,2024-12-09 22:19
1471,completed,2025-11-14 16:32
1472,completed,2025-03-17 16:49
1473,completed,2025-06-01 22:36
1474,completed,2025-10-03 09:13
1475,completed,2025-06-22 05:23
1476,completed,2025-03-17 17:16
1477,completed,2025-09-20 01:15
1478,completed,2025-10-18 04:12
1479,completed,2025-05-19 07:23
1480,completed,2025-07-28 12:00
1481,completed,2025-08-01 16:43
1482,completed,2025-08-09 01:25
1483,completed,2025-07-04 20:39
1484,completed,2025-03-23 05:41
1485,completed,2025-06-12 15:51
1486,completed,2025-10-13 11:47
1487,completed,2025-10-26 22:41
1488,completed,2025-10-23 02:43
1489,completed,2025-06-25 18:09
1490,completed,2025-07-17 22:00
1491,completed,2025-04-30 08:05
1492,completed,2025-04-10 19:17
1493,completed,2025-03-13 06:20
1494,completed,2025-02-15 07:38
1495,completed,2025-08-03 02:17
1496,completed,2025-06-01 17:43
1497,completed,2025-10-18 08:21
1498,completed,2025-04-06 15:55
1499,completed,2024-12-24 03:46
1500,completed,2025-02-03 01:16
1501,completed,2025-06-23 12:26
1502,completed,2025-10-19 08:53
1503,completed,2025-05-15 11:39
1504,completed,2025-02-24 06:34
1505,completed,2025-05-23 23:45
1506,completed,2025-07-03 23:24
1507,completed,2025-05-29 15:52
1508,completed,2025-11-21 16:55
1509,completed,2024-12-15 09:18
1510,completed,2025-03-05 11:28
1511,completed,2025-06-18 22:42
1512,completed,2025-07-18 18:58
1513,completed,2025-11-17 03:56
1514,completed,2025-01-30 15:20
1515,completed,2025-01-02 12:58
1516,completed,2025-02-20 10:54
1517,completed,2025-10-14 20:23
1518,completed,2025-02-01 16:13
1519,completed,2025-01-19 16:35
1520,completed,2025-05-11 03:49
1521,completed,2025-03-15 03:30
1522,completed,2025-08-05 20:24
1523,completed,2025-02-08 20:31
1524,completed,2025-09-12 15:54
1525,completed,2025-11-23 19:57
1526,completed,2025-09-06 10:22
1527,completed,2025-03-14 13:52
1528,completed,2024-12-28 22:20
1529,completed,2025-01-12 10:06
1530,completed,2025-11-27 16:38
1531,completed,2025-03-16 00:07
1532,completed,2025-02-27 12:04
1533,completed,2025-09-01 13:37
1534,completed,2025-10-25 13:46
1535,completed,2025-08-17 21:24
1536,completed,2025-07-01 19:23
1537,completed,2025-06-11 01:16
1538,completed,2025-08-01 14:10
1539,completed,2025-09-20 12:02
1540,completed,2025-11-11 05:13
1541,completed,2025-02-05 18:11
1542,completed,2024-12-13 02:31
1543,completed,2025-07-22 15:53
1544,completed,2025-05-27 20:00
1545,completed,2024-12-12 03:10
1546,completed,2025-08-24 15:58
1547,completed,2025-01-12 16:07
1548,completed,2025-05-14 10:07
1549,completed,2025-09-17 12:16
1550,completed,2025-10-02 22:25
1551,completed,2024-12-07 08:05
1552,completed,2024-12-20 14:50
1553,completed,2025-03-08 06:57
1554,completed,2025-03-04 20:26
1555,completed,2024-12-18 07:18
1556,completed,2025-04-08 03:55
1557,completed,2025-11-25 06:39
1558,completed,2024-12-24 20:42
1559,completed,2025-07-05 06:15
1560,completed,2025-12-07 01:07
1561,completed,2025-06-01 07:43
1562,completed,2025-01-23 14:00
1563,completed,2025-06-13 23:42
1564,completed,2025-07-21 11:43
1565,completed,2024-12-16 11:41
1566,completed,2025-10-02 17:24
1567,completed,2025-07-17 21:32
1568,completed,2025-08-28 02:33
1569,completed,2025-03-19 21:47
1570,completed,2025-03-06 10:59
1571,completed,2025-10-31 18:47
1572,completed,2025-03-11 16:09
1573,completed,2025-07-21 05:13
1574,completed,2025-09-02 09:11
1575,completed,2025-07-22 10:54
1576,completed,2025-06-13 11:50
1577,completed,2025-09-13 15:24
1578,completed,2025-03-23 08:19
1579,completed,2025-04-07 22:52
1580,completed,2025-05-30 13:07
1581,completed,2025-09-01 10:29
1582,completed,2025-03-24 13:44
1583,completed,2025-08-21 18:12
1584,completed,2025-05-01 06:24
1585,completed,2025-05-14 13:12
1586,completed,2025-11-01 04:32
1587,completed,2025-09-06 23:10
1588,completed,2025-02-01 17:01
1589,completed,2025-01-26 11:15
1590,completed,2025-08-24 15:49
1591,completed,2025-04-12 18:17
1592,completed,2025-10-01 04:41
1593,completed,2025-11-05 10:28
1594,completed,2025-08-03 22:10
1595,completed,2025-01-26 20:02
1596,completed,2024-12-11 20:11
1597,completed,2024-12-25 06:32
1598,completed,2025-09-08 05:55
1599,completed,2025-04-24 05:27
1600,completed,2025-06-10 23:34
1601,completed,2025-11-29 05:29
1602,completed,2025-11-25 06:35
1603,completed,2025-05-02 22:00
1604,completed,2025-07-10 16:46
1605,completed,2025-11-13 03:02
1606,completed,2025-11-07 17:21
1607,completed,2025-05-18 05:55
1608,completed,2025-05-30 03:38
1609,completed,2025-11-10 03:52
1610,completed,2025-09-01 21:30
1611,completed,2025-06-08 14:19
1612,completed,2025-05-08 13:41
1613,completed,2025-06-03 20:45
1614,completed,2025-06-15 14:21
1615,completed,2025-03-16 05:24
1616,completed,2025-04-20 21:12
1617,completed,2024-12-12 18:37
1618,completed,2025-10-07 19:12
1619,completed,2025-04-20 15:16
1620,completed,2025-03-11 23:29
1621,completed,2025-01-10 04:21
1622,completed,2025-02-24 12:47
1623,completed,2025-10-03 22:03
1624,completed,2025-02-03 12:05
1625,completed,2025-01-31 21:03
1626,completed,2025-07-17 16:51
1627,completed,2025-05-22 10:22
1628,completed,2025-09-03 06:52
1629,completed,2025-01-12 17:48
1630,completed,2025-05-18 23:55
1631,completed,2025-01-10 16:40
1632,completed,2025-07-16 03:49
1633,completed,2025-03-21 23:49
1634,completed,2025-06-19 18:53
1635,completed,2025-10-10 22:05
1636,completed,2025-03-27 17:19
1637,completed,2025-04-19 02:26
1638,completed,2025-08-24 11:14
1639,completed,2025-04-01 02:34
1640,completed,2025-11-08 23:40
1641,completed,2024-12-27 15:01
1642,completed,2025-04-19 08:07
1643,completed,2025-07-04 22:12
1644,completed,2025-01-19 16:39
1645,completed,2025-02-05 05:57
1646,completed,2024-12-21 15:33
1647,completed,2025-01-20 15:16
1648,completed,2025-08-12 19:52
1649,completed,2025-11-23 19:16
1650,completed,2025-02-05 20:57
1651,completed,2025-07-09 19:22
1652,completed,2025-05-24 02:16
1653,completed,2025-11-25 10:46
1654,completed,2025-12-05 18:20
1655,completed,2025-06-22 21:01
1656,completed,2025-04-23 01:08
1657,completed,2025-09-11 21:55
1658,completed,2025-11-29 00:16
1659,completed,2025-04-24 08:56
1660,completed,2025-12-05 01:10
1661,completed,2025-08-04 14:10
1662,completed,2025-11-23 06:21
1663,completed,2025-06-19 22:10
1664,completed,2024-12-27 13:43
1665,completed,2025-04-07 21:28
1666,completed,2025-02-27 22:40
1667,completed,2025-08-18 15:58
1668,completed,2025-01-30 09:49
1669,completed,2025-01-27 12:25
1670,completed,2025-11-02 11:43
1671,completed,2025-10-20 20:53
1672,completed,2025-03-27 01:54
1673,completed,2024-12-31 08:14
1674,completed,2025-04-04 19:29
1675,completed,2025-11-08 17:08
1676,completed,2025-10-16 04:54
1677,completed,2025-01-04 09:53
1678,completed,2025-05-26 06:16
1679,completed,2025-08-29 13:25
1680,completed,2025-06-20 19:43
1681,completed,2025-06-12 04:31
1682,completed,2025-09-22 03:44
1683,completed,2025-06-27 16:02
1684,completed,2025-05-18 02:23
1685,completed,2025-06-12 18:57
1686,completed,2025-04-05 01:44
1687,completed,2025-11-05 06:04
1688,completed,2025-07-02 02:52
1689,completed,2025-01-14 11:49
1690,completed,2025-07-19 19:05
1691,completed,2025-07-03 03:31
1692,completed,2025-11-17 16:24
1693,completed,2025-07-11 00:28
1694,completed,2024-12-19 21:00
1695,completed,2025-09-29 06:06
1696,completed,2025-03-06 05:33
1697,completed,2025-02-22 18:18
1698,completed,2025-10-03 21:33
1699,completed,2025-10-16 16:32
1700,completed,2025-08-15 13:53
1701,completed,2025-03-19 15:54
1702,completed,2025-01-28 11:10
1703,completed,2025-10-13 07:38
1704,completed,2025-09-23 13:38
1705,completed,2024-12-08 08:31
1706,completed,2025-06-15 07:27
1707,completed,2025-08-12 02:33
1708,completed,2025-10-30 13:42
1709,completed,2024-12-16 23:18
1710,completed,2025-02-03 01:25
1711,completed,2025-10-23 02:13
1712,completed,2025-01-08 19:50
1713,completed,2025-07-10 08:45
1714,completed,2025-01-18 03:37
1715,completed,2025-11-21 19:20
1716,completed,2025-08-24 09:40
1717,completed,2025-10-17 16:01
1718,completed,2025-06-03 20:32
1719,completed,2025-08-02 15:43
1720,completed,2025-01-06 22:41
1721,completed,2025-02-05 03:58
1722,completed,2025-12-06 00:06
1723,completed,2025-08-19 03:26
1724,completed,2025-01-31 16:08
1725,completed,2024-12-26 01:02
1726,completed,2025-09-26 06:41
1727,completed,2025-07-21 23:39
1728,completed,2025-12-04 15:23
1729,completed,2025-05-29 10:08
1730,completed,2025-09-06 09:58
1731,completed,2025-04-18 11:49
1732,completed,2025-11-06 19:53
1733,completed,2025-01-22 16:07
1734,completed,2025-02-21 15:41
1735,completed,2025-04-29 01:54
1736,completed,2025-11-27 19:43
1737,completed,2025-03-14 05:44
1738,completed,2025-09-10 08:22
1739,completed,2025-09-01 22:09
1740,completed,2025-11-19 00:40
1741,completed,2025-01-02 02:09
1742,completed,2025-03-30 10:07
1743,completed,2025-07-22 07:17
1744,completed,2025-10-28 13:20
1745,completed,2025-01-24 15:50
1746,completed,2025-10-18 15:02
1747,completed,2024-12-14 05:10
1748,completed,2025-03-24 06:22
1749,completed,2025-11-03 20:24
1750,completed,2025-06-11 22:24
1751,completed,2025-04-24 13:14
1752,completed,2025-08-30 11:05
1753,completed,2024-12-29 20:04
1754,completed,2025-09-18 08:02
1755,completed,2025-06-30 03:42
1756,completed,2025-04-21 22:34
1757,completed,2025-09-11 09:08
1758,completed,2025-02-16 04:00
1759,completed,2025-05-10 06:10
1760,completed,2025-01-07 18:52
1761,completed,2025-12-06 19:22
1762,completed,2025-08-15 03:56
1763,completed,2025-03-24 07:52
1764,completed,2025-06-04 17:27
1765,completed,2025-09-13 07:57
1766,completed,2025-03-21 21:59
1767,completed,2025-04-16 19:28
1768,completed,2024-12-15 13:24
1769,completed,2025-03-06 15:36
1770,completed,2025-05-10 16:08
1771,completed,2025-11-07 20:02
1772,completed,2025-04-27 02:50
1773,completed,2025-06-19 07:18
1774,completed,2025-01-07 02:11
1775,completed,2025-11-22 16:40
1776,completed,2025-04-05 16:03
1777,completed,2024-12-31 19:02
1778,completed,2025-06-30 00:00
1779,completed,2025-06-05 04:19
1780,completed,2025-07-06 17:01
1781,completed,2025-08-20 23:58
1782,completed,2025-04-25 07:09
1783,completed,2025-06-25 17:03
1784,completed,2025-06-08 04:13
1785,completed,2025-02-09 08:37
1786,completed,2025-08-01 13:10
1787,completed,2025-08-22 23:31
1788,completed,2024-12-08 14:47
1789,completed,2025-06-10 12:12
1790,completed,2025-11-28 05:30
1791,completed,2025-01-09 09:09
1792,completed,2025-06-19 03:39
1793,completed,2025-07-31 19:12
1794,completed,2025-01-22 16:08
1795,completed,2025-06-11 01:55
1796,completed,2025-08-22 20:02
1797,completed,2025-07-27 05:09
1798,completed,2025-05-25 18:47
1799,completed,2025-07-03 14:46
1800,completed,2025-05-16 15:30
1801,completed,2025-07-18 11:11
1802,completed,2025-05-19 22:01
1803,completed,2025-01-31 03:37
1804,completed,2025-03-15 17:19
1805,completed,2025-04-01 09:07
1806,completed,2025-04-05 21:34
1807,completed,2025-09-22 05:44
1808,completed,2025-01-01 23:36
1809,completed,2025-07-30 12:31
1810,completed,2025-02-27 22:36
1811,completed,2025-01-09 22:59
1812,completed,2025-10-25 21:38
1813,completed,2025-10-04 19:27
1814,completed,2025-08-25 08:07
1815,completed,2025-08-10 18:42
1816,completed,2025-08-25 07:57
1817,completed,2025-05-02 18:19
1818,completed,2025-01-05 03:58
1819,completed,2025-03-20 01:29
1820,completed,2025-10-08 12:24
1821,completed,2025-09-24 15:21
1822,completed,2025-02-05 06:51
1823,completed,2025-01-23 19:20
1824,completed,2025-08-25 01:47
1825,completed,2025-04-21 21:55
1826,completed,2025-03-17 08:29
1827,completed,2025-03-10 13:31
1828,completed,2025-11-30 07:09
1829,completed,2025-02-02 12:51
1830,completed,2025-01-14 17:00
1831,completed,2025-10-06 15:42
1832,completed,2025-09-17 13:40
1833,completed,2025-07-19 02:09
1834,completed,2025-02-05 21:24
1835,completed,2025-06-06 16:23
1836,completed,2025-03-10 18:58
1837,completed,2025-07-20 19:57
1838,completed,2025-04-01 21:45
1839,completed,2025-08-31 23:17
1840,completed,2025-06-01 18:31
1841,completed,2025-08-25 01:17
1842,completed,2025-02-28 23:41
1843,completed,2024-12-18 09:16
1844,completed,2025-10-30 22:15
1845,completed,2025-04-15 16:13
1846,completed,2025-06-16 23:47
1847,completed,2025-04-21 21:06
1848,completed,2025-07-09 07:39
1849,completed,2025-07-08 16:26
1850,completed,2025-09-20 12:26
1851,completed,2025-07-21 17:06
1852,completed,2025-06-20 16:48
1853,completed,2025-03-22 02:12
1854,completed,2025-02-11 14:15
1855,completed,2024-12-15 18:05
1856,completed,2025-04-05 19:42
1857,completed,2024-12-16 00:14
1858,completed,2025-06-15 19:00
1859,completed,2025-08-23 06:26
1860,completed,2025-10-08 05:23
1861,completed,2025-11-27 09:37
1862,completed,2025-08-04 23:57
1863,completed,2025-04-20 15:48
1864,completed,2025-10-21 09:36
1865,completed,2025-03-17 16:57
1866,completed,2025-04-02 10:23
1867,completed,2025-07-14 11:18
1868,completed,2024-12-09 14:29
1869,completed,2025-01-23 18:05
1870,completed,2025-01-01 15:34
1871,completed,2025-01-02 02:58
1872,completed,2025-09-12 17:45
1873,completed,2025-07-19 06:57
1874,completed,2025-01-09 14:20
1875,completed,2024-12-08 06:50
1876,completed,2025-04-05 07:25
1877,completed,2025-03-16 18:46
1878,completed,2025-08-15 21:54
1879,completed,2025-07-27 18:00
1880,completed,2025-04-17 08:10
1881,completed,2025-02-07 22:27
1882,completed,2025-01-16 07:01
1883,completed,2025-03-06 00:21
1884,completed,2025-10-08 01:30
1885,completed,2025-02-19 14:13
1886,completed,2025-06-17 17:48
1887,completed,2025-06-11 12:00
1888,completed,2025-03-30 12:40
1889,completed,2025-08-13 09:07
1890,completed,2025-10-28 21:11
1891,completed,2025-03-28 17:09
1892,completed,2025-03-01 13:15
1893,completed,2025-09-26 08:57
1894,completed,2025-02-07 08:22
1895,completed,2025-04-13 19:35
1896,completed,2025-08-12 09:20
1897,completed,2025-05-26 04:02
1898,completed,2025-10-27 11:19
1899,completed,2025-09-16 07:57
1900,completed,2025-10-16 14:21
1901,completed,2025-04-13 10:49
1902,completed,2025-10-08 03:58
1903,completed,2025-05-21 03:50
1904,completed,2025-08-29 18:22
1905,completed,2025-01-19 14:07
1906,completed,2025-02-02 13:28
1907,completed,2025-03-02 03:31
1908,completed,2024-12-12 04:00
1909,completed,2025-05-20 02:26
1910,completed,2025-02-03 09:20
1911,completed,2025-01-20 10:48
1912,completed,2025-08-12 01:16
1913,completed,2025-08-18 11:03
1914,completed,2025-12-01 02:37
1915,completed,2025-05-01 06:20
1916,completed,2025-02-25 08:03
1917,completed,2025-09-06 16:37
1918,completed,2025-05-11 22:30
1919,completed,2025-07-30 05:25
1920,completed,2025-04-26 14:11
1921,completed,2025-04-03 19:39
1922,completed,2025-10-05 09:26
1923,completed,2025-06-08 23:31
1924,completed,2025-05-26 10:41
1925,completed,2025-11-27 16:54
1926,completed,2025-08-12 02:28
1927,completed,2025-06-07 01:16
1928,completed,2025-08-20 17:14
1929,completed,2025-11-16 00:31
1930,completed,2025-08-15 04:11
1931,completed,2025-02-11 02:06
1932,completed,2025-07-19 12:31
1933,completed,2025-06-06 14:00
1934,completed,2025-05-28 14:24
1935,completed,2025-10-09 04:31
1936,completed,2025-03-22 21:58
1937,completed,2025-04-17 13:02
1938,completed,2025-01-03 10:18
1939,completed,2025-11-18 10:24
1940,completed,2025-03-31 01:40
1941,completed,2025-07-21 20:42
1942,completed,2024-12-13 23:54
1943,completed,2025-03-31 18:10
1944,completed,2025-10-20 01:07
1945,completed,2025-03-28 07:57
1946,completed,2025-12-05 06:30
1947,completed,2024-12-18 06:11
1948,completed,2025-04-30 11:48
1949,completed,2025-07-15 06:31
1950,completed,2025-08-04 23:02
1951,completed,2025-07-17 00:56
1952,completed,2025-11-09 05:02
1953,completed,2024-12-07 08:23
1954,completed,2025-01-28 12:23
1955,completed,2025-03-23 00:36
1956,completed,2025-08-17 17:34
1957,completed,2025-08-05 03:55
1958,completed,2025-08-02 10:17
1959,completed,2025-06-14 05:29
1960,completed,2025-03-28 12:37
1961,completed,2025-04-26 20:23
1962,completed,2024-12-15 14:53
1963,completed,2025-06-14 03:21
1964,completed,2024-12-21 18:19
1965,completed,2025-02-28 01:52
1966,completed,2025-11-26 21:48
1967,completed,2025-10-26 21:30
1968,completed,2025-09-30 18:42
1969,completed,2025-06-08 08:22
1970,completed,2025-06-15 16:52
1971,completed,2025-03-29 20:29
1972,completed,2025-08-09 19:39
1973,completed,2025-05-10 23:10
1974,completed,2025-07-16 13:29
1975,completed,2025-10-08 11:03
1976,completed,2025-10-21 16:58
1977,completed,2025-02-13 16:30
1978,completed,2025-07-31 05:23
1979,completed,2025-06-20 14:55
1980,completed,2025-01-22 15:53
1981,completed,2025-05-13 17:38
1982,completed,2025-06-27 06:53
1983,completed,2025-01-28 05:14
1984,completed,2025-09-27 11:19
1985,completed,2024-12-20 11:54
1986,completed,2025-02-10 10:46
1987,completed,2025-05-20 12:53
1988,completed,2025-09-05 07:29
1989,completed,2025-04-28 22:02
1990,completed,2025-08-08 22:02
1991,completed,2025-05-09 00:23
1992,completed,2025-08-19 03:17
1993,completed,2025-01-23 04:35
1994,completed,2025-08-09 06:40
1995,completed,2025-09-27 06:58
1996,completed,2025-07-27 13:47
1997,completed,2025-10-04 23:13
1998,completed,2025-11-06 13:17
1999,completed,2024-12-15 11:25
2000,completed,2025-06-15 17:12
2001,completed,2025-09-01 08:19
2002,completed,2025-08-26 00:10
2003,completed,2025-04-05 02:31
2004,completed,2025-02-13 02:11
2005,completed,2025-06-10 02:14
2006,completed,2025-06-08 16:37
2007,completed,2025-11-29 06:44
2008,completed,2025-11-29 23:27
2009,completed,2025-08-15 06:52
2010,completed,2024-12-13 06:14
2011,completed,2025-02-11 08:31
2012,completed,2025-09-30 16:04
2013,completed,2025-05-08 09:19
2014,completed,2024-12-26 00:25
2015,completed,2025-01-21 16:44
2016,completed,2025-06-10 08:09
2017,completed,2025-07-04 16:38
2018,completed,2025-01-12 10:41
2019,completed,2025-08-02 11:42
2020,completed,2025-01-09 10:27
2021,completed,2025-03-28 09:52
2022,completed,2025-04-20 05:21
2023,completed,2025-09-04 08:47
2024,completed,2025-08-28 08:21
2025,completed,2025-01-27 23:27
2026,completed,2025-09-05 11:42
2027,completed,2025-12-06 04:56
2028,completed,2025-08-17 08:02
2029,completed,2025-12-02 08:24
2030,completed,2025-01-01 19:05
2031,completed,2025-11-17 10:45
2032,completed,2025-08-11 06:21
2033,completed,2025-01-18 05:42
2034,completed,2025-11-10 15:48
2035,completed,2025-05-04 16:28
2036,completed,2025-07-16 20:36
2037,completed,2025-10-26 22:36
2038,completed,2025-04-20 12:57
2039,completed,2024-12-28 19:03
2040,completed,2025-03-25 10:17
2041,completed,2025-09-29 15:40
2042,completed,2025-09-09 17:13
2043,completed,2025-05-01 17:38
2044,completed,2024-12-25 13:29
2045,completed,2025-06-06 02:37
2046,completed,2025-11-16 23:44
2047,completed,2025-06-20 11:48
2048,completed,2025-06-14 06:12
2049,completed,2025-05-22 10:41
2050,completed,2024-12-15 21:55
2051,completed,2025-07-04 19:33
2052,completed,2025-09-02 09:35
2053,completed,2025-01-11 22:00
2054,completed,2025-10-18 19:34
2055,completed,2025-09-22 02:57
2056,completed,2025-08-16 17:36
2057,completed,2025-01-15 04:40
2058,completed,2025-06-06 15:23
2059,completed,2025-09-09 14:25
2060,completed,2025-07-09 05:41
2061,completed,2025-08-02 19:30
2062,completed,2025-03-23 09:47
2063,completed,2025-03-17 06:11
2064,completed,2025-09-20 07:33
2065,completed,2025-06-18 05:05
2066,completed,2025-06-07 20:40
2067,completed,2025-03-23 15:02
2068,completed,2025-09-12 15:54
2069,completed,2025-04-12 03:31
2070,completed,2025-08-20 13:34
2071,completed,2025-04-18 18:30
2072,completed,2025-04-13 02:57
2073,completed,2025-04-15 02:46
2074,completed,2025-11-02 14:00
2075,completed,2025-09-21 05:14
2076,completed,2024-12-16 21:18
2077,completed,2025-10-11 02:46
2078,completed,2024-12-14 22:24
2079,completed,2025-03-13 13:15
2080,completed,2025-07-01 21:50
2081,completed,2025-01-28 02:24
2082,completed,2025-10-29 22:24
2083,completed,2025-09-01 03:09
2084,completed,2025-05-19 09:57
2085,completed,2025-01-15 20:03
2086,completed,2025-02-10 11:10
2087,completed,2025-08-15 22:45
2088,completed,2025-06-04 16:31
2089,completed,2025-11-27 03:45
2090,completed,2025-03-16 06:02
2091,completed,2024-12-08 17:06
2092,completed,2024-12-29 03:00
2093,completed,2025-08-30 06:33
2094,completed,2025-06-17 19:56
2095,completed,2025-11-23 22:21
2096,completed,2025-08-08 06:56
2097,completed,2025-05-17 19:04
2098,completed,2025-08-30 16:56
2099,completed,2025-11-06 17:37
2100,completed,2025-02-16 07:38
2101,completed,2025-01-01 23:46
2102,completed,2024-12-22 22:21
2103,completed,2025-12-04 10:55
2104,completed,2025-05-12 03:45
2105,completed,2025-09-01 19:21
2106,completed,2025-04-16 10:28
2107,completed,2025-01-29 22:06
2108,completed,2025-08-16 22:05
2109,completed,2025-07-21 03:08
2110,completed,2025-11-07 16:14
2111,completed,2025-10-16 21:31
2112,completed,2025-09-24 07:00
2113,completed,2025-06-22 17:02
2114,completed,2025-09-29 20:55
2115,completed,2025-06-22 20:08
2116,completed,2025-08-04 23:14
2117,completed,2025-06-08 17:27
2118,completed,2025-07-09 00:39
2119,completed,2025-11-28 23:43
2120,completed,2025-04-01 14:03
2121,completed,2025-09-24 15:33
2122,completed,2025-10-13 23:24
2123,completed,2024-12-11 16:56
2124,completed,2025-09-18 16:22
2125,completed,2025-11-24 01:17
2126,completed,2025-01-18 02:18
2127,completed,2025-05-29 19:21
2128,completed,2025-03-23 23:58
2129,completed,2025-08-03 16:58
2130,completed,2025-01-16 13:04
2131,completed,2025-05-06 23:12
2132,completed,2025-11-20 02:38
2133,completed,2025-05-26 06:28
2134,completed,2025-07-04 20:24
2135,completed,2025-01-14 18:08
2136,completed,2025-08-21 20:39
2137,completed,2025-10-20 04:13
2138,completed,2025-09-24 04:52
2139,completed,2025-10-29 08:45
2140,completed,2025-02-11 03:35
2141,completed,2025-07-25 12:18
2142,completed,2025-04-23 00:01
2143,completed,2025-11-18 17:35
2144,completed,2025-06-05 20:20
2145,completed,2025-11-02 03:00
2146,completed,2025-03-04 11:03
2147,completed,2025-04-06 14:22
2148,completed,2025-03-09 04:58
2149,completed,2025-09-01 12:19
2150,completed,2025-04-28 17:34
2151,completed,2025-11-27 22:49
2152,completed,2024-12-20 07:04
2153,completed,2025-01-16 09:37
2154,completed,2025-10-18 07:49
2155,completed,2025-05-22 14:12
2156,completed,2025-05-26 09:12
2157,completed,2025-10-05 02:29
2158,completed,2025-02-27 15:07
2159,completed,2025-09-06 12:22
2160,completed,2025-02-23 23:34
2161,completed,2025-08-07 15:39
2162,completed,2025-10-20 11:18
2163,completed,2025-05-27 10:51
2164,completed,2025-11-24 18:22
2165,completed,2025-11-04 14:17
2166,completed,2025-08-28 12:11
2167,completed,2025-08-07 18:48
2168,completed,2025-07-12 13:53
2169,completed,2025-11-13 10:23
2170,completed,2025-08-18 04:23
2171,completed,2024-12-13 10:08
2172,completed,2025-09-03 16:19
2173,completed,2025-06-19 09:58
2174,completed,2025-05-12 02:35
2175,completed,2025-08-17 07:09
2176,completed,2025-06-07 05:27
2177,completed,2025-08-07 08:23
2178,completed,2025-06-25 04:04
2179,completed,2025-01-07 20:05
2180,completed,2025-05-10 10:22
2181,completed,2025-08-01 18:40
2182,completed,2025-10-11 03:29
2183,completed,2025-06-09 10:32
2184,completed,2025-08-31 17:17
2185,completed,2025-11-12 17:22
2186,completed,2025-04-21 16:13
2187,completed,2025-06-12 23:41
2188,completed,2025-08-01 16:00
2189,completed,2025-03-08 15:12
2190,completed,2025-06-30 17:14
2191,completed,2025-10-25 04:13
2192,completed,2025-06-11 00:12
2193,completed,2025-01-08 15:16
2194,completed,2025-03-11 12:25
2195,completed,2025-01-17 23:31
2196,completed,2025-04-12 07:21
2197,completed,2025-06-16 06:16
2198,completed,2025-01-19 00:12
2199,completed,2025-06-19 15:45
2200,completed,2025-10-14 08:36
2201,completed,2025-07-08 04:13
2202,completed,2025-05-06 15:02
2203,completed,2025-09-09 16:09
2204,completed,2025-10-25 20:31
2205,completed,2025-07-11 19:58
2206,completed,2025-05-06 10:52
2207,completed,2025-05-22 04:23
2208,completed,2025-04-07 07:22
2209,completed,2025-05-09 21:07
2210,completed,2025-05-07 10:16
2211,completed,2025-05-21 08:06
2212,completed,2025-08-02 23:33
2213,completed,2025-07-30 18:44
2214,completed,2025-10-19 01:01
2215,completed,2024-12-15 12:31
2216,completed,2025-05-09 10:37
2217,completed,2024-12-15 09:31
2218,completed,2025-03-05 05:25
2219,completed,2025-03-01 20:52
2220,completed,2025-04-24 12:00
2221,completed,2025-02-05 22:43
2222,completed,2025-01-22 14:34
2223,completed,2025-08-21 18:22
2224,completed,2025-06-22 12:36
2225,completed,2025-09-03 12:32
2226,completed,2025-03-25 14:06
2227,completed,2025-01-15 10:17
2228,completed,2025-02-05 06:36
2229,completed,2025-02-09 19:02
2230,completed,2025-06-04 08:16
2231,completed,2024-12-11 16:53
2232,completed,2025-05-05 12:22
2233,completed,2025-11-23 23:44
2234,completed,2025-03-26 11:54
2235,completed,2025-10-23 04:29
2236,completed,2025-11-03 11:41
2237,completed,2025-11-12 13:52
2238,completed,2025-05-28 21:56
2239,completed,2025-10-22 16:54
2240,completed,2025-07-15 06:21
2241,completed,2025-11-01 07:22
2242,completed,2025-05-14 22:29
2243,completed,2025-05-01 10:43
2244,completed,2025-07-17 00:41
2245,completed,2025-03-30 00:58
2246,completed,2025-11-22 16:26
2247,completed,2025-03-05 14:02
2248,completed,2025-11-20 09:47
2249,completed,2025-11-19 15:52
2250,completed,2025-12-02 16:04
2251,completed,2025-05-24 23:44
2252,completed,2025-11-08 04:40
2253,completed,2025-11-13 12:11
2254,completed,2025-10-15 13:00
2255,completed,2025-11-05 00:23
2256,completed,2025-03-06 13:09
2257,completed,2025-09-17 22:48
2258,completed,2025-02-22 00:53
2259,completed,2025-06-25 17:17
2260,completed,2025-05-10 20:46
2261,completed,2025-06-03 18:40
2262,completed,2025-09-08 15:21
2263,completed,2025-09-23 16:11
2264,completed,2025-11-15 12:06
2265,completed,2025-09-27 13:17
2266,completed,2025-05-12 18:56
2267,completed,2025-02-07 23:44
2268,completed,2025-03-21 21:07
2269,completed,2025-11-14 19:05
2270,completed,2024-12-29 14:46
2271,completed,2025-02-17 22:41
2272,completed,2025-01-01 00:45
2273,completed,2025-10-10 14:17
2274,completed,2025-01-25 00:25
2275,completed,2025-05-25 12:35
2276,completed,2024-12-15 14:01
2277,completed,2025-01-17 17:01
2278,completed,2025-10-14 17:51
2279,completed,2025-03-13 13:14
2280,completed,2025-10-24 19:07
2281,completed,2024-12-21 03:16
2282,completed,2024-12-15 19:12
2283,completed,2025-03-04 19:48
2284,completed,2025-09-17 14:46
2285,completed,2025-01-05 13:08
2286,completed,2025-03-08 23:23
2287,completed,2025-02-25 12:23
2288,completed,2025-09-25 12:53
2289,completed,2024-12-07 23:44
2290,completed,2025-11-20 13:06
2291,completed,2025-08-13 10:39
2292,completed,2025-06-20 17:48
2293,completed,2025-03-14 21:51
2294,completed,2025-05-10 05:53
2295,completed,2025-01-25 01:58
2296,completed,2025-02-20 10:18
2297,completed,2025-05-24 05:02
2298,completed,2025-09-24 13:38
2299,completed,2025-02-14 16:55
2300,completed,2025-03-29 08:42
2301,completed,2025-06-17 12:30
2302,completed,2025-10-30 11:59
2303,completed,2025-02-23 09:50
2304,completed,2025-09-24 22:15
2305,completed,2025-05-26 13:50
2306,completed,2025-02-11 18:54
2307,completed,2025-01-18 19:51
2308,completed,2024-12-17 06:16
2309,completed,2025-11-25 07:19
2310,completed,2025-10-06 05:49
2311,completed,2025-02-16 12:35
2312,completed,2025-01-04 23:42
2313,completed,2025-10-08 22:56
2314,completed,2025-02-05 03:36
2315,completed,2025-07-02 14:25
2316,completed,2024-12-17 11:51
2317,completed,2025-02-16 03:23
2318,completed,2025-01-21 12:43
2319,completed,2025-01-14 08:23
2320,completed,2025-06-10 15:03
2321,completed,2025-08-09 03:18
2322,completed,2025-01-16 06:52
2323,completed,2025-07-12 15:34
2324,completed,2025-02-17 20:08
2325,completed,2025-01-01 18:09
2326,completed,2025-04-01 12:17
2327,completed,2025-06-24 19:31
2328,completed,2025-06-29 07:14
2329,completed,2025-09-12 23:17
2330,completed,2025-11-23 01:04
2331,completed,2025-09-22 13:53
2332,completed,2025-07-20 17:33
2333,completed,2025-09-11 11:07
2334,completed,2025-11-21 13:05
2335,completed,2025-09-07 08:12
2336,completed,2025-03-03 13:25
2337,completed,2025-04-29 09:05
2338,completed,2025-04-16 02:23
2339,completed,2025-05-07 17:55
2340,completed,2024-12-18 23:35
2341,completed,2025-06-19 06:43
2342,completed,2025-09-09 14:56
2343,completed,2025-04-06 00:58
2344,completed,2024-12-16 17:26
2345,completed,2025-08-23 23:23
2346,completed,2025-12-02 11:21
2347,completed,2025-03-28 17:03
2348,completed,2025-06-19 17:55
2349,completed,2025-09-03 19:37
2350,completed,2025-10-08 10:28
2351,completed,2025-05-22 16:06
2352,completed,2025-02-05 06:10
2353,completed,2025-07-01 01:22
2354,completed,2025-12-04 03:41
2355,completed,2025-02-18 18:33
2356,completed,2025-01-27 13:36
2357,completed,2024-12-24 13:53
2358,completed,2025-11-01 19:30
2359,completed,2025-07-02 00:15
2360,completed,2025-05-09 09:20
2361,completed,2025-09-25 06:21
2362,completed,2025-10-19 14:44
2363,completed,2025-07-14 13:34
2364,completed,2025-04-26 02:58
2365,completed,2025-01-23 04:28
2366,completed,2025-04-01 22:31
2367,completed,2024-12-25 14:40
2368,completed,2025-03-17 08:18
2369,completed,2025-08-22 11:03
2370,completed,2025-12-05 23:30
2371,completed,2025-11-26 20:05
2372,completed,2025-05-20 07:45
2373,completed,2025-05-08 02:30
2374,completed,2025-04-16 15:48
2375,completed,2025-04-07 20:09
2376,completed,2025-05-20 17:14
2377,completed,2025-01-13 13:31
2378,completed,2025-11-18 21:16
2379,completed,2024-12-27 16:14
2380,completed,2025-05-26 20:23
2381,completed,2025-10-15 10:46
2382,completed,2025-10-28 11:57
2383,completed,2025-03-16 01:44
2384,completed,2025-08-07 05:51
2385,completed,2025-03-23 23:18
2386,completed,2025-09-06 08:36
2387,completed,2025-04-22 09:34
2388,completed,2025-04-18 02:51
2389,completed,2025-10-30 16:20
2390,completed,2025-09-15 23:49
2391,completed,2025-10-09 02:55
2392,completed,2025-08-21 07:24
2393,completed,2025-03-11 10:56
2394,completed,2025-04-26 20:26
2395,completed,2025-02-04 10:19
2396,completed,2025-05-02 06:49
2397,completed,2025-10-30 10:55
2398,completed,2025-03-26 19:33
2399,completed,2025-07-18 21:01
2400,completed,2025-11-16 02:38
2401,completed,2025-02-07 05:50
2402,completed,2025-08-10 21:46
2403,completed,2025-10-02 01:00
2404,completed,2025-11-21 15:10
2405,completed,2025-09-14 16:18
2406,completed,2025-02-20 15:52
2407,completed,2025-01-05 06:32
2408,completed,2025-07-29 03:34
2409,completed,2025-07-24 10:11
2410,completed,2025-11-17 14:29
2411,completed,2025-07-15 13:18
2412,completed,2025-04-18 17:25
2413,completed,2025-09-03 21:53
2414,completed,2025-05-14 15:29
2415,completed,2025-03-11 15:33
2416,completed,2025-10-13 06:11
2417,completed,2025-04-05 05:19
2418,completed,2025-03-15 20:29
2419,completed,2025-03-21 20:53
2420,completed,2025-09-06 03:27
2421,completed,2024-12-25 02:51
2422,completed,2025-07-23 14:52
2423,completed,2025-05-02 08:48
2424,completed,2025-08-08 21:33
2425,completed,2025-04-26 04:51
2426,completed,2025-01-25 14:39
2427,completed,2024-12-20 03:34
2428,completed,2025-04-27 19:20
2429,completed,2024-12-19 22:28
2430,completed,2025-01-26 03:42
2431,completed,2025-01-22 05:21
2432,completed,2025-06-18 12:49
2433,completed,2024-12-22 11:23
2434,completed,2025-04-29 01:33
2435,completed,2025-05-20 16:15
2436,completed,2025-07-31 12:03
2437,completed,2025-06-26 10:59
2438,completed,2025-10-12 16:25
2439,completed,2025-11-26 23:22
2440,completed,2025-03-31 09:26
2441,completed,2025-05-01 18:36
2442,completed,2025-09-03 06:24
2443,completed,2025-02-13 05:11
2444,completed,2025-07-13 15:52
2445,completed,2025-08-31 13:39
2446,completed,2025-05-07 01:53
2447,completed,2025-01-06 10:04
2448,completed,2025-08-27 19:03
2449,completed,2025-03-17 19:03
2450,completed,2025-04-06 06:09
2451,completed,2025-10-02 10:38
2452,completed,2025-04-01 16:58
2453,completed,2025-11-13 02:04
2454,completed,2024-12-14 17:37
2455,completed,2024-12-14 11:30
2456,completed,2024-12-15 04:21
2457,completed,2025-08-07 22:04
2458,completed,2025-08-03 11:21
2459,completed,2025-01-05 19:23
2460,completed,2025-11-17 05:46
2461,completed,2025-08-20 00:14
2462,completed,2024-12-30 20:28
2463,completed,2025-01-17 16:48
2464,completed,2025-11-25 08:49
2465,completed,2025-03-20 08:35
2466,completed,2025-01-17 06:44
2467,completed,2025-05-25 15:46
2468,completed,2025-04-06 14:50
2469,completed,2025-10-25 10:13
2470,completed,2025-07-02 03:36
2471,completed,2025-05-14 10:32
2472,completed,2025-07-10 09:53
2473,completed,2025-07-20 16:52
2474,completed,2025-08-16 11:11
2475,completed,2025-08-13 10:27
2476,completed,2024-12-24 11:44
2477,completed,2025-11-28 09:36
2478,completed,2025-09-11 22:21
2479,completed,2025-06-09 00:26
2480,completed,2025-02-03 01:24
2481,completed,2025-09-22 22:40
2482,completed,2025-01-30 23:43
2483,completed,2025-03-29 20:58
2484,completed,2025-01-04 19:10
2485,completed,2025-06-16 15:15
2486,completed,2025-01-23 20:04
2487,completed,2025-07-25 20:47
2488,completed,2024-12-26 02:16
2489,completed,2024-12-27 12:31
2490,completed,2025-01-27 07:45
2491,completed,2025-03-01 22:50
2492,completed,2024-12-10 01:53
2493,completed,2025-03-19 18:41
2494,completed,2025-11-05 23:52
2495,completed,2025-10-04 05:41
2496,completed,2025-11-28 03:34
2497,completed,2025-03-10 11:20
2498,completed,2025-06-17 20:43
2499,completed,2025-06-05 11:33
2500,completed,2025-04-09 00:58
2501,completed,2025-05-13 12:43
2502,completed,2025-05-07 12:47
2503,completed,2025-02-24 06:46
2504,completed,2025-12-06 12:04
2505,completed,2025-05-06 01:21
2506,completed,2024-12-07 17:43
2507,completed,2025-03-10 08:15
2508,completed,2025-10-24 20:17
2509,completed,2025-03-02 19:39
2510,completed,2025-11-10 23:14
2511,completed,2025-05-15 15:03
2512,completed,2025-02-06 06:20
2513,completed,2025-10-20 11:39
2514,completed,2025-10-25 07:12
2515,completed,2025-06-17 22:43
2516,completed,2025-08-01 09:21
2517,completed,2025-01-29 09:53
2518,completed,2025-02-11 09:42
2519,completed,2025-09-01 11:11
2520,completed,2025-06-06 09:50
2521,completed,2025-08-29 20:19
2522,completed,2025-06-12 03:39
2523,completed,2025-11-15 14:41
2524,completed,2025-09-28 06:44
2525,completed,2025-09-30 19:50
2526,completed,2025-07-09 17:03
2527,completed,2024-12-18 04:00
2528,completed,2025-03-17 12:41
2529,completed,2025-07-07 09:54
2530,completed,2025-09-17 14:08
2531,completed,2025-07-08 10:59
2532,completed,2025-07-14 03:08
2533,completed,2025-08-10 11:12
2534,completed,2025-05-30 19:52
2535,completed,2025-11-05 15:38
2536,completed,2025-09-21 21:51
2537,completed,2025-10-21 09:50
2538,completed,2024-12-16 15:52
2539,completed,2025-01-19 05:14
2540,completed,2025-04-13 11:10
2541,completed,2025-04-23 17:37
2542,completed,2025-10-22 01:08
2543,completed,2025-10-15 08:40
2544,completed,2025-04-14 23:33
2545,completed,2024-12-07 04:41
2546,completed,2025-10-04 23:52
2547,completed,2025-05-28 01:05
2548,completed,2025-07-02 02:03
2549,completed,2025-02-07 04:23
2550,completed,2025-09-24 03:44
2551,completed,2025-02-09 23:00
2552,completed,2025-10-31 06:23
2553,completed,2025-01-19 04:32
2554,completed,2025-09-26 14:44
2555,completed,2025-10-23 09:52
2556,completed,2025-07-26 15:45
2557,completed,2025-07-19 12:26
2558,completed,2025-01-28 06:02
2559,completed,2025-01-12 16:47
2560,completed,2025-10-01 14:54
2561,completed,2025-01-21 15:57
2562,completed,2024-12-20 07:15
2563,completed,2025-06-23 06:58
2564,completed,2024-12-15 09:42
2565,completed,2025-07-14 18:13
2566,completed,2024-12-28 03:12
2567,completed,2025-02-21 15:46
2568,completed,2025-03-04 07:00
2569,completed,2025-09-14 04:24
2570,completed,2025-02-05 05:50
2571,completed,2025-09-04 18:04
2572,completed,2025-02-05 13:35
2573,completed,2024-12-09 19:32
2574,completed,2025-04-20 03:00
2575,completed,2025-06-21 01:46
2576,completed,2025-10-18 16:58
2577,completed,2025-11-12 13:41
2578,completed,2025-10-22 09:27
2579,completed,2025-05-05 20:54
2580,completed,2025-08-22 11:55
2581,completed,2025-09-02 08:44
2582,completed,2025-02-09 03:25
2583,completed,2025-02-03 00:38
2584,completed,2025-04-06 16:59
2585,completed,2025-09-28 05:15
2586,completed,2025-10-29 10:16
2587,completed,2025-06-02 05:19
2588,completed,2025-03-31 06:19
2589,completed,2025-05-19 16:23
2590,completed,2025-05-06 20:28
2591,completed,2025-01-18 22:44
2592,completed,2025-03-09 07:14
2593,completed,2025-10-05 06:52
2594,completed,2025-02-04 18:26
2595,completed,2024-12-10 22:34
2596,completed,2025-07-07 05:01
2597,completed,2025-06-22 22:25
2598,completed,2024-12-16 14:31
2599,completed,2025-11-06 14:13
2600,completed,2025-10-12 09:02
2601,completed,2025-08-25 12:07
2602,completed,2025-03-01 12:01
2603,completed,2025-10-03 07:49
2604,completed,2025-09-28 04:28
2605,completed,2025-01-20 18:55
2606,completed,2025-08-20 15:46
2607,completed,2025-09-21 13:48
2608,completed,2025-06-01 11:35
2609,completed,2025-10-08 02:16
2610,completed,2025-10-20 07:10
2611,completed,2025-05-17 15:55
2612,completed,2025-08-24 18:30
2613,completed,2024-12-11 22:28
2614,completed,2025-05-18 15:06
2615,completed,2025-04-23 16:32
2616,completed,2025-04-11 07:13
2617,completed,2024-12-09 15:07
2618,completed,2025-06-13 08:48
2619,completed,2025-08-10 19:31
2620,completed,2025-12-04 05:19
2621,completed,2025-06-13 03:10
2622,completed,2025-02-05 03:48
2623,completed,2025-11-09 21:09
2624,completed,2025-03-20 04:21
2625,completed,2025-07-28 17:08
2626,completed,2025-11-12 11:13
2627,completed,2025-04-06 22:16
2628,completed,2025-07-21 12:51
2629,completed,2025-05-23 06:49
2630,completed,2025-11-28 07:36
2631,completed,2024-12-10 15:26
2632,completed,2025-05-04 08:53
2633,completed,2025-01-09 03:31
2634,completed,2025-03-01 10:27
2635,completed,2025-03-27 23:00
2636,completed,2025-06-23 23:29
2637,completed,2025-01-26 19:53
2638,completed,2025-10-24 04:12
2639,completed,2025-04-21 02:12
2640,completed,2025-07-06 21:20
2641,completed,2025-11-16 04:24
2642,completed,2025-06-05 04:09
2643,completed,2025-06-11 10:35
2644,completed,2025-07-28 05:19
2645,completed,2025-03-03 07:39
2646,completed,2025-06-27 18:08
2647,completed,2025-01-07 01:41
2648,completed,2025-03-18 22:32
2649,completed,2025-11-30 04:29
2650,completed,2025-10-15 22:12
2651,completed,2025-02-09 15:38
2652,completed,2025-09-26 15:05
2653,completed,2025-10-05 14:21
2654,completed,2025-11-23 05:38
2655,completed,2025-04-16 19:56
2656,completed,2025-07-06 03:04
2657,completed,2025-04-09 19:27
2658,completed,2025-10-25 15:06
2659,completed,2025-06-11 22:09
2660,completed,2025-07-22 06:10
2661,completed,2025-07-20 02:26
2662,completed,2025-08-17 14:26
2663,completed,2025-04-16 04:57
2664,completed,2025-02-16 15:53
2665,completed,2025-03-01 05:41
2666,completed,2025-09-18 14:02
2667,completed,2025-09-23 18:20
2668,completed,2025-06-15 17:34
2669,completed,2024-12-25 07:08
2670,completed,2025-04-10 05:57
2671,completed,2025-10-01 17:22
2672,completed,2025-06-30 22:15
2673,completed,2025-04-04 01:57
2674,completed,2025-02-15 14:00
2675,completed,2025-09-07 15:00
2676,completed,2025-12-04 03:20
2677,completed,2025-06-07 05:21
2678,completed,2025-11-25 18:53
2679,completed,2025-06-06 04:46
2680,completed,2024-12-13 12:14
2681,completed,2025-09-17 06:45
2682,completed,2025-02-18 15:34
2683,completed,2025-11-03 16:57
2684,completed,2025-05-29 18:55
2685,completed,2025-08-26 11:58
2686,completed,2025-01-11 02:10
2687,completed,2025-08-09 02:41
2688,completed,2024-12-09 20:09
2689,completed,2025-09-01 22:21
2690,completed,2025-09-06 23:48
2691,completed,2025-10-02 17:04
2692,completed,2024-12-29 19:28
2693,completed,2025-08-13 04:12
2694,completed,2025-02-10 04:24
2695,completed,2024-12-24 11:33
2696,completed,2025-06-11 10:54
2697,completed,2025-05-09 18:45
2698,completed,2025-10-23 22:56
2699,completed,2024-12-12 09:34
2700,completed,2025-04-27 15:20
2701,completed,2025-04-05 03:55
2702,completed,2025-11-06 20:20
2703,completed,2025-11-07 21:51
2704,completed,2025-05-21 06:33
2705,completed,2025-05-29 22:35
2706,completed,2024-12-10 12:50
2707,completed,2025-04-17 08:24
2708,completed,2025-04-28 20:43
2709,completed,2025-09-24 18:19
2710,completed,2025-03-12 16:20
2711,completed,2025-10-10 15:44
2712,completed,2025-08-11 04:56
2713,completed,2025-04-15 11:00
2714,completed,2025-09-17 14:00
2715,completed,2025-06-19 12:45
2716,completed,2025-08-13 18:13
2717,completed,2025-12-06 02:00
2718,completed,2025-09-07 04:56
2719,completed,2025-02-26 05:20
2720,completed,2025-11-05 21:40
2721,completed,2025-09-07 09:33
2722,completed,2025-08-27 19:32
2723,completed,2025-02-10 03:36
2724,completed,2025-02-13 14:08
2725,completed,2025-05-11 03:53
2726,completed,2025-03-14 22:54
2727,completed,2025-07-20 13:04
2728,completed,2025-04-09 06:25
2729,completed,2025-01-17 23:42
2730,completed,2025-01-30 06:47
2731,completed,2025-06-13 08:27
2732,completed,2025-10-22 18:44
2733,completed,2025-05-24 23:29
2734,completed,2025-01-21 21:32
2735,completed,2025-02-08 11:36
2736,completed,2025-08-06 16:48
2737,completed,2025-08-27 19:52
2738,completed,2025-03-14 21:44
2739,completed,2025-06-12 01:49
2740,completed,2025-04-27 23:39
2741,completed,2025-06-12 10:07
2742,completed,2025-07-15 13:53
2743,completed,2025-05-04 07:46
2744,completed,2025-05-29 12:34
2745,completed,2025-10-22 02:53
2746,completed,2024-12-19 04:56
2747,completed,2025-09-08 19:42
2748,completed,2025-04-30 04:24
2749,completed,2025-09-12 15:41
2750,completed,2025-07-07 11:01
2751,completed,2025-06-25 06:52
2752,completed,2025-06-04 22:10
2753,completed,2025-09-24 21:49
2754,completed,2025-01-15 18:58
2755,completed,2025-04-10 04:54
2756,completed,2025-04-09 06:20
2757,completed,2025-09-06 08:18
2758,completed,2025-04-02 22:47
2759,completed,2025-05-20 04:14
2760,completed,2025-01-08 21:45
2761,completed,2025-11-28 00:11
2762,completed,2025-11-27 18:05
2763,completed,2024-12-16 01:44
2764,completed,2025-08-04 17:45
2765,completed,2025-07-07 14:42
2766,completed,2025-03-24 20:19
2767,completed,2025-01-19 19:47
2768,completed,2024-12-07 07:57
2769,completed,2025-06-04 00:42
2770,completed,2025-07-27 12:44
2771,completed,2025-06-24 14:57
2772,completed,2025-04-13 16:10
2773,completed,2025-12-06 10:29
2774,completed,2025-11-14 11:02
2775,completed,2025-02-28 11:06
2776,completed,2025-01-01 13:24
2777,completed,2025-07-13 04:45
2778,completed,2025-09-09 20:04
2779,completed,2025-02-18 18:51
2780,completed,2025-06-20 19:36
2781,completed,2025-11-14 22:05
2782,completed,2025-10-24 17:59
2783,completed,2024-12-12 05:09
2784,completed,2025-05-03 19:38
2785,completed,2025-04-22 21:48
2786,completed,2024-12-07 11:32
2787,completed,2025-01-16 19:53
2788,completed,2025-11-26 04:22
2789,completed,2025-07-06 14:55
2790,completed,2025-05-01 02:35
2791,completed,2025-08-12 03:31
2792,completed,2025-08-15 10:54
2793,completed,2025-04-16 12:08
2794,completed,2025-07-31 12:55
2795,completed,2025-07-21 04:44
2796,completed,2025-03-26 12:11
2797,completed,2025-05-08 23:15
2798,completed,2025-01-10 21:45
2799,completed,2025-01-28 14:00
2800,completed,2025-05-17 13:58
2801,completed,2025-08-17 18:42
2802,completed,2025-08-16 02:40
2803,completed,2025-09-20 04:17
2804,completed,2024-12-29 05:10
2805,completed,2025-11-09 18:11
2806,completed,2025-12-02 19:56
2807,completed,2025-11-28 19:21
2808,completed,2025-01-31 15:48
2809,completed,2025-10-17 05:04
2810,completed,2025-08-31 18:36
2811,completed,2025-08-30 17:58
2812,completed,2025-03-02 04:14
2813,completed,2025-06-08 05:36
2814,completed,2025-03-17 17:26
2815,completed,2025-09-23 20:52
2816,completed,2025-05-30 02:47
2817,completed,2025-05-15 01:58
2818,completed,2025-01-14 05:58
2819,completed,2025-04-15 17:22
2820,completed,2025-01-19 07:21
2821,completed,2025-11-19 16:52
2822,completed,2024-12-26 05:06
2823,completed,2025-04-05 11:27
2824,completed,2025-08-21 06:42
2825,completed,2025-10-26 02:00
2826,completed,2025-11-29 21:19
2827,completed,2025-06-19 21:34
2828,completed,2025-10-27 08:13
2829,completed,2025-10-20 05:19
2830,completed,2024-12-23 05:06
2831,completed,2025-07-02 20:28
2832,completed,2025-06-10 13:52
2833,completed,2025-10-03 01:51
2834,completed,2025-12-01 21:22
2835,completed,2025-09-03 23:26
2836,completed,2025-06-11 03:53
2837,completed,2025-10-14 20:27
2838,completed,2025-11-09 10:15
2839,completed,2025-01-24 03:50
2840,completed,2025-04-25 09:38
2841,completed,2025-12-05 17:17
2842,completed,2025-05-16 15:41
2843,completed,2025-02-01 10:25
2844,completed,2025-08-04 06:34
2845,completed,2025-10-21 00:30
2846,completed,2025-06-03 06:07
2847,completed,2025-02-23 06:54
2848,completed,2025-04-01 03:17
2849,completed,2025-11-23 12:01
2850,completed,2025-04-30 00:02
2851,completed,2025-07-25 03:02
2852,completed,2025-06-07 22:50
2853,completed,2025-03-18 12:47
2854,completed,2025-01-08 06:57
2855,completed,2025-03-22 00:15
2856,completed,2025-09-04 12:58
2857,completed,2025-11-25 21:19
2858,completed,2025-03-18 20:30
2859,completed,2025-09-30 18:40
2860,completed,2025-08-19 05:35
2861,completed,2024-12-25 09:50
2862,completed,2025-05-14 11:09
2863,completed,2025-03-27 15:45
2864,completed,2025-11-13 10:16
2865,completed,2025-01-20 03:48
2866,completed,2025-08-31 18:24
2867,completed,2025-09-29 18:24
2868,completed,2025-06-05 06:05
2869,completed,2025-01-18 05:44
2870,completed,2025-01-10 10:27
2871,completed,2025-09-18 11:39
2872,completed,2025-02-16 12:14
2873,completed,2025-03-09 12:56
2874,completed,2025-05-24 11:00
2875,completed,2025-01-12 22:19
2876,completed,2025-10-08 01:39
2877,completed,2025-05-18 10:48
2878,completed,2025-07-29 10:38
2879,completed,2024-12-10 16:05
2880,completed,2024-12-21 18:29
2881,completed,2025-01-21 08:30
2882,completed,2025-10-08 22:49
2883,completed,2025-07-03 04:35
2884,completed,2025-07-13 19:19
2885,completed,2025-10-07 08:39
2886,completed,2025-09-12 03:34
2887,completed,2025-03-09 06:24
2888,completed,2025-08-11 05:46
2889,completed,2025-04-12 10:49
2890,completed,2025-05-09 21:18
2891,completed,2025-11-06 04:45
2892,completed,2025-03-28 07:09
2893,completed,2025-04-05 08:07
2894,completed,2025-09-16 05:12
2895,completed,2025-05-03 03:56
2896,completed,2025-09-18 03:16
2897,completed,2025-10-02 03:30
2898,completed,2025-01-06 04:56
2899,completed,2025-12-01 17:16
2900,completed,2025-07-15 17:00
2901,completed,2025-02-03 07:02
2902,completed,2025-01-30 08:30
2903,completed,2025-01-17 20:25
2904,completed,2025-02-14 19:46
2905,completed,2025-01-27 02:15
2906,completed,2025-04-23 21:38
2907,completed,2025-03-26 22:00
2908,completed,2025-09-22 05:04
2909,completed,2025-07-03 16:17
2910,completed,2025-01-14 20:11
2911,completed,2025-09-12 17:08
2912,completed,2025-10-02 09:54
2913,completed,2025-11-16 19:39
2914,completed,2024-12-19 15:59
2915,completed,2025-09-26 16:26
2916,completed,2025-09-20 05:04
2917,completed,2025-10-24 17:26
2918,completed,2025-10-10 10:15
2919,completed,2025-04-30 17:21
2920,completed,2025-05-08 19:43
2921,completed,2025-09-07 12:04
2922,completed,2024-12-12 13:22
2923,completed,2025-05-24 08:43
2924,completed,2025-04-03 12:04
2925,completed,2025-01-17 14:58
2926,completed,2025-01-15 23:09
2927,completed,2025-04-29 23:47
2928,completed,2025-08-13 10:15
2929,completed,2025-05-09 18:12
2930,completed,2025-08-31 17:48
2931,completed,2024-12-14 12:00
2932,completed,2025-03-15 11:56
2933,completed,2025-09-15 17:01
2934,completed,2025-03-17 10:29
2935,completed,2025-05-07 06:41
2936,completed,2025-02-24 18:27
2937,completed,2025-08-31 22:07
2938,completed,2025-01-04 18:48
2939,completed,2025-11-23 14:02
2940,completed,2025-07-07 22:39
2941,completed,2025-06-21 06:08
2942,completed,2025-07-12 16:08
2943,completed,2025-11-23 07:32
2944,completed,2025-07-25 18:28
2945,completed,2025-10-20 23:28
2946,completed,2025-02-15 04:42
2947,completed,2025-03-08 06:32
2948,completed,2025-05-27 01:24
2949,completed,2025-11-08 03:56
2950,completed,2025-09-22 07:00
2951,completed,2025-10-14 20:46
2952,completed,2025-09-06 20:23
2953,completed,2025-06-14 19:39
2954,completed,2025-08-13 12:25
2955,completed,2025-12-05 17:58
2956,completed,2025-09-10 14:08
2957,completed,2025-11-28 04:31
2958,completed,2024-12-16 04:27
2959,completed,2025-06-15 04:26
2960,completed,2024-12-27 04:32
2961,completed,2025-11-12 15:38
2962,completed,2025-02-28 17:17
2963,completed,2025-06-04 19:58
2964,completed,2025-07-06 17:45
2965,completed,2025-04-02 14:35
2966,completed,2025-07-02 00:15
2967,completed,2025-10-10 10:15
2968,completed,2025-11-20 01:10
2969,completed,2025-06-11 22:27
2970,completed,2025-04-12 09:52
2971,completed,2025-01-06 22:05
2972,completed,2025-01-06 13:33
2973,completed,2025-02-02 10:37
2974,completed,2025-04-11 17:27
2975,completed,2025-11-18 03:21
2976,completed,2025-04-23 02:36
2977,completed,2025-05-23 18:46
2978,completed,2025-12-04 15:03
2979,completed,2025-02-13 17:46
2980,completed,2025-02-17 21:36
2981,completed,2025-02-09 04:24
2982,completed,2024-12-30 02:02
2983,completed,2025-03-04 06:23
2984,completed,2024-12-11 12:04
2985,completed,2025-01-10 10:59
2986,completed,2025-04-07 05:55
2987,completed,2025-07-28 08:28
2988,completed,2025-11-07 02:07
2989,completed,2025-11-04 19:24
2990,completed,2025-01-22 14:13
2991,completed,2025-04-06 12:50
2992,completed,2025-05-24 19:04
2993,completed,2025-06-13 09:52
2994,completed,2025-02-07 09:29
2995,completed,2025-06-02 20:42
2996,completed,2025-01-12 22:47
2997,completed,2025-05-08 08:12
2998,completed,2025-11-11 05:39
2999,completed,2025-05-04 10:24
3000,completed,2025-05-10 01:23
3001,completed,2025-02-26 21:57
3002,completed,2025-01-24 07:30
3003,completed,2025-03-31 04:01
3004,completed,2025-05-16 22:10
3005,completed,2025-04-07 00:39
3006,completed,2025-02-13 18:45
3007,completed,2025-11-21 04:53
3008,completed,2025-01-19 14:48
3009,completed,2025-10-22 02:35
3010,completed,2024-12-23 23:11
3011,completed,2025-01-23 08:30
3012,completed,2025-03-24 05:36
3013,completed,2025-03-18 15:22
3014,completed,2025-07-19 03:12
3015,completed,2024-12-20 10:38
3016,completed,2025-03-03 01:21
3017,completed,2025-05-21 06:50
3018,completed,2025-02-14 15:49
3019,completed,2025-06-10 13:07
3020,completed,2025-02-20 14:54
3021,completed,2025-11-25 15:45
3022,completed,2025-02-01 22:05
3023,completed,2025-09-23 00:19
3024,completed,2025-05-29 09:32
3025,completed,2025-02-03 15:23
3026,completed,2025-08-04 15:10
3027,completed,2025-05-10 00:06
3028,completed,2025-02-03 06:15
3029,completed,2025-08-24 12:36
3030,completed,2025-11-15 11:34
3031,completed,2025-04-27 00:19
3032,completed,2024-12-10 11:48
3033,completed,2025-11-18 00:05
3034,completed,2025-08-16 20:26
3035,completed,2025-01-18 22:15
3036,completed,2025-01-07 16:45
3037,completed,2025-09-16 03:54
3038,completed,2025-08-13 08:52
3039,completed,2025-05-08 14:18
3040,completed,2025-01-12 07:33
3041,completed,2025-10-01 20:58
3042,completed,2025-01-26 19:51
3043,completed,2025-07-21 14:00
3044,completed,2025-06-24 13:45
3045,completed,2025-11-16 16:26
3046,completed,2025-07-01 02:26
3047,completed,2025-11-18 12:03
3048,completed,2025-05-24 08:31
3049,completed,2025-08-10 15:31
3050,completed,2025-08-11 23:28
3051,completed,2025-11-04 00:12
3052,completed,2024-12-18 13:37
3053,completed,2025-05-02 06:11
3054,completed,2025-10-17 15:17
3055,completed,2025-06-01 09:14
3056,completed,2025-01-15 15:54
3057,completed,2025-12-06 21:30
3058,completed,2025-02-11 01:06
3059,completed,2025-05-10 06:03
3060,completed,2025-11-11 02:35
3061,completed,2024-12-23 08:10
3062,completed,2025-08-26 08:16
3063,completed,2025-06-18 14:52
3064,completed,2025-10-16 22:37
3065,completed,2025-11-14 15:23
3066,completed,2025-11-07 01:21
3067,completed,2025-10-03 17:17
3068,completed,2025-08-24 13:45
3069,completed,2025-08-01 02:09
3070,completed,2025-08-13 09:23
3071,completed,2025-06-29 09:16
3072,completed,2025-06-15 11:12
3073,completed,2025-02-09 01:48
3074,completed,2025-02-18 17:10
3075,completed,2025-06-26 22:20
3076,completed,2025-09-24 15:18
3077,completed,2025-08-29 03:22
3078,completed,2025-06-11 20:16
3079,completed,2025-04-17 12:22
3080,completed,2025-09-02 18:03
3081,completed,2025-09-14 15:55
3082,completed,2025-07-30 14:53
3083,completed,2025-05-19 06:12
3084,completed,2024-12-16 09:47
3085,completed,2025-09-18 04:57
3086,completed,2025-07-09 23:00
3087,completed,2025-09-22 05:54
3088,completed,2025-08-14 00:06
3089,completed,2025-08-11 21:26
3090,completed,2025-09-28 00:08
3091,completed,2025-08-15 23:01
3092,completed,2025-07-11 21:24
3093,completed,2025-02-17 21:52
3094,completed,2025-01-21 14:00
3095,completed,2025-07-27 12:03
3096,completed,2025-02-26 12:25
3097,completed,2025-12-05 05:32
3098,completed,2025-09-15 09:25
3099,completed,2025-07-31 00:58
3100,completed,2024-12-13 16:04
3101,completed,2025-03-02 20:41
3102,completed,2025-03-26 18:39
3103,completed,2025-07-18 18:33
3104,completed,2025-04-10 12:32
3105,completed,2025-10-26 01:47
3106,completed,2025-02-12 10:14
3107,completed,2025-03-07 01:41
3108,completed,2025-03-02 06:31
3109,completed,2024-12-14 13:10
3110,completed,2025-05-23 00:32
3111,completed,2025-03-09 20:23
3112,completed,2025-11-20 00:26
3113,completed,2025-06-26 23:04
3114,completed,2025-09-26 02:26
3115,completed,2025-06-22 11:57
3116,completed,2025-05-02 20:44
3117,completed,2025-02-19 12:41
3118,completed,2024-12-08 04:34
3119,completed,2025-11-06 14:28
3120,completed,2025-08-27 17:13
3121,completed,2024-12-27 16:15
3122,completed,2024-12-12 09:58
3123,completed,2025-03-23 20:41
3124,completed,2025-09-23 12:06
3125,completed,2025-03-15 08:54
3126,completed,2025-10-24 13:11
3127,completed,2025-06-14 11:52
3128,completed,2025-06-25 06:32
3129,completed,2025-05-22 19:37
3130,completed,2025-11-02 12:23
3131,completed,2025-01-02 05:49
3132,completed,2025-02-25 13:50
3133,completed,2025-06-06 07:27
3134,completed,2024-12-18 23:39
3135,completed,2024-12-11 05:23
3136,completed,2025-09-16 04:18
3137,completed,2024-12-28 02:55
3138,completed,2025-04-15 21:30
3139,completed,2025-10-31 14:36
3140,completed,2024-12-22 08:14
3141,completed,2025-03-06 11:23
3142,completed,2025-08-16 11:04
3143,completed,2025-08-12 20:06
3144,completed,2025-11-17 20:46
3145,completed,2025-04-03 00:04
3146,completed,2025-09-05 09:26
3147,completed,2025-09-02 14:39
3148,completed,2025-05-04 06:52
3149,completed,2025-11-05 14:18
3150,completed,2025-11-27 23:24
3151,completed,2025-06-30 00:19
3152,completed,2025-08-12 20:11
3153,completed,2024-12-18 10:35
3154,completed,2025-09-13 19:06
3155,completed,2025-05-13 03:57
3156,completed,2025-10-27 13:58
3157,completed,2025-07-16 09:18
3158,completed,2025-11-14 00:41
3159,completed,2025-09-23 00:09
3160,completed,2025-01-21 10:09
3161,completed,2025-07-07 00:59
3162,completed,2025-05-13 17:06
3163,completed,2025-06-12 15:39
3164,completed,2025-01-29 05:23
3165,completed,2025-03-24 22:53
3166,completed,2025-03-08 21:25
3167,completed,2025-11-06 14:02
3168,completed,2025-07-06 20:26
3169,completed,2025-05-08 00:53
3170,completed,2025-01-11 14:25
3171,completed,2025-11-27 14:09
3172,completed,2025-10-22 05:42
3173,completed,2025-05-12 18:53
3174,completed,2025-02-09 05:04
3175,completed,2025-05-14 01:21
3176,completed,2025-04-04 04:20
3177,completed,2025-02-04 15:24
3178,completed,2025-02-18 14:34
3179,completed,2025-09-05 16:46
3180,completed,2024-12-19 08:06
3181,completed,2025-08-16 02:08
3182,completed,2025-10-03 06:46
3183,completed,2025-06-19 17:34
3184,completed,2025-06-20 23:09
3185,completed,2025-04-04 19:36
3186,completed,2025-06-24 11:24
3187,completed,2025-04-17 11:03
3188,completed,2025-04-18 20:45
3189,completed,2025-05-24 22:40
3190,completed,2025-08-28 02:21
3191,completed,2025-10-12 13:07
3192,completed,2025-01-13 05:49
3193,completed,2025-04-02 13:21
3194,completed,2025-01-24 17:54
3195,completed,2025-04-25 05:27
3196,completed,2025-08-13 12:06
3197,completed,2025-06-02 12:41
3198,completed,2025-06-22 02:25
3199,completed,2025-03-14 17:04
3200,completed,2025-07-04 05:49
3201,completed,2025-05-02 05:28
3202,completed,2025-02-03 17:05
3203,completed,2025-06-08 06:23
3204,completed,2025-09-05 04:13
3205,completed,2025-05-26 05:50
3206,completed,2025-01-01 14:13
3207,completed,2025-08-30 22:59
3208,completed,2025-06-20 17:46
3209,completed,2025-06-06 04:53
3210,completed,2024-12-24 22:18
3211,completed,2025-09-24 21:09
3212,completed,2025-08-04 03:31
3213,completed,2025-02-15 11:42
3214,completed,2024-12-09 13:49
3215,completed,2025-06-07 23:03
3216,completed,2025-03-13 12:34
3217,completed,2025-10-02 07:43
3218,completed,2025-04-23 06:17
3219,completed,2024-12-26 16:48
3220,completed,2025-03-02 05:45
3221,completed,2025-09-03 12:28
3222,completed,2025-03-17 09:45
3223,completed,2025-10-15 13:32
3224,completed,2025-11-19 13:36
3225,completed,2025-04-30 14:11
3226,completed,2025-09-10 04:01
3227,completed,2025-08-01 14:04
3228,completed,2024-12-30 17:52
3229,completed,2025-05-23 11:28
3230,completed,2025-01-07 23:17
3231,completed,2025-03-04 07:22
3232,completed,2025-01-24 09:25
3233,completed,2025-09-03 19:18
3234,completed,2025-04-24 08:25
3235,completed,2025-04-26 10:51
3236,completed,2025-07-14 20:12
3237,completed,2025-02-21 23:40
3238,completed,2025-08-26 22:59
3239,completed,2025-07-04 23:16
3240,completed,2024-12-20 03:34
3241,completed,2025-03-26 21:57
3242,completed,2025-03-01 21:50
3243,completed,2025-01-05 22:37
3244,completed,2024-12-12 15:43
3245,completed,2025-03-21 22:20
3246,completed,2025-11-29 18:05
3247,completed,2025-01-22 04:26
3248,completed,2025-05-19 10:12
3249,completed,2024-12-09 12:41
3250,completed,2025-09-28 15:53
3251,completed,2025-12-04 14:39
3252,completed,2024-12-20 12:35
3253,completed,2025-03-26 10:55
3254,completed,2025-09-13 09:59
3255,completed,2025-05-07 09:10
3256,completed,2025-03-04 21:40
3257,completed,2025-11-03 13:16
3258,completed,2025-10-19 05:55
3259,completed,2025-04-09 14:58
3260,completed,2025-01-25 01:51
3261,completed,2025-05-22 22:02
3262,completed,2025-02-06 05:40
3263,completed,2025-06-08 12:10
3264,completed,2025-10-22 17:42
3265,completed,2025-04-30 22:27
3266,completed,2025-07-01 22:49
3267,completed,2025-05-06 08:35
3268,completed,2025-06-06 05:42
3269,completed,2025-12-05 03:27
3270,completed,2025-06-29 13:16
3271,completed,2025-06-30 19:33
3272,completed,2025-03-17 15:11
3273,completed,2025-01-19 06:32
3274,completed,2025-12-04 18:29
3275,completed,2025-07-23 08:33
3276,completed,2025-04-11 11:19
3277,completed,2025-02-17 05:59
3278,completed,2025-02-25 12:20
3279,completed,2025-07-07 06:03
3280,completed,2025-03-29 02:54
3281,completed,2025-11-24 05:47
3282,completed,2025-07-23 06:15
3283,completed,2025-03-15 15:13
3284,completed,2025-02-18 20:42
3285,completed,2025-12-06 12:13
3286,completed,2025-02-02 13:05
3287,completed,2025-04-19 23:22
3288,completed,2025-09-26 16:58
3289,completed,2024-12-23 11:51
3290,completed,2025-05-03 09:48
3291,completed,2025-03-06 06:40
3292,completed,2025-08-25 14:14
3293,completed,2025-07-15 20:14
3294,completed,2025-07-23 14:47
3295,completed,2025-07-04 16:57
3296,completed,2025-06-11 17:39
3297,completed,2025-01-10 21:54
3298,completed,2025-07-08 11:35
3299,completed,2024-12-13 09:23
3300,completed,2024-12-25 17:36
3301,completed,2025-11-17 13:30
3302,completed,2025-03-28 11:58
3303,completed,2025-09-21 00:32
3304,completed,2025-10-28 09:29
3305,completed,2025-04-28 17:01
3306,completed,2025-03-09 15:04
3307,completed,2025-06-18 19:33
3308,completed,2025-10-15 17:52
3309,completed,2025-06-20 23:05
3310,completed,2025-03-22 19:50
3311,completed,2025-05-14 22:34
3312,completed,2025-10-05 19:49
3313,completed,2025-01-28 16:21
3314,completed,2025-02-03 06:37
3315,completed,2025-02-28 06:01
3316,completed,2025-06-17 20:54
3317,completed,2025-01-04 15:24
3318,completed,2025-09-22 08:36
3319,completed,2025-03-25 20:24
3320,completed,2025-08-21 02:13
3321,completed,2025-01-27 12:19
3322,completed,2025-05-14 01:19
3323,completed,2025-05-11 03:48
3324,completed,2025-04-14 01:00
3325,completed,2025-08-27 09:35
3326,completed,2025-04-18 06:12
3327,completed,2025-02-24 18:33
3328,completed,2025-09-27 02:43
3329,completed,2025-11-16 15:25
3330,completed,2025-10-29 10:11
3331,completed,2024-12-20 02:47
3332,completed,2025-10-16 03:07
3333,completed,2024-12-07 02:30
3334,completed,2025-11-22 11:31
3335,completed,2025-09-21 02:35
3336,completed,2025-09-08 12:38
3337,completed,2024-12-29 23:22
3338,completed,2025-01-18 05:29
3339,completed,2025-02-28 20:15
3340,completed,2025-06-22 08:08
3341,completed,2025-11-22 07:52
3342,completed,2025-08-24 14:51
3343,completed,2025-02-03 21:21
3344,completed,2025-04-08 15:15
3345,completed,2025-11-26 01:38
3346,completed,2025-08-30 04:52
3347,completed,2025-07-31 21:10
3348,completed,2024-12-16 04:19
3349,completed,2025-04-27 02:34
3350,completed,2024-12-11 15:34
3351,completed,2025-09-01 15:09
3352,completed,2025-03-13 18:24
3353,completed,2025-06-24 17:53
3354,completed,2025-02-01 14:42
3355,completed,2025-10-08 23:46
3356,completed,2025-03-18 14:33
3357,completed,2025-03-12 06:22
3358,completed,2025-01-02 11:42
3359,completed,2025-01-25 01:27
3360,completed,2025-07-17 00:07
3361,completed,2025-10-24 16:42
3362,completed,2025-09-06 15:14
3363,completed,2025-01-22 14:46
3364,completed,2025-06-21 01:35
3365,completed,2025-07-15 14:56
3366,completed,2025-06-19 03:01
3367,completed,2025-10-31 08:44
3368,completed,2025-10-27 17:09
3369,completed,2025-05-30 08:09
3370,completed,2025-11-27 12:17
3371,completed,2025-06-08 12:06
3372,completed,2025-09-25 01:54
3373,completed,2025-01-09 18:41
3374,completed,2025-02-27 04:31
3375,completed,2025-03-29 04:18
3376,completed,2025-05-19 03:09
3377,completed,2025-01-01 16:27
3378,completed,2025-02-22 18:48
3379,completed,2025-03-20 21:01
3380,completed,2025-03-09 12:59
3381,completed,2025-12-02 19:55
3382,completed,2025-06-17 17:38
3383,completed,2025-01-02 23:54
3384,completed,2025-12-03 21:54
3385,completed,2025-10-05 17:39
3386,completed,2025-07-15 02:24
3387,completed,2025-04-18 22:27
3388,completed,2025-10-29 17:52
3389,completed,2025-11-04 01:16
3390,completed,2025-01-01 11:49
3391,completed,2025-08-28 19:35
3392,completed,2025-05-26 14:52
3393,completed,2024-12-09 17:12
3394,completed,2025-08-02 06:26
3395,completed,2025-09-26 19:38
3396,completed,2025-03-16 04:07
3397,completed,2024-12-12 20:51
3398,completed,2025-08-23 08:29
3399,completed,2025-11-23 00:03
3400,completed,2025-08-18 19:01
3401,completed,2024-12-19 03:23
3402,completed,2025-06-30 06:36
3403,completed,2025-11-02 15:51
3404,completed,2025-03-12 17:05
3405,completed,2025-01-08 15:05
3406,completed,2025-07-06 02:17
3407,completed,2025-03-25 21:23
3408,completed,2025-02-14 22:18
3409,completed,2025-08-21 00:47
3410,completed,2025-08-04 19:46
3411,completed,2025-01-28 03:36
3412,completed,2025-02-06 01:23
3413,completed,2025-09-05 16:01
3414,completed,2025-03-19 21:17
3415,completed,2025-08-09 09:39
3416,completed,2025-06-19 19:06
3417,completed,2025-09-02 13:53
3418,completed,2025-11-29 13:03
3419,completed,2025-05-27 12:38
3420,completed,2025-09-21 19:20
3421,completed,2025-12-03 19:23
3422,completed,2025-01-07 01:29
3423,completed,2025-10-17 21:34
3424,completed,2025-08-07 12:52
3425,completed,2025-02-04 03:59
3426,completed,2025-11-04 06:52
3427,completed,2025-05-15 13:07
3428,completed,2025-07-12 19:47
3429,completed,2025-05-09 10:44
3430,completed,2025-06-19 01:48
3431,completed,2025-01-11 14:18
3432,completed,2025-04-24 09:31
3433,completed,2025-03-16 08:03
3434,completed,2025-08-07 04:14
3435,completed,2025-05-21 10:24
3436,completed,2025-06-23 14:50
3437,completed,2025-05-01 04:26
3438,completed,2025-08-18 09:16
3439,completed,2025-06-04 02:45
3440,completed,2024-12-21 00:34
3441,completed,2025-01-28 09:18
3442,completed,2025-11-26 13:28
3443,completed,2025-04-25 05:58
3444,completed,2025-07-11 01:28
3445,completed,2025-05-11 11:30
3446,completed,2025-06-17 15:00
3447,completed,2025-10-04 07:12
3448,completed,2025-12-02 18:52
3449,completed,2025-02-05 04:31
3450,completed,2025-01-15 18:36
3451,completed,2024-12-30 10:20
3452,completed,2025-01-19 18:31
3453,completed,2025-06-17 01:56
3454,completed,2024-12-14 12:42
3455,completed,2025-10-27 11:08
3456,completed,2025-05-06 23:42
3457,completed,2025-08-02 12:33
3458,completed,2025-07-06 17:24
3459,completed,2025-04-18 21:04
3460,completed,2025-08-01 06:19
3461,completed,2025-01-25 04:55
3462,completed,2025-07-20 01:42
3463,completed,2025-07-29 16:13
3464,completed,2025-06-27 16:35
3465,completed,2025-04-01 10:27
3466,completed,2025-01-31 09:56
3467,completed,2025-11-10 14:24
3468,completed,2025-09-22 15:06
3469,completed,2024-12-10 11:26
3470,completed,2025-04-13 14:35
3471,completed,2025-05-24 06:25
3472,completed,2025-02-11 03:40
3473,completed,2025-09-13 05:48
3474,completed,2025-05-14 16:14
3475,completed,2025-11-15 12:12
3476,completed,2025-06-06 08:18
3477,completed,2025-11-06 09:34
3478,completed,2025-05-14 19:23
3479,completed,2025-03-27 20:43
3480,completed,2025-08-18 20:32
3481,completed,2025-11-14 22:25
3482,completed,2025-05-16 14:20
3483,completed,2025-10-18 11:29
3484,completed,2025-09-20 23:17
3485,completed,2025-03-04 02:46
3486,completed,2025-01-01 02:04
3487,completed,2025-02-22 01:58
3488,completed,2025-05-17 02:34
3489,completed,2025-12-01 04:13
3490,completed,2025-04-28 05:24
3491,completed,2025-07-09 12:30
3492,completed,2025-02-06 17:56
3493,completed,2025-09-11 12:08
3494,completed,2025-09-06 02:40
3495,completed,2025-01-25 18:13
3496,completed,2025-05-23 22:36
3497,completed,2025-04-25 02:17
3498,completed,2025-05-23 02:50
3499,completed,2025-08-31 06:34
3500,completed,2025-01-26 05:40
3501,completed,2025-10-23 04:21
3502,completed,2025-04-26 06:21
3503,completed,2025-07-11 15:58
3504,completed,2025-11-28 17:51
3505,completed,2025-01-03 19:11
3506,completed,2024-12-10 09:15
3507,completed,2025-09-25 02:22
3508,completed,2025-03-12 10:31
3509,completed,2025-01-27 15:56
3510,completed,2025-10-13 03:13
3511,completed,2025-10-19 04:37
3512,completed,2025-12-02 08:36
3513,completed,2025-03-07 00:14
3514,completed,2025-03-02 10:33
3515,completed,2025-07-23 02:59
3516,completed,2025-05-15 15:18
3517,completed,2025-11-21 18:10
3518,completed,2025-02-15 04:08
3519,completed,2025-07-10 23:37
3520,completed,2025-11-09 00:35
3521,completed,2025-07-22 08:00
3522,completed,2025-01-08 16:42
3523,completed,2025-10-18 06:18
3524,completed,2025-07-05 09:47
3525,completed,2025-02-03 23:46
3526,completed,2025-11-28 05:28
3527,completed,2025-08-25 09:23
3528,completed,2024-12-31 10:11
3529,completed,2025-03-30 11:42
3530,completed,2025-07-23 19:37
3531,completed,2025-12-01 02:44
3532,completed,2025-12-05 19:26
3533,completed,2025-11-27 14:40
3534,completed,2024-12-23 21:49
3535,completed,2025-11-18 05:04
3536,completed,2025-02-03 18:17
3537,completed,2025-10-15 13:44
3538,completed,2025-07-15 23:27
3539,completed,2025-04-07 06:55
3540,completed,2024-12-27 09:53
3541,completed,2025-06-15 05:11
3542,completed,2025-08-05 16:28
3543,completed,2025-09-23 23:31
3544,completed,2025-02-05 02:17
3545,completed,2025-06-19 07:02
3546,completed,2025-03-02 18:07
3547,completed,2025-11-02 13:30
3548,completed,2025-12-01 01:28
3549,completed,2025-07-01 00:39
3550,completed,2025-01-31 08:26
3551,completed,2024-12-09 05:56
3552,completed,2025-06-06 21:36
3553,completed,2025-06-22 22:02
3554,completed,2025-05-25 04:58
3555,completed,2025-06-26 19:50
3556,completed,2025-01-07 04:10
3557,completed,2025-04-21 07:41
3558,completed,2025-03-04 02:52
3559,completed,2025-04-27 15:52
3560,completed,2025-04-18 02:14
3561,completed,2024-12-24 19:46
3562,completed,2025-12-04 14:27
3563,completed,2025-03-05 15:02
3564,completed,2025-10-25 18:56
3565,completed,2024-12-31 15:59
3566,completed,2025-08-27 02:49
3567,completed,2025-08-11 02:15
3568,completed,2025-09-14 12:07
3569,completed,2024-12-27 05:32
3570,completed,2025-09-24 03:43
3571,completed,2025-02-05 01:05
3572,completed,2025-08-13 18:23
3573,completed,2025-07-17 01:00
3574,completed,2025-10-20 05:37
3575,completed,2025-01-27 13:54
3576,completed,2025-02-19 08:41
3577,completed,2025-01-06 03:45
3578,completed,2025-06-11 04:37
3579,completed,2025-05-13 10:36
3580,completed,2025-05-28 11:03
3581,completed,2025-04-08 22:04
3582,completed,2024-12-20 12:51
3583,completed,2025-04-03 10:00
3584,completed,2025-11-20 18:49
3585,completed,2024-12-21 12:38
3586,completed,2025-06-13 15:14
3587,completed,2025-01-19 20:53
3588,completed,2025-03-22 01:54
3589,completed,2025-10-07 11:13
3590,completed,2025-09-08 11:41
3591,completed,2024-12-15 19:57
3592,completed,2025-09-11 22:37
3593,completed,2025-09-19 15:46
3594,completed,2025-01-07 03:30
3595,completed,2025-12-06 01:48
3596,completed,2024-12-25 10:19
3597,completed,2025-05-19 16:25
3598,completed,2025-01-21 12:26
3599,completed,2025-05-31 10:44
3600,completed,2025-07-11 23:44
3601,completed,2025-06-04 18:56
3602,completed,2025-04-10 22:32
3603,completed,2025-05-29 15:56
3604,completed,2025-09-13 13:01
3605,completed,2025-08-02 05:36
3606,completed,2025-08-25 09:03
3607,completed,2025-07-13 07:32
3608,completed,2025-04-13 10:13
3609,completed,2025-08-03 08:35
3610,completed,2025-09-05 15:31
3611,completed,2025-08-11 17:36
3612,completed,2025-07-30 16:52
3613,completed,2025-06-09 06:49
3614,completed,2025-03-14 11:02
3615,completed,2025-08-24 13:34
3616,completed,2025-02-16 05:44
3617,completed,2025-10-10 10:51
3618,completed,2025-07-29 19:59
3619,completed,2025-11-04 12:18
3620,completed,2025-03-11 06:49
3621,completed,2025-08-29 02:37
3622,completed,2024-12-22 18:11
3623,completed,2025-03-02 10:36
3624,completed,2025-01-29 13:57
3625,completed,2025-01-23 23:36
3626,completed,2025-09-18 08:12
3627,completed,2025-06-17 09:04
3628,completed,2025-11-14 06:46
3629,completed,2025-03-05 09:46
3630,completed,2025-09-21 06:04
3631,completed,2025-05-10 18:18
3632,completed,2025-02-23 02:52
3633,completed,2025-03-08 19:07
3634,completed,2025-08-01 20:50
3635,completed,2024-12-26 04:26
3636,completed,2025-04-27 10:03
3637,completed,2025-09-19 17:10
3638,completed,2025-04-20 06:06
3639,completed,2025-11-13 15:00
3640,completed,2025-08-14 10:18
3641,completed,2025-07-16 07:07
3642,completed,2025-04-08 21:04
3643,completed,2025-06-13 23:37
3644,completed,2025-09-09 08:04
3645,completed,2025-11-19 09:49
3646,completed,2025-04-06 10:59
3647,completed,2025-08-27 06:26
3648,completed,2025-03-24 06:51
3649,completed,2025-11-24 04:20
3650,completed,2025-04-19 19:41
3651,completed,2024-12-10 11:32
3652,completed,2025-03-08 09:47
3653,completed,2025-11-27 23:46
3654,completed,2025-01-22 23:52
3655,completed,2025-05-22 17:38
3656,completed,2025-09-25 04:19
3657,completed,2025-08-28 21:02
3658,completed,2025-05-04 01:40
3659,completed,2025-03-05 06:54
3660,completed,2025-02-05 10:19
3661,completed,2024-12-19 01:10
3662,completed,2025-08-11 06:07
3663,completed,2025-04-15 18:26
3664,completed,2025-11-18 22:34
3665,completed,2025-05-15 20:42
3666,completed,2025-01-01 10:53
3667,completed,2025-07-19 04:01
3668,completed,2025-01-30 08:06
3669,completed,2025-02-01 17:03
3670,completed,2025-02-23 17:30
3671,completed,2025-11-20 07:12
3672,completed,2024-12-18 20:43
3673,completed,2025-08-16 03:25
3674,completed,2025-11-18 06:38
3675,completed,2025-02-17 21:56
3676,completed,2025-11-02 23:50
3677,completed,2025-10-31 11:18
3678,completed,2025-02-03 04:48
3679,completed,2025-04-07 20:17
3680,completed,2024-12-09 14:01
3681,completed,2025-08-29 01:37
3682,completed,2025-01-01 21:03
3683,completed,2025-05-22 00:35
3684,completed,2025-07-20 01:31
3685,completed,2025-08-24 06:08
3686,completed,2025-02-11 05:16
3687,completed,2025-06-09 14:28
3688,completed,2025-01-03 02:44
3689,completed,2024-12-18 16:25
3690,completed,2025-01-09 01:24
3691,completed,2025-05-03 12:43
3692,completed,2025-05-30 14:26
3693,completed,2025-01-23 14:13
3694,completed,2025-01-05 08:46
3695,completed,2025-09-10 18:10
3696,completed,2025-06-18 04:21
3697,completed,2025-04-08 01:02
3698,completed,2025-10-28 11:20
3699,completed,2025-04-03 14:16
3700,completed,2025-08-04 05:34
3701,completed,2025-08-23 03:41
3702,completed,2025-03-31 09:51
3703,completed,2025-07-16 02:02
3704,completed,2025-07-12 07:47
3705,completed,2025-01-06 08:18
3706,completed,2025-09-11 14:50
3707,completed,2024-12-31 21:58
3708,completed,2025-01-05 10:19
3709,completed,2025-03-12 10:58
3710,completed,2025-09-17 18:26
3711,completed,2025-03-23 22:34
3712,completed,2025-02-04 04:32
3713,completed,2025-05-31 05:39
3714,completed,2025-02-10 13:11
3715,completed,2024-12-13 06:02
3716,completed,2025-02-03 13:59
3717,completed,2025-01-05 12:44
3718,completed,2025-03-18 21:26
3719,completed,2025-10-18 14:25
3720,completed,2025-02-04 00:02
3721,completed,2025-08-05 03:28
3722,completed,2025-07-17 19:03
3723,completed,2025-04-25 00:30
3724,completed,2025-05-30 09:23
3725,completed,2025-07-28 07:41
3726,completed,2025-01-27 10:04
3727,completed,2025-11-04 05:59
3728,completed,2025-01-16 20:58
3729,completed,2025-04-11 15:18
3730,completed,2025-02-19 16:00
3731,completed,2024-12-14 23:05
3732,completed,2025-02-15 15:01
3733,completed,2025-05-20 03:21
3734,completed,2025-10-18 02:16
3735,completed,2025-09-11 19:54
3736,completed,2025-11-01 06:17
3737,completed,2025-04-29 01:38
3738,completed,2025-06-28 08:42
3739,completed,2025-06-22 10:22
3740,completed,2025-03-02 04:33
3741,completed,2025-07-20 08:44
3742,completed,2025-08-10 20:14
3743,completed,2025-08-26 23:52
3744,completed,2025-08-11 14:56
3745,completed,2024-12-28 01:06
3746,completed,2025-01-02 03:50
3747,completed,2024-12-31 19:15
3748,completed,2025-07-04 08:23
3749,completed,2024-12-26 21:17
3750,completed,2025-12-03 15:27
3751,completed,2025-09-11 11:05
3752,completed,2025-03-04 08:37
3753,completed,2025-03-11 12:14
3754,completed,2025-02-22 19:09
3755,completed,2025-03-08 07:24
3756,completed,2025-07-26 12:11
3757,completed,2025-03-07 20:18
3758,completed,2025-02-07 21:07
3759,completed,2025-01-24 18:55
3760,completed,2025-09-04 15:52
3761,completed,2025-11-30 23:55
3762,completed,2025-06-20 01:51
3763,completed,2025-11-25 18:31
3764,completed,2025-02-14 20:28
3765,completed,2025-01-17 22:59
3766,completed,2025-04-20 14:27
3767,completed,2025-11-02 13:54
3768,completed,2025-11-03 14:56
3769,completed,2025-02-08 17:13
3770,completed,2025-04-15 03:19
3771,completed,2025-04-17 05:05
3772,completed,2025-05-22 18:50
3773,completed,2025-01-31 14:01
3774,completed,2024-12-11 20:55
3775,completed,2025-02-19 10:43
3776,completed,2025-08-12 20:46
3777,completed,2025-03-07 22:54
3778,completed,2025-06-12 15:27
3779,completed,2025-01-25 17:14
3780,completed,2025-06-25 16:24
3781,completed,2025-01-18 00:58
3782,completed,2025-10-18 22:08
3783,completed,2024-12-14 12:30
3784,completed,2025-01-17 20:17
3785,completed,2025-01-09 07:17
3786,completed,2025-03-29 15:07
3787,completed,2025-11-03 08:43
3788,completed,2025-06-07 16:45
3789,completed,2025-07-16 03:20
3790,completed,2025-09-08 17:40
3791,completed,2025-05-13 23:47
3792,completed,2025-10-05 02:43
3793,completed,2025-10-19 22:39
3794,completed,2025-11-16 21:06
3795,completed,2025-01-25 18:37
3796,completed,2025-01-11 16:32
3797,completed,2024-12-19 08:11
3798,completed,2025-07-18 08:23
3799,completed,2025-03-13 10:19
3800,completed,2025-08-15 03:42
3801,completed,2025-07-21 06:30
3802,completed,2025-10-17 09:15
3803,completed,2025-11-04 10:16
3804,completed,2025-04-30 08:44
3805,completed,2025-01-26 03:48
3806,completed,2024-12-29 17:01
3807,completed,2025-08-10 07:09
3808,completed,2025-03-19 22:28
3809,completed,2025-09-23 18:36
3810,completed,2025-01-21 07:27
3811,completed,2025-03-08 15:54
3812,completed,2025-11-27 02:07
3813,completed,2025-09-18 16:15
3814,completed,2025-04-07 06:32
3815,completed,2025-11-16 17:07
3816,completed,2024-12-23 02:55
3817,completed,2025-07-22 11:04
3818,completed,2025-11-16 01:31
3819,completed,2025-07-26 02:20
3820,completed,2025-01-02 01:33
3821,completed,2024-12-19 18:06
3822,completed,2025-07-03 11:53
3823,completed,2025-02-02 15:35
3824,completed,2025-04-30 07:41
3825,completed,2025-06-30 20:20
3826,completed,2025-07-24 18:33
3827,completed,2025-09-17 19:06
3828,completed,2025-02-11 08:56
3829,completed,2025-01-11 04:58
3830,completed,2025-03-12 04:46
3831,completed,2025-08-09 18:33
3832,completed,2025-02-26 02:58
3833,completed,2025-08-29 19:50
3834,completed,2025-12-02 18:55
3835,completed,2025-04-18 04:37
3836,completed,2025-09-07 10:19
3837,completed,2024-12-07 22:09
3838,completed,2025-11-08 23:44
3839,completed,2025-04-25 20:07
3840,completed,2025-03-14 20:31
3841,completed,2025-01-23 07:36
3842,completed,2025-02-23 01:39
3843,completed,2025-08-07 02:49
3844,completed,2025-10-25 15:13
3845,completed,2025-01-14 05:43
3846,completed,2024-12-07 22:14
3847,completed,2025-09-26 00:12
3848,completed,2025-03-30 15:00
3849,completed,2025-01-24 17:32
3850,completed,2025-05-06 00:48
3851,completed,2025-08-16 00:34
3852,completed,2024-12-09 22:10
3853,completed,2025-01-17 15:52
3854,completed,2025-06-09 19:32
3855,completed,2024-12-25 03:33
3856,completed,2025-11-19 20:01
3857,completed,2025-03-02 05:24
3858,completed,2025-11-02 06:32
3859,completed,2025-03-03 01:14
3860,completed,2025-06-27 11:18
3861,completed,2025-09-20 16:08
3862,completed,2025-04-30 22:04
3863,completed,2025-08-16 03:32
3864,completed,2025-05-25 02:03
3865,completed,2025-10-12 00:30
3866,completed,2025-01-11 16:17
3867,completed,2025-01-18 05:51
3868,completed,2025-09-17 09:48
3869,completed,2025-05-01 10:22
3870,completed,2025-12-05 06:52
3871,completed,2025-03-10 05:43
3872,completed,2025-01-01 12:44
3873,completed,2025-05-29 05:00
3874,completed,2025-03-15 19:25
3875,completed,2025-11-19 17:44
3876,completed,2025-06-13 13:39
3877,completed,2025-10-19 02:19
3878,completed,2025-05-22 21:15
3879,completed,2024-12-31 17:10
3880,completed,2025-01-29 11:22
3881,completed,2025-08-26 16:45
3882,completed,2025-05-11 12:50
3883,completed,2025-10-19 10:37
3884,completed,2025-10-18 17:50
3885,completed,2025-10-19 10:11
3886,completed,2025-02-11 04:58
3887,completed,2025-05-29 02:31
3888,completed,2024-12-19 10:21
3889,completed,2025-07-05 03:17
3890,completed,2025-01-24 01:50
3891,completed,2025-04-26 07:34
3892,completed,2025-06-01 10:17
3893,completed,2025-02-19 20:57
3894,completed,2025-10-28 06:30
3895,completed,2025-08-17 13:48
3896,completed,2025-08-12 18:57
3897,completed,2024-12-19 11:53
3898,completed,2025-05-21 15:29
3899,completed,2025-09-08 01:01
3900,completed,2025-12-06 19:11
3901,completed,2025-10-20 10:56
3902,completed,2025-08-08 23:34
3903,completed,2025-03-05 18:25
3904,completed,2025-09-07 07:40
3905,completed,2025-07-04 09:53
3906,completed,2025-01-12 11:43
3907,completed,2024-12-31 08:13
3908,completed,2025-04-23 15:03
3909,completed,2025-05-01 03:05
3910,completed,2024-12-24 16:50
3911,completed,2025-01-29 16:33
3912,completed,2025-06-29 04:24
3913,completed,2025-02-28 18:30
3914,completed,2025-03-02 07:51
3915,completed,2025-08-16 21:56
3916,completed,2025-12-02 00:09
3917,completed,2025-02-21 21:59
3918,completed,2025-03-01 20:54
3919,completed,2025-11-14 00:51
3920,completed,2025-09-26 09:40
3921,completed,2025-02-07 01:58
3922,completed,2025-04-27 10:57
3923,completed,2025-05-13 03:12
3924,completed,2025-11-16 14:42
3925,completed,2025-08-11 13:50
3926,completed,2025-03-14 19:19
3927,completed,2025-02-01 01:06
3928,completed,2025-09-15 14:58
3929,completed,2025-01-11 16:53
3930,completed,2025-10-29 21:52
3931,completed,2025-10-17 03:12
3932,completed,2025-03-10 22:43
3933,completed,2025-04-10 13:31
3934,completed,2025-01-11 02:50
3935,completed,2025-03-28 00:55
3936,completed,2025-10-01 22:06
3937,completed,2025-05-08 05:27
3938,completed,2024-12-27 16:52
3939,completed,2025-10-10 04:46
3940,completed,2025-02-12 17:45
3941,completed,2024-12-20 13:01
3942,completed,2025-07-10 06:37
3943,completed,2025-05-16 05:27
3944,completed,2025-03-09 06:45
3945,completed,2025-09-27 09:23
3946,completed,2025-01-01 04:07
3947,completed,2025-09-06 02:46
3948,completed,2025-01-04 13:15
3949,completed,2025-10-01 23:40
3950,completed,2025-01-04 00:26
3951,completed,2025-04-23 09:44
3952,completed,2025-10-08 06:45
3953,completed,2025-07-11 16:15
3954,completed,2025-05-10 14:55
3955,completed,2025-03-16 05:51
3956,completed,2025-05-05 09:23
3957,completed,2025-11-26 17:40
3958,completed,2025-08-28 01:42
3959,completed,2025-03-20 04:29
3960,completed,2025-08-13 20:13
3961,completed,2025-02-14 19:40
3962,completed,2025-03-04 13:45
3963,completed,2025-09-18 09:32
3964,completed,2025-10-01 00:02
3965,completed,2025-10-24 02:51
3966,completed,2025-04-30 18:30
3967,completed,2025-06-03 22:02
3968,completed,2025-04-15 19:49
3969,completed,2025-02-22 15:47
3970,completed,2025-08-18 20:46
3971,completed,2025-11-08 00:08
3972,completed,2025-03-26 13:34
3973,completed,2025-11-27 07:37
3974,completed,2025-03-16 15:39
3975,completed,2025-07-12 18:51
3976,completed,2025-10-29 04:00
3977,completed,2025-03-14 12:17
3978,completed,2025-04-13 17:06
3979,completed,2025-05-29 23:36
3980,completed,2025-11-17 11:38
3981,completed,2025-03-24 05:41
3982,completed,2025-02-10 06:52
3983,completed,2025-03-28 15:19
3984,completed,2025-04-21 02:14
3985,completed,2025-09-08 12:46
3986,completed,2025-05-21 00:32
3987,completed,2025-05-01 00:06
3988,completed,2024-12-20 12:35
3989,completed,2025-10-11 00:29
3990,completed,2025-06-06 02:49
3991,completed,2025-11-04 22:08
3992,completed,2025-10-25 16:15
3993,completed,2025-08-28 14:30
3994,completed,2025-01-23 17:29
3995,completed,2024-12-27 16:23
3996,completed,2024-12-23 22:30
3997,completed,2025-02-10 20:32
3998,completed,2025-01-22 05:02
3999,completed,2024-12-29 18:44
4000,completed,2025-10-14 14:18
4001,completed,2025-05-30 22:08
4002,completed,2025-04-07 21:05
4003,completed,2025-04-26 18:16
4004,completed,2025-11-02 11:45
4005,completed,2025-03-12 10:23
4006,completed,2025-10-15 00:04
4007,completed,2025-03-29 21:25
4008,completed,2024-12-17 11:55
4009,completed,2025-05-24 08:18
4010,completed,2025-08-23 07:48
4011,completed,2025-04-26 15:25
4012,completed,2025-01-01 11:05
4013,completed,2025-04-01 22:03
4014,completed,2025-07-07 00:10
4015,completed,2025-09-11 03:57
4016,completed,2025-08-08 03:52
4017,completed,2025-04-20 12:34
4018,completed,2024-12-20 16:37
4019,completed,2025-05-06 13:40
4020,completed,2025-03-31 13:24
4021,completed,2025-04-05 02:05
4022,completed,2025-09-22 23:34
4023,completed,2025-04-02 16:26
4024,completed,2025-05-07 00:19
4025,completed,2025-04-07 08:30
4026,completed,2024-12-18 17:48
4027,completed,2025-11-29 01:39
4028,completed,2025-10-11 04:00
4029,completed,2024-12-13 16:34
4030,completed,2025-10-27 12:54
4031,completed,2025-05-28 05:29
4032,completed,2025-07-18 04:20
4033,completed,2025-06-07 15:53
4034,completed,2025-09-10 07:23
4035,completed,2025-08-28 00:45
4036,completed,2025-06-13 20:40
4037,completed,2025-04-21 06:46
4038,completed,2025-10-31 14:32
4039,completed,2025-11-22 10:24
4040,completed,2025-07-12 02:35
4041,completed,2025-09-23 04:55
4042,completed,2025-09-27 00:15
4043,completed,2025-03-20 15:17
4044,completed,2025-02-23 18:06
4045,completed,2025-10-02 16:50
4046,completed,2025-05-30 22:38
4047,completed,2025-09-18 12:53
4048,completed,2025-01-23 12:40
4049,completed,2025-06-27 14:31
4050,completed,2025-11-09 18:19
4051,completed,2025-10-31 23:45
4052,completed,2025-04-13 00:08
4053,completed,2025-04-25 00:57
4054,completed,2025-05-27 01:32
4055,completed,2025-07-23 21:45
4056,completed,2025-08-10 12:53
4057,completed,2025-01-13 21:07
4058,completed,2025-03-18 14:01
4059,completed,2025-07-05 23:24
4060,completed,2024-12-18 15:49
4061,completed,2025-01-13 18:32
4062,completed,2025-07-03 23:22
4063,completed,2025-01-19 07:23
4064,completed,2025-10-30 03:22
4065,completed,2025-02-18 17:15
4066,completed,2025-09-21 12:21
4067,completed,2025-10-13 23:06
4068,completed,2025-05-31 21:19
4069,completed,2025-02-06 22:27
4070,completed,2025-10-11 22:40
4071,completed,2025-04-09 22:52
4072,completed,2025-03-12 13:17
4073,completed,2025-07-02 03:26
4074,completed,2025-07-09 10:59
4075,completed,2025-07-19 07:03
4076,completed,2025-11-24 13:01
4077,completed,2025-10-14 16:26
4078,completed,2024-12-22 02:33
4079,completed,2025-06-19 03:00
4080,completed,2025-08-29 06:16
4081,completed,2025-09-02 06:10
4082,completed,2025-08-28 11:58
4083,completed,2025-09-03 03:33
4084,completed,2025-11-03 07:11
4085,completed,2025-09-15 19:51
4086,completed,2025-02-12 18:45
4087,completed,2025-05-18 23:06
4088,completed,2025-08-12 11:26
4089,completed,2024-12-21 23:34
4090,completed,2025-01-04 00:23
4091,completed,2025-09-14 13:03
4092,completed,2025-02-01 15:19
4093,completed,2025-11-19 06:20
4094,completed,2025-04-28 13:31
4095,completed,2025-08-26 16:59
4096,completed,2025-08-02 12:34
4097,completed,2025-10-06 05:46
4098,completed,2025-07-18 03:10
4099,completed,2025-05-25 00:55
4100,completed,2025-09-24 23:23
4101,completed,2025-07-22 03:04
4102,completed,2025-02-07 21:57
4103,completed,2025-07-25 20:29
4104,completed,2025-08-31 14:12
4105,completed,2025-06-21 23:22
4106,completed,2025-05-13 03:35
4107,completed,2025-02-08 16:44
4108,completed,2025-08-14 21:12
4109,completed,2025-03-14 22:44
4110,completed,2025-01-06 22:38
4111,completed,2024-12-12 06:36
4112,completed,2025-09-23 19:27
4113,completed,2025-09-22 19:01
4114,completed,2025-02-10 14:41
4115,completed,2025-04-18 07:36
4116,completed,2025-05-05 05:42
4117,completed,2025-03-18 22:11
4118,completed,2025-08-04 05:09
4119,completed,2024-12-16 18:28
4120,completed,2025-09-23 04:23
4121,completed,2025-11-16 22:51
4122,completed,2025-08-21 00:36
4123,completed,2024-12-20 18:49
4124,completed,2025-11-06 07:04
4125,completed,2025-09-03 22:25
4126,completed,2025-10-12 15:57
4127,completed,2024-12-26 02:58
4128,completed,2025-01-02 18:55
4129,completed,2025-01-17 03:12
4130,completed,2025-06-13 11:53
4131,completed,2025-07-19 03:43
4132,completed,2025-09-15 19:59
4133,completed,2025-11-21 01:26
4134,completed,2025-10-17 14:12
4135,completed,2025-10-22 06:19
4136,completed,2025-01-09 09:34
4137,completed,2025-11-29 09:22
4138,completed,2025-02-06 21:20
4139,completed,2025-11-24 07:35
4140,completed,2025-05-26 19:04
4141,completed,2025-03-24 05:15
4142,completed,2024-12-20 14:51
4143,completed,2024-12-07 04:30
4144,completed,2025-08-30 14:21
4145,completed,2025-10-28 14:17
4146,completed,2025-11-19 22:46
4147,completed,2025-08-02 13:10
4148,completed,2025-09-10 19:54
4149,completed,2025-06-01 00:57
4150,completed,2025-03-14 16:35
4151,completed,2025-01-29 06:52
4152,completed,2024-12-29 19:59
4153,completed,2025-11-18 08:07
4154,completed,2024-12-25 04:28
4155,completed,2025-03-19 21:41
4156,completed,2025-02-25 19:38
4157,completed,2025-04-06 01:57
4158,completed,2025-02-23 14:47
4159,completed,2025-09-23 19:59
4160,completed,2025-04-24 23:30
4161,completed,2025-05-22 11:40
4162,completed,2025-02-02 06:11
4163,completed,2025-07-24 02:44
4164,completed,2025-02-20 15:30
4165,completed,2025-09-04 17:26
4166,completed,2025-03-23 04:38
4167,completed,2025-02-06 05:10
4168,completed,2025-10-01 18:57
4169,completed,2025-02-26 21:16
4170,completed,2025-05-06 08:36
4171,completed,2025-07-11 08:12
4172,completed,2025-05-16 20:36
4173,completed,2025-09-10 05:00
4174,completed,2025-05-03 06:14
4175,completed,2025-04-26 06:08
4176,completed,2025-03-21 23:35
4177,completed,2025-02-23 02:38
4178,completed,2025-04-21 12:50
4179,completed,2025-04-02 08:47
4180,completed,2025-07-09 01:57
4181,completed,2025-04-06 23:53
4182,completed,2025-06-28 04:14
4183,completed,2025-04-04 12:36
4184,completed,2025-02-19 06:41
4185,completed,2025-05-29 21:07
4186,completed,2025-01-03 07:33
4187,completed,2025-06-05 07:03
4188,completed,2025-03-06 22:34
4189,completed,2025-05-12 05:43
4190,completed,2025-10-23 05:23
4191,completed,2025-04-10 19:02
4192,completed,2025-05-12 15:05
4193,completed,2024-12-30 01:29
4194,completed,2025-06-12 01:43
4195,completed,2025-05-27 19:55
4196,completed,2025-02-05 05:15
4197,completed,2025-10-31 11:17
4198,completed,2025-05-30 15:45
4199,completed,2025-05-03 17:13
4200,completed,2025-10-06 15:44
4201,completed,2025-12-02 06:47
4202,completed,2025-03-12 21:01
4203,completed,2025-05-11 05:08
4204,completed,2025-10-18 11:44
4205,completed,2025-02-17 01:01
4206,completed,2025-10-29 21:06
4207,completed,2025-12-04 07:51
4208,completed,2025-04-02 10:12
4209,completed,2025-04-25 12:05
4210,completed,2025-04-30 11:15
4211,completed,2025-03-15 23:09
4212,completed,2025-03-26 11:17
4213,completed,2025-08-15 21:30
4214,completed,2025-08-12 21:28
4215,completed,2025-01-18 16:48
4216,completed,2025-09-07 21:45
4217,completed,2025-10-21 05:57
4218,completed,2025-01-19 01:25
4219,completed,2025-04-02 02:44
4220,completed,2025-10-15 16:14
4221,completed,2025-07-29 12:57
4222,completed,2025-01-16 23:14
4223,completed,2025-05-14 09:37
4224,completed,2025-08-31 19:16
4225,completed,2025-11-15 20:11
4226,completed,2025-10-03 01:02
4227,completed,2025-07-17 11:46
4228,completed,2025-12-03 20:38
4229,completed,2025-11-17 10:21
4230,completed,2025-02-05 14:59
4231,completed,2025-07-20 10:23
4232,completed,2025-05-03 18:59
4233,completed,2025-05-05 03:44
4234,completed,2025-08-14 11:24
4235,completed,2025-08-19 22:50
4236,completed,2025-05-28 22:15
4237,completed,2025-01-09 08:23
4238,completed,2025-03-15 19:28
4239,completed,2025-08-15 09:39
4240,completed,2025-09-21 21:15
4241,completed,2025-01-30 07:17
4242,completed,2025-10-05 04:17
4243,completed,2025-02-13 12:57
4244,completed,2025-02-20 17:57
4245,completed,2025-01-16 12:22
4246,completed,2025-05-09 06:39
4247,completed,2025-10-19 04:52
4248,completed,2025-02-20 09:26
4249,completed,2025-05-31 19:17
4250,completed,2025-07-01 18:25
4251,completed,2025-07-21 04:45
4252,completed,2025-01-04 19:53
4253,completed,2025-03-20 12:41
4254,completed,2025-11-21 21:51
4255,completed,2025-07-12 21:07
4256,completed,2025-06-21 07:11
4257,completed,2025-08-11 09:54
4258,completed,2025-02-07 09:05
4259,completed,2025-08-16 22:00
4260,completed,2025-10-06 23:58
4261,completed,2025-03-07 20:17
4262,completed,2025-03-28 18:01
4263,completed,2024-12-10 09:57
4264,completed,2024-12-17 21:39
4265,completed,2024-12-19 13:40
4266,completed,2025-09-27 02:35
4267,completed,2025-01-25 20:00
4268,completed,2025-02-05 14:50
4269,completed,2025-06-28 20:15
4270,completed,2025-04-03 13:18
4271,completed,2025-08-07 22:53
4272,completed,2025-05-01 09:44
4273,completed,2025-09-18 01:54
4274,completed,2025-05-01 16:18
4275,completed,2024-12-21 14:23
4276,completed,2025-05-21 23:27
4277,completed,2025-04-23 09:27
4278,completed,2025-02-18 01:32
4279,completed,2025-06-06 05:48
4280,completed,2025-06-18 14:42
4281,completed,2025-06-22 09:48
4282,completed,2025-09-10 17:03
4283,completed,2025-01-01 03:13
4284,completed,2025-07-08 23:46
4285,completed,2025-04-17 06:06
4286,completed,2025-11-01 08:04
4287,completed,2025-10-14 09:55
4288,completed,2025-01-17 10:49
4289,completed,2024-12-19 04:14
4290,completed,2025-08-16 07:32
4291,completed,2024-12-19 11:45
4292,completed,2025-09-09 01:20
4293,completed,2025-11-17 10:28
4294,completed,2025-04-14 19:43
4295,completed,2025-11-17 18:55
4296,completed,2025-08-14 16:06
4297,completed,2025-03-28 12:14
4298,completed,2025-08-30 05:45
4299,completed,2025-01-23 08:44
4300,completed,2025-01-28 02:59
4301,completed,2025-07-06 00:27
4302,completed,2025-02-01 16:14
4303,completed,2025-02-11 07:37
4304,completed,2025-09-24 14:14
4305,completed,2025-11-16 17:59
4306,completed,2025-02-13 20:45
4307,completed,2025-08-27 15:12
4308,completed,2025-05-24 06:31
4309,completed,2025-05-11 19:54
4310,completed,2025-03-09 22:42
4311,completed,2025-03-20 00:35
4312,completed,2025-08-31 02:21
4313,completed,2025-11-30 06:49
4314,completed,2025-04-26 00:46
4315,completed,2024-12-16 15:59
4316,completed,2025-08-03 23:33
4317,completed,2025-06-05 03:21
4318,completed,2025-01-30 16:56
4319,completed,2025-02-04 06:25
4320,completed,2025-05-23 01:04
4321,completed,2025-04-02 06:06
4322,completed,2025-10-06 12:54
4323,completed,2025-03-10 04:02
4324,completed,2025-11-24 05:53
4325,completed,2025-10-13 18:46
4326,completed,2025-04-24 12:57
4327,completed,2025-05-27 22:09
4328,completed,2025-08-17 04:49
4329,completed,2025-03-02 08:41
4330,completed,2025-10-17 08:00
4331,completed,2025-06-15 14:15
4332,completed,2025-09-24 18:57
4333,completed,2024-12-18 06:27
4334,completed,2025-05-30 23:45
4335,completed,2024-12-09 08:49
4336,completed,2025-08-14 17:00
4337,completed,2025-04-27 11:19
4338,completed,2025-09-20 02:09
4339,completed,2025-10-15 06:52
4340,completed,2025-07-23 05:27
4341,completed,2025-03-17 08:57
4342,completed,2025-11-05 19:50
4343,completed,2025-12-02 05:20
4344,completed,2025-01-20 16:02
4345,completed,2025-04-09 11:47
4346,completed,2025-10-05 13:33
4347,completed,2025-02-27 00:12
4348,completed,2025-05-08 03:12
4349,completed,2025-03-12 21:23
4350,completed,2025-01-08 06:26
4351,completed,2025-02-10 11:19
4352,completed,2024-12-25 15:41
4353,completed,2025-04-16 03:46
4354,completed,2025-04-13 06:36
4355,completed,2025-08-19 14:39
4356,completed,2025-02-28 08:08
4357,completed,2025-04-17 07:22
4358,completed,2025-06-13 09:38
4359,completed,2025-08-06 16:07
4360,completed,2025-01-11 08:18
4361,completed,2025-12-05 11:05
4362,completed,2025-05-05 03:01
4363,completed,2025-08-30 18:16
4364,completed,2025-08-22 06:49
4365,completed,2025-04-28 06:58
4366,completed,2025-04-17 00:34
4367,completed,2025-01-12 16:20
4368,completed,2025-06-30 06:46
4369,completed,2025-11-04 19:54
4370,completed,2024-12-16 05:17
4371,completed,2025-08-22 02:05
4372,completed,2025-11-07 03:27
4373,completed,2025-11-27 10:54
4374,completed,2025-05-13 15:05
4375,completed,2025-05-22 18:24
4376,completed,2024-12-08 07:42
4377,completed,2025-03-13 09:30
4378,completed,2025-11-16 06:00
4379,completed,2025-02-28 16:20
4380,completed,2025-04-15 22:21
4381,completed,2025-05-09 19:17
4382,completed,2025-09-29 22:10
4383,completed,2025-11-26 05:24
4384,completed,2025-11-24 19:21
4385,completed,2024-12-07 14:45
4386,completed,2025-02-18 18:17
4387,completed,2025-06-18 03:11
4388,completed,2025-10-06 13:18
4389,completed,2025-11-23 19:54
4390,completed,2025-04-01 06:37
4391,completed,2025-02-07 23:35
4392,completed,2025-08-01 01:01
4393,completed,2025-02-21 12:39
4394,completed,2025-06-29 15:03
4395,completed,2025-12-04 17:46
4396,completed,2025-10-14 13:00
4397,completed,2025-08-28 09:52
4398,completed,2025-07-08 09:56
4399,completed,2025-07-29 04:57
4400,completed,2025-02-25 16:12
4401,completed,2025-02-02 14:55
4402,completed,2025-03-05 10:56
4403,completed,2025-04-08 02:45
4404,completed,2025-10-10 09:00
4405,completed,2025-02-12 20:47
4406,completed,2025-09-28 03:32
4407,completed,2025-10-04 23:39
4408,completed,2025-06-16 23:53
4409,completed,2025-06-21 16:31
4410,completed,2025-01-14 16:26
4411,completed,2025-02-07 05:01
4412,completed,2025-01-12 14:18
4413,completed,2025-04-09 12:53
4414,completed,2025-07-02 04:16
4415,completed,2025-12-04 01:39
4416,completed,2025-03-01 14:40
4417,completed,2025-09-01 19:48
4418,completed,2025-10-07 04:54
4419,completed,2024-12-09 21:32
4420,completed,2025-12-01 11:25
4421,completed,2025-08-22 10:48
4422,completed,2025-06-16 04:35
4423,completed,2025-05-02 11:00
4424,completed,2025-05-24 08:46
4425,completed,2025-10-16 10:33
4426,completed,2025-02-13 07:55
4427,completed,2024-12-16 13:44
4428,completed,2025-01-28 17:15
4429,completed,2025-08-02 14:49
4430,completed,2025-10-08 04:42
4431,completed,2025-02-10 19:10
4432,completed,2025-08-13 11:57
4433,completed,2025-10-01 11:54
4434,completed,2025-06-01 08:27
4435,completed,2025-05-06 05:03
4436,completed,2025-09-17 17:33
4437,completed,2025-07-03 02:44
4438,completed,2025-02-28 12:07
4439,completed,2025-01-20 02:51
4440,completed,2025-07-23 17:45
4441,completed,2024-12-09 00:45
4442,completed,2025-09-26 21:06
4443,completed,2025-07-08 18:45
4444,completed,2025-09-19 23:45
4445,completed,2025-08-20 13:17
4446,completed,2025-06-20 09:14
4447,completed,2025-04-13 17:57
4448,completed,2025-08-10 11:27
4449,completed,2025-07-08 14:42
4450,completed,2025-06-12 22:14
4451,completed,2025-03-03 01:45
4452,completed,2025-02-24 17:08
4453,completed,2025-11-09 20:37
4454,completed,2025-02-23 08:40
4455,completed,2025-06-18 03:12
4456,completed,2025-06-06 04:17
4457,completed,2025-02-03 00:44
4458,completed,2025-10-21 12:21
4459,completed,2025-02-28 14:06
4460,completed,2025-04-22 18:44
4461,completed,2025-11-24 06:05
4462,completed,2025-06-28 17:37
4463,completed,2025-02-05 23:56
4464,completed,2024-12-18 03:04
4465,completed,2025-05-17 02:37
4466,completed,2025-04-17 20:21
4467,completed,2025-01-12 06:49
4468,completed,2025-03-08 19:20
4469,completed,2025-04-17 15:50
4470,completed,2025-02-24 22:02
4471,completed,2024-12-16 08:17
4472,completed,2025-06-25 08:51
4473,completed,2025-06-16 02:44
4474,completed,2025-03-10 12:53
4475,completed,2025-10-13 20:19
4476,completed,2025-08-06 20:12
4477,completed,2025-11-26 00:20
4478,completed,2025-03-15 16:28
4479,completed,2025-10-24 09:27
4480,completed,2025-10-20 07:58
4481,completed,2025-11-20 10:24
4482,completed,2025-08-06 00:17
4483,completed,2025-01-09 01:19
4484,completed,2025-05-26 02:55
4485,completed,2025-03-28 00:14
4486,completed,2024-12-13 07:44
4487,completed,2025-10-30 18:50
4488,completed,2025-06-12 22:47
4489,completed,2025-05-09 05:42
4490,completed,2025-01-29 15:42
4491,completed,2025-07-08 04:30
4492,completed,2024-12-29 15:53
4493,completed,2025-02-28 07:51
4494,completed,2025-10-16 02:44
4495,completed,2025-09-20 03:27
4496,completed,2025-08-19 20:32
4497,completed,2025-02-27 12:29
4498,completed,2025-08-23 05:35
4499,completed,2025-02-17 14:15
4500,completed,2025-09-08 16:37
4501,completed,2025-09-14 20:44
4502,completed,2025-07-09 14:45
4503,completed,2025-06-21 22:41
4504,completed,2025-07-23 08:35
4505,completed,2025-08-14 10:51
4506,completed,2025-01-18 17:17
4507,completed,2025-06-15 16:09
4508,completed,2025-11-22 21:07
4509,completed,2025-08-04 03:15
4510,completed,2025-11-15 09:28
4511,completed,2025-04-04 20:46
4512,completed,2025-06-24 02:25
4513,completed,2025-03-20 09:20
4514,completed,2025-06-15 07:46
4515,completed,2025-11-25 07:56
4516,completed,2025-05-17 12:16
4517,completed,2024-12-29 07:46
4518,completed,2025-04-26 10:27
4519,completed,2025-03-31 12:33
4520,completed,2025-08-02 16:47
4521,completed,2025-02-25 13:27
4522,completed,2025-04-10 14:33
4523,completed,2025-02-23 12:10
4524,completed,2025-09-12 16:01
4525,completed,2025-04-21 13:02
4526,completed,2025-01-16 22:00
4527,completed,2025-05-11 07:35
4528,completed,2024-12-28 13:41
4529,completed,2025-06-10 05:20
4530,completed,2025-07-23 23:14
4531,completed,2025-01-04 16:47
4532,completed,2025-06-21 04:13
4533,completed,2025-10-16 05:08
4534,completed,2025-07-20 06:19
4535,completed,2025-02-23 15:26
4536,completed,2025-02-25 10:52
4537,completed,2025-01-18 23:33
4538,completed,2025-01-25 18:54
4539,completed,2024-12-15 20:04
4540,completed,2025-04-26 23:37
4541,completed,2025-11-10 02:20
4542,completed,2025-04-01 09:31
4543,completed,2025-01-14 17:01
4544,completed,2025-01-18 11:47
4545,completed,2025-12-05 02:46
4546,completed,2025-06-10 09:44
4547,completed,2025-01-21 14:20
4548,completed,2025-10-14 04:52
4549,completed,2025-10-27 01:01
4550,completed,2025-09-15 01:36
4551,completed,2025-03-06 06:35
4552,completed,2025-06-16 14:01
4553,completed,2025-06-20 06:27
4554,completed,2025-02-02 13:53
4555,completed,2025-04-19 19:08
4556,completed,2025-02-27 19:06
4557,completed,2025-03-03 06:56
4558,completed,2024-12-14 12:39
4559,completed,2025-11-06 14:44
4560,completed,2025-05-12 08:03
4561,completed,2025-06-03 13:11
4562,completed,2024-12-08 04:25
4563,completed,2025-01-30 06:32
4564,completed,2025-07-12 00:12
4565,completed,2025-07-06 11:34
4566,completed,2025-07-30 08:47
4567,completed,2025-10-15 08:02
4568,completed,2025-08-01 03:21
4569,completed,2025-03-06 08:36
4570,completed,2025-07-28 11:44
4571,completed,2025-07-13 18:37
4572,completed,2025-07-27 00:20
4573,completed,2025-08-07 03:09
4574,completed,2025-03-10 21:20
4575,completed,2024-12-18 07:23
4576,completed,2025-10-06 02:42
4577,completed,2024-12-20 09:34
4578,completed,2025-09-13 00:50
4579,completed,2024-12-08 02:20
4580,completed,2025-07-27 11:16
4581,completed,2025-07-12 04:47
4582,completed,2025-02-09 23:54
4583,completed,2025-12-04 02:54
4584,completed,2025-01-27 02:39
4585,completed,2024-12-22 11:42
4586,completed,2024-12-23 20:29
4587,completed,2024-12-07 23:25
4588,completed,2025-03-19 18:08
4589,completed,2025-04-11 05:28
4590,completed,2025-08-22 03:22
4591,completed,2025-03-11 02:11
4592,completed,2025-04-30 19:04
4593,completed,2025-11-27 04:43
4594,completed,2025-10-03 19:07
4595,completed,2025-08-31 09:34
4596,completed,2025-02-18 11:31
4597,completed,2025-11-07 21:18
4598,completed,2025-03-23 23:19
4599,completed,2025-10-06 02:48
4600,completed,2025-06-01 02:38
4601,completed,2025-11-12 06:27
4602,completed,2025-05-28 20:08
4603,completed,2025-05-11 10:17
4604,completed,2025-01-20 16:01
4605,completed,2024-12-17 05:05
4606,completed,2025-02-09 15:20
4607,completed,2025-08-28 08:44
4608,completed,2025-06-09 05:46
4609,completed,2025-03-08 05:51
4610,completed,2025-05-25 23:00
4611,completed,2025-11-28 03:39
4612,completed,2024-12-12 19:36
4613,completed,2025-02-09 17:45
4614,completed,2025-11-23 21:59
4615,completed,2025-06-28 15:22
4616,completed,2025-07-02 08:53
4617,completed,2024-12-29 08:27
4618,completed,2025-10-10 19:01
4619,completed,2025-07-25 00:26
4620,completed,2025-09-20 10:58
4621,completed,2025-01-25 16:49
4622,completed,2025-08-06 01:31
4623,completed,2025-04-13 17:47
4624,completed,2025-03-10 03:48
4625,completed,2025-04-03 14:35
4626,completed,2025-04-21 09:24
4627,completed,2025-03-23 15:41
4628,completed,2025-01-17 06:00
4629,completed,2025-10-06 00:25
4630,completed,2025-11-29 21:18
4631,completed,2025-09-25 22:13
4632,completed,2025-02-04 18:29
4633,completed,2025-10-24 16:12
4634,completed,2025-11-18 04:12
4635,completed,2025-03-30 15:23
4636,completed,2024-12-21 15:14
4637,completed,2025-11-10 17:52
4638,completed,2025-10-02 15:19
4639,completed,2025-03-29 04:21
4640,completed,2025-02-02 01:38
4641,completed,2025-08-07 21:42
4642,completed,2024-12-12 05:30
4643,completed,2025-08-02 02:04
4644,completed,2025-08-21 20:06
4645,completed,2025-05-20 17:52
4646,completed,2025-11-24 20:32
4647,completed,2025-10-09 02:05
4648,completed,2025-01-29 09:03
4649,completed,2025-09-24 11:33
4650,completed,2025-01-17 04:21
4651,completed,2024-12-25 08:35
4652,completed,2025-07-11 13:09
4653,completed,2025-06-09 16:31
4654,completed,2025-11-26 22:43
4655,completed,2025-01-16 14:45
4656,completed,2024-12-29 07:09
4657,completed,2025-06-29 06:02
4658,completed,2025-12-01 18:35
4659,completed,2024-12-15 07:37
4660,completed,2025-02-23 13:04
4661,completed,2025-02-18 02:33
4662,completed,2025-04-04 20:20
4663,completed,2025-02-04 07:16
4664,completed,2025-02-25 03:00
4665,completed,2025-04-21 04:36
4666,completed,2025-08-14 11:02
4667,completed,2025-08-14 13:41
4668,completed,2025-10-20 19:53
4669,completed,2025-04-23 23:31
4670,completed,2025-01-21 14:56
4671,completed,2025-07-08 05:07
4672,completed,2025-04-23 10:04
4673,completed,2025-01-31 18:01
4674,completed,2025-04-24 06:14
4675,completed,2025-06-04 12:00
4676,completed,2025-05-13 20:58
4677,completed,2025-07-22 06:46
4678,completed,2025-02-16 11:49
4679,completed,2025-03-17 17:46
4680,completed,2025-05-01 19:00
4681,completed,2025-11-21 02:10
4682,completed,2025-03-25 01:38
4683,completed,2025-01-07 08:17
4684,completed,2024-12-14 09:18
4685,completed,2025-07-03 10:49
4686,completed,2025-01-21 21:44
4687,completed,2025-07-08 17:59
4688,completed,2025-11-08 15:31
4689,completed,2025-07-03 22:08
4690,completed,2025-01-18 23:28
4691,completed,2025-08-07 04:11
4692,completed,2025-06-26 18:32
4693,completed,2025-06-11 17:31
4694,completed,2025-03-24 17:00
4695,completed,2025-03-23 08:34
4696,completed,2025-11-25 01:25
4697,completed,2024-12-15 01:33
4698,completed,2025-02-09 13:03
4699,completed,2025-06-09 21:24
4700,completed,2025-10-05 20:26
4701,completed,2025-05-05 23:13
4702,completed,2025-02-05 06:28
4703,completed,2025-06-04 02:36
4704,completed,2025-06-30 05:54
4705,completed,2025-05-23 15:26
4706,completed,2024-12-31 03:23
4707,completed,2025-03-09 14:00
4708,completed,2025-05-06 01:44
4709,completed,2025-03-20 06:42
4710,completed,2025-11-02 00:55
4711,completed,2025-02-09 00:41
4712,completed,2025-02-06 07:37
4713,completed,2025-09-04 01:57
4714,completed,2025-07-10 03:13
4715,completed,2025-05-05 08:35
4716,completed,2025-09-10 03:51
4717,completed,2025-07-18 17:03
4718,completed,2025-10-01 02:42
4719,completed,2025-01-22 16:52
4720,completed,2025-10-15 04:58
4721,completed,2025-05-23 11:17
4722,completed,2025-08-20 22:53
4723,completed,2025-11-29 00:27
4724,completed,2025-08-15 09:37
4725,completed,2025-01-05 23:28
4726,completed,2025-07-23 17:30
4727,completed,2025-03-17 13:14
4728,completed,2025-11-02 13:31
4729,completed,2025-06-05 02:21
4730,completed,2025-09-14 09:12
4731,completed,2025-05-01 09:46
4732,completed,2025-09-16 01:01
4733,completed,2025-08-01 13:08
4734,completed,2025-08-24 22:35
4735,completed,2025-07-11 23:56
4736,completed,2025-07-24 19:14
4737,completed,2025-08-03 19:57
4738,completed,2025-05-10 19:44
4739,completed,2025-07-28 16:59
4740,completed,2025-01-17 14:18
4741,completed,2025-08-18 23:56
4742,completed,2025-06-28 03:19
4743,completed,2025-10-07 10:48
4744,completed,2025-05-06 21:32
4745,completed,2025-11-18 17:43
4746,completed,2025-08-22 21:51
4747,completed,2024-12-26 03:39
4748,completed,2024-12-09 22:07
4749,completed,2025-07-03 11:33
4750,completed,2025-01-23 08:16
4751,completed,2025-02-09 19:44
4752,completed,2025-09-13 08:20
4753,completed,2025-01-11 12:59
4754,completed,2025-09-08 23:28
4755,completed,2024-12-26 00:09
4756,completed,2025-06-28 19:24
4757,completed,2025-05-18 02:58
4758,completed,2025-05-29 05:17
4759,completed,2025-06-09 08:23
4760,completed,2025-09-04 21:06
4761,completed,2025-07-14 18:54
4762,completed,2025-04-14 20:26
4763,completed,2024-12-10 17:57
4764,completed,2025-05-03 10:40
4765,completed,2025-10-19 17:00
4766,completed,2025-09-03 04:36
4767,completed,2025-06-25 03:41
4768,completed,2025-01-06 07:08
4769,completed,2025-11-03 08:00
4770,completed,2025-04-13 01:21
4771,completed,2025-02-09 20:46
4772,completed,2025-06-02 08:01
4773,completed,2025-11-14 13:19
4774,completed,2025-02-16 11:42
4775,completed,2025-08-13 23:34
4776,completed,2024-12-22 23:36
4777,completed,2025-07-06 09:16
4778,completed,2025-08-17 13:10
4779,completed,2025-12-06 15:47
4780,completed,2025-08-30 04:10
4781,completed,2025-05-24 08:40
4782,completed,2025-05-13 23:45
4783,completed,2025-04-28 10:47
4784,completed,2025-04-25 23:01
4785,completed,2025-03-28 15:28
4786,completed,2024-12-14 20:40
4787,completed,2025-02-03 14:25
4788,completed,2025-07-28 17:55
4789,completed,2025-04-29 14:53
4790,completed,2025-08-19 10:49
4791,completed,2025-10-02 01:34
4792,completed,2025-05-11 22:26
4793,completed,2025-03-15 03:48
4794,completed,2025-10-17 00:39
4795,completed,2025-02-03 18:27
4796,completed,2025-06-23 06:04
4797,completed,2025-11-03 12:48
4798,completed,2025-07-07 15:11
4799,completed,2025-08-26 18:28
4800,completed,2025-08-07 03:12
4801,completed,2025-07-02 21:14
4802,completed,2025-03-26 10:08
4803,completed,2025-04-07 04:34
4804,completed,2024-12-29 22:17
4805,completed,2025-06-21 11:49
4806,completed,2025-05-30 16:46
4807,completed,2025-08-31 04:34
4808,completed,2025-02-26 20:34
4809,completed,2025-10-18 07:08
4810,completed,2025-03-06 04:36
4811,completed,2025-06-09 13:26
4812,completed,2025-02-06 05:31
4813,completed,2025-06-09 10:35
4814,completed,2025-09-15 20:11
4815,completed,2025-10-08 17:39
4816,completed,2025-01-13 09:16
4817,completed,2025-10-23 16:05
4818,completed,2025-08-16 16:58
4819,completed,2025-05-26 22:13
4820,completed,2025-04-05 00:16
4821,completed,2025-11-03 22:51
4822,completed,2025-04-09 15:58
4823,completed,2025-01-26 07:02
4824,completed,2024-12-29 10:25
4825,completed,2025-03-12 09:22
4826,completed,2025-10-31 08:24
4827,completed,2025-06-18 16:47
4828,completed,2025-01-26 02:50
4829,completed,2025-07-29 10:13
4830,completed,2025-12-02 17:23
4831,completed,2025-07-11 15:45
4832,completed,2025-10-15 02:23
4833,completed,2025-09-28 12:54
4834,completed,2024-12-12 06:04
4835,completed,2025-02-19 08:50
4836,completed,2025-04-13 11:53
4837,completed,2025-06-21 20:36
4838,completed,2025-01-20 00:51
4839,completed,2025-06-19 18:59
4840,completed,2025-03-05 02:12
4841,completed,2025-04-04 04:48
4842,completed,2025-06-30 08:32
4843,completed,2024-12-15 01:48
4844,completed,2025-06-15 08:46
4845,completed,2025-06-26 20:39
4846,completed,2025-03-16 12:24
4847,completed,2025-08-03 13:11
4848,completed,2025-02-27 01:57
4849,completed,2025-06-09 04:41
4850,completed,2025-03-16 11:01
4851,completed,2025-11-15 23:41
4852,completed,2025-05-24 03:29
4853,completed,2025-09-25 06:13
4854,completed,2025-03-20 03:26
4855,completed,2025-10-15 16:16
4856,completed,2025-04-05 14:11
4857,completed,2025-03-11 00:45
4858,completed,2025-11-10 03:16
4859,completed,2025-04-26 07:40
4860,completed,2025-07-15 16:52
4861,completed,2025-03-03 03:32
4862,completed,2025-10-11 17:56
4863,completed,2025-07-17 02:38
4864,completed,2025-02-25 13:32
4865,completed,2025-06-17 00:05
4866,completed,2025-11-17 06:50
4867,completed,2025-11-17 11:42
4868,completed,2025-09-05 04:20
4869,completed,2024-12-17 11:50
4870,completed,2025-06-10 00:00
4871,completed,2025-02-20 05:31
4872,completed,2025-06-04 08:11
4873,completed,2025-10-18 16:10
4874,completed,2025-09-02 18:44
4875,completed,2025-11-17 07:32
4876,completed,2025-04-16 21:39
4877,completed,2025-03-01 10:12
4878,completed,2025-09-23 06:26
4879,completed,2025-10-24 07:32
4880,completed,2025-07-31 02:41
4881,completed,2025-02-27 00:21
4882,completed,2025-08-01 10:22
4883,completed,2025-10-04 10:14
4884,completed,2025-05-21 16:19
4885,completed,2025-02-09 04:24
4886,completed,2025-09-02 14:31
4887,completed,2025-05-17 08:40
4888,completed,2025-02-20 10:10
4889,completed,2025-06-04 04:53
4890,completed,2025-04-11 14:54
4891,completed,2025-05-08 13:41
4892,completed,2024-12-18 07:08
4893,completed,2025-05-02 04:05
4894,completed,2025-08-01 00:59
4895,completed,2025-02-04 00:59
4896,completed,2025-05-08 03:58
4897,completed,2025-06-04 01:55
4898,completed,2025-11-09 06:05
4899,completed,2025-11-30 00:48
4900,completed,2025-04-23 11:41
4901,completed,2025-09-15 05:36
4902,completed,2025-02-26 07:51
4903,completed,2025-06-16 18:08
4904,completed,2025-05-09 21:46
4905,completed,2025-09-15 19:00
4906,completed,2025-02-26 11:30
4907,completed,2025-01-08 02:31
4908,completed,2025-02-11 13:11
4909,completed,2025-05-21 23:34
4910,completed,2025-02-09 16:41
4911,completed,2025-03-01 08:57
4912,completed,2025-11-19 02:24
4913,completed,2024-12-25 13:20
4914,completed,2025-10-04 08:07
4915,completed,2025-02-09 23:41
4916,completed,2025-07-14 12:23
4917,completed,2025-05-30 12:16
4918,completed,2025-03-24 20:07
4919,completed,2025-11-07 00:29
4920,completed,2024-12-15 01:47
4921,completed,2025-06-10 19:09
4922,completed,2025-04-11 10:42
4923,completed,2025-11-12 10:55
4924,completed,2025-04-23 10:21
4925,completed,2024-12-11 21:49
4926,completed,2025-01-15 07:05
4927,completed,2025-09-01 03:28
4928,completed,2025-11-01 07:25
4929,completed,2025-02-02 00:26
4930,completed,2025-12-06 23:19
4931,completed,2025-10-25 21:37
4932,completed,2025-07-09 05:20
4933,completed,2025-10-10 03:30
4934,completed,2025-11-26 00:18
4935,completed,2025-02-10 23:23
4936,completed,2025-08-15 13:34
4937,completed,2025-06-09 05:30
4938,completed,2025-08-03 06:56
4939,completed,2025-11-08 16:57
4940,completed,2025-06-08 10:01
4941,completed,2025-08-22 08:12
4942,completed,2025-06-22 15:33
4943,completed,2025-05-30 18:55
4944,completed,2025-01-02 10:25
4945,completed,2025-05-23 12:01
4946,completed,2025-06-24 13:47
4947,completed,2025-11-03 22:54
4948,completed,2025-06-27 17:00
4949,completed,2025-06-25 01:29
4950,completed,2025-12-04 19:32
4951,completed,2025-07-08 12:25
4952,completed,2025-08-12 01:11
4953,completed,2025-01-17 15:54
4954,completed,2025-01-21 13:45
4955,completed,2025-07-10 16:47
4956,completed,2025-07-06 05:50
4957,completed,2025-04-12 03:09
4958,completed,2025-07-07 07:49
4959,completed,2025-11-21 01:07
4960,completed,2025-04-17 07:30
4961,completed,2025-11-15 09:21
4962,completed,2025-08-10 04:37
4963,completed,2025-01-03 06:46
4964,completed,2025-05-09 05:07
4965,completed,2025-03-09 15:49
4966,completed,2024-12-29 02:10
4967,completed,2025-03-09 05:41
4968,completed,2025-08-19 17:54
4969,completed,2025-10-03 01:47
4970,completed,2025-01-10 15:47
4971,completed,2025-08-31 01:20
4972,completed,2024-12-15 11:26
4973,completed,2025-03-28 07:20
4974,completed,2025-10-03 05:18
4975,completed,2025-01-20 08:36
4976,completed,2025-05-25 17:25
4977,completed,2025-05-09 11:14
4978,completed,2025-09-03 21:12
4979,completed,2025-04-05 23:13
4980,completed,2025-01-25 20:48
4981,completed,2025-11-24 03:06
4982,completed,2024-12-12 18:12
4983,completed,2025-08-03 08:51
4984,completed,2025-06-18 01:31
4985,completed,2025-03-19 15:58
4986,completed,2025-12-06 07:08
4987,completed,2025-03-10 19:36
4988,completed,2025-01-31 17:33
4989,completed,2025-04-06 21:00
4990,completed,2025-03-07 11:57
4991,completed,2025-05-21 11:36
4992,completed,2025-08-29 05:17
4993,completed,2025-08-27 13:00
4994,completed,2025-10-17 01:33
4995,completed,2025-11-13 11:37
4996,completed,2025-10-27 17:36
4997,completed,2025-05-12 11:31
4998,completed,2025-08-20 15:05
4999,completed,2025-04-14 18:12
5000,completed,2025-01-02 01:44
5001,completed,2024-12-28 06:14
5002,completed,2025-10-29 22:20
5003,completed,2025-10-05 21:25
5004,completed,2025-05-01 12:00
5005,completed,2025-05-23 20:18
5006,completed,2025-07-08 18:26
5007,completed,2025-06-15 15:27
5008,completed,2025-09-26 11:07
5009,completed,2025-09-27 09:57
5010,completed,2025-02-28 20:00
5011,completed,2025-07-08 08:02
5012,completed,2025-08-25 12:02
5013,completed,2025-06-12 16:04
5014,completed,2025-03-06 21:11
5015,completed,2025-06-13 11:54
5016,completed,2025-02-28 12:23
5017,completed,2025-07-07 02:45
5018,completed,2025-09-12 08:08
5019,completed,2025-01-12 12:24
5020,completed,2025-01-14 03:25
5021,completed,2025-06-19 06:34
5022,completed,2025-10-29 22:11
5023,completed,2025-11-22 23:30
5024,completed,2025-08-03 19:08
5025,completed,2025-02-14 10:24
5026,completed,2025-04-17 01:47
5027,completed,2025-05-06 23:40
5028,completed,2025-11-05 17:34
5029,completed,2025-04-17 11:01
5030,completed,2025-07-17 14:40
5031,completed,2025-05-02 12:52
5032,completed,2024-12-27 10:40
5033,completed,2025-07-11 10:47
5034,completed,2025-04-01 19:38
5035,completed,2025-04-28 19:20
5036,completed,2025-06-07 01:05
5037,completed,2025-08-03 20:40
5038,completed,2025-09-26 14:01
5039,completed,2025-11-02 01:59
5040,completed,2024-12-27 12:41
5041,completed,2025-09-17 19:04
5042,completed,2025-05-22 04:12
5043,completed,2024-12-28 12:26
5044,completed,2025-07-18 21:55
5045,completed,2024-12-29 16:12
5046,completed,2025-02-06 02:10
5047,completed,2025-04-29 11:38
5048,completed,2025-06-29 12:53
5049,completed,2025-11-27 12:19
5050,completed,2025-05-11 15:11
5051,completed,2025-07-29 10:40
5052,completed,2024-12-16 22:22
5053,completed,2025-05-31 10:09
5054,completed,2024-12-20 13:20
5055,completed,2025-04-03 01:35
5056,completed,2025-11-07 20:17
5057,completed,2025-11-17 07:10
5058,completed,2025-10-24 02:30
5059,completed,2025-01-05 10:40
5060,completed,2025-01-03 19:25
5061,completed,2024-12-23 14:30
5062,completed,2025-07-15 09:33
5063,completed,2025-02-06 13:48
5064,completed,2025-03-17 13:47
5065,completed,2025-03-21 00:52
5066,completed,2025-02-03 17:35
5067,completed,2025-02-28 23:28
5068,completed,2025-01-06 12:45
5069,completed,2025-05-05 15:03
5070,completed,2025-03-28 05:00
5071,completed,2025-02-11 08:55
5072,completed,2025-04-12 15:48
5073,completed,2025-10-21 15:26
5074,completed,2025-10-01 19:15
5075,completed,2025-08-16 12:47
5076,completed,2025-08-30 17:30
5077,completed,2025-03-08 12:00
5078,completed,2025-02-09 08:59
5079,completed,2025-06-19 00:58
5080,completed,2025-07-14 00:07
5081,completed,2025-12-02 01:10
5082,completed,2025-02-12 11:17
5083,completed,2025-11-05 08:57
5084,completed,2025-07-01 11:59
5085,completed,2025-11-05 20:33
5086,completed,2025-09-13 13:18
5087,completed,2025-02-25 05:12
5088,completed,2025-09-01 23:18
5089,completed,2025-08-24 20:22
5090,completed,2025-09-27 23:30
5091,completed,2025-07-11 23:57
5092,completed,2025-10-13 06:26
5093,completed,2025-04-13 17:43
5094,completed,2025-10-24 01:09
5095,completed,2025-01-27 14:19
5096,completed,2025-02-08 14:26
5097,completed,2025-07-31 01:04
5098,completed,2025-09-29 09:38
5099,completed,2025-08-31 01:15
5100,completed,2025-06-28 02:20
5101,completed,2025-08-03 19:20
5102,completed,2025-09-29 08:19
5103,completed,2025-05-27 20:52
5104,completed,2025-09-16 21:25
5105,completed,2025-07-13 03:49
5106,completed,2025-03-20 19:52
5107,completed,2025-11-26 14:04
5108,completed,2025-10-11 06:11
5109,completed,2025-03-22 17:19
5110,completed,2025-05-06 22:44
5111,completed,2025-05-05 14:20
5112,completed,2025-08-26 10:41
5113,completed,2025-11-29 00:39
5114,completed,2025-01-24 05:52
5115,completed,2025-09-14 15:20
5116,completed,2025-01-25 02:34
5117,completed,2025-09-19 19:24
5118,completed,2025-09-23 04:48
5119,completed,2025-09-22 16:59
5120,completed,2025-12-03 12:21
5121,completed,2025-10-16 05:33
5122,completed,2025-02-07 10:45
5123,completed,2025-05-26 21:36
5124,completed,2024-12-30 22:37
5125,completed,2025-02-20 22:25
5126,completed,2025-03-21 06:16
5127,completed,2025-11-13 07:54
5128,completed,2025-08-04 19:52
5129,completed,2025-11-24 02:10
5130,completed,2025-10-26 23:16
5131,completed,2025-08-23 19:57
5132,completed,2025-06-02 15:12
5133,completed,2025-07-20 01:06
5134,completed,2025-07-01 22:22
5135,completed,2025-01-07 20:24
5136,completed,2025-01-16 20:09
5137,completed,2025-03-23 06:18
5138,completed,2025-11-21 19:49
5139,completed,2025-08-12 15:27
5140,completed,2025-04-29 09:35
5141,completed,2025-08-27 05:08
5142,completed,2025-10-21 13:40
5143,completed,2025-07-20 06:37
5144,completed,2025-03-10 11:57
5145,completed,2025-01-24 01:59
5146,completed,2025-10-02 20:28
5147,completed,2025-06-10 10:40
5148,completed,2025-04-20 13:46
5149,completed,2025-06-04 21:51
5150,completed,2025-08-08 21:36
5151,completed,2025-02-27 09:37
5152,completed,2025-05-07 13:19
5153,completed,2025-05-12 22:07
5154,completed,2025-06-10 18:10
5155,completed,2025-10-15 21:53
5156,completed,2025-04-22 15:26
5157,completed,2025-01-12 21:21
5158,completed,2025-02-15 11:34
5159,completed,2025-11-28 06:49
5160,completed,2025-06-08 07:57
5161,completed,2025-04-10 10:25
5162,completed,2025-01-24 04:28
5163,completed,2025-01-05 16:23
5164,completed,2025-05-26 08:47
5165,completed,2025-11-28 02:19
5166,completed,2025-08-20 02:42
5167,completed,2025-02-01 19:46
5168,completed,2025-11-20 20:45
5169,completed,2025-03-17 14:33
5170,completed,2025-11-17 05:27
5171,completed,2025-08-23 07:38
5172,completed,2025-07-18 20:56
5173,completed,2025-01-21 03:00
5174,completed,2025-07-10 08:15
5175,completed,2025-11-18 16:04
5176,completed,2024-12-31 00:47
5177,completed,2025-02-21 16:07
5178,completed,2025-02-23 04:40
5179,completed,2025-10-09 12:59
5180,completed,2025-01-21 10:52
5181,completed,2025-10-09 18:54
5182,completed,2025-12-03 12:57
5183,completed,2025-02-28 16:45
5184,completed,2025-03-31 23:18
5185,completed,2025-01-27 05:51
5186,completed,2025-05-19 09:11
5187,completed,2025-05-28 22:49
5188,completed,2024-12-24 00:06
5189,completed,2025-03-05 16:16
5190,completed,2025-06-13 08:44
5191,completed,2025-02-15 13:28
5192,completed,2025-05-02 13:36
5193,completed,2025-04-04 19:13
5194,completed,2025-08-08 20:41
5195,completed,2025-03-07 00:02
5196,completed,2025-07-13 23:38
5197,completed,2025-07-10 16:37
5198,completed,2025-10-25 02:25
5199,completed,2025-11-15 05:11
5200,completed,2024-12-14 19:21
5201,completed,2025-07-19 02:04
5202,completed,2025-06-25 02:37
5203,completed,2024-12-27 17:43
5204,completed,2025-04-16 19:48
5205,completed,2025-11-21 15:13
5206,completed,2025-11-02 21:29
5207,completed,2025-05-20 08:39
5208,completed,2025-03-24 04:37
5209,completed,2025-05-21 06:34
5210,completed,2025-04-04 14:16
5211,completed,2025-07-05 00:30
5212,completed,2025-07-28 12:20
5213,completed,2025-11-06 03:29
5214,completed,2025-08-19 22:41
5215,completed,2025-02-01 03:07
5216,completed,2025-10-19 11:18
5217,completed,2025-02-25 21:25
5218,completed,2025-04-24 00:05
5219,completed,2025-03-04 05:54
5220,completed,2025-09-08 22:54
5221,completed,2025-01-12 09:27
5222,completed,2025-05-25 01:42
5223,completed,2025-02-19 14:00
5224,completed,2025-05-18 16:35
5225,completed,2025-02-17 05:01
5226,completed,2025-01-01 06:14
5227,completed,2025-08-06 17:01
5228,completed,2025-11-16 00:24
5229,completed,2025-02-01 22:03
5230,completed,2025-07-16 21:12
5231,completed,2025-04-22 02:32
5232,completed,2025-02-15 17:07
5233,completed,2025-05-26 18:10
5234,completed,2025-08-01 01:12
5235,completed,2025-04-28 19:16
5236,completed,2025-12-03 16:40
5237,completed,2025-06-08 09:29
5238,completed,2025-03-02 23:08
5239,completed,2025-02-03 05:32
5240,completed,2025-10-23 11:31
5241,completed,2025-08-03 11:42
5242,completed,2025-08-04 09:27
5243,completed,2025-09-28 07:22
5244,completed,2025-03-02 19:21
5245,completed,2025-07-18 11:46
5246,completed,2025-01-29 08:10
5247,completed,2025-11-07 12:45
5248,completed,2025-06-23 00:39
5249,completed,2025-10-24 10:53
5250,completed,2025-07-08 19:16
5251,completed,2025-04-17 09:22
5252,completed,2025-08-27 22:52
5253,completed,2025-04-03 03:18
5254,completed,2025-02-04 15:48
5255,completed,2025-04-24 11:37
5256,completed,2025-03-12 04:07
5257,completed,2025-01-21 17:43
5258,completed,2025-04-26 20:39
5259,completed,2025-02-09 17:41
5260,completed,2025-10-25 00:49
5261,completed,2025-07-22 00:33
5262,completed,2025-04-09 07:49
5263,completed,2025-01-05 19:56
5264,completed,2025-03-04 01:56
5265,completed,2025-04-07 22:04
5266,completed,2025-07-13 14:53
5267,completed,2025-10-07 22:20
5268,completed,2025-07-17 16:05
5269,completed,2025-10-19 20:09
5270,completed,2025-04-27 18:20
5271,completed,2025-08-24 04:13
5272,completed,2025-03-21 09:31
5273,completed,2025-05-07 11:51
5274,completed,2025-06-12 17:21
5275,completed,2025-11-19 21:16
5276,completed,2025-11-26 12:22
5277,completed,2025-08-03 13:03
5278,completed,2025-08-17 19:13
5279,completed,2025-02-06 10:46
5280,completed,2025-09-19 04:09
5281,completed,2025-01-12 09:01
5282,completed,2025-09-16 15:48
5283,completed,2025-02-03 11:57
5284,completed,2025-03-08 01:52
5285,completed,2025-03-15 10:16
5286,completed,2025-01-24 08:16
5287,completed,2025-01-07 03:29
5288,completed,2025-06-20 03:24
5289,completed,2025-05-14 10:25
5290,completed,2025-11-26 16:49
5291,completed,2025-04-25 20:19
5292,completed,2025-03-16 18:24
5293,completed,2025-10-25 21:51
5294,completed,2025-04-08 05:09
5295,completed,2025-01-21 15:28
5296,completed,2024-12-31 11:50
5297,completed,2025-04-12 03:00
5298,completed,2025-11-21 16:01
5299,completed,2025-03-13 07:10
5300,completed,2025-01-28 11:31
5301,completed,2025-03-03 18:55
5302,completed,2025-04-29 17:54
5303,completed,2024-12-31 21:20
5304,completed,2025-09-25 22:59
5305,completed,2025-01-28 13:36
5306,completed,2025-03-08 12:09
5307,completed,2025-01-13 14:51
5308,completed,2025-06-29 16:32
5309,completed,2024-12-10 04:45
5310,completed,2025-07-23 08:17
5311,completed,2025-11-26 20:38
5312,completed,2024-12-10 11:57
5313,completed,2025-05-02 20:37
5314,completed,2025-03-20 18:42
5315,completed,2025-11-02 23:08
5316,completed,2025-07-26 17:33
5317,completed,2025-01-08 19:41
5318,completed,2025-05-21 08:53
5319,completed,2025-05-13 04:17
5320,completed,2025-05-29 06:23
5321,completed,2025-11-04 17:19
5322,completed,2025-05-02 13:34
5323,completed,2025-06-01 20:26
5324,completed,2025-11-06 10:14
5325,completed,2025-03-25 21:10
5326,completed,2025-06-15 17:03
5327,completed,2025-03-28 01:57
5328,completed,2025-04-20 14:15
5329,completed,2024-12-26 12:29
5330,completed,2025-02-27 01:34
5331,completed,2024-12-20 22:57
5332,completed,2025-10-22 20:34
5333,completed,2025-09-14 21:38
5334,completed,2024-12-21 20:45
5335,completed,2025-04-22 15:18
5336,completed,2025-10-26 00:54
5337,completed,2025-04-22 13:10
5338,completed,2024-12-20 22:12
5339,completed,2025-01-09 19:40
5340,completed,2025-08-25 18:37
5341,completed,2025-09-10 15:56
5342,completed,2025-06-26 23:45
5343,completed,2025-07-13 23:05
5344,completed,2025-05-11 04:24
5345,completed,2025-06-05 19:06
5346,completed,2025-07-25 05:59
5347,completed,2025-05-15 19:56
5348,completed,2025-02-20 01:34
5349,completed,2024-12-10 12:41
5350,completed,2025-02-01 20:38
5351,completed,2025-01-15 19:38
5352,completed,2025-01-26 21:46
5353,completed,2025-01-29 03:09
5354,completed,2025-06-02 18:03
5355,completed,2025-10-08 15:21
5356,completed,2025-09-24 00:25
5357,completed,2025-04-28 02:09
5358,completed,2024-12-16 03:08
5359,completed,2025-06-11 12:28
5360,completed,2025-08-12 01:49
5361,completed,2025-04-19 09:17
5362,completed,2025-05-23 11:07
5363,completed,2024-12-13 03:43
5364,completed,2025-06-18 19:50
5365,completed,2025-01-28 02:53
5366,completed,2025-09-05 22:45
5367,completed,2024-12-30 17:29
5368,completed,2025-03-30 13:00
5369,completed,2025-07-19 18:34
5370,completed,2025-06-07 06:41
5371,completed,2025-02-18 19:04
5372,completed,2024-12-12 15:05
5373,completed,2025-05-01 14:56
5374,completed,2025-02-06 05:22
5375,completed,2025-11-07 23:51
5376,completed,2025-02-17 09:11
5377,completed,2025-10-17 16:00
5378,completed,2025-07-19 01:35
5379,completed,2025-05-29 17:03
5380,completed,2025-02-01 07:02
5381,completed,2025-06-19 21:33
5382,completed,2025-01-09 18:15
5383,completed,2025-02-12 02:08
5384,completed,2025-11-13 18:19
5385,completed,2025-02-14 03:37
5386,completed,2025-09-01 23:33
5387,completed,2025-03-31 21:39
5388,completed,2025-08-19 02:05
5389,completed,2025-02-18 11:07
5390,completed,2025-03-09 05:44
5391,completed,2025-07-13 12:16
5392,completed,2025-08-08 22:01
5393,completed,2025-01-22 12:19
5394,completed,2025-09-11 18:36
5395,completed,2025-10-10 12:07
5396,completed,2025-09-22 06:30
5397,completed,2025-08-03 09:17
5398,completed,2025-10-29 10:32
5399,completed,2025-05-17 19:15
5400,completed,2025-07-15 14:08
5401,completed,2025-03-21 21:59
5402,completed,2025-04-27 12:53
5403,completed,2025-07-19 13:12
5404,completed,2025-05-23 13:22
5405,completed,2025-06-16 12:35
5406,completed,2025-08-01 14:17
5407,completed,2025-07-13 22:14
5408,completed,2025-03-09 13:59
5409,completed,2025-03-15 03:30
5410,completed,2025-04-12 10:09
5411,completed,2025-04-18 18:38
5412,completed,2025-11-26 10:53
5413,completed,2025-09-29 06:53
5414,completed,2025-04-18 01:18
5415,completed,2025-04-16 04:39
5416,completed,2025-09-18 04:42
5417,completed,2025-03-14 14:53
5418,completed,2025-10-29 20:13
5419,completed,2025-06-24 06:52
5420,completed,2025-07-10 15:15
5421,completed,2025-09-25 06:14
5422,completed,2025-09-25 22:51
5423,completed,2025-10-07 22:06
5424,completed,2025-07-25 04:00
5425,completed,2025-08-03 02:09
5426,completed,2025-10-11 04:51
5427,completed,2025-06-20 15:53
5428,completed,2025-07-16 21:07
5429,completed,2025-01-24 16:40
5430,completed,2025-11-18 02:01
5431,completed,2025-05-27 16:02
5432,completed,2025-04-04 21:20
5433,completed,2025-03-22 01:14
5434,completed,2024-12-29 21:06
5435,completed,2025-11-29 02:48
5436,completed,2025-04-27 03:23
5437,completed,2025-05-02 01:47
5438,completed,2025-04-30 14:31
5439,completed,2025-11-21 06:52
5440,completed,2025-11-11 23:43
5441,completed,2025-03-17 20:17
5442,completed,2025-11-15 20:48
5443,completed,2025-06-20 01:10
5444,completed,2025-02-28 16:21
5445,completed,2025-08-18 20:15
5446,completed,2025-04-25 07:15
5447,completed,2025-03-01 03:31
5448,completed,2025-03-01 02:37
5449,completed,2025-08-01 08:40
5450,completed,2025-07-17 09:50
5451,completed,2025-11-29 02:27
5452,completed,2025-08-28 03:37
5453,completed,2025-10-30 09:09
5454,completed,2025-02-26 00:09
5455,completed,2025-04-13 03:31
5456,completed,2025-07-21 14:03
5457,completed,2025-10-26 12:19
5458,completed,2025-07-14 00:41
5459,completed,2025-04-17 12:15
5460,completed,2025-02-07 17:37
5461,completed,2025-08-30 14:13
5462,completed,2025-09-25 06:05
5463,completed,2024-12-16 23:06
5464,completed,2025-03-23 15:42
5465,completed,2025-07-10 19:05
5466,completed,2025-06-13 03:07
5467,completed,2025-01-16 20:43
5468,completed,2025-01-14 19:54
5469,completed,2025-03-09 03:19
5470,completed,2025-07-01 04:12
5471,completed,2025-05-18 12:01
5472,completed,2024-12-22 05:22
5473,completed,2025-06-01 01:30
5474,completed,2025-06-17 14:42
5475,completed,2025-11-20 06:27
5476,completed,2025-10-31 02:30
5477,completed,2025-03-27 16:33
5478,completed,2025-04-14 22:17
5479,completed,2025-06-16 20:28
5480,completed,2025-07-22 08:29
5481,completed,2025-10-23 12:35
5482,completed,2025-02-28 12:07
5483,completed,2025-03-06 04:33
5484,completed,2025-04-21 17:21
5485,completed,2024-12-07 04:35
5486,completed,2025-05-23 10:28
5487,completed,2025-06-06 02:26
5488,completed,2025-05-20 09:36
5489,completed,2025-03-09 13:10
5490,completed,2025-05-04 02:05
5491,completed,2025-08-26 20:57
5492,completed,2024-12-18 04:45
5493,completed,2025-10-09 22:54
5494,completed,2025-03-31 15:08
5495,completed,2025-05-04 05:52
5496,completed,2025-01-14 23:00
5497,completed,2025-01-28 20:05
5498,completed,2025-04-04 09:29
5499,completed,2025-04-27 02:55
5500,completed,2024-12-31 22:57
5501,completed,2024-12-11 09:17
5502,completed,2025-09-04 09:49
5503,completed,2025-01-26 20:41
5504,completed,2025-05-17 03:10
5505,completed,2025-11-21 08:52
5506,completed,2025-06-13 14:01
5507,completed,2025-07-11 15:29
5508,completed,2025-05-14 07:00
5509,completed,2025-07-28 22:08
5510,completed,2024-12-11 07:51
5511,completed,2025-03-08 08:18
5512,completed,2025-02-07 05:32
5513,completed,2025-06-26 00:37
5514,completed,2025-08-01 20:25
5515,completed,2025-06-30 18:40
5516,completed,2025-11-29 11:39
5517,completed,2025-01-27 09:32
5518,completed,2025-03-17 18:03
5519,completed,2025-02-04 14:53
5520,completed,2025-01-17 08:59
5521,completed,2025-03-15 07:06
5522,completed,2025-09-27 16:52
5523,completed,2025-02-21 15:05
5524,completed,2025-08-20 22:07
5525,completed,2025-03-01 00:11
5526,completed,2024-12-24 09:17
5527,completed,2025-04-09 02:16
5528,completed,2025-04-19 02:04
5529,completed,2025-03-12 00:32
5530,completed,2025-11-29 01:59
5531,completed,2025-11-06 08:04
5532,completed,2025-03-11 17:48
5533,completed,2025-01-10 08:07
5534,completed,2025-05-25 07:14
5535,completed,2025-02-01 07:53
5536,completed,2025-02-08 09:49
5537,completed,2025-01-14 05:15
5538,completed,2025-06-02 20:25
5539,completed,2025-05-11 19:17
5540,completed,2025-09-01 08:57
5541,completed,2025-07-08 03:54
5542,completed,2025-10-19 14:27
5543,completed,2025-04-04 09:35
5544,completed,2025-11-14 23:27
5545,completed,2025-08-02 08:56
5546,completed,2025-11-12 10:01
5547,completed,2025-10-14 20:43
5548,completed,2025-07-03 21:12
5549,completed,2025-07-30 02:20
5550,completed,2024-12-29 20:36
5551,completed,2025-04-24 15:49
5552,completed,2025-06-10 07:35
5553,completed,2025-02-04 06:54
5554,completed,2025-10-01 04:33
5555,completed,2025-01-30 09:36
5556,completed,2025-06-30 10:09
5557,completed,2025-10-08 23:49
5558,completed,2025-03-10 11:33
5559,completed,2025-02-25 06:58
5560,completed,2025-06-21 20:58
5561,completed,2025-02-11 00:51
5562,completed,2025-07-13 11:54
5563,completed,2025-11-14 06:10
5564,completed,2025-06-01 14:53
5565,completed,2025-07-25 14:57
5566,completed,2025-10-08 17:29
5567,completed,2025-07-09 15:02
5568,completed,2025-07-07 10:20
5569,completed,2025-01-07 16:19
5570,completed,2025-02-08 16:21
5571,completed,2025-11-13 10:35
5572,completed,2025-01-02 13:32
5573,completed,2025-06-25 21:18
5574,completed,2025-06-17 17:13
5575,completed,2025-06-13 22:53
5576,completed,2025-04-26 10:10
5577,completed,2025-04-14 23:52
5578,completed,2025-10-30 00:42
5579,completed,2025-04-26 05:14
5580,completed,2025-07-05 03:29
5581,completed,2025-11-13 06:44
5582,completed,2024-12-24 23:30
5583,completed,2025-11-16 17:35
5584,completed,2025-03-09 23:33
5585,completed,2025-08-05 16:34
5586,completed,2025-03-03 03:49
5587,completed,2025-02-16 02:24
5588,completed,2025-12-05 06:30
5589,completed,2025-10-28 10:48
5590,completed,2025-03-02 22:39
5591,completed,2025-10-28 19:54
5592,completed,2025-02-06 15:17
5593,completed,2025-12-06 09:30
5594,completed,2025-10-15 13:22
5595,completed,2025-05-18 11:09
5596,completed,2025-01-22 20:59
5597,completed,2025-07-28 02:33
5598,completed,2025-07-16 18:22
5599,completed,2025-04-13 22:24
5600,completed,2025-09-03 11:09
5601,completed,2025-08-31 20:48
5602,completed,2025-11-27 07:49
5603,completed,2025-09-07 23:24
5604,completed,2025-03-28 06:39
5605,completed,2025-05-15 15:11
5606,completed,2025-10-15 06:05
5607,completed,2025-07-01 21:31
5608,completed,2025-01-29 17:53
5609,completed,2025-06-25 09:10
5610,completed,2025-10-18 02:40
5611,completed,2025-09-26 06:09
5612,completed,2025-06-14 17:18
5613,completed,2025-02-10 18:25
5614,completed,2025-10-16 18:07
5615,completed,2025-11-04 19:22
5616,completed,2025-04-18 03:04
5617,completed,2025-02-14 18:35
5618,completed,2025-09-13 14:19
5619,completed,2025-07-01 14:51
5620,completed,2025-02-09 23:04
5621,completed,2025-11-06 09:14
5622,completed,2025-11-05 12:02
5623,completed,2025-09-26 14:04
5624,completed,2025-01-12 19:16
5625,completed,2025-10-18 13:33
5626,completed,2025-11-17 07:11
5627,completed,2025-11-22 09:56
5628,completed,2025-10-15 14:17
5629,completed,2025-09-02 21:55
5630,completed,2025-05-20 23:09
5631,completed,2025-10-24 13:05
5632,completed,2025-03-17 06:21
5633,completed,2025-08-24 22:56
5634,completed,2025-07-12 14:12
5635,completed,2025-03-29 17:55
5636,completed,2025-10-22 07:58
5637,completed,2025-10-13 18:44
5638,completed,2025-03-23 17:26
5639,completed,2025-09-13 21:56
5640,completed,2025-11-18 20:17
5641,completed,2025-08-01 07:00
5642,completed,2025-01-03 17:06
5643,completed,2025-06-13 10:17
5644,completed,2025-06-21 08:06
5645,completed,2025-06-27 21:15
5646,completed,2025-02-10 14:39
5647,completed,2025-03-02 19:16
5648,completed,2025-08-13 17:46
5649,completed,2025-08-21 02:59
5650,completed,2025-02-23 16:50
5651,completed,2025-08-13 04:50
5652,completed,2025-05-25 21:36
5653,completed,2025-02-23 21:00
5654,completed,2025-07-01 17:50
5655,completed,2025-07-09 05:45
5656,completed,2025-11-25 19:01
5657,completed,2025-01-23 05:23
5658,completed,2025-11-18 01:11
5659,completed,2024-12-27 11:57
5660,completed,2024-12-29 13:22
5661,completed,2025-05-14 06:37
5662,completed,2025-07-29 10:20
5663,completed,2025-07-26 18:34
5664,completed,2025-03-13 07:45
5665,completed,2025-06-17 23:39
5666,completed,2024-12-26 21:14
5667,completed,2025-01-16 20:43
5668,completed,2025-07-18 19:57
5669,completed,2025-03-19 02:26
5670,completed,2025-01-03 06:16
5671,completed,2025-03-04 10:14
5672,completed,2025-05-30 16:46
5673,completed,2025-03-13 13:02
5674,completed,2024-12-08 20:53
5675,completed,2025-05-04 00:30
5676,completed,2025-05-24 03:49
5677,completed,2025-02-10 05:36
5678,completed,2025-01-14 01:18
5679,completed,2025-10-05 11:56
5680,completed,2025-07-26 06:55
5681,completed,2025-07-09 19:17
5682,completed,2025-08-23 16:19
5683,completed,2025-09-26 03:58
5684,completed,2025-07-09 21:27
5685,completed,2025-07-10 07:55
5686,completed,2024-12-25 12:25
5687,completed,2025-11-18 00:46
5688,completed,2025-02-17 22:51
5689,completed,2025-10-07 05:40
5690,completed,2025-01-05 13:55
5691,completed,2025-09-05 10:34
5692,completed,2024-12-24 10:47
5693,completed,2025-10-02 23:03
5694,completed,2025-03-31 05:28
5695,completed,2025-04-11 08:41
5696,completed,2024-12-24 13:10
5697,completed,2025-05-09 14:00
5698,completed,2024-12-07 08:47
5699,completed,2025-09-27 01:11
5700,completed,2025-03-29 05:48
5701,completed,2025-08-13 15:46
5702,completed,2025-02-22 20:53
5703,completed,2025-01-22 11:08
5704,completed,2025-11-19 00:14
5705,completed,2025-07-01 14:30
5706,completed,2025-10-25 09:08
5707,completed,2025-09-04 10:54
5708,completed,2025-05-24 22:44
5709,completed,2025-05-19 20:22
5710,completed,2025-07-22 23:29
5711,completed,2025-09-10 08:10
5712,completed,2025-03-13 22:37
5713,completed,2025-06-27 00:26
5714,completed,2025-05-23 07:56
5715,completed,2025-03-03 14:44
5716,completed,2025-11-18 01:40
5717,completed,2025-11-13 07:03
5718,completed,2025-02-21 18:34
5719,completed,2025-01-17 14:28
5720,completed,2025-06-15 17:13
5721,completed,2025-04-21 09:40
5722,completed,2025-10-08 15:22
5723,completed,2024-12-09 05:57
5724,completed,2025-11-09 18:35
5725,completed,2025-10-19 17:36
5726,completed,2025-11-12 21:21
5727,completed,2025-07-26 17:25
5728,completed,2024-12-10 13:39
5729,completed,2025-06-01 13:57
5730,completed,2025-03-15 11:28
5731,completed,2025-08-14 17:02
5732,completed,2025-10-03 02:59
5733,completed,2024-12-17 23:28
5734,completed,2025-01-16 04:12
5735,completed,2025-12-01 14:10
5736,completed,2025-02-17 12:13
5737,completed,2025-03-31 17:11
5738,completed,2025-05-14 18:36
5739,completed,2025-11-26 18:23
5740,completed,2024-12-10 08:21
5741,completed,2025-05-30 07:16
5742,completed,2025-03-03 04:41
5743,completed,2025-08-08 12:21
5744,completed,2025-03-05 00:19
5745,completed,2025-02-18 07:34
5746,completed,2024-12-29 11:57
5747,completed,2024-12-22 22:25
5748,completed,2025-06-05 14:55
5749,completed,2025-11-12 09:18
5750,completed,2025-03-05 18:45
5751,completed,2025-06-07 05:18
5752,completed,2025-01-19 14:24
5753,completed,2025-03-13 06:06
5754,completed,2025-02-22 22:57
5755,completed,2025-05-11 19:02
5756,completed,2025-11-20 08:35
5757,completed,2025-07-21 06:23
5758,completed,2025-01-24 13:20
5759,completed,2025-05-31 23:44
5760,completed,2025-04-26 21:41
5761,completed,2025-08-09 12:08
5762,completed,2025-01-28 03:56
5763,completed,2025-01-30 18:21
5764,completed,2025-03-04 21:01
5765,completed,2025-07-18 15:59
5766,completed,2025-10-06 12:12
5767,completed,2025-10-19 15:53
5768,completed,2025-09-14 20:15
5769,completed,2025-05-06 20:18
5770,completed,2025-01-26 17:32
5771,completed,2025-06-07 12:27
5772,completed,2025-02-16 18:36
5773,completed,2025-06-28 16:36
5774,completed,2025-07-27 09:16
5775,completed,2025-04-16 15:08
5776,completed,2025-05-18 13:56
5777,completed,2025-08-31 15:02
5778,completed,2025-02-02 15:42
5779,completed,2025-07-01 23:10
5780,completed,2025-04-08 01:48
5781,completed,2025-08-06 06:42
5782,completed,2025-05-30 12:36
5783,completed,2024-12-24 23:46
5784,completed,2025-10-22 10:57
5785,completed,2025-02-28 06:05
5786,completed,2025-12-04 00:51
5787,completed,2025-11-29 15:18
5788,completed,2025-12-02 01:13
5789,completed,2025-12-01 09:10
5790,completed,2025-09-29 20:32
5791,completed,2025-03-23 12:31
5792,completed,2025-04-27 18:42
5793,completed,2025-10-28 04:11
5794,completed,2025-08-19 16:24
5795,completed,2025-02-09 05:11
5796,completed,2025-09-20 19:45
5797,completed,2025-06-10 14:40
5798,completed,2025-01-23 21:56
5799,completed,2025-09-22 18:01
5800,completed,2025-06-15 06:33
5801,completed,2025-03-10 22:21
5802,completed,2025-04-29 21:34
5803,completed,2024-12-17 21:44
5804,completed,2025-09-02 12:00
5805,completed,2024-12-29 04:15
5806,completed,2025-06-10 07:51
5807,completed,2024-12-26 06:06
5808,completed,2025-06-04 16:55
5809,completed,2025-11-27 08:20
5810,completed,2025-01-22 20:02
5811,completed,2025-07-29 05:59
5812,completed,2025-09-29 15:21
5813,completed,2025-06-01 16:38
5814,completed,2025-11-11 15:50
5815,completed,2025-06-26 06:18
5816,completed,2025-10-10 22:35
5817,completed,2025-09-21 02:13
5818,completed,2025-03-27 06:36
5819,completed,2025-10-24 23:07
5820,completed,2025-09-25 15:17
5821,completed,2025-08-11 22:04
5822,completed,2025-03-17 11:39
5823,completed,2025-09-14 18:04
5824,completed,2025-09-21 21:55
5825,completed,2025-06-18 12:55
5826,completed,2025-07-31 05:07
5827,completed,2025-01-24 11:25
5828,completed,2025-05-02 01:36
5829,completed,2025-06-01 02:11
5830,completed,2025-09-26 14:04
5831,completed,2024-12-10 03:40
5832,completed,2025-01-08 17:28
5833,completed,2025-02-04 16:48
5834,completed,2025-07-13 23:04
5835,completed,2025-01-16 23:53
5836,completed,2025-11-22 16:45
5837,completed,2025-01-04 16:13
5838,completed,2025-02-25 12:35
5839,completed,2025-01-30 19:22
5840,completed,2025-02-21 02:19
5841,completed,2025-01-09 16:33
5842,completed,2025-06-26 16:08
5843,completed,2025-03-29 23:54
5844,completed,2025-05-02 03:28
5845,completed,2025-11-04 13:34
5846,completed,2025-10-04 03:43
5847,completed,2025-04-12 23:21
5848,completed,2025-10-10 17:17
5849,completed,2025-06-09 13:24
5850,completed,2025-08-22 18:31
5851,completed,2025-10-25 06:04
5852,completed,2025-01-26 10:32
5853,completed,2025-12-04 09:07
5854,completed,2025-11-20 02:49
5855,completed,2025-04-23 04:39
5856,completed,2025-11-13 06:34
5857,completed,2025-06-16 10:20
5858,completed,2025-03-26 02:11
5859,completed,2025-03-07 11:53
5860,completed,2025-01-21 06:27
5861,completed,2025-06-28 04:54
5862,completed,2025-04-28 18:25
5863,completed,2025-04-26 00:56
5864,completed,2025-04-13 18:15
5865,completed,2025-11-23 12:35
5866,completed,2025-04-08 23:57
5867,completed,2025-09-13 03:49
5868,completed,2025-03-29 02:13
5869,completed,2025-11-11 00:59
5870,completed,2025-02-09 23:08
5871,completed,2024-12-16 07:00
5872,completed,2025-09-11 01:31
5873,completed,2025-07-20 00:05
5874,completed,2025-09-04 18:11
5875,completed,2025-01-16 20:28
5876,completed,2025-06-29 05:57
5877,completed,2025-11-28 17:06
5878,completed,2024-12-19 07:19
5879,completed,2025-11-12 00:03
5880,completed,2025-06-10 02:56
5881,completed,2025-03-28 08:38
5882,completed,2025-11-22 02:33
5883,completed,2025-01-16 08:55
5884,completed,2025-10-20 22:07
5885,completed,2024-12-07 22:17
5886,completed,2025-09-08 19:38
5887,completed,2025-08-21 16:28
5888,completed,2025-11-16 14:28
5889,completed,2025-08-27 18:47
5890,completed,2025-10-05 07:42
5891,completed,2025-01-23 20:58
5892,completed,2025-07-07 13:01
5893,completed,2025-09-11 21:01
5894,completed,2025-09-23 23:19
5895,completed,2025-10-01 01:35
5896,completed,2025-11-10 09:28
5897,completed,2025-02-09 04:50
5898,completed,2025-09-13 10:46
5899,completed,2025-10-06 22:11
5900,completed,2025-06-29 04:58
5901,completed,2025-05-25 08:31
5902,completed,2025-06-17 10:19
5903,completed,2024-12-09 04:43
5904,completed,2025-11-09 04:00
5905,completed,2025-08-23 08:39
5906,completed,2025-01-22 11:00
5907,completed,2025-11-18 11:51
5908,completed,2025-03-30 06:07
5909,completed,2025-01-23 04:32
5910,completed,2025-09-08 23:20
5911,completed,2025-01-06 13:57
5912,completed,2025-11-23 17:51
5913,completed,2025-02-25 23:15
5914,completed,2025-02-27 07:07
5915,completed,2025-01-05 17:19
5916,completed,2025-11-15 21:12
5917,completed,2025-04-06 16:57
5918,completed,2024-12-19 04:47
5919,completed,2025-02-28 15:16
5920,completed,2025-05-04 02:13
5921,completed,2025-09-09 05:30
5922,completed,2025-10-20 01:30
5923,completed,2025-05-17 07:32
5924,completed,2025-10-15 12:09
5925,completed,2025-10-06 05:23
5926,completed,2025-06-17 08:30
5927,completed,2025-02-28 15:15
5928,completed,2025-10-27 20:20
5929,completed,2025-07-24 05:31
5930,completed,2025-02-16 22:40
5931,completed,2025-01-26 03:07
5932,completed,2025-06-09 12:07
5933,completed,2025-06-17 16:58
5934,completed,2025-07-05 13:58
5935,completed,2025-08-08 07:16
5936,completed,2025-04-17 11:10
5937,completed,2025-07-01 16:51
5938,completed,2025-08-29 01:26
5939,completed,2025-12-05 00:30
5940,completed,2025-11-30 10:59
5941,completed,2025-05-17 15:52
5942,completed,2025-11-17 05:18
5943,completed,2025-01-03 22:16
5944,completed,2025-03-15 13:12
5945,completed,2025-06-14 21:21
5946,completed,2025-06-17 17:43
5947,completed,2025-05-05 03:57
5948,completed,2024-12-28 08:25
5949,completed,2025-03-28 16:54
5950,completed,2025-10-19 06:23
5951,completed,2025-07-08 10:32
5952,completed,2024-12-22 04:18
5953,completed,2025-01-10 03:22
5954,completed,2025-10-22 10:59
5955,completed,2025-10-11 05:56
5956,completed,2025-03-03 23:28
5957,completed,2025-02-21 17:47
5958,completed,2025-03-13 13:41
5959,completed,2025-08-08 22:57
5960,completed,2025-11-28 11:05
5961,completed,2025-03-19 15:57
5962,completed,2025-09-09 16:05
5963,completed,2025-02-10 01:53
5964,completed,2025-01-16 10:27
5965,completed,2025-10-23 05:08
5966,completed,2025-09-07 01:44
5967,completed,2025-03-20 21:53
5968,completed,2025-07-19 14:59
5969,completed,2025-12-02 20:29
5970,completed,2025-01-29 11:33
5971,completed,2025-02-18 00:42
5972,completed,2025-08-21 02:39
5973,completed,2025-03-03 16:08
5974,completed,2025-01-17 00:41
5975,completed,2025-04-30 06:25
5976,completed,2025-03-26 08:41
5977,completed,2025-06-24 06:30
5978,completed,2025-05-18 09:11
5979,completed,2025-05-18 01:39
5980,completed,2025-04-11 03:08
5981,completed,2025-05-24 20:43
5982,completed,2025-04-11 22:28
5983,completed,2025-06-02 09:10
5984,completed,2025-07-11 07:14
5985,completed,2025-10-10 10:11
5986,completed,2025-10-24 08:04
5987,completed,2025-09-12 22:47
5988,completed,2025-04-27 14:59
5989,completed,2025-09-05 09:19
5990,completed,2025-04-14 18:45
5991,completed,2025-09-03 11:42
5992,completed,2025-02-16 08:27
5993,completed,2025-03-29 02:00
5994,completed,2025-08-14 05:50
5995,completed,2025-05-18 20:42
5996,completed,2025-02-27 07:24
5997,completed,2025-02-07 14:46
5998,completed,2025-10-26 13:59
5999,completed,2025-03-20 09:01
6000,completed,2025-06-28 13:40
6001,completed,2025-12-02 12:37
6002,completed,2025-02-10 18:56
6003,completed,2025-11-22 21:15
6004,completed,2025-01-05 12:44
6005,completed,2025-06-08 05:44
6006,completed,2025-04-16 19:00
6007,completed,2025-09-26 18:42
6008,completed,2025-02-05 14:05
6009,completed,2025-10-23 23:01
6010,completed,2025-08-28 08:48
6011,completed,2025-08-18 11:54
6012,completed,2025-09-16 08:27
6013,completed,2025-11-16 17:26
6014,completed,2025-10-24 20:55
6015,completed,2025-09-23 20:34
6016,completed,2025-07-09 16:10
6017,completed,2025-03-14 20:43
6018,completed,2025-04-19 06:01
6019,completed,2025-03-13 11:55
6020,completed,2025-06-05 05:54
6021,completed,2025-07-28 20:38
6022,completed,2025-07-05 09:02
6023,completed,2025-12-02 20:58
6024,completed,2025-11-08 21:29
6025,completed,2025-08-18 22:20
6026,completed,2025-07-24 20:11
6027,completed,2025-06-02 10:12
6028,completed,2025-10-04 21:08
6029,completed,2025-05-08 04:37
6030,completed,2025-04-21 03:10
6031,completed,2025-06-14 14:37
6032,completed,2025-07-28 15:21
6033,completed,2025-06-26 15:52
6034,completed,2025-04-12 20:38
6035,completed,2025-03-18 12:17
6036,completed,2025-04-26 09:52
6037,completed,2025-11-24 00:33
6038,completed,2025-06-22 10:17
6039,completed,2025-02-11 01:55
6040,completed,2025-07-20 11:36
6041,completed,2025-04-10 15:20
6042,completed,2025-11-13 23:13
6043,completed,2024-12-26 18:52
6044,completed,2025-02-25 08:59
6045,completed,2024-12-07 05:57
6046,completed,2025-06-22 01:06
6047,completed,2025-10-06 22:30
6048,completed,2025-10-13 08:41
6049,completed,2024-12-15 22:44
6050,completed,2025-05-31 10:14
6051,completed,2024-12-11 02:24
6052,completed,2024-12-24 04:42
6053,completed,2025-09-16 05:49
6054,completed,2025-04-05 19:39
6055,completed,2025-04-13 00:38
6056,completed,2025-04-13 06:39
6057,completed,2025-05-06 23:21
6058,completed,2025-01-14 23:10
6059,completed,2024-12-10 06:04
6060,completed,2025-01-31 10:39
6061,completed,2025-05-07 04:28
6062,completed,2025-11-21 01:27
6063,completed,2025-04-18 07:37
6064,completed,2025-10-16 07:05
6065,completed,2025-06-18 12:38
6066,completed,2025-09-19 07:26
6067,completed,2025-05-23 17:07
6068,completed,2025-06-10 10:05
6069,completed,2025-03-05 04:56
6070,completed,2025-05-15 04:32
6071,completed,2025-05-22 22:12
6072,completed,2025-10-08 18:38
6073,completed,2025-05-14 09:07
6074,completed,2025-05-01 03:52
6075,completed,2025-03-29 12:37
6076,completed,2025-07-10 10:15
6077,completed,2025-10-28 07:36
6078,completed,2025-06-20 00:56
6079,completed,2024-12-10 15:28
6080,completed,2025-05-29 06:28
6081,completed,2025-01-12 20:52
6082,completed,2025-08-19 19:57
6083,completed,2025-04-23 23:17
6084,completed,2025-11-09 19:18
6085,completed,2025-12-05 19:43
6086,completed,2024-12-15 07:15
6087,completed,2025-05-29 20:28
6088,completed,2025-05-11 03:07
6089,completed,2025-03-26 18:51
6090,completed,2025-09-28 12:05
6091,completed,2025-11-21 11:23
6092,completed,2025-12-05 21:28
6093,completed,2025-10-27 07:32
6094,completed,2025-08-02 15:33
6095,completed,2025-07-30 02:39
6096,completed,2025-06-27 04:29
6097,completed,2025-02-09 04:48
6098,completed,2025-09-22 16:20
6099,completed,2025-09-22 19:17
6100,completed,2025-08-20 13:51
6101,completed,2025-10-12 16:44
6102,completed,2025-11-01 08:48
6103,completed,2024-12-29 09:27
6104,completed,2025-06-28 17:13
6105,completed,2025-08-06 06:00
6106,completed,2025-10-28 00:17
6107,completed,2025-04-12 08:28
6108,completed,2025-05-16 15:26
6109,completed,2024-12-16 20:05
6110,completed,2025-10-24 01:34
6111,completed,2025-03-05 16:22
6112,completed,2025-12-04 09:11
6113,completed,2025-03-22 22:07
6114,completed,2025-06-20 03:16
6115,completed,2025-09-14 21:33
6116,completed,2025-08-11 23:42
6117,completed,2025-07-13 04:52
6118,completed,2024-12-09 11:18
6119,completed,2025-01-15 01:38
6120,completed,2025-08-21 02:06
6121,completed,2025-05-04 02:39
6122,completed,2025-12-01 02:12
6123,completed,2025-02-28 20:28
6124,completed,2025-04-03 16:20
6125,completed,2025-10-30 22:44
6126,completed,2025-01-29 01:47
6127,completed,2025-12-01 06:08
6128,completed,2025-07-31 19:08
6129,completed,2025-10-28 01:50
6130,completed,2025-03-10 02:21
6131,completed,2025-04-08 00:35
6132,completed,2024-12-17 06:11
6133,completed,2024-12-26 00:40
6134,completed,2025-07-22 06:04
6135,completed,2025-02-13 04:22
6136,completed,2025-08-30 21:49
6137,completed,2025-05-27 20:17
6138,completed,2025-03-11 02:01
6139,completed,2025-01-20 21:18
6140,completed,2025-12-04 21:08
6141,completed,2025-06-27 13:15
6142,completed,2025-08-31 21:52
6143,completed,2025-08-15 20:48
6144,completed,2025-09-21 00:50
6145,completed,2025-09-18 00:37
6146,completed,2025-02-02 14:53
6147,completed,2025-01-28 19:55
6148,completed,2025-02-22 09:01
6149,completed,2025-07-05 18:24
6150,completed,2025-06-13 19:04
6151,completed,2025-05-28 10:58
6152,completed,2025-01-31 05:35
6153,completed,2025-09-12 19:00
6154,completed,2025-05-15 21:47
6155,completed,2025-04-18 16:47
6156,completed,2025-03-10 00:06
6157,completed,2024-12-25 01:21
6158,completed,2025-04-01 20:03
6159,completed,2025-08-07 16:43
6160,completed,2025-11-12 17:35
6161,completed,2025-04-12 05:08
6162,completed,2025-09-28 17:15
6163,completed,2025-08-13 13:26
6164,completed,2025-08-09 04:37
6165,completed,2025-07-04 21:00
6166,completed,2025-08-26 20:53
6167,completed,2025-11-03 03:01
6168,completed,2025-04-11 12:40
6169,completed,2025-04-03 12:08
6170,completed,2025-11-06 10:43
6171,completed,2025-07-08 00:32
6172,completed,2025-01-16 09:03
6173,completed,2025-07-30 09:36
6174,completed,2025-06-13 13:21
6175,completed,2025-08-05 01:29
6176,completed,2024-12-11 14:50
6177,completed,2025-06-23 00:46
6178,completed,2025-04-05 12:40
6179,completed,2025-01-20 06:28
6180,completed,2025-07-01 02:41
6181,completed,2025-06-01 23:05
6182,completed,2025-06-08 17:46
6183,completed,2025-02-01 18:19
6184,completed,2025-02-07 05:53
6185,completed,2025-09-27 23:56
6186,completed,2025-02-19 11:03
6187,completed,2025-06-20 00:37
6188,completed,2025-08-09 20:33
6189,completed,2025-11-12 15:54
6190,completed,2025-01-07 04:50
6191,completed,2025-05-11 01:13
6192,completed,2025-05-01 15:53
6193,completed,2025-01-31 12:01
6194,completed,2025-01-31 09:27
6195,completed,2025-04-15 17:26
6196,completed,2025-08-11 07:46
6197,completed,2025-04-21 20:55
6198,completed,2025-08-24 18:28
6199,completed,2025-06-15 00:29
6200,completed,2025-08-02 21:59
6201,completed,2025-06-12 22:07
6202,completed,2025-06-01 13:56
6203,completed,2024-12-14 12:03
6204,completed,2025-03-17 10:53
6205,completed,2025-11-23 19:44
6206,completed,2025-10-08 19:25
6207,completed,2025-11-01 14:59
6208,completed,2025-05-21 04:29
6209,completed,2025-10-21 02:07
6210,completed,2025-04-30 01:35
6211,completed,2025-01-01 07:41
6212,completed,2025-05-22 08:24
6213,completed,2025-09-20 02:13
6214,completed,2025-05-17 21:21
6215,completed,2025-09-13 02:21
6216,completed,2025-09-19 03:02
6217,completed,2025-07-07 09:41
6218,completed,2025-02-11 17:44
6219,completed,2025-09-15 08:36
6220,completed,2025-08-29 08:48
6221,completed,2024-12-13 04:40
6222,completed,2025-10-24 07:29
6223,completed,2025-06-29 17:07
6224,completed,2025-07-13 19:15
6225,completed,2025-06-20 18:33
6226,completed,2025-06-15 23:03
6227,completed,2025-02-11 16:41
6228,completed,2025-07-29 02:59
6229,completed,2025-05-20 19:57
6230,completed,2024-12-23 16:16
6231,completed,2025-06-19 22:23
6232,completed,2025-10-11 16:43
6233,completed,2025-08-04 23:48
6234,completed,2025-05-04 03:26
6235,completed,2025-01-22 19:45
6236,completed,2025-04-22 15:12
6237,completed,2025-08-31 09:45
6238,completed,2025-10-06 23:05
6239,completed,2025-03-10 15:44
6240,completed,2025-01-30 06:27
6241,completed,2025-07-14 09:59
6242,completed,2025-02-24 21:39
6243,completed,2025-03-03 20:24
6244,completed,2025-04-24 02:03
6245,completed,2025-10-17 05:25
6246,completed,2025-12-01 11:39
6247,completed,2025-01-14 17:00
6248,completed,2025-10-14 08:40
6249,completed,2025-03-06 08:39
6250,completed,2025-08-05 02:25
6251,completed,2025-03-27 05:59
6252,completed,2024-12-11 12:12
6253,completed,2025-02-26 17:36
6254,completed,2025-05-13 07:37
6255,completed,2025-02-14 02:46
6256,completed,2025-09-20 02:37
6257,completed,2024-12-18 11:24
6258,completed,2025-04-30 00:15
6259,completed,2025-09-03 13:42
6260,completed,2025-01-10 17:19
6261,completed,2025-11-02 16:15
6262,completed,2025-10-12 21:46
6263,completed,2025-07-28 06:11
6264,completed,2025-06-02 14:02
6265,completed,2025-07-01 02:53
6266,completed,2025-12-06 15:09
6267,completed,2025-01-23 00:31
6268,completed,2025-10-05 18:58
6269,completed,2025-10-21 08:37
6270,completed,2025-02-16 13:00
6271,completed,2025-04-16 11:32
6272,completed,2025-03-13 05:01
6273,completed,2025-03-13 07:47
6274,completed,2025-04-16 02:22
6275,completed,2025-11-04 21:13
6276,completed,2025-04-04 21:26
6277,completed,2025-01-01 01:23
6278,completed,2025-03-25 00:56
6279,completed,2025-02-12 10:52
6280,completed,2025-04-26 17:23
6281,completed,2025-01-21 10:48
6282,completed,2025-06-21 09:27
6283,completed,2025-01-10 03:39
6284,completed,2025-04-22 19:36
6285,completed,2025-03-04 06:04
6286,completed,2025-04-30 20:22
6287,completed,2025-10-13 09:18
6288,completed,2025-02-08 16:27
6289,completed,2025-09-14 05:00
6290,completed,2025-08-04 02:11
6291,completed,2024-12-11 01:59
6292,completed,2025-09-20 00:31
6293,completed,2025-03-20 03:19
6294,completed,2025-05-24 02:47
6295,completed,2025-10-12 20:34
6296,completed,2025-06-24 22:36
6297,completed,2025-09-29 03:49
6298,completed,2025-03-12 02:10
6299,completed,2025-01-21 16:53
6300,completed,2025-08-11 09:59
6301,completed,2025-06-26 22:07
6302,completed,2025-08-10 19:43
6303,completed,2025-09-04 00:46
6304,completed,2025-06-16 06:39
6305,completed,2025-09-29 00:10
6306,completed,2025-11-17 08:05
6307,completed,2025-10-25 06:37
6308,completed,2025-07-09 22:25
6309,completed,2025-01-30 08:53
6310,completed,2025-07-09 02:19
6311,completed,2025-07-23 19:13
6312,completed,2025-11-23 17:45
6313,completed,2025-02-13 22:46
6314,completed,2025-08-06 03:27
6315,completed,2025-03-07 18:01
6316,completed,2025-11-19 09:30
6317,completed,2025-06-18 14:21
6318,completed,2025-07-21 22:24
6319,completed,2025-04-25 11:28
6320,completed,2025-12-05 06:33
6321,completed,2024-12-30 01:53
6322,completed,2025-06-01 04:22
6323,completed,2025-06-01 15:42
6324,completed,2025-06-29 23:18
6325,completed,2025-10-23 06:26
6326,completed,2025-02-23 06:07
6327,completed,2025-04-18 12:04
6328,completed,2024-12-18 23:38
6329,completed,2024-12-21 05:03
6330,completed,2025-06-04 08:15
6331,completed,2025-06-12 07:00
6332,completed,2025-10-17 23:18
6333,completed,2025-01-05 20:02
6334,completed,2025-04-15 14:58
6335,completed,2025-07-19 15:46
6336,completed,2025-08-26 18:47
6337,completed,2025-01-20 23:21
6338,completed,2025-01-14 11:46
6339,completed,2025-10-14 15:02
6340,completed,2025-09-09 21:30
6341,completed,2025-09-29 04:59
6342,completed,2025-05-13 00:01
6343,completed,2025-03-24 18:57
6344,completed,2024-12-21 02:52
6345,completed,2025-08-09 18:17
6346,completed,2025-09-19 02:10
6347,completed,2025-04-20 14:28
6348,completed,2025-06-10 07:25
6349,completed,2025-09-30 05:39
6350,completed,2025-01-12 05:27
6351,completed,2025-07-19 16:54
6352,completed,2024-12-24 12:39
6353,completed,2025-10-14 18:17
6354,completed,2025-07-01 06:45
6355,completed,2025-10-04 17:31
6356,completed,2024-12-30 18:10
6357,completed,2025-08-26 03:22
6358,completed,2025-05-30 15:17
6359,completed,2025-09-05 20:42
6360,completed,2024-12-21 22:43
6361,completed,2025-03-15 03:37
6362,completed,2025-01-11 12:38
6363,completed,2025-03-16 02:33
6364,completed,2025-04-22 01:13
6365,completed,2025-04-25 22:53
6366,completed,2025-01-21 14:55
6367,completed,2025-02-17 14:06
6368,completed,2025-11-19 02:38
6369,completed,2025-03-22 14:15
6370,completed,2025-08-21 03:25
6371,completed,2025-10-22 16:56
6372,completed,2025-05-25 14:35
6373,completed,2025-07-27 20:16
6374,completed,2025-08-15 18:27
6375,completed,2025-11-01 04:42
6376,completed,2025-06-12 14:34
6377,completed,2025-06-29 04:23
6378,completed,2024-12-17 08:14
6379,completed,2025-09-07 05:21
6380,completed,2025-06-06 18:47
6381,completed,2025-05-07 00:41
6382,completed,2025-10-28 10:40
6383,completed,2025-01-10 23:11
6384,completed,2025-02-21 10:41
6385,completed,2025-02-13 14:27
6386,completed,2025-02-16 03:11
6387,completed,2025-08-02 18:13
6388,completed,2024-12-17 21:02
6389,completed,2025-06-08 06:04
6390,completed,2024-12-25 19:40
6391,completed,2025-08-07 11:52
6392,completed,2025-04-11 16:02
6393,completed,2024-12-09 07:14
6394,completed,2025-01-24 05:55
6395,completed,2025-10-05 05:09
6396,completed,2025-02-25 18:59
6397,completed,2025-04-17 02:36
6398,completed,2025-06-06 14:20
6399,completed,2025-03-06 14:01
6400,completed,2025-02-22 13:13
6401,completed,2025-02-25 02:11
6402,completed,2025-08-24 22:59
6403,completed,2025-11-30 22:05
6404,completed,2025-10-15 09:09
6405,completed,2025-09-19 19:24
6406,completed,2025-11-16 21:37
6407,completed,2025-11-02 09:52
6408,completed,2025-07-20 10:58
6409,completed,2025-07-03 22:55
6410,completed,2025-08-01 15:39
6411,completed,2025-10-02 18:22
6412,completed,2025-09-06 19:47
6413,completed,2025-02-18 20:04
6414,completed,2025-02-09 14:16
6415,completed,2025-03-24 18:55
6416,completed,2025-08-24 16:32
6417,completed,2025-09-02 01:13
6418,completed,2025-09-04 00:01
6419,completed,2025-02-18 00:12
6420,completed,2025-03-16 23:56
6421,completed,2025-07-26 16:55
6422,completed,2025-02-01 15:43
6423,completed,2025-04-21 14:07
6424,completed,2025-03-11 10:13
6425,completed,2025-08-25 16:45
6426,completed,2025-11-22 01:16
6427,completed,2025-12-04 13:38
6428,completed,2025-02-09 16:03
6429,completed,2025-05-08 10:25
6430,completed,2025-11-20 20:15
6431,completed,2025-12-02 00:19
6432,completed,2025-01-16 09:40
6433,completed,2025-02-10 18:01
6434,completed,2025-08-31 23:45
6435,completed,2025-10-11 17:06
6436,completed,2025-12-04 14:44
6437,completed,2025-11-04 18:15
6438,completed,2025-03-20 17:09
6439,completed,2025-07-04 19:01
6440,completed,2025-02-25 08:01
6441,completed,2025-11-24 22:49
6442,completed,2025-02-03 12:24
6443,completed,2025-07-08 10:06
6444,completed,2025-07-27 15:30
6445,completed,2024-12-19 23:00
6446,completed,2025-07-05 23:26
6447,completed,2025-11-04 16:22
6448,completed,2025-01-31 10:35
6449,completed,2025-02-21 18:30
6450,completed,2025-04-28 16:42
6451,completed,2024-12-30 15:17
6452,completed,2025-05-08 02:59
6453,completed,2025-04-19 21:15
6454,completed,2025-02-05 13:25
6455,completed,2025-06-04 23:49
6456,completed,2025-02-13 12:53
6457,completed,2025-11-29 04:29
6458,completed,2025-02-09 22:46
6459,completed,2025-04-18 20:23
6460,completed,2025-10-04 04:38
6461,completed,2025-03-26 07:56
6462,completed,2025-05-05 23:41
6463,completed,2025-06-17 07:15
6464,completed,2025-11-22 15:15
6465,completed,2025-07-28 01:00
6466,completed,2025-08-30 21:10
6467,completed,2025-05-02 04:58
6468,completed,2025-02-14 23:17
6469,completed,2025-10-11 19:36
6470,completed,2025-05-25 00:08
6471,completed,2025-07-17 03:36
6472,completed,2025-10-26 07:01
6473,completed,2025-08-18 15:00
6474,completed,2025-10-26 20:58
6475,completed,2025-04-24 16:17
6476,completed,2025-09-12 08:22
6477,completed,2025-08-21 10:13
6478,completed,2024-12-17 06:18
6479,completed,2025-07-08 18:45
6480,completed,2025-02-15 12:29
6481,completed,2025-10-18 23:42
6482,completed,2024-12-14 21:40
6483,completed,2025-04-30 04:39
6484,completed,2025-06-23 09:57
6485,completed,2025-04-17 01:09
6486,completed,2025-11-17 22:44
6487,completed,2025-01-01 22:37
6488,completed,2025-09-18 21:52
6489,completed,2025-04-03 21:19
6490,completed,2025-09-15 19:10
6491,completed,2025-10-13 17:42
6492,completed,2025-01-23 18:45
6493,completed,2025-10-10 05:22
6494,completed,2025-02-05 00:49
6495,completed,2025-11-17 04:53
6496,completed,2025-04-29 04:43
6497,completed,2025-10-24 19:58
6498,completed,2024-12-26 18:56
6499,completed,2025-10-16 16:53
6500,completed,2025-07-18 14:34
6501,completed,2025-06-04 10:55
6502,completed,2025-01-30 08:20
6503,completed,2025-11-25 08:26
6504,completed,2025-09-28 04:15
6505,completed,2025-02-16 19:15
6506,completed,2025-01-14 01:59
6507,completed,2025-04-13 13:51
6508,completed,2025-05-24 04:17
6509,completed,2025-02-21 22:42
6510,completed,2025-09-15 03:16
6511,completed,2025-10-22 13:28
6512,completed,2025-05-03 19:25
6513,completed,2025-10-17 18:13
6514,completed,2025-03-28 01:30
6515,completed,2025-07-21 10:16
6516,completed,2025-08-15 18:00
6517,completed,2025-10-05 17:36
6518,completed,2025-02-06 03:09
6519,completed,2025-05-12 23:50
6520,completed,2025-10-11 17:13
6521,completed,2025-06-08 05:23
6522,completed,2025-05-14 23:05
6523,completed,2025-09-14 16:45
6524,completed,2025-04-04 20:12
6525,completed,2025-07-01 06:04
6526,completed,2025-10-26 11:38
6527,completed,2025-11-28 14:49
6528,completed,2025-11-09 20:09
6529,completed,2025-02-04 21:59
6530,completed,2025-11-16 13:44
6531,completed,2025-03-28 06:04
6532,completed,2025-09-28 10:12
6533,completed,2025-07-23 03:07
6534,completed,2025-04-21 10:36
6535,completed,2025-02-24 20:25
6536,completed,2025-03-04 22:18
6537,completed,2025-04-11 11:25
6538,completed,2025-05-06 07:42
6539,completed,2025-08-22 17:49
6540,completed,2025-11-28 10:32
6541,completed,2025-05-02 14:47
6542,completed,2025-06-23 17:49
6543,completed,2025-01-25 17:18
6544,completed,2024-12-31 12:27
6545,completed,2025-02-02 11:23
6546,completed,2025-03-19 01:40
6547,completed,2025-12-06 12:40
6548,completed,2025-03-17 03:01
6549,completed,2025-06-20 08:31
6550,completed,2025-02-27 14:48
6551,completed,2025-11-12 08:01
6552,completed,2025-08-03 01:32
6553,completed,2025-11-17 06:53
6554,completed,2025-10-10 22:52
6555,completed,2025-05-08 20:50
6556,completed,2025-03-23 07:16
6557,completed,2025-05-11 11:00
6558,completed,2025-10-08 06:08
6559,completed,2025-04-01 16:27
6560,completed,2025-11-10 08:04
6561,completed,2025-05-04 00:02
6562,completed,2025-06-24 07:15
6563,completed,2025-09-18 11:19
6564,completed,2025-10-05 00:35
6565,completed,2025-10-13 11:36
6566,completed,2025-03-05 02:46
6567,completed,2024-12-12 17:04
6568,completed,2025-07-24 00:43
6569,completed,2024-12-19 21:53
6570,completed,2025-03-04 02:44
6571,completed,2025-01-23 06:57
6572,completed,2025-09-06 02:09
6573,completed,2025-09-08 11:53
6574,completed,2025-02-15 00:58
6575,completed,2025-03-18 12:48
6576,completed,2024-12-19 17:02
6577,completed,2025-01-28 22:40
6578,completed,2025-04-10 19:46
6579,completed,2025-06-28 14:00
6580,completed,2025-08-30 02:08
6581,completed,2025-06-23 20:15
6582,completed,2025-09-23 15:28
6583,completed,2024-12-12 21:33
6584,completed,2025-08-12 23:42
6585,completed,2025-06-14 02:39
6586,completed,2025-01-01 14:06
6587,completed,2025-10-02 20:01
6588,completed,2025-07-10 04:25
6589,completed,2025-07-23 08:21
6590,completed,2025-02-26 11:05
6591,completed,2025-08-30 01:52
6592,completed,2025-09-04 14:00
6593,completed,2025-01-02 14:14
6594,completed,2025-10-01 07:53
6595,completed,2025-07-15 16:21
6596,completed,2025-01-07 04:31
6597,completed,2025-11-11 04:51
6598,completed,2025-11-12 12:25
6599,completed,2025-06-12 03:21
6600,completed,2024-12-10 19:45
6601,completed,2025-05-30 06:34
6602,completed,2025-05-23 22:51
6603,completed,2025-06-20 12:16
6604,completed,2025-07-11 02:38
6605,completed,2025-11-07 14:49
6606,completed,2025-07-29 13:35
6607,completed,2025-06-10 08:43
6608,completed,2025-11-21 09:58
6609,completed,2025-11-12 18:17
6610,completed,2025-11-20 23:30
6611,completed,2025-11-23 04:33
6612,completed,2025-03-26 07:56
6613,completed,2025-04-19 21:09
6614,completed,2025-07-28 17:21
6615,completed,2025-11-24 12:04
6616,completed,2025-04-17 23:47
6617,completed,2025-11-23 13:17
6618,completed,2025-05-28 02:40
6619,completed,2025-06-01 18:42
6620,completed,2025-02-17 02:33
6621,completed,2025-06-22 02:13
6622,completed,2025-03-09 16:19
6623,completed,2025-11-10 19:08
6624,completed,2025-04-23 00:07
6625,completed,2025-02-09 23:38
6626,completed,2025-08-07 06:06
6627,completed,2025-08-13 17:35
6628,completed,2025-11-16 08:49
6629,completed,2025-10-11 17:12
6630,completed,2025-10-29 01:58
6631,completed,2025-04-22 11:43
6632,completed,2025-11-17 12:12
6633,completed,2025-04-03 23:32
6634,completed,2025-09-03 14:38
6635,completed,2025-02-21 04:07
6636,completed,2025-06-17 04:08
6637,completed,2025-09-02 20:06
6638,completed,2025-10-03 17:45
6639,completed,2025-09-08 15:12
6640,completed,2025-01-19 18:11
6641,completed,2025-06-09 22:47
6642,completed,2025-02-17 23:39
6643,completed,2024-12-13 05:12
6644,completed,2025-05-02 00:44
6645,completed,2024-12-12 23:10
6646,completed,2025-02-09 22:49
6647,completed,2025-10-11 00:15
6648,completed,2025-02-17 05:37
6649,completed,2025-10-11 12:02
6650,completed,2025-02-26 16:21
6651,completed,2025-05-27 17:02
6652,completed,2025-05-07 18:45
6653,completed,2025-10-18 15:51
6654,completed,2025-02-08 06:10
6655,completed,2025-03-17 07:25
6656,completed,2025-02-02 02:20
6657,completed,2025-04-16 21:51
6658,completed,2025-07-01 13:07
6659,completed,2025-08-01 16:42
6660,completed,2025-07-05 22:37
6661,completed,2025-03-10 11:22
6662,completed,2025-02-16 03:36
6663,completed,2025-07-05 11:18
6664,completed,2025-05-01 11:05
6665,completed,2025-02-19 22:28
6666,completed,2025-05-21 00:28
6667,completed,2025-08-28 10:28
6668,completed,2025-01-08 20:05
6669,completed,2025-05-09 03:21
6670,completed,2025-04-10 13:49
6671,completed,2025-11-01 23:45
6672,completed,2025-09-09 15:59
6673,completed,2025-03-03 23:58
6674,completed,2025-03-12 01:37
6675,completed,2025-02-24 03:40
6676,completed,2025-01-14 09:59
6677,completed,2025-04-07 13:20
6678,completed,2025-10-22 07:59
6679,completed,2025-05-01 15:59
6680,completed,2025-09-21 14:49
6681,completed,2025-01-28 03:53
6682,completed,2025-10-03 02:47
6683,completed,2025-04-06 14:38
6684,completed,2025-05-17 00:28
6685,completed,2025-10-16 18:47
6686,completed,2025-07-26 02:52
6687,completed,2025-07-05 21:26
6688,completed,2025-07-25 13:20
6689,completed,2025-03-11 22:17
6690,completed,2025-05-09 01:08
6691,completed,2025-10-05 03:17
6692,completed,2025-05-13 17:45
6693,completed,2025-03-18 19:12
6694,completed,2025-04-05 18:17
6695,completed,2025-08-09 20:46
6696,completed,2025-09-04 09:40
6697,completed,2025-01-04 04:55
6698,completed,2025-02-14 11:49
6699,completed,2025-09-27 02:35
6700,completed,2025-06-08 19:26
6701,completed,2025-09-26 17:46
6702,completed,2025-07-31 03:47
6703,completed,2025-05-23 04:19
6704,completed,2024-12-19 03:05
6705,completed,2025-04-20 17:11
6706,completed,2025-11-26 23:43
6707,completed,2025-03-16 01:51
6708,completed,2025-03-13 05:05
6709,completed,2025-03-03 13:33
6710,completed,2025-10-29 21:22
6711,completed,2025-10-15 21:39
6712,completed,2025-08-12 14:43
6713,completed,2025-10-13 18:01
6714,completed,2024-12-23 04:04
6715,completed,2025-10-18 21:37
6716,completed,2025-07-10 09:24
6717,completed,2025-05-28 08:28
6718,completed,2025-05-31 09:48
6719,completed,2025-12-05 13:02
6720,completed,2025-08-27 05:52
6721,completed,2025-02-27 14:37
6722,completed,2025-09-11 23:03
6723,completed,2025-11-23 15:45
6724,completed,2025-03-06 11:47
6725,completed,2025-08-25 06:57
6726,completed,2025-06-03 22:31
6727,completed,2025-11-30 07:33
6728,completed,2024-12-09 18:41
6729,completed,2025-10-10 09:39
6730,completed,2025-06-14 18:54
6731,completed,2025-05-02 20:26
6732,completed,2025-07-23 14:33
6733,completed,2025-07-13 04:18
6734,completed,2025-11-12 00:41
6735,completed,2025-08-04 07:30
6736,completed,2025-04-21 10:15
6737,completed,2025-09-27 02:23
6738,completed,2025-04-14 22:16
6739,completed,2025-06-21 22:05
6740,completed,2025-09-14 13:16
6741,completed,2025-07-26 14:31
6742,completed,2025-02-25 08:00
6743,completed,2025-07-18 16:41
6744,completed,2025-01-16 06:26
6745,completed,2025-07-04 04:33
6746,completed,2025-01-11 16:10
6747,completed,2025-07-31 13:55
6748,completed,2025-07-27 22:15
6749,completed,2025-03-21 03:38
6750,completed,2025-10-14 20:30
6751,completed,2025-08-15 05:29
6752,completed,2025-08-02 20:25
6753,completed,2025-02-12 10:23
6754,completed,2025-11-14 22:54
6755,completed,2025-06-07 10:35
6756,completed,2025-09-11 21:37
6757,completed,2025-07-14 08:59
6758,completed,2025-11-17 21:39
6759,completed,2025-10-23 19:32
6760,completed,2025-10-13 08:11
6761,completed,2025-03-18 11:05
6762,completed,2025-05-28 08:10
6763,completed,2025-05-06 12:16
6764,completed,2025-07-16 12:02
6765,completed,2025-12-06 03:15
6766,completed,2024-12-30 06:46
6767,completed,2024-12-26 20:38
6768,completed,2025-10-30 03:09
6769,completed,2025-09-04 23:54
6770,completed,2025-11-10 23:56
6771,completed,2025-11-05 20:11
6772,completed,2025-04-29 12:42
6773,completed,2025-01-30 05:53
6774,completed,2025-04-17 14:07
6775,completed,2024-12-17 08:01
6776,completed,2025-02-15 15:09
6777,completed,2025-04-05 16:49
6778,completed,2025-07-13 03:39
6779,completed,2025-11-04 06:34
6780,completed,2025-03-24 20:45
6781,completed,2025-05-04 03:25
6782,completed,2025-02-08 12:25
6783,completed,2025-05-02 01:09
6784,completed,2025-04-03 16:28
6785,completed,2025-10-06 11:26
6786,completed,2025-02-08 07:58
6787,completed,2025-06-21 15:58
6788,completed,2025-04-24 18:45
6789,completed,2025-11-07 22:51
6790,completed,2025-03-24 03:16
6791,completed,2025-06-03 18:52
6792,completed,2025-07-11 14:59
6793,completed,2024-12-23 06:00
6794,completed,2025-07-27 14:54
6795,completed,2025-03-25 12:22
6796,completed,2025-06-08 05:14
6797,completed,2024-12-10 14:14
6798,completed,2025-05-10 23:31
6799,completed,2025-03-07 14:07
6800,completed,2025-10-04 20:06
6801,completed,2025-05-29 01:16
6802,completed,2025-10-25 20:48
6803,completed,2025-05-11 20:28
6804,completed,2025-05-11 00:29
6805,completed,2025-11-01 13:13
6806,completed,2025-06-27 21:35
6807,completed,2025-07-28 18:20
6808,completed,2025-01-05 04:58
6809,completed,2025-06-02 11:17
6810,completed,2025-08-19 07:18
6811,completed,2025-02-24 06:06
6812,completed,2025-06-07 20:26
6813,completed,2025-08-30 13:26
6814,completed,2025-05-19 01:42
6815,completed,2025-09-06 01:29
6816,completed,2025-02-03 20:39
6817,completed,2025-07-20 20:38
6818,completed,2025-08-15 08:48
6819,completed,2025-09-17 01:03
6820,completed,2025-03-19 11:30
6821,completed,2025-05-05 00:31
6822,completed,2025-09-12 23:11
6823,completed,2025-02-10 05:08
6824,completed,2025-10-24 15:52
6825,completed,2025-02-24 14:19
6826,completed,2025-06-26 09:25
6827,completed,2025-08-07 17:51
6828,completed,2025-03-28 17:29
6829,completed,2025-07-03 21:25
6830,completed,2025-05-26 04:57
6831,completed,2025-09-11 14:10
6832,completed,2025-05-30 15:26
6833,completed,2024-12-29 23:17
6834,completed,2025-03-01 00:36
6835,completed,2025-08-01 16:41
6836,completed,2025-11-05 02:16
6837,completed,2025-11-17 03:13
6838,completed,2025-04-23 09:26
6839,completed,2024-12-30 06:15
6840,completed,2025-01-01 08:40
6841,completed,2025-05-16 12:36
6842,completed,2025-07-22 21:01
6843,completed,2025-11-06 16:52
6844,completed,2025-08-07 19:32
6845,completed,2025-01-07 12:00
6846,completed,2025-10-03 14:12
6847,completed,2025-09-20 21:54
6848,completed,2025-07-31 02:29
6849,completed,2025-09-19 04:34
6850,completed,2025-05-22 05:32
6851,completed,2025-08-22 10:40
6852,completed,2025-05-06 23:24
6853,completed,2025-11-30 10:36
6854,completed,2025-08-06 09:25
6855,completed,2025-11-10 14:05
6856,completed,2024-12-18 22:21
6857,completed,2025-01-10 00:55
6858,completed,2025-08-18 11:48
6859,completed,2025-04-08 04:02
6860,completed,2025-11-27 08:08
6861,completed,2025-10-06 21:36
6862,completed,2025-10-27 06:30
6863,completed,2025-03-31 08:14
6864,completed,2025-04-05 03:31
6865,completed,2025-07-03 15:34
6866,completed,2025-10-01 16:48
6867,completed,2025-10-31 16:57
6868,completed,2025-11-21 00:06
6869,completed,2025-01-17 23:57
6870,completed,2025-08-09 17:49
6871,completed,2025-01-04 01:32
6872,completed,2025-07-14 06:07
6873,completed,2025-07-15 22:25
6874,completed,2025-07-02 17:12
6875,completed,2025-09-02 01:16
6876,completed,2025-08-14 08:41
6877,completed,2024-12-24 23:23
6878,completed,2025-12-04 14:12
6879,completed,2025-02-11 03:25
6880,completed,2024-12-18 17:15
6881,completed,2025-09-10 14:11
6882,completed,2025-08-14 19:07
6883,completed,2025-10-17 17:00
6884,completed,2025-08-18 06:47
6885,completed,2025-08-24 20:55
6886,completed,2025-06-01 18:43
6887,completed,2025-09-04 00:49
6888,completed,2025-06-07 10:05
6889,completed,2025-07-20 09:29
6890,completed,2025-06-28 10:36
6891,completed,2025-07-07 21:44
6892,completed,2025-08-19 22:40
6893,completed,2025-11-04 13:06
6894,completed,2025-11-13 00:46
6895,completed,2025-01-01 12:43
6896,completed,2025-04-05 04:42
6897,completed,2025-07-06 11:26
6898,completed,2025-06-26 14:36
6899,completed,2025-02-12 20:56
6900,completed,2025-11-06 20:31
6901,completed,2024-12-08 22:27
6902,completed,2025-03-16 15:25
6903,completed,2025-06-18 21:09
6904,completed,2025-07-07 16:26
6905,completed,2025-05-04 08:33
6906,completed,2025-06-26 23:10
6907,completed,2025-05-15 03:37
6908,completed,2024-12-19 00:03
6909,completed,2025-02-28 19:12
6910,completed,2025-08-07 11:56
6911,completed,2025-10-26 13:06
6912,completed,2025-02-25 19:25
6913,completed,2025-02-02 01:05
6914,completed,2025-04-18 10:11
6915,completed,2025-06-26 14:18
6916,completed,2025-03-25 22:38
6917,completed,2025-03-29 02:43
6918,completed,2024-12-19 08:48
6919,completed,2025-07-01 07:58
6920,completed,2025-01-29 19:38
6921,completed,2025-07-18 02:52
6922,completed,2025-12-03 22:50
6923,completed,2025-06-14 19:19
6924,completed,2025-11-05 03:10
6925,completed,2024-12-30 18:45
6926,completed,2025-10-29 07:10
6927,completed,2025-09-24 21:14
6928,completed,2025-07-02 17:01
6929,completed,2025-06-18 11:36
6930,completed,2025-11-09 03:17
6931,completed,2025-04-28 05:23
6932,completed,2025-12-04 03:06
6933,completed,2025-08-07 15:57
6934,completed,2025-10-26 07:56
6935,completed,2025-12-06 04:24
6936,completed,2025-02-16 06:14
6937,completed,2025-02-10 07:10
6938,completed,2025-09-02 09:36
6939,completed,2025-03-01 16:46
6940,completed,2025-08-26 04:26
6941,completed,2025-01-12 11:02
6942,completed,2025-12-04 19:35
6943,completed,2025-02-05 06:26
6944,completed,2025-03-02 01:01
6945,completed,2024-12-13 00:08
6946,completed,2025-07-21 12:14
6947,completed,2025-10-06 11:08
6948,completed,2025-06-14 13:59
6949,completed,2025-12-04 20:52
6950,completed,2025-03-07 20:06
6951,completed,2025-07-24 01:28
6952,completed,2025-03-25 16:10
6953,completed,2025-11-01 21:01
6954,completed,2025-11-13 09:51
6955,completed,2025-02-28 10:02
6956,completed,2025-02-23 14:04
6957,completed,2025-06-25 04:05
6958,completed,2025-08-01 18:42
6959,completed,2025-09-13 04:57
6960,completed,2025-04-30 20:17
6961,completed,2025-05-25 10:02
6962,completed,2025-02-21 02:49
6963,completed,2025-11-16 18:46
6964,completed,2025-05-11 08:04
6965,completed,2025-11-18 17:40
6966,completed,2025-08-08 00:18
6967,completed,2025-04-24 12:33
6968,completed,2025-05-02 07:00
6969,completed,2025-02-17 20:31
6970,completed,2025-11-11 02:29
6971,completed,2025-04-01 03:02
6972,completed,2025-06-10 10:29
6973,completed,2025-02-19 06:47
6974,completed,2025-05-11 01:06
6975,completed,2025-02-26 04:49
6976,completed,2025-03-01 23:08
6977,completed,2025-09-27 10:56
6978,completed,2025-05-04 23:08
6979,completed,2024-12-23 05:13
6980,completed,2025-09-26 10:34
6981,completed,2025-06-29 00:18
6982,completed,2025-10-11 19:58
6983,completed,2025-08-25 05:46
6984,completed,2024-12-30 15:39
6985,completed,2025-06-11 08:12
6986,completed,2025-01-06 04:32
6987,completed,2025-11-25 03:42
6988,completed,2025-06-23 03:02
6989,completed,2024-12-14 03:55
6990,completed,2025-10-26 21:53
6991,completed,2025-11-21 00:54
6992,completed,2025-10-23 07:34
6993,completed,2025-05-13 14:34
6994,completed,2025-05-12 18:31
6995,completed,2025-05-21 03:03
6996,completed,2025-02-17 04:54
6997,completed,2025-08-21 19:23
6998,completed,2025-10-31 17:59
6999,completed,2025-01-11 16:39
7000,completed,2025-08-09 15:21
7001,completed,2025-03-15 08:06
7002,completed,2025-07-21 03:13
7003,completed,2025-06-24 18:04
7004,completed,2025-04-18 18:35
7005,completed,2025-08-13 10:09
7006,completed,2025-10-10 05:05
7007,completed,2025-01-27 14:44
7008,completed,2025-04-24 02:45
7009,completed,2025-07-23 22:30
7010,completed,2025-09-01 04:20
7011,completed,2025-09-14 11:39
7012,completed,2025-08-31 23:46
7013,completed,2025-10-31 20:35
7014,completed,2025-02-01 17:23
7015,completed,2025-08-30 21:22
7016,completed,2025-09-08 23:47
7017,completed,2025-05-11 17:56
7018,completed,2025-03-25 19:38
7019,completed,2025-10-11 03:21
7020,completed,2025-04-17 19:17
7021,completed,2025-02-13 22:20
7022,completed,2025-08-07 20:50
7023,completed,2025-01-12 19:01
7024,completed,2025-06-20 16:47
7025,completed,2025-12-06 21:50
7026,completed,2025-04-28 17:34
7027,completed,2025-01-20 23:22
7028,completed,2024-12-11 21:38
7029,completed,2025-08-01 14:11
7030,completed,2025-09-27 09:38
7031,completed,2025-01-12 10:30
7032,completed,2025-03-04 23:17
7033,completed,2025-09-27 12:42
7034,completed,2025-09-13 13:45
7035,completed,2025-09-15 03:12
7036,completed,2025-10-17 16:17
7037,completed,2025-06-02 16:04
7038,completed,2025-03-19 09:38
7039,completed,2025-12-06 08:02
7040,completed,2025-11-29 21:45
7041,completed,2025-11-10 07:08
7042,completed,2025-09-05 21:34
7043,completed,2025-02-24 17:39
7044,completed,2025-08-08 13:39
7045,completed,2025-04-29 23:07
7046,completed,2025-06-07 08:50
7047,completed,2025-08-20 09:31
7048,completed,2025-09-29 12:08
7049,completed,2025-04-20 01:26
7050,completed,2025-05-01 17:08
7051,completed,2025-04-02 20:53
7052,completed,2025-11-26 18:20
7053,completed,2025-08-09 11:27
7054,completed,2025-02-20 07:03
7055,completed,2025-11-16 00:55
7056,completed,2025-03-14 10:18
7057,completed,2025-08-23 02:10
7058,completed,2025-01-18 13:58
7059,completed,2025-07-05 17:01
7060,completed,2025-11-12 15:02
7061,completed,2025-07-10 12:00
7062,completed,2025-07-17 08:49
7063,completed,2025-09-16 16:27
7064,completed,2025-11-04 19:19
7065,completed,2025-08-27 03:54
7066,completed,2025-07-26 07:43
7067,completed,2025-03-16 00:46
7068,completed,2025-05-15 07:06
7069,completed,2025-07-24 13:21
7070,completed,2025-09-24 19:41
7071,completed,2025-03-19 17:12
7072,completed,2025-08-17 19:33
7073,completed,2025-05-28 07:23
7074,completed,2025-05-07 09:55
7075,completed,2025-06-07 05:06
7076,completed,2025-08-22 16:44
7077,completed,2025-07-23 05:54
7078,completed,2025-07-26 05:33
7079,completed,2025-06-29 00:12
7080,completed,2025-02-06 22:54
7081,completed,2025-04-07 11:22
7082,completed,2025-05-27 18:07
7083,completed,2025-08-28 14:36
7084,completed,2025-07-26 16:35
7085,completed,2025-03-07 15:51
7086,completed,2024-12-13 20:25
7087,completed,2025-07-21 21:14
7088,completed,2025-10-05 09:54
7089,completed,2025-01-14 11:23
7090,completed,2025-01-03 11:41
7091,completed,2025-08-04 00:49
7092,completed,2025-09-26 14:32
7093,completed,2025-02-18 21:58
7094,completed,2025-07-23 00:01
7095,completed,2025-06-03 08:23
7096,completed,2025-04-28 02:31
7097,completed,2025-01-27 23:12
7098,completed,2025-11-22 07:55
7099,completed,2025-08-23 21:50
7100,completed,2025-05-19 19:35
7101,completed,2025-05-15 18:29
7102,completed,2025-07-08 21:16
7103,completed,2025-09-17 12:30
7104,completed,2025-05-31 02:30
7105,completed,2025-08-13 10:23
7106,completed,2025-09-08 16:41
7107,completed,2025-05-25 02:46
7108,completed,2025-05-22 22:02
7109,completed,2025-10-07 10:20
7110,completed,2025-06-22 19:40
7111,completed,2025-08-08 06:35
7112,completed,2025-07-13 02:04
7113,completed,2025-06-01 15:54
7114,completed,2025-09-28 08:40
7115,completed,2025-06-29 16:32
7116,completed,2025-06-27 16:15
7117,completed,2025-04-08 14:57
7118,completed,2025-03-16 01:51
7119,completed,2025-02-07 20:11
7120,completed,2025-06-23 02:59
7121,completed,2025-02-07 04:20
7122,completed,2025-10-01 12:18
7123,completed,2025-03-14 22:51
7124,completed,2025-05-21 20:03
7125,completed,2025-03-17 22:51
7126,completed,2025-06-03 13:11
7127,completed,2025-08-19 14:03
7128,completed,2025-10-17 09:26
7129,completed,2025-09-29 02:31
7130,completed,2025-09-24 00:02
7131,completed,2025-10-12 03:19
7132,completed,2024-12-20 07:25
7133,completed,2025-02-20 16:58
7134,completed,2025-07-22 23:27
7135,completed,2025-06-09 20:57
7136,completed,2025-08-12 20:34
7137,completed,2025-04-11 04:01
7138,completed,2025-04-02 06:28
7139,completed,2025-11-30 05:12
7140,completed,2025-09-24 12:59
7141,completed,2025-11-16 07:45
7142,completed,2024-12-29 10:10
7143,completed,2025-11-18 01:20
7144,completed,2025-04-02 06:36
7145,completed,2025-05-16 02:49
7146,completed,2025-03-04 17:37
7147,completed,2025-06-06 11:33
7148,completed,2025-12-04 15:44
7149,completed,2025-02-01 04:03
7150,completed,2025-02-14 01:09
7151,completed,2025-03-31 00:50
7152,completed,2025-07-22 11:37
7153,completed,2025-01-21 18:50
7154,completed,2025-04-15 08:03
7155,completed,2025-08-19 10:34
7156,completed,2025-01-04 14:58
7157,completed,2025-05-08 05:00
7158,completed,2025-08-02 05:56
7159,completed,2025-08-18 01:24
7160,completed,2025-10-26 17:17
7161,completed,2024-12-11 22:29
7162,completed,2025-05-25 13:04
7163,completed,2025-09-01 13:26
7164,completed,2025-07-11 02:11
7165,completed,2025-05-20 22:35
7166,completed,2025-03-06 14:01
7167,completed,2025-05-22 11:57
7168,completed,2025-07-23 11:25
7169,completed,2025-01-12 20:17
7170,completed,2025-02-04 14:59
7171,completed,2025-11-06 06:23
7172,completed,2025-05-28 02:15
7173,completed,2025-09-10 23:49
7174,completed,2025-04-27 23:17
7175,completed,2025-09-27 09:09
7176,completed,2025-11-11 15:51
7177,completed,2025-07-18 05:43
7178,completed,2025-05-16 15:45
7179,completed,2025-06-25 10:11
7180,completed,2025-01-18 16:32
7181,completed,2025-04-22 14:11
7182,completed,2025-11-11 10:23
7183,completed,2025-10-30 13:27
7184,completed,2025-03-17 00:20
7185,completed,2025-09-19 16:30
7186,completed,2025-02-07 13:21
7187,completed,2025-06-26 07:52
7188,completed,2025-10-23 20:24
7189,completed,2025-03-17 07:17
7190,completed,2024-12-21 15:33
7191,completed,2025-10-03 19:21
7192,completed,2025-09-15 21:40
7193,completed,2025-10-07 07:31
7194,completed,2025-09-19 01:04
7195,completed,2025-07-27 19:33
7196,completed,2025-07-30 08:57
7197,completed,2025-01-14 05:12
7198,completed,2025-12-02 13:01
7199,completed,2025-08-30 18:30
7200,completed,2025-08-23 01:38
7201,completed,2025-02-20 19:08
7202,completed,2025-03-15 21:21
7203,completed,2025-03-11 04:26
7204,completed,2025-09-16 21:47
7205,completed,2025-10-08 08:02
7206,completed,2025-10-07 20:22
7207,completed,2025-11-24 08:28
7208,completed,2025-08-22 17:24
7209,completed,2025-02-06 23:56
7210,completed,2025-06-23 23:25
7211,completed,2025-11-04 19:10
7212,completed,2025-06-08 12:54
7213,completed,2025-04-19 20:42
7214,completed,2025-05-06 09:14
7215,completed,2025-07-04 11:48
7216,completed,2025-02-24 20:13
7217,completed,2025-01-15 16:13
7218,completed,2025-09-02 21:39
7219,completed,2024-12-27 12:07
7220,completed,2025-06-30 18:25
7221,completed,2024-12-25 09:44
7222,completed,2025-11-10 08:04
7223,completed,2025-06-05 11:04
7224,completed,2025-02-15 16:30
7225,completed,2025-01-23 12:38
7226,completed,2025-09-05 04:16
7227,completed,2025-01-06 15:32
7228,completed,2025-12-04 10:29
7229,completed,2025-02-27 06:46
7230,completed,2025-10-22 07:37
7231,completed,2025-07-12 15:08
7232,completed,2025-06-19 06:07
7233,completed,2025-06-26 14:09
7234,completed,2025-09-12 05:42
7235,completed,2025-03-23 13:37
7236,completed,2025-04-02 00:15
7237,completed,2025-01-02 19:58
7238,completed,2025-06-02 14:21
7239,completed,2025-09-11 21:54
7240,completed,2025-09-02 18:25
7241,completed,2025-01-23 15:55
7242,completed,2025-10-13 00:34
7243,completed,2025-08-06 15:04
7244,completed,2025-05-02 02:37
7245,completed,2025-04-04 18:04
7246,completed,2025-09-21 14:56
7247,completed,2025-04-18 14:35
7248,completed,2025-10-20 08:18
7249,completed,2025-09-26 15:32
7250,completed,2025-01-09 07:51
7251,completed,2025-09-09 16:23
7252,completed,2025-01-27 22:06
7253,completed,2025-02-06 13:43
7254,completed,2025-05-26 15:36
7255,completed,2025-12-04 17:29
7256,completed,2025-10-06 21:12
7257,completed,2025-07-01 18:19
7258,completed,2025-05-11 10:58
7259,completed,2025-01-16 09:03
7260,completed,2025-03-30 00:12
7261,completed,2025-06-08 20:29
7262,completed,2025-01-25 03:51
7263,completed,2025-08-04 15:55
7264,completed,2025-06-03 08:44
7265,completed,2025-04-29 12:07
7266,completed,2024-12-26 20:58
7267,completed,2024-12-10 10:29
7268,completed,2025-05-09 01:07
7269,completed,2025-02-02 15:01
7270,completed,2025-02-04 02:14
7271,completed,2025-07-13 11:07
7272,completed,2025-05-21 06:31
7273,completed,2025-04-16 01:46
7274,completed,2025-02-19 12:05
7275,completed,2025-11-18 16:16
7276,completed,2025-04-20 17:49
7277,completed,2025-08-19 08:45
7278,completed,2024-12-31 12:23
7279,completed,2025-06-25 18:12
7280,completed,2025-01-22 13:03
7281,completed,2024-12-12 01:05
7282,completed,2024-12-17 23:30
7283,completed,2025-06-11 11:22
7284,completed,2025-02-05 23:04
7285,completed,2025-04-08 09:48
7286,completed,2025-03-11 04:05
7287,completed,2025-10-23 12:14
7288,completed,2025-01-07 17:57
7289,completed,2025-07-09 05:11
7290,completed,2025-11-03 00:27
7291,completed,2025-09-20 16:09
7292,completed,2025-03-17 02:41
7293,completed,2025-08-14 01:24
7294,completed,2025-09-01 03:58
7295,completed,2025-01-28 23:43
7296,completed,2025-09-29 07:05
7297,completed,2025-06-04 14:09
7298,completed,2025-09-13 03:43
7299,completed,2025-03-20 06:21
7300,completed,2025-10-12 00:46
7301,completed,2025-11-05 19:39
7302,completed,2025-09-13 02:17
7303,completed,2025-09-19 00:49
7304,completed,2025-09-08 02:10
7305,completed,2025-05-03 14:09
7306,completed,2025-01-25 12:17
7307,completed,2025-05-03 12:49
7308,completed,2025-02-01 02:03
7309,completed,2025-05-10 20:24
7310,completed,2024-12-23 06:15
7311,completed,2025-09-22 14:42
7312,completed,2025-01-28 01:04
7313,completed,2025-05-20 22:52
7314,completed,2025-01-04 16:46
7315,completed,2025-11-30 05:59
7316,completed,2025-04-08 20:42
7317,completed,2024-12-30 18:57
7318,completed,2025-07-13 18:36
7319,completed,2025-03-15 06:05
7320,completed,2025-02-16 15:42
7321,completed,2025-09-26 16:28
7322,completed,2025-11-11 08:33
7323,completed,2025-07-10 11:58
7324,completed,2024-12-15 12:18
7325,completed,2025-09-06 01:52
7326,completed,2025-04-14 05:32
7327,completed,2024-12-27 16:21
7328,completed,2025-03-17 18:18
7329,completed,2025-07-24 15:58
7330,completed,2025-07-11 00:44
7331,completed,2025-04-15 15:04
7332,completed,2025-05-19 06:31
7333,completed,2025-01-22 18:57
7334,completed,2025-01-07 22:39
7335,completed,2025-04-26 14:40
7336,completed,2025-06-26 23:22
7337,completed,2025-03-10 18:19
7338,completed,2025-02-07 14:17
7339,completed,2025-05-26 13:39
7340,completed,2025-04-06 19:52
7341,completed,2025-04-17 01:36
7342,completed,2025-02-15 09:13
7343,completed,2025-11-29 12:59
7344,completed,2025-02-24 16:09
7345,completed,2025-01-24 14:18
7346,completed,2025-04-05 11:17
7347,completed,2025-10-04 11:25
7348,completed,2024-12-17 03:04
7349,completed,2025-03-13 22:13
7350,completed,2025-10-28 09:48
7351,completed,2025-08-16 11:02
7352,completed,2025-11-23 12:29
7353,completed,2025-02-10 17:03
7354,completed,2025-07-13 07:25
7355,completed,2025-06-23 12:23
7356,completed,2025-04-17 21:19
7357,completed,2024-12-17 09:20
7358,completed,2025-03-06 08:12
7359,completed,2025-06-24 04:39
7360,completed,2025-06-06 22:04
7361,completed,2025-08-27 23:26
7362,completed,2025-06-23 11:40
7363,completed,2025-01-11 17:02
7364,completed,2025-11-03 23:50
7365,completed,2025-05-25 15:56
7366,completed,2025-07-07 18:47
7367,completed,2025-04-15 11:28
7368,completed,2025-07-25 22:52
7369,completed,2025-07-03 01:55
7370,completed,2025-09-17 06:16
7371,completed,2025-03-24 15:46
7372,completed,2025-01-25 20:16
7373,completed,2024-12-25 05:11
7374,completed,2025-06-26 20:31
7375,completed,2025-11-21 21:25
7376,completed,2025-03-10 08:51
7377,completed,2025-01-25 04:59
7378,completed,2025-04-01 06:54
7379,completed,2025-04-27 12:14
7380,completed,2025-05-29 13:49
7381,completed,2025-03-12 21:38
7382,completed,2025-06-30 23:13
7383,completed,2025-06-06 21:27
7384,completed,2025-11-14 23:43
7385,completed,2025-06-20 15:47
7386,completed,2025-09-23 06:30
7387,completed,2025-03-14 12:42
7388,completed,2025-09-28 23:36
7389,completed,2025-06-05 18:21
7390,completed,2025-07-21 16:48
7391,completed,2025-05-07 16:57
7392,completed,2025-10-24 19:11
7393,completed,2025-01-31 16:45
7394,completed,2025-09-02 13:48
7395,completed,2025-09-08 07:08
7396,completed,2025-04-01 21:48
7397,completed,2025-05-05 10:51
7398,completed,2025-05-18 16:54
7399,completed,2025-03-21 17:51
7400,completed,2025-03-13 06:16
7401,completed,2025-03-25 08:22
7402,completed,2025-06-07 10:22
7403,completed,2025-07-31 18:30
7404,completed,2025-06-01 19:12
7405,completed,2025-02-08 14:54
7406,completed,2025-04-18 01:59
7407,completed,2025-04-14 03:47
7408,completed,2024-12-29 17:50
7409,completed,2025-05-11 05:41
7410,completed,2025-10-19 11:32
7411,completed,2025-08-16 18:30
7412,completed,2025-01-06 11:05
7413,completed,2025-09-21 03:12
7414,completed,2025-10-21 20:42
7415,completed,2024-12-30 08:24
7416,completed,2024-12-11 00:02
7417,completed,2025-05-15 04:23
7418,completed,2025-07-03 09:55
7419,completed,2024-12-09 13:49
7420,completed,2025-09-17 04:26
7421,completed,2025-11-16 07:28
7422,completed,2025-06-07 06:40
7423,completed,2025-09-18 04:43
7424,completed,2025-02-13 21:39
7425,completed,2025-03-14 18:18
7426,completed,2025-08-11 12:08
7427,completed,2025-05-14 04:09
7428,completed,2025-01-23 09:02
7429,completed,2025-04-22 06:15
7430,completed,2025-01-26 07:57
7431,completed,2025-06-15 17:47
7432,completed,2025-07-27 11:05
7433,completed,2025-07-23 17:21
7434,completed,2025-08-09 05:12
7435,completed,2025-06-29 03:35
7436,completed,2025-04-26 11:58
7437,completed,2025-07-27 15:03
7438,completed,2025-04-21 13:18
7439,completed,2025-01-13 15:41
7440,completed,2025-11-06 19:15
7441,completed,2025-04-27 07:24
7442,completed,2025-06-07 07:19
7443,completed,2025-04-09 10:53
7444,completed,2025-05-14 05:31
7445,completed,2025-10-19 16:31
7446,completed,2025-07-21 22:27
7447,completed,2024-12-29 09:44
7448,completed,2025-11-07 00:17
7449,completed,2025-12-02 19:04
7450,completed,2025-04-19 21:59
7451,completed,2025-04-26 08:43
7452,completed,2025-10-25 02:09
7453,completed,2024-12-09 19:42
7454,completed,2025-04-19 17:33
7455,completed,2025-05-15 11:29
7456,completed,2025-08-20 09:04
7457,completed,2025-02-02 07:53
7458,completed,2025-10-07 09:46
7459,completed,2025-05-25 18:40
7460,completed,2024-12-22 21:25
7461,completed,2025-07-17 21:38
7462,completed,2025-06-12 21:48
7463,completed,2025-02-15 13:07
7464,completed,2025-01-24 23:56
7465,completed,2025-03-11 16:08
7466,completed,2025-02-26 15:28
7467,completed,2025-02-24 11:58
7468,completed,2025-03-31 02:46
7469,completed,2025-11-12 07:03
7470,completed,2025-08-08 18:57
7471,completed,2025-03-05 21:59
7472,completed,2025-08-15 16:57
7473,completed,2025-05-13 04:13
7474,completed,2024-12-10 19:01
7475,completed,2025-01-12 20:21
7476,completed,2025-09-01 19:42
7477,completed,2024-12-31 16:46
7478,completed,2024-12-23 07:13
7479,completed,2025-05-18 08:53
7480,completed,2025-10-19 12:35
7481,completed,2025-03-02 00:20
7482,completed,2025-10-17 16:56
7483,completed,2025-11-03 08:29
7484,completed,2025-03-12 16:30
7485,completed,2024-12-19 13:25
7486,completed,2025-11-25 06:19
7487,completed,2025-02-28 11:21
7488,completed,2025-06-02 00:40
7489,completed,2025-09-28 08:59
7490,completed,2025-04-15 18:26
7491,completed,2025-01-25 12:55
7492,completed,2025-01-03 02:38
7493,completed,2025-09-28 12:30
7494,completed,2025-11-18 15:42
7495,completed,2025-11-02 16:04
7496,completed,2025-07-13 23:03
7497,completed,2025-07-09 18:02
7498,completed,2024-12-30 03:00
7499,completed,2025-11-19 08:46
7500,completed,2025-09-01 15:57
7501,completed,2025-03-10 09:28
7502,completed,2025-06-04 20:26
7503,completed,2025-09-23 23:56
7504,completed,2025-01-17 06:48
7505,completed,2025-05-05 06:08
7506,completed,2025-01-04 21:12
7507,completed,2025-08-25 15:20
7508,completed,2025-07-03 19:37
7509,completed,2025-03-15 22:18
7510,completed,2025-02-05 19:09
7511,completed,2025-07-05 12:58
7512,completed,2025-03-11 18:14
7513,completed,2025-04-06 20:52
7514,completed,2025-05-15 13:49
7515,completed,2025-12-02 22:56
7516,completed,2025-08-13 00:12
7517,completed,2025-11-18 08:31
7518,completed,2025-05-25 01:38
7519,completed,2025-07-07 03:51
7520,completed,2025-10-07 15:06
7521,completed,2025-11-10 03:24
7522,completed,2025-02-04 10:39
7523,completed,2025-09-30 23:04
7524,completed,2025-05-15 19:46
7525,completed,2025-08-24 13:20
7526,completed,2025-11-30 04:20
7527,completed,2025-11-07 01:39
7528,completed,2025-02-26 23:14
7529,completed,2025-05-17 22:20
7530,completed,2025-12-03 02:41
7531,completed,2025-05-06 03:44
7532,completed,2025-10-31 11:59
7533,completed,2025-04-13 18:47
7534,completed,2025-02-13 17:57
7535,completed,2024-12-21 22:55
7536,completed,2025-07-31 13:21
7537,completed,2025-06-22 10:25
7538,completed,2025-05-02 18:35
7539,completed,2025-06-18 16:37
7540,completed,2025-03-29 00:40
7541,completed,2025-07-09 03:27
7542,completed,2025-06-22 01:58
7543,completed,2025-01-05 06:08
7544,completed,2025-11-14 03:22
7545,completed,2025-04-20 16:54
7546,completed,2025-07-24 17:36
7547,completed,2025-10-13 08:50
7548,completed,2025-12-04 05:22
7549,completed,2025-07-01 05:10
7550,completed,2025-01-22 02:39
7551,completed,2025-09-15 08:06
7552,completed,2025-11-05 13:35
7553,completed,2025-10-15 08:14
7554,completed,2025-07-15 06:50
7555,completed,2025-01-12 01:01
7556,completed,2025-02-10 17:38
7557,completed,2025-08-03 12:35
7558,completed,2025-05-02 06:46
7559,completed,2024-12-09 17:38
7560,completed,2025-05-18 11:51
7561,completed,2025-05-18 04:49
7562,completed,2025-10-28 00:47
7563,completed,2024-12-13 03:26
7564,completed,2025-03-23 17:18
7565,completed,2025-03-28 13:51
7566,completed,2025-09-15 19:06
7567,completed,2025-10-23 18:27
7568,completed,2024-12-09 21:28
7569,completed,2025-07-26 21:56
7570,completed,2024-12-15 05:58
7571,completed,2025-06-22 17:59
7572,completed,2025-02-04 02:38
7573,completed,2025-05-30 14:11
7574,completed,2025-05-17 22:16
7575,completed,2025-06-29 04:18
7576,completed,2025-07-23 06:32
7577,completed,2025-07-11 14:03
7578,completed,2025-10-08 14:58
7579,completed,2025-04-24 17:31
7580,completed,2025-07-30 05:18
7581,completed,2025-11-17 19:03
7582,completed,2025-08-30 03:51
7583,completed,2025-08-19 23:20
7584,completed,2025-02-04 22:24
7585,completed,2025-12-04 14:55
7586,completed,2025-10-13 08:36
7587,completed,2025-06-20 15:15
7588,completed,2025-11-15 05:31
7589,completed,2025-06-05 09:03
7590,completed,2024-12-17 10:29
7591,completed,2025-04-13 14:49
7592,completed,2025-08-27 17:43
7593,completed,2025-01-11 08:25
7594,completed,2025-04-05 17:12
7595,completed,2025-06-18 13:22
7596,completed,2025-09-01 19:33
7597,completed,2025-09-06 03:35
7598,completed,2025-12-02 08:51
7599,completed,2025-07-01 08:26
7600,completed,2025-11-17 04:01
7601,completed,2025-01-24 05:40
7602,completed,2025-04-16 21:33
7603,completed,2025-02-06 01:12
7604,completed,2025-07-01 22:06
7605,completed,2025-04-07 07:33
7606,completed,2024-12-19 13:46
7607,completed,2025-02-14 22:41
7608,completed,2025-02-22 07:27
7609,completed,2025-02-08 00:15
7610,completed,2025-01-04 06:03
7611,completed,2025-02-09 08:26
7612,completed,2025-03-07 05:22
7613,completed,2025-06-15 06:52
7614,completed,2025-01-12 12:07
7615,completed,2025-06-12 20:41
7616,completed,2025-01-06 03:06
7617,completed,2025-05-09 21:32
7618,completed,2025-05-31 17:02
7619,completed,2025-08-25 07:30
7620,completed,2025-01-27 12:51
7621,completed,2024-12-31 20:33
7622,completed,2025-02-13 14:27
7623,completed,2025-10-29 22:50
7624,completed,2025-11-01 05:00
7625,completed,2025-11-08 20:09
7626,completed,2025-09-30 21:10
7627,completed,2025-07-11 17:20
7628,completed,2025-01-08 09:21
7629,completed,2025-04-24 02:13
7630,completed,2025-10-09 10:36
7631,completed,2025-05-08 23:09
7632,completed,2025-06-21 15:46
7633,completed,2025-07-27 04:54
7634,completed,2025-07-10 16:31
7635,completed,2025-06-10 04:53
7636,completed,2024-12-19 01:46
7637,completed,2025-07-13 03:00
7638,completed,2024-12-22 10:59
7639,completed,2025-04-08 21:08
7640,completed,2025-06-06 01:04
7641,completed,2025-07-15 04:12
7642,completed,2025-06-29 07:29
7643,completed,2025-06-13 02:00
7644,completed,2025-06-13 16:59
7645,completed,2025-03-20 11:38
7646,completed,2025-11-08 01:12
7647,completed,2025-09-07 23:26
7648,completed,2025-04-07 22:48
7649,completed,2025-10-14 13:52
7650,completed,2025-06-06 08:10
7651,completed,2025-04-02 23:13
7652,completed,2025-07-29 06:36
7653,completed,2025-07-10 06:13
7654,completed,2025-03-14 02:42
7655,completed,2025-08-05 06:11
7656,completed,2025-06-21 04:10
7657,completed,2025-04-29 07:58
7658,completed,2025-11-11 14:46
7659,completed,2025-07-08 11:28
7660,completed,2025-09-14 10:48
7661,completed,2025-05-18 15:07
7662,completed,2025-05-06 08:57
7663,completed,2025-09-14 07:43
7664,completed,2025-08-20 16:25
7665,completed,2025-03-13 10:58
7666,completed,2025-04-24 02:37
7667,completed,2025-07-07 12:49
7668,completed,2025-02-10 18:21
7669,completed,2025-10-03 02:35
7670,completed,2025-08-30 18:47
7671,completed,2025-05-15 18:36
7672,completed,2025-03-16 19:19
7673,completed,2025-03-29 08:39
7674,completed,2025-04-14 11:16
7675,completed,2025-03-07 00:53
7676,completed,2025-04-05 20:56
7677,completed,2025-06-28 05:36
7678,completed,2025-08-04 07:05
7679,completed,2025-05-07 03:12
7680,completed,2024-12-30 18:42
7681,completed,2025-03-31 09:56
7682,completed,2025-10-03 07:16
7683,completed,2025-05-01 08:27
7684,completed,2025-12-06 03:55
7685,completed,2025-02-26 01:22
7686,completed,2025-10-01 08:48
7687,completed,2024-12-08 12:20
7688,completed,2025-04-02 08:47
7689,completed,2025-04-12 04:30
7690,completed,2025-03-24 22:45
7691,completed,2025-02-01 03:19
7692,completed,2025-12-03 19:02
7693,completed,2025-07-01 07:55
7694,completed,2025-08-28 21:15
7695,completed,2025-06-23 04:50
7696,completed,2025-08-03 13:29
7697,completed,2025-01-04 06:35
7698,completed,2025-06-23 04:22
7699,completed,2025-10-18 02:33
7700,completed,2025-09-28 23:58
7701,completed,2024-12-19 04:55
7702,completed,2025-04-21 15:33
7703,completed,2025-08-19 05:27
7704,completed,2024-12-21 14:29
7705,completed,2025-06-01 00:30
7706,completed,2025-06-06 07:08
7707,completed,2025-07-01 06:24
7708,completed,2025-01-20 04:02
7709,completed,2025-04-13 11:40
7710,completed,2025-10-05 18:30
7711,completed,2025-08-03 23:57
7712,completed,2025-10-21 15:10
7713,completed,2025-01-31 09:57
7714,completed,2024-12-08 21:39
7715,completed,2025-08-29 11:15
7716,completed,2025-06-25 13:48
7717,completed,2025-09-08 04:26
7718,completed,2025-11-25 19:39
7719,completed,2025-03-06 09:04
7720,completed,2025-10-14 06:34
7721,completed,2025-07-15 03:53
7722,completed,2025-12-04 20:11
7723,completed,2025-07-28 18:10
7724,completed,2025-09-04 00:56
7725,completed,2025-05-06 09:18
7726,completed,2025-02-15 18:56
7727,completed,2025-06-05 05:59
7728,completed,2025-11-08 08:09
7729,completed,2025-04-28 23:19
7730,completed,2025-01-20 05:11
7731,completed,2025-11-21 01:43
7732,completed,2025-02-04 04:52
7733,completed,2025-05-04 11:50
7734,completed,2025-09-10 09:20
7735,completed,2025-11-02 15:48
7736,completed,2025-09-07 18:42
7737,completed,2025-10-24 22:57
7738,completed,2025-03-16 03:27
7739,completed,2025-07-10 21:21
7740,completed,2025-08-04 16:33
7741,completed,2025-06-23 11:03
7742,completed,2025-06-03 18:56
7743,completed,2025-11-26 00:59
7744,completed,2024-12-31 06:57
7745,completed,2025-11-04 21:28
7746,completed,2025-07-11 07:00
7747,completed,2025-04-04 10:40
7748,completed,2025-09-21 03:30
7749,completed,2025-02-15 06:33
7750,completed,2025-09-10 06:38
7751,completed,2025-10-25 17:17
7752,completed,2025-05-31 22:49
7753,completed,2025-10-13 14:21
7754,completed,2024-12-25 08:15
7755,completed,2024-12-27 10:44
7756,completed,2025-05-17 16:56
7757,completed,2025-03-29 14:17
7758,completed,2025-09-12 13:02
7759,completed,2024-12-12 10:12
7760,completed,2025-02-05 15:17
7761,completed,2025-07-29 16:50
7762,completed,2025-07-17 12:05
7763,completed,2025-03-19 17:31
7764,completed,2024-12-19 09:11
7765,completed,2025-07-27 08:21
7766,completed,2025-08-01 15:54
7767,completed,2025-09-29 15:59
7768,completed,2025-08-22 08:02
7769,completed,2025-10-05 17:29
7770,completed,2025-10-01 10:06
7771,completed,2025-01-21 14:56
7772,completed,2025-05-31 19:01
7773,completed,2025-01-03 11:41
7774,completed,2025-09-22 14:46
7775,completed,2025-10-06 11:46
7776,completed,2025-09-25 11:45
7777,completed,2025-05-14 07:26
7778,completed,2025-11-15 18:30
7779,completed,2025-02-23 20:08
7780,completed,2025-07-14 20:35
7781,completed,2025-03-09 11:35
7782,completed,2025-07-04 00:49
7783,completed,2025-05-25 09:24
7784,completed,2024-12-24 00:08
7785,completed,2025-02-02 08:31
7786,completed,2025-10-05 11:42
7787,completed,2025-02-08 14:53
7788,completed,2025-07-01 04:53
7789,completed,2025-02-15 16:43
7790,completed,2025-10-03 20:41
7791,completed,2025-03-16 03:16
7792,completed,2025-06-06 14:35
7793,completed,2025-03-30 02:45
7794,completed,2025-09-21 07:06
7795,completed,2025-03-30 21:54
7796,completed,2025-07-21 09:35
7797,completed,2025-03-30 02:47
7798,completed,2025-09-09 16:31
7799,completed,2025-06-30 04:59
7800,completed,2025-09-01 00:52
7801,completed,2025-06-23 11:30
7802,completed,2025-04-04 20:32
7803,completed,2025-10-30 04:12
7804,completed,2025-06-22 22:38
7805,completed,2025-01-30 07:46
7806,completed,2025-10-29 08:01
7807,completed,2025-10-05 14:13
7808,completed,2025-02-01 15:01
7809,completed,2025-11-12 03:38
7810,completed,2025-08-03 04:34
7811,completed,2025-03-15 15:50
7812,completed,2025-08-24 02:55
7813,completed,2025-07-04 09:54
7814,completed,2025-09-21 20:29
7815,completed,2025-08-13 17:25
7816,completed,2025-11-27 20:27
7817,completed,2025-10-21 05:16
7818,completed,2025-06-14 10:24
7819,completed,2025-10-18 22:55
7820,completed,2025-09-23 05:57
7821,completed,2025-10-19 12:02
7822,completed,2025-05-10 05:58
7823,completed,2025-03-24 03:27
7824,completed,2025-11-19 23:56
7825,completed,2025-03-01 17:28
7826,completed,2025-10-25 14:29
7827,completed,2025-02-14 01:26
7828,completed,2025-01-22 07:49
7829,completed,2025-05-22 23:22
7830,completed,2025-08-30 19:38
7831,completed,2025-08-05 15:45
7832,completed,2025-03-29 15:07
7833,completed,2025-06-24 23:58
7834,completed,2025-06-01 15:08
7835,completed,2025-08-02 14:40
7836,completed,2025-03-11 20:54
7837,completed,2025-02-03 01:28
7838,completed,2025-04-07 03:29
7839,completed,2025-07-16 21:06
7840,completed,2025-09-19 17:21
7841,completed,2025-05-18 18:57
7842,completed,2025-11-29 02:12
7843,completed,2024-12-15 11:58
7844,completed,2025-10-02 09:17
7845,completed,2025-08-11 22:51
7846,completed,2024-12-25 06:28
7847,completed,2025-09-16 11:53
7848,completed,2025-07-15 11:32
7849,completed,2025-06-28 15:37
7850,completed,2025-08-16 12:07
7851,completed,2025-09-02 23:31
7852,completed,2025-08-16 08:23
7853,completed,2025-06-15 04:15
7854,completed,2025-08-06 23:33
7855,completed,2025-07-16 05:10
7856,completed,2025-02-02 15:08
7857,completed,2025-10-03 23:41
7858,completed,2025-11-22 21:54
7859,completed,2025-08-19 06:11
7860,completed,2025-03-23 19:22
7861,completed,2025-07-07 10:36
7862,completed,2025-03-11 08:20
7863,completed,2025-12-03 10:04
7864,completed,2025-04-30 05:37
7865,completed,2025-03-15 22:47
7866,completed,2025-11-21 23:29
7867,completed,2025-06-17 21:39
7868,completed,2025-02-13 14:34
7869,completed,2025-05-06 01:04
7870,completed,2025-05-03 23:11
7871,completed,2025-09-18 00:32
7872,completed,2024-12-13 09:17
7873,completed,2025-10-04 17:55
7874,completed,2025-01-18 11:50
7875,completed,2025-04-14 21:39
7876,completed,2025-10-12 17:09
7877,completed,2025-04-20 23:36
7878,completed,2025-02-06 04:43
7879,completed,2025-02-19 09:33
7880,completed,2025-09-06 18:36
7881,completed,2025-09-19 03:08
7882,completed,2025-04-24 11:07
7883,completed,2025-07-06 17:31
7884,completed,2025-08-19 21:35
7885,completed,2025-01-09 07:07
7886,completed,2024-12-27 19:37
7887,completed,2024-12-13 03:10
7888,completed,2025-11-30 20:41
7889,completed,2025-08-29 15:38
7890,completed,2025-03-18 05:35
7891,completed,2025-09-29 14:23
7892,completed,2025-12-03 09:37
7893,completed,2025-07-10 00:48
7894,completed,2024-12-11 05:24
7895,completed,2025-06-02 11:33
7896,completed,2025-03-21 18:33
7897,completed,2025-08-16 12:21
7898,completed,2025-10-16 16:13
7899,completed,2025-11-16 01:04
7900,completed,2025-02-27 18:21
7901,completed,2025-11-19 15:33
7902,completed,2025-03-30 06:37
7903,completed,2025-07-04 09:20
7904,completed,2024-12-08 17:24
7905,completed,2025-05-10 06:20
7906,completed,2025-02-14 21:35
7907,completed,2025-07-16 10:29
7908,completed,2025-04-19 00:09
7909,completed,2025-03-07 04:54
7910,completed,2025-10-03 19:11
7911,completed,2025-09-07 00:59
7912,completed,2025-04-23 14:32
7913,completed,2025-01-11 22:47
7914,completed,2025-06-20 20:38
7915,completed,2025-02-18 18:56
7916,completed,2025-05-09 15:58
7917,completed,2025-05-22 04:55
7918,completed,2025-09-11 19:24
7919,completed,2025-03-16 02:14
7920,completed,2025-03-01 22:38
7921,completed,2025-03-19 22:26
7922,completed,2025-05-20 02:05
7923,completed,2025-07-02 23:55
7924,completed,2024-12-18 07:51
7925,completed,2025-08-11 14:07
7926,completed,2025-08-03 02:59
7927,completed,2025-02-10 09:15
7928,completed,2025-08-30 15:36
7929,completed,2025-05-03 12:23
7930,completed,2025-06-13 02:38
7931,completed,2025-08-26 01:32
7932,completed,2025-01-19 23:31
7933,completed,2024-12-30 07:55
7934,completed,2025-05-03 15:11
7935,completed,2025-01-27 08:28
7936,completed,2025-06-04 08:24
7937,completed,2025-07-15 14:13
7938,completed,2024-12-11 23:38
7939,completed,2025-07-03 01:27
7940,completed,2025-12-05 13:35
7941,completed,2025-05-09 12:47
7942,completed,2025-05-13 01:10
7943,completed,2025-07-26 01:52
7944,completed,2025-07-09 10:07
7945,completed,2025-07-25 11:15
7946,completed,2025-04-07 09:28
7947,completed,2025-10-14 04:46
7948,completed,2025-05-11 10:22
7949,completed,2025-08-22 04:17
7950,completed,2025-11-14 22:54
7951,completed,2025-07-24 08:50
7952,completed,2025-02-14 05:09
7953,completed,2025-05-05 08:09
7954,completed,2025-08-02 08:42
7955,completed,2025-08-26 06:22
7956,completed,2025-10-22 13:51
7957,completed,2025-09-26 00:36
7958,completed,2025-11-24 03:38
7959,completed,2025-08-09 00:07
7960,completed,2025-09-29 19:18
7961,completed,2025-07-07 13:36
7962,completed,2025-07-30 11:15
7963,completed,2025-08-19 21:13
7964,completed,2025-09-02 02:32
7965,completed,2024-12-23 09:34
7966,completed,2024-12-19 11:38
7967,completed,2025-10-15 08:41
7968,completed,2025-06-29 15:32
7969,completed,2025-11-23 22:18
7970,completed,2025-05-06 12:46
7971,completed,2025-08-19 15:26
7972,completed,2025-06-03 00:59
7973,completed,2025-10-02 02:38
7974,completed,2025-03-05 05:09
7975,completed,2024-12-20 06:34
7976,completed,2025-06-08 14:46
7977,completed,2025-11-05 14:15
7978,completed,2024-12-31 22:06
7979,completed,2025-11-16 18:34
7980,completed,2025-07-25 16:19
7981,completed,2024-12-16 15:42
7982,completed,2025-10-23 23:26
7983,completed,2025-02-01 04:09
7984,completed,2025-04-10 12:44
7985,completed,2025-04-02 03:32
7986,completed,2025-08-06 10:49
7987,completed,2025-07-28 19:30
7988,completed,2025-03-19 13:09
7989,completed,2025-09-17 01:36
7990,completed,2025-08-01 19:44
7991,completed,2025-05-12 15:58
7992,completed,2024-12-09 00:06
7993,completed,2025-03-25 00:36
7994,completed,2025-02-27 16:35
7995,completed,2025-08-07 04:49
7996,completed,2025-11-20 05:45
7997,completed,2025-08-20 00:28
7998,completed,2025-05-30 07:00
7999,completed,2025-07-25 14:05
8000,completed,2025-09-28 11:39
8001,completed,2025-08-18 02:52
8002,completed,2025-11-25 12:46
8003,completed,2025-08-01 22:09
8004,completed,2025-11-30 00:12
8005,completed,2025-04-11 03:37
8006,completed,2025-05-18 07:09
8007,completed,2025-02-27 20:08
8008,completed,2025-11-07 21:12
8009,completed,2025-07-31 04:32
8010,completed,2025-09-15 18:39
8011,completed,2025-03-03 01:55
8012,completed,2025-01-25 11:12
8013,completed,2025-01-31 01:29
8014,completed,2025-01-29 23:22
8015,completed,2024-12-20 07:29
8016,completed,2025-01-07 23:52
8017,completed,2025-07-01 12:42
8018,completed,2025-08-04 15:33
8019,completed,2025-03-19 02:05
8020,completed,2025-07-18 19:32
8021,completed,2025-05-30 02:53
8022,completed,2025-10-28 08:21
8023,completed,2025-06-02 20:30
8024,completed,2025-10-09 19:28
8025,completed,2025-01-06 14:23
8026,completed,2025-12-02 14:02
8027,completed,2025-05-09 14:19
8028,completed,2024-12-16 22:15
8029,completed,2025-12-01 09:26
8030,completed,2025-02-12 07:31
8031,completed,2025-07-26 02:03
8032,completed,2025-11-19 17:11
8033,completed,2025-02-25 02:12
8034,completed,2025-05-05 22:40
8035,completed,2025-03-07 16:58
8036,completed,2025-10-03 06:37
8037,completed,2025-04-25 08:49
8038,completed,2025-03-17 00:07
8039,completed,2025-05-11 07:21
8040,completed,2024-12-30 17:02
8041,completed,2025-05-01 07:25
8042,completed,2025-09-25 07:57
8043,completed,2025-11-22 19:50
8044,completed,2025-01-13 05:43
8045,completed,2025-09-04 16:00
8046,completed,2025-09-22 08:20
8047,completed,2025-05-16 04:54
8048,completed,2025-08-19 14:42
8049,completed,2025-10-03 20:27
8050,completed,2025-02-25 10:27
8051,completed,2025-04-02 10:58
8052,completed,2024-12-19 15:10
8053,completed,2025-10-13 12:10
8054,completed,2025-06-12 13:28
8055,completed,2024-12-14 05:27
8056,completed,2025-11-11 02:08
8057,completed,2025-02-25 16:31
8058,completed,2025-04-17 06:02
8059,completed,2025-07-08 13:08
8060,completed,2025-09-13 17:17
8061,completed,2025-07-03 01:46
8062,completed,2025-11-19 18:28
8063,completed,2025-06-23 20:49
8064,completed,2024-12-26 03:55
8065,completed,2025-11-11 16:48
8066,completed,2024-12-25 05:09
8067,completed,2025-07-30 08:42
8068,completed,2025-07-30 16:36
8069,completed,2025-06-04 02:15
8070,completed,2025-02-12 09:55
8071,completed,2025-04-02 00:33
8072,completed,2025-01-09 11:33
8073,completed,2025-04-19 22:30
8074,completed,2025-04-04 19:01
8075,completed,2025-11-20 19:56
8076,completed,2025-10-20 04:19
8077,completed,2025-02-18 14:35
8078,completed,2025-09-20 14:55
8079,completed,2025-06-18 06:47
8080,completed,2025-11-08 23:01
8081,completed,2025-04-09 15:43
8082,completed,2025-02-06 15:39
8083,completed,2025-02-10 20:27
8084,completed,2024-12-31 04:56
8085,completed,2025-09-05 02:18
8086,completed,2025-03-15 06:13
8087,completed,2025-06-23 00:46
8088,completed,2025-01-17 06:57
8089,completed,2025-03-24 23:16
8090,completed,2025-02-16 01:46
8091,completed,2025-02-19 05:33
8092,completed,2025-01-24 19:33
8093,completed,2025-08-22 04:53
8094,completed,2025-05-17 08:20
8095,completed,2025-07-29 22:03
8096,completed,2025-04-19 17:09
8097,completed,2025-01-08 07:20
8098,completed,2025-10-08 10:44
8099,completed,2025-08-21 00:13
8100,completed,2025-03-25 08:29
8101,completed,2025-03-04 18:08
8102,completed,2025-05-26 08:10
8103,completed,2025-06-07 23:33
8104,completed,2025-08-28 09:01
8105,completed,2025-01-11 09:05
8106,completed,2025-02-20 07:02
8107,completed,2025-08-19 16:41
8108,completed,2025-03-21 10:38
8109,completed,2025-01-01 05:53
8110,completed,2025-11-10 06:49
8111,completed,2025-04-04 22:52
8112,completed,2025-07-18 11:24
8113,completed,2025-01-06 05:02
8114,completed,2025-07-28 14:36
8115,completed,2025-04-11 13:02
8116,completed,2025-06-13 20:52
8117,completed,2024-12-25 15:57
8118,completed,2025-11-24 16:57
8119,completed,2025-01-09 03:20
8120,completed,2024-12-20 07:17
8121,completed,2025-03-14 09:04
8122,completed,2025-06-08 12:56
8123,completed,2025-07-21 10:44
8124,completed,2025-04-27 12:58
8125,completed,2025-03-16 01:40
8126,completed,2025-04-11 12:26
8127,completed,2025-06-25 20:53
8128,completed,2025-09-12 22:26
8129,completed,2025-11-13 22:27
8130,completed,2024-12-30 18:04
8131,completed,2025-06-19 06:53
8132,completed,2025-04-06 21:18
8133,completed,2025-11-15 18:51
8134,completed,2025-06-23 16:51
8135,completed,2025-11-14 15:26
8136,completed,2025-08-05 01:16
8137,completed,2025-04-21 23:30
8138,completed,2025-10-05 22:24
8139,completed,2025-11-22 19:05
8140,completed,2025-03-09 05:39
8141,completed,2025-10-30 11:17
8142,completed,2024-12-15 11:17
8143,completed,2025-07-10 22:55
8144,completed,2025-03-21 11:59
8145,completed,2025-03-23 06:03
8146,completed,2025-05-15 21:34
8147,completed,2025-05-20 02:56
8148,completed,2025-08-24 16:19
8149,completed,2025-01-22 08:38
8150,completed,2025-11-01 13:54
8151,completed,2025-03-10 07:17
8152,completed,2025-03-08 20:20
8153,completed,2025-09-20 23:19
8154,completed,2025-05-01 05:37
8155,completed,2025-06-22 23:23
8156,completed,2025-06-13 10:24
8157,completed,2025-09-30 10:27
8158,completed,2025-07-23 11:56
8159,completed,2025-04-11 02:53
8160,completed,2025-03-25 15:08
8161,completed,2024-12-13 09:22
8162,completed,2025-09-10 15:17
8163,completed,2025-11-17 03:45
8164,completed,2025-09-02 14:33
8165,completed,2024-12-13 16:33
8166,completed,2025-03-29 21:40
8167,completed,2025-09-28 00:30
8168,completed,2025-01-13 22:18
8169,completed,2025-10-22 13:23
8170,completed,2024-12-21 01:48
8171,completed,2025-01-20 01:29
8172,completed,2025-06-29 00:39
8173,completed,2025-04-20 22:57
8174,completed,2025-06-02 04:12
8175,completed,2025-11-13 20:21
8176,completed,2025-06-10 03:27
8177,completed,2025-06-29 03:31
8178,completed,2025-11-23 21:59
8179,completed,2025-11-05 17:25
8180,completed,2024-12-18 16:29
8181,completed,2025-09-11 01:05
8182,completed,2025-08-14 17:04
8183,completed,2025-09-09 19:09
8184,completed,2025-08-20 07:12
8185,completed,2025-01-02 04:18
8186,completed,2025-07-28 02:51
8187,completed,2025-02-01 11:48
8188,completed,2025-03-22 18:33
8189,completed,2025-10-22 23:35
8190,completed,2025-09-18 22:11
8191,completed,2025-12-05 09:49
8192,completed,2024-12-08 03:44
8193,completed,2025-10-27 21:16
8194,completed,2025-04-20 16:13
8195,completed,2025-05-06 02:48
8196,completed,2025-04-28 21:45
8197,completed,2025-08-07 23:55
8198,completed,2024-12-08 05:21
8199,completed,2025-03-21 00:19
8200,completed,2025-03-25 06:49
8201,completed,2025-05-14 09:05
8202,completed,2025-06-17 10:12
8203,completed,2025-07-07 16:28
8204,completed,2025-03-25 17:49
8205,completed,2025-07-31 17:46
8206,completed,2025-01-06 18:20
8207,completed,2025-04-09 21:52
8208,completed,2024-12-11 13:23
8209,completed,2025-06-15 19:12
8210,completed,2025-06-29 00:42
8211,completed,2025-01-04 15:39
8212,completed,2025-04-30 13:57
8213,completed,2025-06-03 17:35
8214,completed,2025-08-12 20:27
8215,completed,2025-07-09 18:18
8216,completed,2025-08-15 00:50
8217,completed,2025-03-26 05:11
8218,completed,2025-07-18 14:14
8219,completed,2025-01-15 05:12
8220,completed,2025-08-08 09:41
8221,completed,2025-05-10 14:09
8222,completed,2025-09-28 19:09
8223,completed,2025-06-17 06:55
8224,completed,2025-10-23 12:05
8225,completed,2025-09-24 02:53
8226,completed,2025-04-02 15:40
8227,completed,2025-10-30 03:24
8228,completed,2025-04-10 08:17
8229,completed,2024-12-10 00:03
8230,completed,2025-10-25 09:29
8231,completed,2025-07-09 23:34
8232,completed,2024-12-31 20:53
8233,completed,2025-01-02 20:02
8234,completed,2025-02-13 02:46
8235,completed,2025-03-01 16:36
8236,completed,2025-02-17 06:19
8237,completed,2025-05-10 02:04
8238,completed,2025-07-05 02:46
8239,completed,2025-08-20 04:09
8240,completed,2025-01-18 06:50
8241,completed,2025-11-05 18:04
8242,completed,2025-01-10 12:16
8243,completed,2025-04-15 19:01
8244,completed,2025-01-12 16:08
8245,completed,2025-08-19 22:02
8246,completed,2025-05-09 01:51
8247,completed,2025-09-12 00:10
8248,completed,2025-09-24 15:08
8249,completed,2025-02-14 18:36
8250,completed,2025-10-14 06:12
8251,completed,2025-04-29 11:10
8252,completed,2025-11-30 12:24
8253,completed,2025-01-12 03:42
8254,completed,2025-08-02 12:38
8255,completed,2025-01-16 14:43
8256,completed,2025-12-04 01:41
8257,completed,2025-08-23 21:15
8258,completed,2025-08-16 15:21
8259,completed,2025-08-05 14:39
8260,completed,2025-11-21 13:26
8261,completed,2025-10-26 06:42
8262,completed,2025-12-04 21:00
8263,completed,2025-06-13 02:55
8264,completed,2025-08-12 22:53
8265,completed,2025-05-27 17:24
8266,completed,2025-09-15 21:53
8267,completed,2025-10-28 10:36
8268,completed,2025-09-28 05:06
8269,completed,2025-04-07 08:22
8270,completed,2025-09-20 05:20
8271,completed,2025-01-28 23:54
8272,completed,2025-12-01 13:38
8273,completed,2025-08-10 15:02
8274,completed,2025-04-24 21:22
8275,completed,2025-02-28 20:58
8276,completed,2025-07-09 13:29
8277,completed,2025-03-29 19:01
8278,completed,2025-09-21 06:43
8279,completed,2024-12-28 23:32
8280,completed,2025-05-28 00:17
8281,completed,2025-03-18 14:56
8282,completed,2025-05-12 08:56
8283,completed,2025-04-16 17:02
8284,completed,2025-08-10 23:57
8285,completed,2025-08-21 04:40
8286,completed,2024-12-28 20:05
8287,completed,2025-04-25 09:39
8288,completed,2025-06-14 23:36
8289,completed,2025-07-26 15:24
8290,completed,2025-10-24 18:54
8291,completed,2025-07-09 10:28
8292,completed,2025-11-26 04:37
8293,completed,2025-02-04 16:08
8294,completed,2025-08-27 23:46
8295,completed,2025-03-12 09:07
8296,completed,2025-11-15 11:59
8297,completed,2025-11-03 05:33
8298,completed,2025-11-15 22:37
8299,completed,2025-02-15 11:15
8300,completed,2025-10-02 22:50
8301,completed,2025-11-05 09:14
8302,completed,2024-12-26 09:48
8303,completed,2025-02-15 04:08
8304,completed,2025-11-25 18:57
8305,completed,2024-12-10 03:22
8306,completed,2025-09-14 02:19
8307,completed,2025-10-20 23:07
8308,completed,2025-04-14 03:17
8309,completed,2025-04-19 18:12
8310,completed,2025-03-26 22:43
8311,completed,2025-10-17 21:34
8312,completed,2025-01-31 15:36
8313,completed,2025-12-04 08:36
8314,completed,2025-01-11 13:29
8315,completed,2025-04-11 22:55
8316,completed,2025-05-05 22:41
8317,completed,2025-01-09 20:29
8318,completed,2025-06-01 09:40
8319,completed,2025-08-16 01:34
8320,completed,2025-10-06 04:28
8321,completed,2025-05-21 02:06
8322,completed,2025-07-30 02:37
8323,completed,2025-11-04 10:28
8324,completed,2025-10-16 21:26
8325,completed,2025-01-16 15:21
8326,completed,2025-04-08 05:24
8327,completed,2025-09-18 03:50
8328,completed,2025-06-16 21:22
8329,completed,2025-07-22 06:26
8330,completed,2025-10-07 10:56
8331,completed,2025-05-30 22:27
8332,completed,2025-07-08 22:54
8333,completed,2025-11-18 23:28
8334,completed,2025-02-06 14:42
8335,completed,2024-12-29 05:56
8336,completed,2025-08-03 20:53
8337,completed,2025-06-08 00:32
8338,completed,2025-02-09 19:25
8339,completed,2025-01-06 21:22
8340,completed,2025-06-16 11:51
8341,completed,2025-07-26 03:37
8342,completed,2025-05-30 08:32
8343,completed,2025-02-23 10:53
8344,completed,2025-05-07 06:07
8345,completed,2025-06-27 00:07
8346,completed,2025-02-11 23:58
8347,completed,2025-08-11 20:14
8348,completed,2025-09-18 12:10
8349,completed,2025-05-16 04:08
8350,completed,2025-09-05 04:53
8351,completed,2025-03-17 10:50
8352,completed,2025-07-29 22:45
8353,completed,2025-01-14 06:31
8354,completed,2025-09-19 13:57
8355,completed,2025-02-07 21:19
8356,completed,2025-07-27 15:24
8357,completed,2025-08-29 13:25
8358,completed,2025-02-19 22:40
8359,completed,2025-03-18 21:22
8360,completed,2025-04-30 04:11
8361,completed,2025-07-08 09:50
8362,completed,2025-02-16 05:35
8363,completed,2025-01-22 15:57
8364,completed,2025-09-09 04:22
8365,completed,2025-08-03 00:58
8366,completed,2025-04-26 04:14
8367,completed,2025-11-02 13:55
8368,completed,2025-02-22 11:22
8369,completed,2025-03-07 02:38
8370,completed,2025-02-04 02:50
8371,completed,2025-03-11 20:37
8372,completed,2025-05-22 06:08
8373,completed,2025-11-15 04:34
8374,completed,2025-03-08 05:07
8375,completed,2025-07-06 20:38
8376,completed,2025-09-24 17:29
8377,completed,2025-05-12 11:57
8378,completed,2025-08-15 10:59
8379,completed,2025-02-24 10:27
8380,completed,2025-06-27 15:07
8381,completed,2025-10-06 04:03
8382,completed,2025-10-24 09:16
8383,completed,2025-09-13 04:38
8384,completed,2025-06-23 11:25
8385,completed,2025-05-13 04:05
8386,completed,2025-10-05 06:32
8387,completed,2025-05-26 19:31
8388,completed,2025-10-31 15:24
8389,completed,2025-01-23 02:41
8390,completed,2024-12-18 13:41
8391,completed,2025-07-03 00:42
8392,completed,2025-06-08 19:05
8393,completed,2025-10-27 11:30
8394,completed,2025-09-02 14:38
8395,completed,2025-11-15 18:39
8396,completed,2025-06-14 05:26
8397,completed,2024-12-07 21:50
8398,completed,2025-11-19 07:12
8399,completed,2025-06-23 20:11
8400,completed,2025-06-10 19:57
8401,completed,2025-07-29 13:43
8402,completed,2025-11-02 16:37
8403,completed,2025-07-02 21:21
8404,completed,2025-06-28 15:29
8405,completed,2025-03-02 06:37
8406,completed,2025-05-15 07:59
8407,completed,2025-10-05 01:53
8408,completed,2025-08-03 18:43
8409,completed,2025-07-20 07:46
8410,completed,2025-10-21 03:25
8411,completed,2024-12-24 01:31
8412,completed,2025-05-03 15:38
8413,completed,2025-06-06 02:59
8414,completed,2025-11-11 17:14
8415,completed,2024-12-07 15:44
8416,completed,2025-11-23 18:13
8417,completed,2025-02-14 02:24
8418,completed,2025-11-26 03:12
8419,completed,2025-04-01 13:28
8420,completed,2025-08-24 06:46
8421,completed,2025-02-24 06:49
8422,completed,2025-10-08 02:38
8423,completed,2024-12-24 05:46
8424,completed,2025-06-10 14:38
8425,completed,2025-05-22 21:15
8426,completed,2025-05-14 15:37
8427,completed,2025-10-03 22:38
8428,completed,2024-12-09 07:02
8429,completed,2025-10-11 14:11
8430,completed,2025-08-02 15:53
8431,completed,2025-05-14 23:29
8432,completed,2025-04-05 22:45
8433,completed,2025-10-09 22:23
8434,completed,2025-10-29 21:23
8435,completed,2025-03-27 20:47
8436,completed,2025-05-11 16:02
8437,completed,2025-02-08 10:42
8438,completed,2025-08-30 08:30
8439,completed,2025-11-11 02:25
8440,completed,2025-07-28 03:21
8441,completed,2025-07-08 15:38
8442,completed,2025-04-02 07:20
8443,completed,2025-06-08 15:37
8444,completed,2025-10-03 05:02
8445,completed,2025-04-11 05:20
8446,completed,2025-05-13 08:48
8447,completed,2025-01-27 01:49
8448,completed,2025-09-23 07:30
8449,completed,2025-07-05 11:06
8450,completed,2025-02-21 17:13
8451,completed,2025-03-11 00:38
8452,completed,2025-04-18 01:05
8453,completed,2025-03-29 19:38
8454,completed,2025-06-28 07:24
8455,completed,2025-09-12 01:17
8456,completed,2025-10-12 12:21
8457,completed,2024-12-30 15:09
8458,completed,2025-03-06 15:11
8459,completed,2025-08-19 14:07
8460,completed,2025-11-13 08:37
8461,completed,2025-03-09 13:00
8462,completed,2025-02-18 17:50
8463,completed,2025-05-15 21:37
8464,completed,2025-02-16 19:05
8465,completed,2025-11-24 00:19
8466,completed,2025-09-09 11:53
8467,completed,2025-06-16 07:53
8468,completed,2025-02-22 23:00
8469,completed,2025-07-06 13:19
8470,completed,2025-04-07 14:26
8471,completed,2025-11-08 13:31
8472,completed,2025-02-12 01:04
8473,completed,2025-08-21 11:45
8474,completed,2025-08-14 12:09
8475,completed,2025-02-09 05:45
8476,completed,2025-05-22 11:23
8477,completed,2025-04-04 03:10
8478,completed,2025-02-12 07:15
8479,completed,2025-03-15 06:09
8480,completed,2025-12-01 16:31
8481,completed,2025-01-18 12:43
8482,completed,2025-12-06 03:48
8483,completed,2025-03-23 21:37
8484,completed,2025-08-17 07:58
8485,completed,2025-10-08 14:42
8486,completed,2025-05-29 17:54
8487,completed,2025-07-28 09:51
8488,completed,2025-10-15 03:07
8489,completed,2025-03-31 03:33
8490,completed,2025-06-11 11:27
8491,completed,2025-07-02 21:48
8492,completed,2025-06-21 01:42
8493,completed,2024-12-17 11:05
8494,completed,2025-10-31 23:20
8495,completed,2025-10-31 08:06
8496,completed,2025-02-16 10:40
8497,completed,2025-02-14 19:48
8498,completed,2025-04-12 23:09
8499,completed,2025-06-04 03:10
8500,completed,2025-05-12 20:42
8501,completed,2025-10-16 15:35
8502,completed,2025-05-04 04:38
8503,completed,2025-08-20 07:36
8504,completed,2025-09-29 18:12
8505,completed,2025-06-20 08:23
8506,completed,2025-05-21 09:58
8507,completed,2025-02-02 21:08
8508,completed,2025-03-02 08:44
8509,completed,2025-03-17 15:23
8510,completed,2025-09-15 17:50
8511,completed,2025-07-19 21:07
8512,completed,2024-12-15 13:09
8513,completed,2025-04-03 23:57
8514,completed,2025-08-06 10:27
8515,completed,2025-06-14 06:24
8516,completed,2025-01-30 04:16
8517,completed,2024-12-10 21:46
8518,completed,2025-08-31 18:14
8519,completed,2025-10-31 14:23
8520,completed,2025-10-02 22:13
8521,completed,2025-11-03 12:29
8522,completed,2025-05-22 13:54
8523,completed,2025-03-18 23:02
8524,completed,2025-11-08 04:30
8525,completed,2025-06-30 03:04
8526,completed,2025-01-26 05:42
8527,completed,2025-06-21 09:09
8528,completed,2025-08-12 17:22
8529,completed,2025-08-20 11:25
8530,completed,2025-03-06 08:37
8531,completed,2025-05-24 13:24
8532,completed,2025-05-03 18:17
8533,completed,2024-12-15 23:15
8534,completed,2025-08-14 20:02
8535,completed,2025-06-01 17:39
8536,completed,2025-08-17 05:33
8537,completed,2025-10-12 18:42
8538,completed,2025-03-15 22:23
8539,completed,2024-12-25 04:30
8540,completed,2025-09-26 05:43
8541,completed,2025-05-02 21:40
8542,completed,2025-01-23 18:40
8543,completed,2025-06-30 08:04
8544,completed,2025-05-13 05:14
8545,completed,2025-06-25 09:30
8546,completed,2025-06-23 06:48
8547,completed,2025-08-06 16:55
8548,completed,2025-11-10 15:25
8549,completed,2024-12-14 18:30
8550,completed,2025-04-06 04:27
8551,completed,2025-01-17 11:34
8552,completed,2025-10-02 02:17
8553,completed,2025-05-14 00:56
8554,completed,2025-04-10 03:39
8555,completed,2025-06-11 18:34
8556,completed,2025-03-27 16:51
8557,completed,2025-02-02 08:39
8558,completed,2025-01-14 16:27
8559,completed,2025-02-16 04:05
8560,completed,2025-07-02 04:33
8561,completed,2025-09-12 00:56
8562,completed,2025-06-09 23:44
8563,completed,2025-01-18 05:56
8564,completed,2025-05-10 15:42
8565,completed,2025-02-14 03:55
8566,completed,2025-05-07 03:36
8567,completed,2025-11-30 13:18
8568,completed,2025-02-11 00:34
8569,completed,2025-08-17 08:30
8570,completed,2025-04-15 07:13
8571,completed,2025-02-16 08:20
8572,completed,2025-11-13 06:09
8573,completed,2025-10-24 15:21
8574,completed,2025-06-05 18:23
8575,completed,2025-08-13 07:09
8576,completed,2025-06-14 07:05
8577,completed,2025-01-06 04:54
8578,completed,2025-01-27 05:15
8579,completed,2025-05-15 22:00
8580,completed,2025-05-31 03:33
8581,completed,2025-11-10 13:31
8582,completed,2024-12-07 22:36
8583,completed,2024-12-09 23:33
8584,completed,2025-07-17 07:40
8585,completed,2025-08-18 07:57
8586,completed,2025-08-31 23:11
8587,completed,2025-07-10 17:44
8588,completed,2025-06-21 18:42
8589,completed,2025-01-30 02:26
8590,completed,2025-04-05 08:32
8591,completed,2025-03-08 12:57
8592,completed,2025-05-10 04:10
8593,completed,2025-04-08 04:23
8594,completed,2024-12-16 21:31
8595,completed,2025-09-09 23:23
8596,completed,2025-06-26 11:18
8597,completed,2025-02-26 09:49
8598,completed,2025-03-11 14:21
8599,completed,2025-01-19 17:51
8600,completed,2025-06-21 22:31
8601,completed,2025-06-12 18:46
8602,completed,2025-02-23 01:28
8603,completed,2024-12-07 13:46
8604,completed,2025-06-30 11:09
8605,completed,2025-09-12 22:22
8606,completed,2025-05-12 10:29
8607,completed,2025-02-01 20:32
8608,completed,2025-03-04 20:13
8609,completed,2025-10-05 04:16
8610,completed,2025-04-23 07:43
8611,completed,2025-03-07 21:24
8612,completed,2025-07-26 00:25
8613,completed,2025-03-03 01:56
8614,completed,2025-12-03 22:51
8615,completed,2025-07-04 03:06
8616,completed,2025-06-21 00:22
8617,completed,2025-07-10 06:42
8618,completed,2025-12-04 13:28
8619,completed,2025-03-06 03:03
8620,completed,2025-02-04 23:01
8621,completed,2025-07-28 02:27
8622,completed,2025-01-31 17:33
8623,completed,2025-08-12 07:29
8624,completed,2025-05-31 08:33
8625,completed,2025-09-04 08:55
8626,completed,2025-02-12 23:57
8627,completed,2025-08-06 15:40
8628,completed,2025-11-21 14:06
8629,completed,2025-06-13 14:48
8630,completed,2025-12-05 11:01
8631,completed,2025-03-09 09:39
8632,completed,2025-07-25 17:35
8633,completed,2025-03-01 12:57
8634,completed,2025-01-06 14:50
8635,completed,2025-05-10 11:52
8636,completed,2025-07-02 23:25
8637,completed,2025-07-06 01:25
8638,completed,2025-08-22 04:47
8639,completed,2025-10-01 14:52
8640,completed,2025-01-26 09:36
8641,completed,2025-07-16 22:59
8642,completed,2025-08-12 05:21
8643,completed,2025-08-18 13:17
8644,completed,2025-12-04 12:54
8645,completed,2025-09-15 19:20
8646,completed,2025-05-19 22:05
8647,completed,2025-10-17 00:39
8648,completed,2024-12-24 07:51
8649,completed,2025-09-12 17:15
8650,completed,2025-01-04 13:50
8651,completed,2024-12-22 10:03
8652,completed,2025-10-11 04:45
8653,completed,2025-08-12 09:29
8654,completed,2025-02-09 17:56
8655,completed,2025-11-12 00:41
8656,completed,2025-10-09 08:29
8657,completed,2025-01-14 10:22
8658,completed,2025-06-01 04:56
8659,completed,2025-02-23 10:36
8660,completed,2025-02-22 22:26
8661,completed,2025-05-25 15:52
8662,completed,2025-08-09 18:35
8663,completed,2025-03-27 01:33
8664,completed,2025-02-15 11:51
8665,completed,2025-06-16 23:17
8666,completed,2025-02-23 06:55
8667,completed,2025-08-13 11:23
8668,completed,2025-05-09 09:08
8669,completed,2025-09-22 12:29
8670,completed,2025-02-14 22:06
8671,completed,2025-03-31 14:02
8672,completed,2025-10-29 07:33
8673,completed,2025-11-10 15:39
8674,completed,2025-06-16 10:08
8675,completed,2025-10-02 13:29
8676,completed,2025-04-16 12:45
8677,completed,2025-11-24 02:13
8678,completed,2025-08-28 21:14
8679,completed,2025-01-14 18:02
8680,completed,2025-09-13 09:08
8681,completed,2025-09-16 08:54
8682,completed,2025-02-28 00:32
8683,completed,2024-12-10 22:43
8684,completed,2025-10-12 08:21
8685,completed,2025-11-22 14:50
8686,completed,2025-07-31 13:25
8687,completed,2025-11-07 13:26
8688,completed,2024-12-19 20:47
8689,completed,2025-06-01 08:34
8690,completed,2025-06-18 13:32
8691,completed,2025-08-26 11:15
8692,completed,2025-08-01 04:22
8693,completed,2025-03-06 02:15
8694,completed,2025-05-25 00:52
8695,completed,2025-05-17 11:37
8696,completed,2025-06-28 09:48
8697,completed,2025-08-06 12:45
8698,completed,2025-07-08 11:09
8699,completed,2025-05-25 14:33
8700,completed,2024-12-15 18:28
8701,completed,2025-05-09 18:23
8702,completed,2025-05-06 02:19
8703,completed,2025-01-03 10:49
8704,completed,2025-10-14 07:32
8705,completed,2025-08-30 18:53
8706,completed,2025-10-27 01:09
8707,completed,2025-10-30 07:54
8708,completed,2025-09-25 04:43
8709,completed,2025-05-07 14:55
8710,completed,2025-07-02 19:19
8711,completed,2025-09-13 21:07
8712,completed,2025-10-13 10:29
8713,completed,2025-03-13 03:09
8714,completed,2025-10-11 21:42
8715,completed,2025-07-03 15:51
8716,completed,2025-04-10 10:55
8717,completed,2025-04-04 05:36
8718,completed,2025-02-23 12:21
8719,completed,2025-03-16 22:56
8720,completed,2025-04-29 01:04
8721,completed,2025-08-12 05:14
8722,completed,2025-10-25 20:16
8723,completed,2025-11-03 13:29
8724,completed,2025-01-21 20:28
8725,completed,2025-10-24 23:40
8726,completed,2025-02-21 07:50
8727,completed,2025-03-24 10:45
8728,completed,2025-05-11 03:35
8729,completed,2025-04-10 05:27
8730,completed,2025-03-15 18:31
8731,completed,2025-11-11 15:21
8732,completed,2025-08-19 09:19
8733,completed,2025-03-02 20:48
8734,completed,2025-07-10 09:18
8735,completed,2025-07-24 06:10
8736,completed,2025-02-12 13:43
8737,completed,2025-11-04 00:55
8738,completed,2025-11-25 13:37
8739,completed,2025-06-22 19:48
8740,completed,2025-09-22 05:25
8741,completed,2025-08-14 10:17
8742,completed,2025-10-06 19:20
8743,completed,2024-12-13 23:26
8744,completed,2025-07-13 07:49
8745,completed,2025-08-26 20:40
8746,completed,2025-10-23 19:18
8747,completed,2025-05-28 18:39
8748,completed,2025-02-10 06:32
8749,completed,2025-10-25 09:19
8750,completed,2025-06-25 14:18
8751,completed,2025-08-26 02:39
8752,completed,2025-05-24 15:38
8753,completed,2025-09-25 14:06
8754,completed,2025-07-15 23:25
8755,completed,2025-01-03 19:07
8756,completed,2025-07-22 17:00
8757,completed,2025-04-10 03:36
8758,completed,2024-12-30 01:43
8759,completed,2025-01-08 17:33
8760,completed,2024-12-30 21:35
8761,completed,2025-09-15 10:13
8762,completed,2025-02-05 03:36
8763,completed,2025-12-02 08:04
8764,completed,2025-06-27 03:07
8765,completed,2025-10-25 12:04
8766,completed,2025-01-31 17:19
8767,completed,2025-05-11 09:54
8768,completed,2025-08-12 00:33
8769,completed,2025-01-10 19:28
8770,completed,2025-09-06 11:59
8771,completed,2025-06-21 10:13
8772,completed,2025-11-17 01:06
8773,completed,2025-04-18 03:47
8774,completed,2025-11-06 02:18
8775,completed,2025-01-05 18:15
8776,completed,2025-11-10 18:09
8777,completed,2025-10-04 20:43
8778,completed,2025-07-22 18:05
8779,completed,2025-01-18 00:43
8780,completed,2025-10-31 15:21
8781,completed,2025-10-05 13:12
8782,completed,2025-03-25 08:44
8783,completed,2025-05-28 13:11
8784,completed,2025-08-18 02:56
8785,completed,2025-04-08 02:04
8786,completed,2025-02-03 06:19
8787,completed,2025-07-05 08:41
8788,completed,2025-02-08 18:42
8789,completed,2025-08-21 12:41
8790,completed,2025-09-13 03:50
8791,completed,2025-02-12 16:48
8792,completed,2025-11-28 07:51
8793,completed,2025-06-21 01:36
8794,completed,2025-07-02 14:21
8795,completed,2025-05-08 03:06
8796,completed,2025-10-02 23:33
8797,completed,2024-12-22 02:02
8798,completed,2024-12-08 07:22
8799,completed,2025-03-19 23:19
8800,completed,2025-08-21 13:34
8801,completed,2025-11-25 10:06
8802,completed,2025-08-18 17:23
8803,completed,2025-06-12 04:55
8804,completed,2025-11-22 12:01
8805,completed,2025-08-10 07:41
8806,completed,2025-07-22 11:35
8807,completed,2025-06-29 13:21
8808,completed,2025-03-06 10:05
8809,completed,2025-10-29 04:54
8810,completed,2025-05-13 19:32
8811,completed,2025-05-30 16:55
8812,completed,2025-07-21 20:41
8813,completed,2025-07-28 16:39
8814,completed,2025-06-16 14:33
8815,completed,2025-07-23 00:17
8816,completed,2025-03-03 05:22
8817,completed,2025-04-09 17:31
8818,completed,2025-06-12 12:58
8819,completed,2025-12-03 03:28
8820,completed,2025-04-28 23:09
8821,completed,2025-10-10 03:58
8822,completed,2025-05-14 23:02
8823,completed,2025-08-27 07:26
8824,completed,2025-08-24 16:18
8825,completed,2025-05-07 11:00
8826,completed,2024-12-25 15:03
8827,completed,2025-12-01 11:56
8828,completed,2025-04-10 22:32
8829,completed,2025-11-19 14:55
8830,completed,2025-05-02 17:09
8831,completed,2025-09-28 18:28
8832,completed,2025-02-13 12:51
8833,completed,2025-03-13 10:24
8834,completed,2025-05-15 06:09
8835,completed,2025-02-07 00:31
8836,completed,2024-12-14 01:44
8837,completed,2025-05-31 23:56
8838,completed,2025-07-30 06:27
8839,completed,2025-05-26 16:42
8840,completed,2025-07-26 09:41
8841,completed,2025-05-15 19:58
8842,completed,2025-01-24 14:31
8843,completed,2025-04-04 07:53
8844,completed,2025-10-10 23:49
8845,completed,2025-11-23 09:08
8846,completed,2025-08-23 05:17
8847,completed,2025-05-20 02:32
8848,completed,2025-12-06 20:48
8849,completed,2025-05-17 08:16
8850,completed,2025-06-30 01:35
8851,completed,2025-12-04 03:48
8852,completed,2024-12-07 01:34
8853,completed,2025-01-27 06:45
8854,completed,2025-10-06 12:30
8855,completed,2025-02-08 07:19
8856,completed,2025-09-18 08:07
8857,completed,2025-07-20 01:43
8858,completed,2025-05-04 09:49
8859,completed,2025-03-12 18:42
8860,completed,2025-01-25 03:33
8861,completed,2025-10-22 23:38
8862,completed,2025-04-07 09:06
8863,completed,2025-10-25 21:00
8864,completed,2025-08-10 10:48
8865,completed,2025-11-27 16:33
8866,completed,2025-01-31 15:04
8867,completed,2025-09-29 14:52
8868,completed,2025-10-11 04:47
8869,completed,2025-03-11 17:16
8870,completed,2025-02-15 11:49
8871,completed,2025-10-16 02:14
8872,completed,2025-03-08 08:50
8873,completed,2025-06-01 11:03
8874,completed,2025-06-20 08:05
8875,completed,2025-08-01 04:39
8876,completed,2025-09-25 11:53
8877,completed,2025-07-16 19:03
8878,completed,2025-05-12 13:27
8879,completed,2025-11-15 23:32
8880,completed,2025-06-24 08:56
8881,completed,2025-11-06 19:39
8882,completed,2025-03-21 19:11
8883,completed,2025-11-20 08:43
8884,completed,2025-04-14 12:45
8885,completed,2025-08-25 07:43
8886,completed,2025-05-09 19:22
8887,completed,2025-10-02 10:16
8888,completed,2025-11-12 23:13
8889,completed,2025-03-10 14:19
8890,completed,2025-07-02 10:33
8891,completed,2024-12-24 04:44
8892,completed,2025-03-09 22:15
8893,completed,2025-04-03 12:27
8894,completed,2025-09-21 10:59
8895,completed,2025-02-02 21:13
8896,completed,2025-08-17 07:24
8897,completed,2025-10-26 06:06
8898,completed,2025-01-01 03:22
8899,completed,2025-02-12 07:50
8900,completed,2025-11-21 05:55
8901,completed,2025-11-27 16:17
8902,completed,2025-03-12 20:57
8903,completed,2024-12-21 12:49
8904,completed,2025-03-28 23:49
8905,completed,2025-10-08 15:53
8906,completed,2025-05-09 01:37
8907,completed,2025-06-18 02:39
8908,completed,2025-01-23 03:38
8909,completed,2025-05-03 11:17
8910,completed,2025-08-24 20:25
8911,completed,2025-09-01 10:28
8912,completed,2025-05-09 16:16
8913,completed,2025-02-20 02:53
8914,completed,2025-11-14 19:55
8915,completed,2025-02-07 06:21
8916,completed,2025-01-29 20:03
8917,completed,2025-04-14 03:56
8918,completed,2025-09-13 20:21
8919,completed,2025-02-17 16:41
8920,completed,2025-02-13 23:53
8921,completed,2025-04-15 20:57
8922,completed,2025-04-05 20:53
8923,completed,2025-07-01 04:12
8924,completed,2025-11-13 18:57
8925,completed,2025-01-07 00:53
8926,completed,2025-10-09 02:41
8927,completed,2025-11-05 12:35
8928,completed,2025-04-10 13:08
8929,completed,2025-07-01 20:57
8930,completed,2025-10-11 12:45
8931,completed,2025-10-22 10:23
8932,completed,2025-12-03 16:15
8933,completed,2024-12-10 05:38
8934,completed,2025-11-15 10:01
8935,completed,2025-04-05 07:32
8936,completed,2025-02-18 22:35
8937,completed,2025-10-29 15:18
8938,completed,2025-02-02 02:31
8939,completed,2025-11-20 21:47
8940,completed,2025-10-09 11:19
8941,completed,2025-04-17 15:16
8942,completed,2025-09-09 15:03
8943,completed,2025-03-08 21:28
8944,completed,2025-12-03 03:40
8945,completed,2025-02-16 18:29
8946,completed,2025-08-11 14:33
8947,completed,2024-12-16 21:15
8948,completed,2025-02-06 17:13
8949,completed,2025-01-27 18:10
8950,completed,2025-07-08 23:23
8951,completed,2025-10-17 22:10
8952,completed,2025-06-26 04:25
8953,completed,2025-07-27 10:34
8954,completed,2024-12-19 00:24
8955,completed,2025-08-31 17:19
8956,completed,2025-06-07 11:51
8957,completed,2024-12-29 03:51
8958,completed,2025-05-05 15:58
8959,completed,2025-11-25 19:22
8960,completed,2025-01-08 14:12
8961,completed,2025-10-17 22:49
8962,completed,2025-08-31 10:27
8963,completed,2025-06-01 07:51
8964,completed,2025-03-24 13:40
8965,completed,2025-05-15 05:57
8966,completed,2025-06-10 16:27
8967,completed,2024-12-27 21:23
8968,completed,2025-07-22 07:07
8969,completed,2025-11-24 08:53
8970,completed,2025-11-18 07:15
8971,completed,2025-01-19 09:01
8972,completed,2025-07-30 11:31
8973,completed,2025-09-04 03:54
8974,completed,2025-08-20 23:58
8975,completed,2025-06-18 11:00
8976,completed,2025-04-18 08:18
8977,completed,2025-02-04 12:14
8978,completed,2025-04-11 03:43
8979,completed,2025-01-10 12:02
8980,completed,2025-04-11 18:15
8981,completed,2024-12-12 17:52
8982,completed,2025-09-06 03:16
8983,completed,2025-02-18 15:03
8984,completed,2025-10-09 07:57
8985,completed,2025-04-14 14:20
8986,completed,2025-11-20 23:05
8987,completed,2025-10-25 18:48
8988,completed,2025-12-01 19:08
8989,completed,2025-02-04 05:00
8990,completed,2025-06-20 04:47
8991,completed,2025-08-16 11:03
8992,completed,2025-10-01 19:50
8993,completed,2025-06-11 18:03
8994,completed,2025-05-05 07:52
8995,completed,2025-01-06 06:37
8996,completed,2024-12-20 20:56
8997,completed,2025-02-03 07:43
8998,completed,2025-03-07 09:53
8999,completed,2025-01-11 11:03
9000,completed,2025-06-27 04:56
9001,completed,2025-07-15 23:06
9002,completed,2025-10-07 11:31
9003,completed,2025-11-04 16:42
9004,completed,2025-04-20 13:01
9005,completed,2025-01-19 16:27
9006,completed,2025-06-08 14:12
9007,completed,2025-01-17 13:44
9008,completed,2025-01-27 23:12
9009,completed,2025-07-24 16:38
9010,completed,2025-02-12 07:58
9011,completed,2025-09-16 19:57
9012,completed,2025-03-25 14:31
9013,completed,2025-03-14 14:50
9014,completed,2025-04-24 19:55
9015,completed,2025-02-10 02:16
9016,completed,2025-08-26 22:35
9017,completed,2025-03-22 00:29
9018,completed,2025-10-29 16:30
9019,completed,2025-09-12 04:55
9020,completed,2025-09-09 17:12
9021,completed,2025-03-25 21:42
9022,completed,2025-09-02 19:01
9023,completed,2024-12-26 07:58
9024,completed,2025-10-28 15:28
9025,completed,2024-12-28 21:41
9026,completed,2025-05-01 09:52
9027,completed,2025-02-07 05:01
9028,completed,2025-04-20 17:09
9029,completed,2025-02-05 12:48
9030,completed,2025-05-05 10:57
9031,completed,2025-06-15 08:08
9032,completed,2024-12-23 11:55
9033,completed,2025-08-29 16:46
9034,completed,2025-01-25 05:57
9035,completed,2025-05-19 23:21
9036,completed,2025-09-27 15:02
9037,completed,2025-04-22 10:31
9038,completed,2025-05-05 02:29
9039,completed,2025-05-14 11:24
9040,completed,2024-12-12 05:53
9041,completed,2025-02-12 19:29
9042,completed,2025-05-04 08:50
9043,completed,2025-06-16 00:59
9044,completed,2025-05-29 01:23
9045,completed,2025-03-27 17:55
9046,completed,2025-06-03 05:26
9047,completed,2025-07-07 23:10
9048,completed,2025-03-18 12:57
9049,completed,2025-08-12 09:02
9050,completed,2025-03-06 13:47
9051,completed,2025-08-26 06:44
9052,completed,2025-03-30 01:08
9053,completed,2025-08-04 06:40
9054,completed,2025-03-05 20:36
9055,completed,2025-11-01 09:36
9056,completed,2025-02-03 10:42
9057,completed,2025-03-07 07:25
9058,completed,2025-08-07 21:36
9059,completed,2025-04-27 11:19
9060,completed,2025-07-26 11:31
9061,completed,2024-12-16 08:51
9062,completed,2025-10-08 11:41
9063,completed,2025-03-08 10:45
9064,completed,2025-02-10 01:46
9065,completed,2025-04-07 20:18
9066,completed,2025-08-27 14:19
9067,completed,2025-11-03 11:13
9068,completed,2025-06-04 00:08
9069,completed,2025-10-25 10:58
9070,completed,2025-08-02 12:38
9071,completed,2025-05-01 19:15
9072,completed,2025-08-04 12:39
9073,completed,2025-06-07 11:15
9074,completed,2025-09-08 09:38
9075,completed,2025-08-27 13:25
9076,completed,2024-12-17 23:07
9077,completed,2025-06-15 17:07
9078,completed,2025-02-06 09:34
9079,completed,2025-08-03 23:39
9080,completed,2025-10-03 04:13
9081,completed,2025-11-18 01:52
9082,completed,2025-10-09 01:43
9083,completed,2025-07-16 20:13
9084,completed,2025-03-23 18:51
9085,completed,2025-05-06 06:14
9086,completed,2025-10-24 20:45
9087,completed,2025-07-04 22:11
9088,completed,2025-08-04 06:31
9089,completed,2025-09-08 09:31
9090,completed,2025-08-19 09:07
9091,completed,2025-01-04 14:37
9092,completed,2024-12-22 14:34
9093,completed,2025-04-13 23:17
9094,completed,2025-09-16 07:12
9095,completed,2025-01-17 11:18
9096,completed,2025-03-15 06:13
9097,completed,2025-10-12 07:50
9098,completed,2025-04-05 11:51
9099,completed,2025-09-28 08:29
9100,completed,2025-10-27 02:56
9101,completed,2025-03-03 14:32
9102,completed,2025-09-12 12:10
9103,completed,2025-09-04 04:38
9104,completed,2025-01-13 23:03
9105,completed,2025-02-09 07:36
9106,completed,2025-11-14 18:24
9107,completed,2025-03-28 21:25
9108,completed,2025-08-02 04:16
9109,completed,2025-08-30 12:07
9110,completed,2025-08-31 18:39
9111,completed,2025-08-07 09:21
9112,completed,2025-08-27 08:47
9113,completed,2025-10-08 09:35
9114,completed,2025-05-02 19:39
9115,completed,2025-03-31 16:21
9116,completed,2025-01-29 02:55
9117,completed,2025-05-25 11:48
9118,completed,2025-07-04 12:18
9119,completed,2025-11-16 16:32
9120,completed,2025-06-08 19:45
9121,completed,2025-04-25 21:01
9122,completed,2025-09-06 04:43
9123,completed,2025-11-05 00:08
9124,completed,2025-08-10 10:46
9125,completed,2025-11-13 23:52
9126,completed,2025-08-11 13:04
9127,completed,2025-08-13 03:03
9128,completed,2025-04-18 13:34
9129,completed,2025-10-31 19:39
9130,completed,2025-11-15 11:08
9131,completed,2024-12-17 13:52
9132,completed,2025-06-09 13:41
9133,completed,2025-08-29 18:51
9134,completed,2024-12-31 23:22
9135,completed,2024-12-26 16:17
9136,completed,2025-07-06 09:06
9137,completed,2025-09-29 14:18
9138,completed,2025-04-29 13:52
9139,completed,2024-12-16 21:03
9140,completed,2025-01-01 13:05
9141,completed,2025-10-10 08:46
9142,completed,2025-11-02 14:28
9143,completed,2025-08-23 10:56
9144,completed,2025-11-24 01:32
9145,completed,2025-01-30 08:55
9146,completed,2025-07-01 20:04
9147,completed,2025-01-08 22:18
9148,completed,2025-04-14 06:37
9149,completed,2025-02-21 10:18
9150,completed,2025-08-27 22:18
9151,completed,2025-11-15 06:09
9152,completed,2025-11-22 13:21
9153,completed,2025-04-03 04:29
9154,completed,2025-04-01 19:35
9155,completed,2025-01-04 08:29
9156,completed,2025-06-01 03:13
9157,completed,2025-03-21 22:20
9158,completed,2025-01-30 11:35
9159,completed,2025-01-21 03:27
9160,completed,2025-08-17 05:21
9161,completed,2025-11-21 00:46
9162,completed,2025-06-18 18:36
9163,completed,2024-12-29 10:28
9164,completed,2025-01-17 03:26
9165,completed,2025-03-22 11:50
9166,completed,2025-01-10 04:45
9167,completed,2025-06-13 08:54
9168,completed,2025-05-11 03:18
9169,completed,2025-10-02 09:49
9170,completed,2025-04-02 09:28
9171,completed,2025-01-26 10:20
9172,completed,2025-01-28 23:15
9173,completed,2025-03-23 17:32
9174,completed,2025-03-22 04:32
9175,completed,2025-04-28 00:37
9176,completed,2025-07-04 21:18
9177,completed,2025-10-26 06:46
9178,completed,2025-04-23 04:14
9179,completed,2025-01-05 04:18
9180,completed,2025-08-08 12:15
9181,completed,2025-09-27 01:42
9182,completed,2025-06-25 12:36
9183,completed,2025-01-16 06:28
9184,completed,2025-04-21 02:31
9185,completed,2025-08-16 06:32
9186,completed,2025-12-06 04:55
9187,completed,2025-09-23 12:46
9188,completed,2025-01-16 17:15
9189,completed,2025-09-05 14:55
9190,completed,2025-04-27 04:54
9191,completed,2025-08-03 20:00
9192,completed,2025-01-23 07:05
9193,completed,2024-12-27 17:40
9194,completed,2025-01-01 20:46
9195,completed,2025-03-27 06:38
9196,completed,2025-01-02 13:30
9197,completed,2025-03-16 02:04
9198,completed,2025-11-01 20:51
9199,completed,2025-11-08 05:34
9200,completed,2025-08-23 03:04
9201,completed,2025-01-10 01:43
9202,completed,2025-04-19 10:57
9203,completed,2025-08-23 19:00
9204,completed,2025-03-14 18:17
9205,completed,2025-05-27 14:17
9206,completed,2025-11-05 12:58
9207,completed,2025-09-27 12:01
9208,completed,2025-07-24 16:42
9209,completed,2025-11-16 09:03
9210,completed,2025-04-17 09:23
9211,completed,2025-08-27 17:45
9212,completed,2025-07-05 13:05
9213,completed,2025-01-25 08:02
9214,completed,2025-11-08 08:59
9215,completed,2025-08-16 05:24
9216,completed,2025-01-27 22:42
9217,completed,2025-08-31 04:53
9218,completed,2025-06-25 06:45
9219,completed,2025-02-12 15:46
9220,completed,2025-01-27 16:58
9221,completed,2025-08-04 16:19
9222,completed,2025-11-28 02:16
9223,completed,2024-12-18 05:39
9224,completed,2025-07-03 21:52
9225,completed,2024-12-17 04:54
9226,completed,2025-10-21 04:37
9227,completed,2025-02-21 01:12
9228,completed,2025-11-26 11:33
9229,completed,2025-05-21 03:45
9230,completed,2025-10-25 01:10
9231,completed,2024-12-10 10:46
9232,completed,2025-12-06 23:54
9233,completed,2025-05-23 23:16
9234,completed,2025-07-12 11:19
9235,completed,2025-04-28 21:27
9236,completed,2025-09-12 01:29
9237,completed,2025-05-19 17:10
9238,completed,2025-06-10 05:10
9239,completed,2025-03-16 04:17
9240,completed,2025-06-12 02:19
9241,completed,2025-05-15 04:18
9242,completed,2025-05-16 08:30
9243,completed,2025-11-06 07:06
9244,completed,2025-05-14 01:44
9245,completed,2025-07-15 04:00
9246,completed,2025-10-13 07:26
9247,completed,2025-04-15 03:25
9248,completed,2025-08-24 05:40
9249,completed,2025-02-05 03:01
9250,completed,2025-07-05 15:00
9251,completed,2025-07-04 02:29
9252,completed,2025-04-09 07:25
9253,completed,2025-07-11 03:41
9254,completed,2025-06-27 06:46
9255,completed,2025-04-29 12:32
9256,completed,2025-01-13 03:35
9257,completed,2025-11-18 21:27
9258,completed,2025-05-26 21:25
9259,completed,2025-09-10 09:35
9260,completed,2025-07-13 10:46
9261,completed,2025-06-01 20:13
9262,completed,2025-12-01 19:29
9263,completed,2025-11-08 11:31
9264,completed,2025-01-07 19:32
9265,completed,2025-11-23 23:05
9266,completed,2025-01-17 11:00
9267,completed,2025-01-23 05:53
9268,completed,2025-04-24 15:51
9269,completed,2025-10-13 10:24
9270,completed,2025-07-01 23:38
9271,completed,2025-06-06 23:00
9272,completed,2025-02-14 12:13
9273,completed,2025-05-30 14:57
9274,completed,2025-02-14 18:04
9275,completed,2025-02-16 07:02
9276,completed,2025-06-20 22:26
9277,completed,2025-10-10 07:14
9278,completed,2025-06-21 07:23
9279,completed,2025-08-31 12:21
9280,completed,2025-06-12 03:19
9281,completed,2025-11-01 04:14
9282,completed,2025-03-11 18:39
9283,completed,2024-12-11 07:50
9284,completed,2025-04-17 16:42
9285,completed,2025-11-03 09:03
9286,completed,2025-06-18 03:30
9287,completed,2025-09-04 10:14
9288,completed,2024-12-29 13:32
9289,completed,2025-05-04 05:10
9290,completed,2024-12-07 22:49
9291,completed,2025-05-01 20:38
9292,completed,2025-07-22 14:09
9293,completed,2025-10-15 12:52
9294,completed,2025-03-28 02:59
9295,completed,2025-07-01 12:15
9296,completed,2025-07-21 15:26
9297,completed,2025-05-01 06:28
9298,completed,2025-10-25 03:39
9299,completed,2025-06-25 10:04
9300,completed,2025-09-01 01:48
9301,completed,2025-07-09 04:55
9302,completed,2025-02-12 10:22
9303,completed,2025-10-20 05:00
9304,completed,2025-02-26 14:19
9305,completed,2024-12-24 06:47
9306,completed,2025-06-11 20:41
9307,completed,2025-08-28 21:53
9308,completed,2025-01-18 11:32
9309,completed,2025-04-28 05:04
9310,completed,2025-07-01 04:34
9311,completed,2025-03-26 20:12
9312,completed,2025-02-27 11:17
9313,completed,2025-06-01 21:12
9314,completed,2025-05-12 06:27
9315,completed,2025-06-24 03:02
9316,completed,2025-10-12 20:37
9317,completed,2025-08-18 04:57
9318,completed,2024-12-08 21:59
9319,completed,2025-10-09 08:41
9320,completed,2025-04-13 23:37
9321,completed,2024-12-15 21:20
9322,completed,2025-09-06 05:01
9323,completed,2025-04-22 03:34
9324,completed,2025-04-24 06:29
9325,completed,2025-09-17 18:58
9326,completed,2024-12-23 14:07
9327,completed,2025-02-09 08:02
9328,completed,2025-09-19 07:46
9329,completed,2025-03-23 02:27
9330,completed,2025-03-31 12:25
9331,completed,2025-03-12 03:46
9332,completed,2025-03-13 09:51
9333,completed,2025-03-13 01:55
9334,completed,2025-06-28 07:24
9335,completed,2025-05-16 16:14
9336,completed,2025-06-28 20:31
9337,completed,2025-07-29 23:39
9338,completed,2025-11-13 07:40
9339,completed,2025-11-19 22:18
9340,completed,2025-10-29 06:43
9341,completed,2025-04-20 17:03
9342,completed,2025-11-08 23:57
9343,completed,2025-08-29 05:23
9344,completed,2025-07-29 22:29
9345,completed,2025-11-25 02:30
9346,completed,2025-08-30 16:35
9347,completed,2025-04-25 12:47
9348,completed,2025-09-15 04:02
9349,completed,2025-02-02 16:34
9350,completed,2025-05-04 17:23
9351,completed,2024-12-08 13:28
9352,completed,2025-09-24 06:03
9353,completed,2025-03-07 05:47
9354,completed,2025-07-30 12:09
9355,completed,2025-11-21 21:50
9356,completed,2025-05-02 04:31
9357,completed,2025-05-03 17:30
9358,completed,2025-09-10 12:54
9359,completed,2025-01-29 06:16
9360,completed,2025-05-22 21:33
9361,completed,2025-04-22 02:21
9362,completed,2025-05-05 12:42
9363,completed,2025-10-08 03:18
9364,completed,2025-08-14 01:57
9365,completed,2025-10-10 22:43
9366,completed,2025-05-20 08:03
9367,completed,2025-01-20 20:52
9368,completed,2025-08-17 06:03
9369,completed,2025-06-11 11:30
9370,completed,2024-12-18 17:28
9371,completed,2025-02-27 01:13
9372,completed,2025-03-04 11:02
9373,completed,2025-09-27 05:43
9374,completed,2025-09-24 20:24
9375,completed,2025-03-09 22:51
9376,completed,2025-07-15 03:09
9377,completed,2025-03-18 11:11
9378,completed,2025-09-24 20:13
9379,completed,2024-12-27 00:26
9380,completed,2024-12-12 07:02
9381,completed,2025-09-01 11:10
9382,completed,2025-04-16 18:48
9383,completed,2025-04-01 09:13
9384,completed,2025-06-05 06:16
9385,completed,2025-07-22 04:50
9386,completed,2025-02-09 17:40
9387,completed,2025-01-02 20:26
9388,completed,2025-08-21 11:35
9389,completed,2025-03-02 17:23
9390,completed,2025-01-25 23:28
9391,completed,2025-01-24 04:45
9392,completed,2025-11-27 20:32
9393,completed,2025-02-20 15:24
9394,completed,2025-01-02 11:43
9395,completed,2025-04-22 01:06
9396,completed,2025-12-06 12:43
9397,completed,2025-02-20 20:09
9398,completed,2025-10-09 00:42
9399,completed,2025-05-31 02:29
9400,completed,2025-08-26 16:58
9401,completed,2025-08-16 03:48
9402,completed,2024-12-20 11:46
9403,completed,2025-04-04 15:01
9404,completed,2025-01-20 18:48
9405,completed,2025-09-14 16:02
9406,completed,2025-07-24 22:36
9407,completed,2025-07-22 10:36
9408,completed,2025-11-04 17:19
9409,completed,2025-04-25 02:42
9410,completed,2025-11-05 05:04
9411,completed,2025-01-27 13:23
9412,completed,2024-12-24 05:40
9413,completed,2025-10-05 16:23
9414,completed,2025-04-06 20:25
9415,completed,2025-08-23 13:43
9416,completed,2025-11-15 01:04
9417,completed,2025-05-17 09:12
9418,completed,2025-05-31 09:21
9419,completed,2025-07-11 01:01
9420,completed,2025-06-28 23:12
9421,completed,2025-06-05 20:24
9422,completed,2025-07-13 09:49
9423,completed,2025-11-12 00:49
9424,completed,2025-01-24 09:54
9425,completed,2025-04-03 13:22
9426,completed,2025-07-16 08:49
9427,completed,2025-09-22 18:14
9428,completed,2025-07-08 09:26
9429,completed,2025-06-16 13:05
9430,completed,2025-01-07 14:31
9431,completed,2025-06-18 23:42
9432,completed,2025-09-19 19:29
9433,completed,2025-09-07 15:22
9434,completed,2025-03-23 16:41
9435,completed,2025-07-11 15:51
9436,completed,2025-03-21 21:26
9437,completed,2025-02-11 01:19
9438,completed,2025-10-30 09:56
9439,completed,2025-10-12 02:50
9440,completed,2025-09-09 21:57
9441,completed,2025-07-17 10:01
9442,completed,2025-07-22 18:11
9443,completed,2025-10-04 09:17
9444,completed,2025-10-02 07:18
9445,completed,2025-09-02 20:30
9446,completed,2025-09-11 20:52
9447,completed,2025-05-30 00:33
9448,completed,2025-02-24 23:46
9449,completed,2025-01-21 11:35
9450,completed,2025-04-26 05:50
9451,completed,2024-12-30 07:53
9452,completed,2025-05-04 14:24
9453,completed,2025-05-17 05:26
9454,completed,2025-06-05 03:19
9455,completed,2025-08-22 10:46
9456,completed,2025-04-12 13:32
9457,completed,2025-11-27 20:31
9458,completed,2025-01-07 04:09
9459,completed,2024-12-24 12:55
9460,completed,2025-07-16 14:45
9461,completed,2024-12-23 22:24
9462,completed,2025-01-20 07:00
9463,completed,2025-05-26 21:45
9464,completed,2025-11-05 04:14
9465,completed,2025-03-03 01:16
9466,completed,2024-12-29 09:26
9467,completed,2025-11-22 02:53
9468,completed,2025-07-27 20:48
9469,completed,2025-11-06 10:16
9470,completed,2025-04-10 01:52
9471,completed,2025-10-05 09:58
9472,completed,2025-04-05 22:23
9473,completed,2025-08-17 07:21
9474,completed,2025-12-02 22:56
9475,completed,2025-05-08 18:20
9476,completed,2025-11-17 20:34
9477,completed,2025-03-26 00:11
9478,completed,2025-03-31 13:55
9479,completed,2025-09-09 08:04
9480,completed,2025-03-27 09:42
9481,completed,2025-01-02 00:43
9482,completed,2025-10-08 21:36
9483,completed,2025-01-06 16:29
9484,completed,2025-08-29 10:42
9485,completed,2025-09-07 01:04
9486,completed,2025-01-26 14:23
9487,completed,2025-08-05 15:41
9488,completed,2025-06-30 15:21
9489,completed,2025-09-03 20:05
9490,completed,2025-08-14 01:08
9491,completed,2025-11-14 09:50
9492,completed,2025-06-12 02:52
9493,completed,2024-12-21 00:31
9494,completed,2025-08-11 12:29
9495,completed,2025-08-14 02:57
9496,completed,2025-03-21 18:26
9497,completed,2025-11-17 22:35
9498,completed,2025-10-17 18:44
9499,completed,2025-04-26 10:18
9500,completed,2025-04-19 16:30
9501,completed,2025-03-22 02:19
9502,completed,2025-04-02 19:26
9503,completed,2025-11-19 21:53
9504,completed,2025-04-23 01:55
9505,completed,2025-08-14 11:20
9506,completed,2025-04-11 12:18
9507,completed,2025-05-07 19:01
9508,completed,2025-02-24 12:07
9509,completed,2025-09-17 02:05
9510,completed,2024-12-12 14:07
9511,completed,2025-05-24 09:43
9512,completed,2025-04-24 01:23
9513,completed,2025-10-17 15:48
9514,completed,2025-11-08 02:13
9515,completed,2025-01-14 10:11
9516,completed,2025-09-19 22:36
9517,completed,2025-07-08 02:17
9518,completed,2025-08-13 01:33
9519,completed,2025-08-30 05:42
9520,completed,2025-05-31 00:21
9521,completed,2025-05-11 10:37
9522,completed,2025-06-13 07:42
9523,completed,2025-07-04 06:11
9524,completed,2025-09-29 04:53
9525,completed,2025-01-08 12:20
9526,completed,2025-04-12 15:50
9527,completed,2025-09-14 08:18
9528,completed,2025-09-14 00:27
9529,completed,2025-03-18 22:29
9530,completed,2025-08-12 03:28
9531,completed,2025-05-27 08:04
9532,completed,2025-11-14 08:50
9533,completed,2025-12-01 08:45
9534,completed,2025-01-11 11:49
9535,completed,2025-03-21 05:16
9536,completed,2025-05-27 17:30
9537,completed,2025-09-05 05:49
9538,completed,2025-10-19 15:43
9539,completed,2025-04-29 23:00
9540,completed,2025-06-05 17:24
9541,completed,2025-01-04 22:46
9542,completed,2025-07-31 12:17
9543,completed,2025-08-25 09:56
9544,completed,2025-04-10 23:53
9545,completed,2025-11-28 08:55
9546,completed,2025-09-19 05:35
9547,completed,2025-07-28 20:43
9548,completed,2025-01-04 12:00
9549,completed,2025-04-30 20:12
9550,completed,2025-09-11 23:25
9551,completed,2025-04-24 00:47
9552,completed,2025-06-25 20:53
9553,completed,2025-02-10 19:52
9554,completed,2025-03-03 04:20
9555,completed,2025-01-23 11:38
9556,completed,2025-08-24 05:43
9557,completed,2025-06-26 23:09
9558,completed,2025-06-13 02:25
9559,completed,2025-05-16 15:58
9560,completed,2025-06-18 13:19
9561,completed,2025-05-19 21:41
9562,completed,2025-05-04 03:36
9563,completed,2025-05-11 08:01
9564,completed,2025-01-11 21:09
9565,completed,2025-08-16 23:18
9566,completed,2025-05-30 17:38
9567,completed,2025-04-02 15:29
9568,completed,2025-09-29 15:33
9569,completed,2025-07-22 21:50
9570,completed,2025-04-05 09:03
9571,completed,2025-08-12 21:12
9572,completed,2025-06-13 17:24
9573,completed,2025-06-01 16:33
9574,completed,2025-03-30 12:09
9575,completed,2025-07-09 10:34
9576,completed,2025-04-02 13:37
9577,completed,2025-04-19 09:21
9578,completed,2025-08-14 19:15
9579,completed,2025-09-04 13:46
9580,completed,2025-07-25 22:14
9581,completed,2024-12-31 20:30
9582,completed,2025-05-30 17:04
9583,completed,2025-02-10 22:23
9584,completed,2025-02-16 16:37
9585,completed,2025-03-11 02:21
9586,completed,2025-03-23 16:41
9587,completed,2025-09-19 22:20
9588,completed,2025-07-02 05:17
9589,completed,2025-09-15 00:33
9590,completed,2025-11-11 23:17
9591,completed,2025-04-29 18:12
9592,completed,2025-07-27 04:57
9593,completed,2025-04-01 13:15
9594,completed,2025-03-24 09:33
9595,completed,2025-11-06 07:23
9596,completed,2025-12-05 23:51
9597,completed,2025-03-14 04:17
9598,completed,2024-12-10 07:31
9599,completed,2025-02-17 06:36
9600,completed,2025-04-17 10:40
9601,completed,2025-06-18 11:13
9602,completed,2025-05-06 11:50
9603,completed,2025-08-25 10:29
9604,completed,2025-01-15 12:56
9605,completed,2025-01-29 14:56
9606,completed,2025-04-03 03:03
9607,completed,2024-12-10 04:22
9608,completed,2025-06-15 17:24
9609,completed,2025-01-10 02:52
9610,completed,2025-02-10 03:20
9611,completed,2024-12-17 14:57
9612,completed,2025-03-11 02:07
9613,completed,2025-01-13 14:33
9614,completed,2025-05-17 13:12
9615,completed,2025-05-27 09:49
9616,completed,2025-01-06 05:58
9617,completed,2025-07-25 22:44
9618,completed,2025-03-26 17:47
9619,completed,2025-06-16 07:36
9620,completed,2025-03-11 22:15
9621,completed,2025-01-08 00:54
9622,completed,2025-11-29 17:10
9623,completed,2025-01-04 02:08
9624,completed,2025-05-06 19:32
9625,completed,2025-05-06 07:27
9626,completed,2025-03-05 13:31
9627,completed,2025-01-18 14:57
9628,completed,2025-10-12 18:56
9629,completed,2025-09-02 12:19
9630,completed,2025-07-11 16:37
9631,completed,2025-01-11 05:31
9632,completed,2025-04-14 04:16
9633,completed,2024-12-12 20:05
9634,completed,2025-01-20 23:46
9635,completed,2025-10-09 17:33
9636,completed,2025-09-22 10:52
9637,completed,2025-08-04 13:03
9638,completed,2025-10-23 10:09
9639,completed,2025-06-06 22:17
9640,completed,2025-02-04 23:29
9641,completed,2025-07-04 12:53
9642,completed,2025-07-20 04:01
9643,completed,2025-10-30 04:32
9644,completed,2025-07-16 10:02
9645,completed,2025-07-03 08:57
9646,completed,2025-11-29 08:34
9647,completed,2025-02-24 19:46
9648,completed,2025-05-24 02:32
9649,completed,2024-12-20 05:35
9650,completed,2025-05-13 14:16
9651,completed,2025-02-03 01:12
9652,completed,2025-04-01 16:49
9653,completed,2025-02-11 09:36
9654,completed,2025-09-04 15:13
9655,completed,2025-03-20 12:49
9656,completed,2025-01-21 01:34
9657,completed,2025-05-23 13:56
9658,completed,2025-04-17 14:55
9659,completed,2025-04-16 20:08
9660,completed,2025-08-25 06:08
9661,completed,2025-05-18 06:27
9662,completed,2024-12-11 10:16
9663,completed,2025-11-08 12:31
9664,completed,2025-11-20 01:08
9665,completed,2025-08-30 06:53
9666,completed,2025-05-28 17:21
9667,completed,2025-09-12 19:51
9668,completed,2025-01-03 10:02
9669,completed,2025-05-29 00:08
9670,completed,2025-04-10 19:00
9671,completed,2025-02-08 02:12
9672,completed,2025-09-24 10:56
9673,completed,2025-01-14 02:40
9674,completed,2025-06-19 01:44
9675,completed,2025-02-04 11:55
9676,completed,2025-01-20 06:32
9677,completed,2025-05-03 09:20
9678,completed,2025-11-07 02:12
9679,completed,2025-06-13 17:30
9680,completed,2025-09-18 19:48
9681,completed,2025-10-01 18:30
9682,completed,2025-05-26 11:54
9683,completed,2025-02-27 19:27
9684,completed,2025-03-04 16:00
9685,completed,2025-03-19 15:04
9686,completed,2025-10-18 13:30
9687,completed,2025-06-02 03:48
9688,completed,2025-10-23 16:33
9689,completed,2025-04-04 19:40
9690,completed,2025-11-07 22:44
9691,completed,2025-01-28 01:20
9692,completed,2025-08-03 04:30
9693,completed,2025-01-06 18:10
9694,completed,2025-06-02 18:06
9695,completed,2025-07-09 02:14
9696,completed,2025-11-08 21:57
9697,completed,2025-05-23 13:28
9698,completed,2025-03-03 08:57
9699,completed,2025-07-12 18:25
9700,completed,2025-03-03 02:44
9701,completed,2025-05-25 05:41
9702,completed,2025-07-12 22:42
9703,completed,2025-04-20 09:25
9704,completed,2025-04-27 11:08
9705,completed,2025-11-03 20:13
9706,completed,2025-06-14 21:28
9707,completed,2025-05-04 19:14
9708,completed,2025-06-05 10:05
9709,completed,2025-07-29 13:46
9710,completed,2025-05-18 07:07
9711,completed,2024-12-20 16:59
9712,completed,2024-12-24 15:49
9713,completed,2025-10-05 01:36
9714,completed,2025-10-27 00:03
9715,completed,2025-11-03 10:14
9716,completed,2025-08-11 10:46
9717,completed,2025-07-25 03:18
9718,completed,2025-04-01 14:10
9719,completed,2025-02-13 18:21
9720,completed,2025-07-03 11:22
9721,completed,2025-05-19 17:49
9722,completed,2024-12-08 21:55
9723,completed,2025-10-18 21:09
9724,completed,2025-07-07 09:39
9725,completed,2025-06-21 12:08
9726,completed,2025-06-27 14:56
9727,completed,2025-01-17 10:37
9728,completed,2025-02-28 00:42
9729,completed,2025-06-04 22:00
9730,completed,2025-11-12 23:33
9731,completed,2025-01-05 08:43
9732,completed,2025-07-03 18:20
9733,completed,2025-03-24 00:22
9734,completed,2025-10-09 22:21
9735,completed,2024-12-25 09:20
9736,completed,2025-04-19 14:57
9737,completed,2025-06-23 16:12
9738,completed,2025-05-20 15:02
9739,completed,2025-04-26 22:47
9740,completed,2025-02-16 19:30
9741,completed,2025-07-15 18:10
9742,completed,2025-09-25 23:18
9743,completed,2025-04-08 03:32
9744,completed,2025-08-10 14:41
9745,completed,2025-10-20 15:56
9746,completed,2025-10-01 20:53
9747,completed,2025-06-12 19:23
9748,completed,2025-07-01 03:34
9749,completed,2025-09-15 10:08
9750,completed,2025-07-14 04:22
9751,completed,2025-12-06 23:53
9752,completed,2025-08-24 13:08
9753,completed,2025-11-03 06:56
9754,completed,2025-08-13 03:20
9755,completed,2024-12-10 16:45
9756,completed,2025-04-25 23:09
9757,completed,2025-04-18 06:24
9758,completed,2025-08-06 20:07
9759,completed,2025-06-26 07:52
9760,completed,2025-10-22 21:42
9761,completed,2025-04-06 11:20
9762,completed,2025-09-02 22:40
9763,completed,2025-11-15 18:26
9764,completed,2025-03-22 06:17
9765,completed,2025-08-14 21:01
9766,completed,2025-06-07 17:58
9767,completed,2025-01-20 00:35
9768,completed,2025-08-22 23:50
9769,completed,2025-04-22 08:16
9770,completed,2025-04-29 03:08
9771,completed,2025-11-10 11:51
9772,completed,2025-10-13 16:12
9773,completed,2025-03-22 17:13
9774,completed,2025-05-01 12:32
9775,completed,2025-05-30 10:53
9776,completed,2024-12-09 12:52
9777,completed,2025-05-26 19:46
9778,completed,2025-05-17 17:07
9779,completed,2025-11-06 20:28
9780,completed,2025-12-01 20:32
9781,completed,2025-04-17 12:44
9782,completed,2025-11-20 23:04
9783,completed,2024-12-29 05:08
9784,completed,2025-01-24 15:33
9785,completed,2025-06-29 15:52
9786,completed,2025-04-11 21:27
9787,completed,2025-03-07 12:00
9788,completed,2025-04-29 08:20
9789,completed,2025-01-22 15:27
9790,completed,2025-05-31 19:19
9791,completed,2025-06-20 22:20
9792,completed,2025-07-15 12:00
9793,completed,2025-11-25 16:19
9794,completed,2025-08-26 19:04
9795,completed,2025-11-29 09:36
9796,completed,2025-10-09 06:41
9797,completed,2025-04-12 17:12
9798,completed,2025-03-16 03:30
9799,completed,2025-01-22 16:54
9800,completed,2025-10-08 23:18
9801,completed,2025-01-20 04:48
9802,completed,2025-08-31 23:22
9803,completed,2025-07-07 22:03
9804,completed,2025-07-23 00:05
9805,completed,2025-07-08 21:53
9806,completed,2025-08-10 12:06
9807,completed,2025-08-09 15:51
9808,completed,2025-06-24 06:54
9809,completed,2025-10-26 07:16
9810,completed,2025-05-12 21:42
9811,completed,2025-07-02 03:36
9812,completed,2025-01-27 22:40
9813,completed,2025-08-20 15:54
9814,completed,2025-08-30 12:22
9815,completed,2025-01-06 18:44
9816,completed,2025-09-10 15:08
9817,completed,2025-06-08 01:19
9818,completed,2025-09-07 08:55
9819,completed,2025-01-17 02:12
9820,completed,2025-09-17 05:23
9821,completed,2025-08-20 13:41
9822,completed,2025-08-27 11:08
9823,completed,2024-12-30 00:37
9824,completed,2025-04-15 18:04
9825,completed,2025-11-13 13:16
9826,completed,2025-05-01 19:13
9827,completed,2025-01-13 21:18
9828,completed,2025-05-01 20:04
9829,completed,2025-04-11 19:49
9830,completed,2025-03-29 04:39
9831,completed,2024-12-14 06:58
9832,completed,2025-01-03 00:19
9833,completed,2025-04-16 05:55
9834,completed,2025-02-10 20:51
9835,completed,2024-12-07 05:06
9836,completed,2025-04-27 20:21
9837,completed,2025-09-06 03:20
9838,completed,2025-03-16 10:55
9839,completed,2025-01-27 10:04
9840,completed,2025-06-05 10:34
9841,completed,2025-01-03 09:37
9842,completed,2025-03-30 11:02
9843,completed,2025-05-12 18:06
9844,completed,2025-09-24 20:29
9845,completed,2024-12-25 00:02
9846,completed,2025-01-17 16:13
9847,completed,2025-09-20 12:44
9848,completed,2025-07-26 16:23
9849,completed,2024-12-09 20:02
9850,completed,2025-11-17 08:21
9851,completed,2025-08-17 06:38
9852,completed,2025-08-27 01:36
9853,completed,2025-04-11 22:44
9854,completed,2025-03-09 15:53
9855,completed,2025-03-09 23:50
9856,completed,2025-01-03 18:26
9857,completed,2025-11-04 00:50
9858,completed,2025-11-27 12:34
9859,completed,2025-08-28 20:18
9860,completed,2025-11-30 22:58
9861,completed,2025-02-18 02:36
9862,completed,2024-12-29 01:22
9863,completed,2025-11-19 13:44
9864,completed,2024-12-07 11:35
9865,completed,2025-01-06 08:26
9866,completed,2025-02-27 14:48
9867,completed,2025-10-06 17:31
9868,completed,2025-11-06 05:33
9869,completed,2025-08-24 04:33
9870,completed,2025-09-09 07:22
9871,completed,2025-05-13 16:21
9872,completed,2025-05-08 21:40
9873,completed,2025-07-22 21:27
9874,completed,2024-12-12 02:30
9875,completed,2024-12-31 00:16
9876,completed,2025-01-12 19:28
9877,completed,2025-08-26 02:44
9878,completed,2025-08-08 16:38
9879,completed,2025-05-26 18:52
9880,completed,2025-04-12 13:11
9881,completed,2025-01-01 04:08
9882,completed,2024-12-20 06:50
9883,completed,2024-12-31 20:00
9884,completed,2025-06-07 01:41
9885,completed,2025-04-15 18:59
9886,completed,2025-10-07 22:15
9887,completed,2024-12-20 06:46
9888,completed,2025-09-18 16:06
9889,completed,2024-12-25 20:50
9890,completed,2024-12-23 10:20
9891,completed,2025-02-11 07:17
9892,completed,2025-09-25 23:00
9893,completed,2025-02-14 12:57
9894,completed,2025-12-03 15:53
9895,completed,2025-03-06 08:58
9896,completed,2025-09-10 06:53
9897,completed,2025-05-29 22:04
9898,completed,2025-05-01 04:11
9899,completed,2025-02-23 23:31
9900,completed,2025-12-03 00:26
9901,completed,2025-06-22 21:21
9902,completed,2025-08-11 12:50
9903,completed,2025-07-11 09:13
9904,completed,2025-03-28 18:55
9905,completed,2025-06-12 02:19
9906,completed,2025-11-23 10:48
9907,completed,2025-09-30 07:11
9908,completed,2024-12-12 18:13
9909,completed,2025-04-23 17:05
9910,completed,2025-03-21 02:57
9911,completed,2025-09-30 21:41
9912,completed,2025-05-04 07:31
9913,completed,2025-07-09 05:37
9914,completed,2025-04-24 16:27
9915,completed,2025-09-02 15:43
9916,completed,2024-12-08 16:17
9917,completed,2025-07-01 12:01
9918,completed,2025-11-29 17:42
9919,completed,2025-07-10 00:54
9920,completed,2025-08-04 11:08
9921,completed,2025-12-01 23:50
9922,completed,2025-06-20 20:27
9923,completed,2025-02-18 20:04
9924,completed,2025-04-09 05:11
9925,completed,2025-08-18 20:49
9926,completed,2025-03-10 04:00
9927,completed,2025-08-17 18:48
9928,completed,2025-01-15 04:21
9929,completed,2025-02-20 06:47
9930,completed,2025-04-26 19:41
9931,completed,2025-07-21 11:35
9932,completed,2025-05-15 04:02
9933,completed,2025-12-02 22:53
9934,completed,2025-10-12 11:00
9935,completed,2025-05-30 19:27
9936,completed,2025-01-26 22:11
9937,completed,2025-05-01 10:04
9938,completed,2024-12-10 23:30
9939,completed,2025-07-12 21:26
9940,completed,2025-03-03 17:29
9941,completed,2025-05-05 21:14
9942,completed,2025-11-13 15:45
9943,completed,2025-01-08 08:30
9944,completed,2025-07-21 12:44
9945,completed,2024-12-19 02:14
9946,completed,2025-11-30 21:51
9947,completed,2025-10-07 21:18
9948,completed,2025-07-25 09:41
9949,completed,2025-11-07 14:24
9950,completed,2025-04-07 12:49
9951,completed,2025-02-14 16:31
9952,completed,2025-01-27 00:07
9953,completed,2025-10-19 19:17
9954,completed,2025-04-11 05:59
9955,completed,2025-01-18 01:29
9956,completed,2025-10-03 08:18
9957,completed,2025-06-10 18:12
9958,completed,2025-03-18 19:04
9959,completed,2025-09-02 03:00
9960,completed,2025-02-15 01:39
9961,completed,2025-09-19 03:30
9962,completed,2025-03-22 00:36
9963,completed,2025-08-16 16:13
9964,completed,2025-01-19 11:43
9965,completed,2025-06-26 20:53
9966,completed,2025-04-16 18:57
9967,completed,2025-08-09 13:39
9968,completed,2025-08-29 17:03
9969,completed,2025-09-12 06:36
9970,completed,2025-11-08 05:28
9971,completed,2025-01-31 21:29
9972,completed,2025-10-06 10:11
9973,completed,2025-08-21 03:56
9974,completed,2025-12-06 08:42
9975,completed,2025-05-30 08:22
9976,completed,2025-03-02 12:37
9977,completed,2025-04-29 08:39
9978,completed,2025-07-14 03:04
9979,completed,2025-01-13 16:02
9980,completed,2025-10-13 22:33
9981,completed,2025-07-28 09:50
9982,completed,2025-01-08 11:15
9983,completed,2025-04-28 11:45
9984,completed,2025-11-13 21:42
9985,completed,2025-11-10 11:01
9986,completed,2025-07-10 03:36
9987,completed,2025-11-03 13:05
9988,completed,2025-11-12 16:40
9989,completed,2025-06-11 13:27
9990,completed,2025-08-22 05:31
9991,completed,2025-07-18 07:33
9992,completed,2025-03-31 22:42
9993,completed,2025-06-04 10:16
9994,completed,2025-11-03 20:24
9995,completed,2024-12-14 16:22
9996,completed,2025-11-17 11:27
9997,completed,2025-03-30 12:16
9998,completed,2024-12-25 01:36
9999,completed,2025-02-21 14:48
10000,completed,2025-07-02 09:59
10001,completed,2025-02-04 16:57
10002,completed,2025-12-06 06:05
10003,completed,2025-06-12 09:08
10004,completed,2025-10-26 04:25
10005,completed,2025-02-08 22:20
10006,completed,2025-04-05 11:07
10007,completed,2025-06-08 01:00
10008,completed,2025-02-13 23:51
10009,completed,2025-02-01 08:57
10010,completed,2025-05-03 03:47
10011,completed,2025-09-17 21:23
10012,completed,2025-07-11 05:16
10013,completed,2025-06-01 07:54
10014,completed,2025-01-22 17:14
10015,completed,2025-01-12 13:11
10016,completed,2025-08-12 14:34
10017,completed,2025-04-28 06:40
10018,completed,2025-04-04 15:29
10019,completed,2025-01-22 01:17
10020,completed,2024-12-09 14:34
10021,completed,2025-09-16 16:10
10022,completed,2025-02-14 03:46
10023,completed,2025-10-21 09:04
10024,completed,2025-06-06 22:23
10025,completed,2024-12-28 14:20
10026,completed,2025-11-16 15:18
10027,completed,2025-08-11 19:49
10028,completed,2025-02-15 15:17
10029,completed,2025-04-24 22:45
10030,completed,2025-09-17 09:23
10031,completed,2025-02-07 08:40
10032,completed,2025-09-22 13:37
10033,completed,2025-02-25 17:13
10034,completed,2025-08-19 22:45
10035,completed,2025-07-25 10:55
10036,completed,2025-05-15 18:18
10037,completed,2025-02-14 09:33
10038,completed,2025-02-02 22:09
10039,completed,2025-09-17 12:37
10040,completed,2025-05-26 22:13
10041,completed,2025-11-02 04:37
10042,completed,2025-09-24 08:35
10043,completed,2025-02-25 21:45
10044,completed,2025-02-06 10:42
10045,completed,2025-05-24 22:28
10046,completed,2024-12-12 10:31
10047,completed,2025-02-18 23:10
10048,completed,2025-10-03 23:17
10049,completed,2025-08-20 13:52
10050,completed,2025-09-27 22:31
10051,completed,2024-12-31 19:59
10052,completed,2025-08-13 11:24
10053,completed,2025-03-23 01:50
10054,completed,2025-09-04 17:08
10055,completed,2025-01-18 08:08
10056,completed,2025-03-03 10:46
10057,completed,2025-08-17 11:26
10058,completed,2025-11-01 01:04
10059,completed,2025-09-18 23:09
10060,completed,2025-03-06 04:56
10061,completed,2025-10-12 17:38
10062,completed,2025-07-05 23:01
10063,completed,2025-06-27 22:56
10064,completed,2025-03-18 19:09
10065,completed,2025-06-19 14:43
10066,completed,2025-02-03 03:53
10067,completed,2025-07-02 20:10
10068,completed,2025-05-17 01:21
10069,completed,2025-08-09 05:27
10070,completed,2025-03-20 17:01
10071,completed,2025-09-08 14:08
10072,completed,2025-02-16 02:40
10073,completed,2025-04-29 08:59
10074,completed,2024-12-29 23:45
10075,completed,2025-10-24 04:11
10076,completed,2025-09-15 05:02
10077,completed,2025-09-26 17:42
10078,completed,2025-05-13 22:46
10079,completed,2025-02-03 08:09
10080,completed,2025-02-23 18:49
10081,completed,2025-02-13 23:05
10082,completed,2025-02-02 02:56
10083,completed,2025-09-07 21:58
10084,completed,2025-07-04 18:13
10085,completed,2025-06-23 01:16
10086,completed,2025-10-16 07:30
10087,completed,2025-02-23 07:12
10088,completed,2024-12-31 09:50
10089,completed,2025-06-26 23:42
10090,completed,2025-09-25 22:48
10091,completed,2025-01-31 01:59
10092,completed,2025-08-15 13:07
10093,completed,2025-01-31 01:24
10094,completed,2025-04-05 04:57
10095,completed,2025-01-26 01:17
10096,completed,2025-08-14 00:57
10097,completed,2025-05-13 13:00
10098,completed,2025-01-19 09:42
10099,completed,2025-06-02 06:41
10100,completed,2025-03-29 07:28
10101,completed,2025-05-07 01:35
10102,completed,2025-03-11 10:28
10103,completed,2025-05-30 14:48
10104,completed,2025-08-27 04:30
10105,completed,2025-01-12 14:56
10106,completed,2025-05-07 15:06
10107,completed,2025-10-10 21:32
10108,completed,2025-04-24 11:36
10109,completed,2025-11-21 22:17
10110,completed,2025-08-05 23:23
10111,completed,2025-04-07 11:39
10112,completed,2025-06-30 10:46
10113,completed,2025-03-29 05:23
10114,completed,2025-09-15 02:19
10115,completed,2025-05-29 04:55
10116,completed,2025-07-14 18:39
10117,completed,2025-08-05 06:05
10118,completed,2025-10-10 03:18
10119,completed,2025-09-05 14:45
10120,completed,2025-05-25 11:46
10121,completed,2025-09-22 23:22
10122,completed,2024-12-11 23:21
10123,completed,2024-12-25 03:36
10124,completed,2025-10-14 06:54
10125,completed,2025-09-05 01:39
10126,completed,2025-08-12 23:17
10127,completed,2025-03-10 03:58
10128,completed,2025-07-02 07:08
10129,completed,2025-03-18 18:42
10130,completed,2025-07-11 19:27
10131,completed,2025-05-21 14:49
10132,completed,2024-12-31 22:45
10133,completed,2025-10-07 11:23
10134,completed,2025-08-23 13:33
10135,completed,2025-03-10 10:27
10136,completed,2025-07-29 07:54
10137,completed,2025-03-19 16:06
10138,completed,2025-05-06 07:20
10139,completed,2025-02-25 10:15
10140,completed,2025-03-13 19:05
10141,completed,2025-10-23 18:33
10142,completed,2025-03-29 05:06
10143,completed,2025-01-31 23:18
10144,completed,2025-10-11 01:30
10145,completed,2025-06-17 06:25
10146,completed,2025-07-25 08:46
10147,completed,2025-02-07 10:57
10148,completed,2025-03-08 14:11
10149,completed,2025-07-10 00:20
10150,completed,2025-08-28 13:26
10151,completed,2025-06-23 14:05
10152,completed,2025-05-31 06:18
10153,completed,2025-10-06 01:30
10154,completed,2025-07-27 00:01
10155,completed,2025-11-10 11:57
10156,completed,2025-05-20 20:58
10157,completed,2025-04-27 21:57
10158,completed,2025-10-26 14:48
10159,completed,2025-10-15 07:06
10160,completed,2025-01-06 12:28
10161,completed,2025-03-07 09:32
10162,completed,2025-03-21 10:29
10163,completed,2025-07-07 00:57
10164,completed,2025-10-12 07:12
10165,completed,2025-12-04 09:03
10166,completed,2024-12-07 08:54
10167,completed,2025-03-26 01:05
10168,completed,2025-10-02 15:38
10169,completed,2025-07-27 02:59
10170,completed,2025-11-11 09:28
10171,completed,2025-10-12 16:45
10172,completed,2025-08-27 08:20
10173,completed,2024-12-27 04:36
10174,completed,2025-10-18 20:22
10175,completed,2025-05-26 22:25
10176,completed,2025-05-26 13:11
10177,completed,2025-05-19 04:06
10178,completed,2025-10-08 07:15
10179,completed,2025-12-05 01:24
10180,completed,2024-12-21 00:40
10181,completed,2025-09-14 05:32
10182,completed,2025-03-23 04:11
10183,completed,2025-09-01 14:29
10184,completed,2024-12-27 08:01
10185,completed,2025-02-08 12:41
10186,completed,2025-07-01 01:24
10187,completed,2025-07-01 01:56
10188,completed,2025-01-20 08:44
10189,completed,2025-09-06 10:31
10190,completed,2025-11-30 00:06
10191,completed,2025-04-01 04:15
10192,completed,2025-08-10 05:15
10193,completed,2025-02-02 23:22
10194,completed,2025-08-30 15:44
10195,completed,2024-12-19 23:55
10196,completed,2025-07-23 10:01
10197,completed,2025-06-05 01:20
10198,completed,2025-08-07 06:46
10199,completed,2025-02-12 01:33
10200,completed,2025-03-07 00:36
10201,completed,2025-08-30 09:31
10202,completed,2024-12-11 17:58
10203,completed,2025-06-02 07:19
10204,completed,2025-01-12 23:34
10205,completed,2025-03-05 09:23
10206,completed,2025-09-06 07:35
10207,completed,2025-03-10 04:05
10208,completed,2025-01-24 07:18
10209,completed,2025-07-05 04:41
10210,completed,2025-01-24 18:39
10211,completed,2025-01-01 07:40
10212,completed,2025-04-28 20:42
10213,completed,2025-07-19 04:02
10214,completed,2025-01-27 18:02
10215,completed,2025-11-19 11:38
10216,completed,2025-01-06 01:44
10217,completed,2025-11-20 22:59
10218,completed,2025-04-18 09:37
10219,completed,2025-11-08 09:15
10220,completed,2025-08-19 12:42
10221,completed,2025-05-14 09:43
10222,completed,2025-11-07 07:01
10223,completed,2025-09-12 18:37
10224,completed,2025-11-19 04:57
10225,completed,2025-10-11 20:39
10226,completed,2025-08-10 07:38
10227,completed,2025-03-06 21:56
10228,completed,2025-01-12 18:23
10229,completed,2025-10-13 13:31
10230,completed,2025-02-16 01:58
10231,completed,2024-12-28 02:28
10232,completed,2025-10-01 16:02
10233,completed,2025-05-09 22:57
10234,completed,2025-09-11 15:28
10235,completed,2025-10-19 18:12
10236,completed,2024-12-13 07:14
10237,completed,2025-11-27 22:44
10238,completed,2025-09-08 21:09
10239,completed,2025-07-06 09:42
10240,completed,2025-07-20 06:00
10241,completed,2025-07-03 03:59
10242,completed,2025-02-26 04:50
10243,completed,2025-05-05 21:41
10244,completed,2025-04-24 18:46
10245,completed,2025-03-04 15:32
10246,completed,2025-04-13 07:02
10247,completed,2025-12-03 20:50
10248,completed,2025-09-26 02:03
10249,completed,2025-11-06 22:22
10250,completed,2025-06-17 22:39
10251,completed,2025-08-05 14:03
10252,completed,2025-01-15 13:55
10253,completed,2025-06-20 21:26
10254,completed,2025-08-15 20:07
10255,completed,2025-03-30 12:55
10256,completed,2025-09-13 23:08
10257,completed,2025-01-11 16:14
10258,completed,2025-05-23 13:48
10259,completed,2025-08-29 02:02
10260,completed,2025-10-13 10:35
10261,completed,2025-08-08 21:33
10262,completed,2024-12-07 11:42
10263,completed,2025-07-18 13:44
10264,completed,2025-01-27 17:44
10265,completed,2025-09-04 11:09
10266,completed,2025-09-11 16:45
10267,completed,2025-11-09 16:15
10268,completed,2025-11-22 21:04
10269,completed,2024-12-15 01:28
10270,completed,2024-12-08 17:10
10271,completed,2025-10-25 06:50
10272,completed,2025-04-19 12:19
10273,completed,2025-07-25 02:02
10274,completed,2025-07-23 00:51
10275,completed,2024-12-24 02:23
10276,completed,2025-10-28 00:23
10277,completed,2025-02-21 14:31
10278,completed,2025-03-05 02:23
10279,completed,2025-03-02 14:10
10280,completed,2025-02-21 02:20
10281,completed,2025-10-08 04:32
10282,completed,2024-12-12 22:51
10283,completed,2025-02-15 03:18
10284,completed,2025-10-09 06:10
10285,completed,2025-07-06 04:25
10286,completed,2024-12-15 19:51
10287,completed,2025-07-11 11:08
10288,completed,2025-09-19 14:13
10289,completed,2025-09-26 04:28
10290,completed,2024-12-12 00:17
10291,completed,2025-02-24 11:40
10292,completed,2025-08-02 02:31
10293,completed,2025-08-11 16:50
10294,completed,2025-07-22 12:29
10295,completed,2025-01-09 07:47
10296,completed,2025-08-15 19:16
10297,completed,2025-07-02 23:05
10298,completed,2025-11-12 12:52
10299,completed,2025-09-14 01:04
10300,completed,2025-10-19 20:03
10301,completed,2025-07-27 10:57
10302,completed,2025-05-07 01:13
10303,completed,2025-11-17 15:25
10304,completed,2025-09-19 19:26
10305,completed,2025-03-26 12:39
10306,completed,2024-12-14 11:20
10307,completed,2025-05-25 07:03
10308,completed,2024-12-23 03:51
10309,completed,2025-06-18 04:06
10310,completed,2025-02-04 18:02
10311,completed,2025-06-14 21:51
10312,completed,2025-09-03 04:34
10313,completed,2025-08-14 08:12
10314,completed,2025-08-31 07:47
10315,completed,2025-11-19 05:50
10316,completed,2025-04-10 12:24
10317,completed,2025-08-27 12:40
10318,completed,2024-12-26 06:33
10319,completed,2024-12-20 07:02
10320,completed,2025-01-14 02:39
10321,completed,2025-02-19 05:29
10322,completed,2025-09-23 12:22
10323,completed,2025-11-27 03:03
10324,completed,2025-05-27 10:08
10325,completed,2024-12-26 08:45
10326,completed,2025-08-16 22:59
10327,completed,2025-09-20 16:11
10328,completed,2025-08-13 06:09
10329,completed,2025-07-25 16:56
10330,completed,2025-11-01 06:09
10331,completed,2025-09-21 15:39
10332,completed,2025-04-09 13:30
10333,completed,2025-03-15 16:18
10334,completed,2025-09-21 17:10
10335,completed,2024-12-31 08:00
10336,completed,2025-10-08 03:54
10337,completed,2025-05-19 22:36
10338,completed,2025-12-03 16:45
10339,completed,2025-10-16 19:47
10340,completed,2025-11-28 05:24
10341,completed,2025-10-22 05:09
10342,completed,2025-01-13 16:08
10343,completed,2025-05-12 09:13
10344,completed,2025-06-26 17:47
10345,completed,2025-01-03 00:22
10346,completed,2025-04-12 12:05
10347,completed,2025-02-06 10:39
10348,completed,2024-12-18 02:23
10349,completed,2025-05-21 00:16
10350,completed,2025-08-06 00:48
10351,completed,2025-01-26 17:52
10352,completed,2025-01-24 20:42
10353,completed,2025-11-14 12:32
10354,completed,2025-01-07 03:32
10355,completed,2025-11-16 01:32
10356,completed,2025-10-17 14:33
10357,completed,2025-03-14 04:20
10358,completed,2025-06-06 20:31
10359,completed,2025-10-17 17:38
10360,completed,2025-05-03 06:00
10361,completed,2025-05-24 07:22
10362,completed,2025-07-22 10:22
10363,completed,2025-10-12 03:02
10364,completed,2025-09-05 13:42
10365,completed,2025-05-23 03:05
10366,completed,2025-09-22 03:49
10367,completed,2025-08-08 06:57
10368,completed,2025-06-10 21:48
10369,completed,2025-06-21 21:41
10370,completed,2025-09-22 06:01
10371,completed,2025-11-19 00:12
10372,completed,2025-01-26 06:04
10373,completed,2025-10-26 05:08
10374,completed,2025-06-25 23:16
10375,completed,2025-04-28 20:51
10376,completed,2025-05-26 12:14
10377,completed,2025-10-14 11:34
10378,completed,2024-12-14 15:52
10379,completed,2025-01-11 03:20
10380,completed,2025-10-31 13:08
10381,completed,2025-06-25 21:28
10382,completed,2025-03-03 13:21
10383,completed,2025-08-24 20:26
10384,completed,2025-11-11 05:41
10385,completed,2025-10-06 03:58
10386,completed,2025-02-18 04:14
10387,completed,2025-05-14 06:34
10388,completed,2025-09-24 15:22
10389,completed,2025-07-25 06:10
10390,completed,2025-03-13 06:20
10391,completed,2025-01-30 09:14
10392,completed,2025-03-22 17:43
10393,completed,2025-01-25 18:57
10394,completed,2025-09-29 19:18
10395,completed,2025-06-24 19:39
10396,completed,2025-03-01 22:11
10397,completed,2025-05-26 03:14
10398,completed,2025-08-03 13:22
10399,completed,2025-08-23 20:42
10400,completed,2025-08-12 20:39
10401,completed,2024-12-10 14:32
10402,completed,2025-03-20 15:51
10403,completed,2025-02-18 18:13
10404,completed,2025-08-23 13:57
10405,completed,2025-08-31 12:45
10406,completed,2025-08-20 13:52
10407,completed,2025-05-13 01:50
10408,completed,2025-10-29 19:07
10409,completed,2025-07-20 23:18
10410,completed,2025-01-10 06:41
10411,completed,2025-02-01 18:20
10412,completed,2025-06-26 20:05
10413,completed,2025-05-17 11:57
10414,completed,2025-03-25 10:38
10415,completed,2025-06-11 03:52
10416,completed,2025-05-30 08:16
10417,completed,2024-12-21 15:07
10418,completed,2025-11-09 13:32
10419,completed,2025-03-06 16:50
10420,completed,2025-03-10 18:24
10421,completed,2025-01-19 21:41
10422,completed,2025-02-26 22:07
10423,completed,2025-11-30 23:29
10424,completed,2025-06-07 16:20
10425,completed,2025-07-06 10:08
10426,completed,2025-08-25 18:50
10427,completed,2025-01-31 10:13
10428,completed,2025-09-30 04:46
10429,completed,2025-06-15 18:17
10430,completed,2025-06-12 23:43
10431,completed,2025-02-03 13:34
10432,completed,2025-06-11 17:48
10433,completed,2025-10-04 01:43
10434,completed,2025-02-15 10:40
10435,completed,2025-04-22 15:33
10436,completed,2025-06-04 06:43
10437,completed,2025-01-25 16:07
10438,completed,2025-07-09 04:55
10439,completed,2025-04-25 07:00
10440,completed,2025-11-23 10:34
10441,completed,2025-08-21 23:45
10442,completed,2025-04-13 00:29
10443,completed,2025-08-20 15:14
10444,completed,2025-11-27 23:16
10445,completed,2025-01-12 21:09
10446,completed,2024-12-09 06:47
10447,completed,2025-07-25 15:18
10448,completed,2024-12-31 16:34
10449,completed,2025-01-17 14:34
10450,completed,2025-01-10 14:22
10451,completed,2025-11-24 15:21
10452,completed,2025-04-19 10:46
10453,completed,2025-07-03 13:09
10454,completed,2025-05-09 00:49
10455,completed,2025-03-14 08:36
10456,completed,2025-03-24 20:05
10457,completed,2025-11-06 07:03
10458,completed,2025-03-16 15:42
10459,completed,2025-11-03 00:18
10460,completed,2025-11-18 08:28
10461,completed,2025-07-21 13:17
10462,completed,2025-02-07 02:33
10463,completed,2025-04-07 04:58
10464,completed,2025-08-19 13:33
10465,completed,2025-06-30 21:37
10466,completed,2025-06-30 18:26
10467,completed,2025-02-21 11:02
10468,completed,2025-07-27 04:58
10469,completed,2025-04-29 07:21
10470,completed,2025-01-05 01:49
10471,completed,2025-09-29 10:40
10472,completed,2025-02-01 07:01
10473,completed,2025-03-25 00:38
10474,completed,2025-02-28 07:03
10475,completed,2025-11-17 20:40
10476,completed,2025-01-10 20:01
10477,completed,2025-05-02 08:29
10478,completed,2025-05-07 21:04
10479,completed,2025-06-10 01:13
10480,completed,2025-02-13 17:27
10481,completed,2025-07-20 13:12
10482,completed,2025-01-22 14:26
10483,completed,2025-06-29 15:25
10484,completed,2025-10-02 02:35
10485,completed,2024-12-21 17:07
10486,completed,2025-10-03 15:51
10487,completed,2025-07-17 13:17
10488,completed,2025-01-10 05:51
10489,completed,2025-08-08 04:13
10490,completed,2025-03-30 00:28
10491,completed,2025-04-30 16:44
10492,completed,2025-07-10 00:07
10493,completed,2025-09-11 01:58
10494,completed,2024-12-09 13:55
10495,completed,2024-12-26 21:05
10496,completed,2025-01-21 15:56
10497,completed,2024-12-29 21:26
10498,completed,2025-10-31 14:24
10499,completed,2025-02-26 19:59
10500,completed,2025-10-31 18:17
10501,completed,2025-09-02 11:40
10502,completed,2025-09-30 13:45
10503,completed,2025-10-25 03:42
10504,completed,2024-12-18 02:57
10505,completed,2025-03-06 02:50
10506,completed,2025-11-30 01:30
10507,completed,2025-02-07 17:55
10508,completed,2025-02-15 21:10
10509,completed,2025-04-29 20:16
10510,completed,2025-04-29 00:02
10511,completed,2025-01-23 11:49
10512,completed,2025-03-08 00:02
10513,completed,2025-10-22 03:15
10514,completed,2025-06-26 13:02
10515,completed,2025-08-15 12:18
10516,completed,2025-05-31 01:33
10517,completed,2025-07-17 04:32
10518,completed,2025-10-01 21:57
10519,completed,2025-04-20 13:07
10520,completed,2025-06-24 13:39
10521,completed,2025-06-09 18:50
10522,completed,2025-01-28 18:26
10523,completed,2024-12-30 22:12
10524,completed,2025-01-11 23:22
10525,completed,2025-06-23 02:43
10526,completed,2025-08-30 10:51
10527,completed,2025-02-28 19:24
10528,completed,2025-07-28 04:46
10529,completed,2025-06-21 23:26
10530,completed,2025-09-08 16:30
10531,completed,2025-10-02 20:40
10532,completed,2025-04-06 08:26
10533,completed,2025-04-08 18:12
10534,completed,2025-02-12 21:47
10535,completed,2025-02-08 12:02
10536,completed,2025-07-03 23:27
10537,completed,2025-10-27 09:27
10538,completed,2025-07-25 05:41
10539,completed,2024-12-20 12:04
10540,completed,2025-06-21 15:25
10541,completed,2025-05-24 13:53
10542,completed,2025-08-08 12:46
10543,completed,2025-03-27 14:11
10544,completed,2025-02-17 09:08
10545,completed,2025-07-17 20:19
10546,completed,2025-01-18 11:07
10547,completed,2025-04-26 12:31
10548,completed,2025-04-11 04:44
10549,completed,2024-12-20 12:33
10550,completed,2025-04-30 19:43
10551,completed,2025-07-13 12:12
10552,completed,2025-03-01 08:55
10553,completed,2025-10-20 11:37
10554,completed,2025-09-12 14:37
10555,completed,2025-06-09 23:49
10556,completed,2025-11-01 07:05
10557,completed,2025-01-15 04:53
10558,completed,2025-07-19 12:54
10559,completed,2025-11-11 01:13
10560,completed,2024-12-09 07:37
10561,completed,2025-06-03 10:28
10562,completed,2025-09-18 05:49
10563,completed,2025-01-06 04:55
10564,completed,2025-03-27 16:09
10565,completed,2025-03-13 20:37
10566,completed,2025-08-18 18:03
10567,completed,2025-02-15 20:10
10568,completed,2025-05-31 17:21
10569,completed,2025-01-26 12:06
10570,completed,2025-08-03 04:26
10571,completed,2025-06-05 14:39
10572,completed,2025-09-07 10:56
10573,completed,2025-11-06 07:46
10574,completed,2025-08-11 00:10
10575,completed,2025-04-08 17:04
10576,completed,2025-08-08 17:18
10577,completed,2025-11-08 03:58
10578,completed,2024-12-21 09:22
10579,completed,2025-11-03 18:49
10580,completed,2025-04-26 04:52
10581,completed,2025-09-27 04:29
10582,completed,2025-05-14 15:26
10583,completed,2025-04-21 05:56
10584,completed,2025-01-17 22:38
10585,completed,2025-03-19 00:20
10586,completed,2024-12-21 06:05
10587,completed,2025-08-25 02:15
10588,completed,2025-12-01 21:51
10589,completed,2025-02-18 22:15
10590,completed,2025-04-23 12:58
10591,completed,2025-07-23 17:09
10592,completed,2025-03-16 21:36
10593,completed,2025-09-09 11:01
10594,completed,2025-05-07 12:22
10595,completed,2025-01-15 14:26
10596,completed,2025-05-07 01:04
10597,completed,2025-08-21 05:54
10598,completed,2025-04-18 21:48
10599,completed,2025-07-25 11:13
10600,completed,2025-01-27 18:06
10601,completed,2025-09-12 08:13
10602,completed,2025-06-06 18:11
10603,completed,2025-09-11 19:49
10604,completed,2025-05-03 16:39
10605,completed,2025-08-07 05:08
10606,completed,2025-04-18 21:51
10607,completed,2025-06-08 13:59
10608,completed,2025-08-26 11:11
10609,completed,2025-09-19 23:22
10610,completed,2025-08-07 00:16
10611,completed,2025-09-23 00:32
10612,completed,2025-09-01 03:35
10613,completed,2025-04-27 18:38
10614,completed,2024-12-09 21:06
10615,completed,2025-01-23 22:58
10616,completed,2025-09-11 08:09
10617,completed,2025-04-18 11:22
10618,completed,2025-02-03 02:56
10619,completed,2025-11-22 00:26
10620,completed,2025-09-29 05:38
10621,completed,2025-04-12 17:39
10622,completed,2025-11-14 23:16
10623,completed,2025-05-17 17:50
10624,completed,2025-09-13 17:12
10625,completed,2025-04-28 07:48
10626,completed,2025-01-17 09:43
10627,completed,2025-06-04 07:11
10628,completed,2025-11-13 18:16
10629,completed,2025-04-27 23:18
10630,completed,2025-06-27 23:20
10631,completed,2025-06-09 09:48
10632,completed,2025-10-17 15:32
10633,completed,2025-04-23 05:08
10634,completed,2025-07-01 02:52
10635,completed,2025-06-27 18:46
10636,completed,2025-02-05 04:29
10637,completed,2025-02-19 13:46
10638,completed,2025-04-08 15:54
10639,completed,2025-07-24 08:18
10640,completed,2025-05-04 04:56
10641,completed,2025-06-19 08:52
10642,completed,2025-02-05 00:42
10643,completed,2025-02-11 14:02
10644,completed,2025-08-15 11:35
10645,completed,2025-03-29 05:27
10646,completed,2025-05-01 14:36
10647,completed,2025-11-22 06:32
10648,completed,2025-04-21 01:52
10649,completed,2025-07-17 12:22
10650,completed,2025-03-19 02:15
10651,completed,2025-06-10 21:36
10652,completed,2025-05-27 19:58
10653,completed,2025-01-17 00:33
10654,completed,2025-05-09 21:49
10655,completed,2025-04-24 14:58
10656,completed,2025-03-11 15:06
10657,completed,2025-07-01 16:47
10658,completed,2025-06-21 02:19
10659,completed,2025-03-18 14:42
10660,completed,2025-11-09 11:42
10661,completed,2025-02-04 21:05
10662,completed,2025-06-07 15:35
10663,completed,2025-05-21 14:49
10664,completed,2025-10-30 11:56
10665,completed,2025-11-29 05:02
10666,completed,2025-10-01 23:21
10667,completed,2025-06-07 17:14
10668,completed,2025-05-21 05:42
10669,completed,2025-10-08 07:12
10670,completed,2025-04-10 02:41
10671,completed,2025-08-17 21:54
10672,completed,2025-06-11 11:10
10673,completed,2025-06-02 10:10
10674,completed,2025-09-20 18:41
10675,completed,2025-07-08 04:52
10676,completed,2025-09-03 14:06
10677,completed,2025-04-18 03:39
10678,completed,2025-03-18 09:21
10679,completed,2025-09-13 09:17
10680,completed,2025-06-19 13:35
10681,completed,2025-08-10 03:05
10682,completed,2025-03-31 05:53
10683,completed,2025-08-21 15:52
10684,completed,2025-09-02 17:55
10685,completed,2025-07-18 09:14
10686,completed,2025-11-05 09:19
10687,completed,2025-09-14 07:43
10688,completed,2025-11-03 04:20
10689,completed,2025-09-23 19:35
10690,completed,2025-10-30 18:05
10691,completed,2025-06-21 01:25
10692,completed,2025-06-27 05:47
10693,completed,2025-06-09 06:54
10694,completed,2025-05-16 13:17
10695,completed,2025-08-10 05:36
10696,completed,2025-08-29 13:08
10697,completed,2025-02-18 03:39
10698,completed,2025-09-16 21:14
10699,completed,2025-04-11 18:26
10700,completed,2025-11-28 14:36
10701,completed,2025-07-21 13:44
10702,completed,2025-09-02 12:28
10703,completed,2025-10-02 00:30
10704,completed,2025-10-13 21:55
10705,completed,2025-04-17 23:16
10706,completed,2025-10-14 22:57
10707,completed,2025-10-25 02:06
10708,completed,2025-01-02 16:34
10709,completed,2025-10-04 17:59
10710,completed,2025-07-15 07:55
10711,completed,2025-02-21 21:09
10712,completed,2025-08-23 09:35
10713,completed,2025-11-18 05:50
10714,completed,2025-08-02 08:18
10715,completed,2025-08-04 03:34
10716,completed,2025-05-05 13:45
10717,completed,2025-06-08 23:10
10718,completed,2025-04-08 12:11
10719,completed,2025-05-01 18:32
10720,completed,2025-05-31 22:31
10721,completed,2025-05-20 16:28
10722,completed,2025-08-17 09:26
10723,completed,2025-06-01 15:23
10724,completed,2025-09-26 22:13
10725,completed,2025-03-06 17:59
10726,completed,2025-08-11 21:59
10727,completed,2025-11-11 10:41
10728,completed,2025-03-29 14:40
10729,completed,2025-06-16 13:16
10730,completed,2025-05-01 04:26
10731,completed,2025-10-07 19:34
10732,completed,2024-12-30 00:45
10733,completed,2025-07-31 00:41
10734,completed,2025-03-16 04:32
10735,completed,2024-12-26 10:59
10736,completed,2025-03-15 03:51
10737,completed,2025-09-11 07:11
10738,completed,2025-01-19 19:56
10739,completed,2025-07-03 15:19
10740,completed,2024-12-24 21:14
10741,completed,2025-03-02 09:59
10742,completed,2024-12-30 16:43
10743,completed,2025-08-20 11:51
10744,completed,2025-03-08 08:47
10745,completed,2025-05-02 23:59
10746,completed,2025-08-20 06:22
10747,completed,2025-11-26 17:23
10748,completed,2025-06-10 22:52
10749,completed,2025-05-09 11:24
10750,completed,2025-08-05 19:16
10751,completed,2025-04-04 09:22
10752,completed,2025-01-19 01:45
10753,completed,2025-05-23 21:10
10754,completed,2025-03-08 09:00
10755,completed,2025-05-06 07:28
10756,completed,2025-09-26 19:12
10757,completed,2025-03-05 03:33
10758,completed,2025-02-05 05:07
10759,completed,2025-05-24 00:01
10760,completed,2025-05-04 04:41
10761,completed,2025-11-18 00:19
10762,completed,2025-06-02 19:39
10763,completed,2025-03-31 15:30
10764,completed,2025-05-17 18:52
10765,completed,2025-11-07 14:13
10766,completed,2025-02-06 00:32
10767,completed,2025-01-23 17:16
10768,completed,2025-06-12 07:54
10769,completed,2025-07-27 11:40
10770,completed,2025-05-21 21:38
10771,completed,2025-05-04 21:56
10772,completed,2025-09-06 17:49
10773,completed,2025-07-14 05:56
10774,completed,2025-05-08 17:37
10775,completed,2025-10-26 04:00
10776,completed,2025-01-03 13:00
10777,completed,2025-02-04 05:43
10778,completed,2025-06-07 02:45
10779,completed,2025-05-31 15:51
10780,completed,2025-06-12 18:57
10781,completed,2025-03-03 23:15
10782,completed,2025-06-04 18:53
10783,completed,2025-11-18 22:46
10784,completed,2025-08-24 12:43
10785,completed,2025-05-31 15:35
10786,completed,2025-09-17 20:44
10787,completed,2025-05-04 22:12
10788,completed,2025-01-11 04:11
10789,completed,2025-11-09 19:14
10790,completed,2025-07-28 01:05
10791,completed,2025-08-12 09:38
10792,completed,2025-05-03 10:46
10793,completed,2025-10-25 11:22
10794,completed,2025-08-01 05:42
10795,completed,2024-12-14 17:41
10796,completed,2025-05-14 12:14
10797,completed,2025-07-22 04:09
10798,completed,2025-10-16 23:56
10799,completed,2024-12-11 17:16
10800,completed,2025-11-27 07:50
10801,completed,2024-12-11 16:31
10802,completed,2025-03-12 11:09
10803,completed,2025-06-22 06:57
10804,completed,2024-12-29 01:59
10805,completed,2025-09-23 10:38
10806,completed,2025-02-13 05:28
10807,completed,2025-07-08 05:58
10808,completed,2025-06-20 08:46
10809,completed,2024-12-25 20:55
10810,completed,2025-04-16 03:30
10811,completed,2025-10-15 06:46
10812,completed,2025-05-25 02:00
10813,completed,2025-03-08 23:42
10814,completed,2025-03-10 07:48
10815,completed,2025-08-22 01:37
10816,completed,2024-12-16 21:41
10817,completed,2025-08-23 03:15
10818,completed,2025-04-26 01:49
10819,completed,2025-10-30 11:54
10820,completed,2025-05-24 03:03
10821,completed,2025-05-22 06:46
10822,completed,2025-10-09 07:53
10823,completed,2025-10-28 03:48
10824,completed,2025-07-01 15:28
10825,completed,2025-03-04 22:02
10826,completed,2025-05-07 00:14
10827,completed,2025-03-31 18:05
10828,completed,2025-11-22 02:55
10829,completed,2024-12-15 01:33
10830,completed,2025-10-10 20:17
10831,completed,2025-01-06 16:31
10832,completed,2025-02-06 15:17
10833,completed,2025-10-21 07:38
10834,completed,2025-06-04 20:19
10835,completed,2025-07-11 23:12
10836,completed,2024-12-25 18:07
10837,completed,2025-02-12 07:17
10838,completed,2025-04-28 03:56
10839,completed,2025-10-31 02:08
10840,completed,2025-11-10 18:06
10841,completed,2025-06-20 15:26
10842,completed,2025-06-04 06:29
10843,completed,2025-09-28 21:01
10844,completed,2025-04-29 19:17
10845,completed,2025-07-03 07:45
10846,completed,2025-06-27 18:54
10847,completed,2025-05-01 15:11
10848,completed,2025-08-30 19:27
10849,completed,2025-06-01 00:49
10850,completed,2025-05-22 19:48
10851,completed,2025-02-27 17:12
10852,completed,2025-03-19 23:28
10853,completed,2025-05-27 23:02
10854,completed,2025-09-07 07:47
10855,completed,2025-04-22 18:45
10856,completed,2025-10-28 21:37
10857,completed,2025-06-22 04:01
10858,completed,2025-02-09 03:35
10859,completed,2025-05-11 21:43
10860,completed,2025-05-21 19:39
10861,completed,2025-07-31 03:00
10862,completed,2025-07-02 16:14
10863,completed,2025-06-18 03:06
10864,completed,2025-09-24 19:47
10865,completed,2025-10-01 14:21
10866,completed,2025-08-08 00:04
10867,completed,2025-01-16 15:19
10868,completed,2025-06-27 11:30
10869,completed,2025-08-09 06:38
10870,completed,2025-07-20 14:44
10871,completed,2025-01-12 10:10
10872,completed,2025-10-20 14:58
10873,completed,2025-01-09 07:56
10874,completed,2025-09-11 03:35
10875,completed,2025-03-16 05:13
10876,completed,2025-02-06 17:26
10877,completed,2025-02-28 03:22
10878,completed,2025-10-22 22:16
10879,completed,2025-04-14 18:47
10880,completed,2025-04-08 10:47
10881,completed,2025-02-12 06:25
10882,completed,2025-11-19 11:02
10883,completed,2025-08-05 14:00
10884,completed,2025-01-21 20:49
10885,completed,2025-08-31 02:40
10886,completed,2025-03-12 08:41
10887,completed,2025-05-02 07:13
10888,completed,2025-11-07 12:38
10889,completed,2025-08-20 06:10
10890,completed,2025-10-09 05:14
10891,completed,2025-07-26 03:12
10892,completed,2025-05-01 15:32
10893,completed,2025-11-06 07:20
10894,completed,2025-01-04 16:25
10895,completed,2024-12-21 13:14
10896,completed,2025-04-06 16:39
10897,completed,2025-07-21 22:25
10898,completed,2025-04-05 15:51
10899,completed,2025-06-09 21:31
10900,completed,2025-02-05 20:10
10901,completed,2025-10-02 16:59
10902,completed,2024-12-24 19:37
10903,completed,2025-09-28 12:30
10904,completed,2025-07-24 16:49
10905,completed,2025-03-22 22:53
10906,completed,2025-02-12 05:50
10907,completed,2025-07-05 07:22
10908,completed,2025-06-17 15:30
10909,completed,2024-12-31 05:37
10910,completed,2025-03-01 06:09
10911,completed,2025-08-24 20:06
10912,completed,2025-07-12 13:47
10913,completed,2025-04-14 12:17
10914,completed,2025-08-29 11:54
10915,completed,2025-08-27 19:58
10916,completed,2025-06-03 14:47
10917,completed,2025-09-03 14:45
10918,completed,2025-10-04 15:54
10919,completed,2025-11-27 23:49
10920,completed,2025-07-06 01:18
10921,completed,2025-08-05 14:14
10922,completed,2025-03-27 05:43
10923,completed,2025-07-10 01:13
10924,completed,2025-02-18 03:16
10925,completed,2025-11-03 03:23
10926,completed,2025-11-17 07:38
10927,completed,2025-06-28 05:37
10928,completed,2025-05-12 05:43
10929,completed,2025-09-25 17:20
10930,completed,2025-09-06 06:21
10931,completed,2025-11-12 10:39
10932,completed,2025-03-27 18:02
10933,completed,2025-09-11 10:59
10934,completed,2025-02-04 21:49
10935,completed,2025-09-23 22:44
10936,completed,2025-10-07 20:00
10937,completed,2025-03-03 18:54
10938,completed,2025-01-31 16:15
10939,completed,2025-09-26 08:55
10940,completed,2025-11-03 12:07
10941,completed,2025-04-27 10:04
10942,completed,2025-02-09 10:25
10943,completed,2025-05-18 08:23
10944,completed,2025-05-29 13:19
10945,completed,2025-06-26 09:16
10946,completed,2025-10-13 22:46
10947,completed,2025-08-18 00:53
10948,completed,2024-12-18 22:35
10949,completed,2025-05-13 07:18
10950,completed,2025-09-29 09:57
10951,completed,2025-11-03 02:26
10952,completed,2025-01-01 00:23
10953,completed,2025-09-24 13:52
10954,completed,2025-03-15 23:59
10955,completed,2025-05-11 10:37
10956,completed,2024-12-28 09:45
10957,completed,2025-02-02 21:15
10958,completed,2025-09-07 03:31
10959,completed,2025-04-21 05:01
10960,completed,2025-05-03 07:15
10961,completed,2025-02-18 10:19
10962,completed,2025-09-02 02:45
10963,completed,2025-01-28 08:08
10964,completed,2024-12-14 16:03
10965,completed,2025-08-13 16:41
10966,completed,2025-02-27 16:24
10967,completed,2025-08-15 14:36
10968,completed,2025-07-07 09:33
10969,completed,2025-04-13 13:49
10970,completed,2025-01-24 00:53
10971,completed,2025-05-01 00:22
10972,completed,2025-03-04 14:34
10973,completed,2025-11-15 21:13
10974,completed,2025-01-03 12:52
10975,completed,2025-03-01 17:54
10976,completed,2025-03-11 14:01
10977,completed,2025-02-17 18:56
10978,completed,2025-01-16 23:35
10979,completed,2025-07-05 09:47
10980,completed,2025-08-31 04:22
10981,completed,2025-04-17 23:55
10982,completed,2025-08-18 17:29
10983,completed,2025-03-04 09:04
10984,completed,2024-12-15 08:39
10985,completed,2025-04-12 14:15
10986,completed,2025-08-03 19:57
10987,completed,2025-03-09 11:06
10988,completed,2024-12-13 23:04
10989,completed,2025-08-04 06:42
10990,completed,2025-02-21 03:00
10991,completed,2025-01-03 13:08
10992,completed,2025-01-28 13:21
10993,completed,2025-01-25 18:44
10994,completed,2025-03-31 13:12
10995,completed,2025-01-20 15:57
10996,completed,2025-09-11 16:23
10997,completed,2025-10-07 02:23
10998,completed,2025-07-23 13:55
10999,completed,2025-01-11 13:27
11000,completed,2024-12-22 16:49
11001,completed,2025-03-28 13:45
11002,completed,2025-07-01 15:48
11003,completed,2024-12-16 00:42
11004,completed,2025-05-13 12:37
11005,completed,2025-03-24 04:03
11006,completed,2025-06-14 00:32
11007,completed,2025-03-10 19:32
11008,completed,2025-02-01 16:22
11009,completed,2025-08-06 21:22
11010,completed,2025-02-09 06:02
11011,completed,2025-03-23 11:49
11012,completed,2025-04-05 00:36
11013,completed,2025-07-28 18:30
11014,completed,2025-11-14 21:12
11015,completed,2025-12-05 10:59
11016,completed,2025-08-21 15:47
11017,completed,2025-01-03 23:36
11018,completed,2025-11-22 20:38
11019,completed,2025-02-11 06:01
11020,completed,2025-11-17 03:37
11021,completed,2025-03-10 16:51
11022,completed,2025-04-06 19:50
11023,completed,2025-04-18 06:32
11024,completed,2025-08-15 16:41
11025,completed,2025-06-06 10:20
11026,completed,2025-01-28 18:45
11027,completed,2025-05-30 10:54
11028,completed,2025-10-02 17:20
11029,completed,2025-04-01 21:32
11030,completed,2025-01-13 15:19
11031,completed,2025-08-30 23:46
11032,completed,2025-06-04 09:22
11033,completed,2024-12-07 04:13
11034,completed,2025-08-06 11:32
11035,completed,2025-08-28 13:26
11036,completed,2025-10-29 08:11
11037,completed,2025-08-08 02:31
11038,completed,2025-07-16 13:12
11039,completed,2025-03-15 19:14
11040,completed,2025-06-12 07:54
11041,completed,2025-07-09 15:09
11042,completed,2025-05-23 08:59
11043,completed,2025-06-20 08:50
11044,completed,2024-12-07 19:32
11045,completed,2025-10-21 04:32
11046,completed,2025-11-07 05:39
11047,completed,2025-08-27 18:13
11048,completed,2025-03-28 05:59
11049,completed,2025-09-27 09:17
11050,completed,2025-07-15 22:43
11051,completed,2025-07-30 12:57
11052,completed,2025-09-14 00:10
11053,completed,2025-07-05 04:15
11054,completed,2025-09-20 19:31
11055,completed,2025-10-29 04:50
11056,completed,2025-11-11 10:23
11057,completed,2025-02-10 08:09
11058,completed,2025-07-12 14:49
11059,completed,2025-11-05 17:45
11060,completed,2025-03-09 17:23
11061,completed,2025-11-02 21:39
11062,completed,2025-06-02 10:04
11063,completed,2025-05-31 01:10
11064,completed,2025-11-13 11:47
11065,completed,2025-06-22 01:19
11066,completed,2025-08-14 01:19
11067,completed,2025-11-28 19:51
11068,completed,2025-11-03 18:08
11069,completed,2025-09-12 23:46
11070,completed,2025-11-05 23:56
11071,completed,2025-11-16 15:43
11072,completed,2025-04-21 02:57
11073,completed,2025-03-11 05:56
11074,completed,2025-12-03 19:50
11075,completed,2025-10-29 18:28
11076,completed,2025-04-29 02:39
11077,completed,2025-02-25 14:03
11078,completed,2025-02-21 19:56
11079,completed,2025-01-22 20:13
11080,completed,2025-10-06 09:15
11081,completed,2025-06-21 17:32
11082,completed,2025-09-17 11:38
11083,completed,2025-07-15 11:15
11084,completed,2025-01-24 19:25
11085,completed,2025-02-20 11:50
11086,completed,2025-01-01 13:24
11087,completed,2025-10-03 00:10
11088,completed,2025-10-17 23:25
11089,completed,2025-03-03 09:08
11090,completed,2024-12-15 09:21
11091,completed,2025-08-12 12:59
11092,completed,2025-01-08 04:53
11093,completed,2025-05-12 14:18
11094,completed,2025-03-16 03:52
11095,completed,2025-03-23 07:15
11096,completed,2025-11-26 21:41
11097,completed,2025-05-21 02:02
11098,completed,2025-07-19 23:22
11099,completed,2025-01-11 20:40
11100,completed,2025-05-18 14:08
11101,completed,2025-07-03 16:53
11102,completed,2025-04-03 04:18
11103,completed,2025-04-22 09:49
11104,completed,2025-08-11 11:05
11105,completed,2025-09-07 03:19
11106,completed,2025-08-29 02:44
11107,completed,2025-09-02 22:01
11108,completed,2025-09-15 06:09
11109,completed,2025-03-20 09:15
11110,completed,2025-10-07 12:43
11111,completed,2025-01-26 13:19
11112,completed,2025-10-26 12:17
11113,completed,2024-12-07 23:52
11114,completed,2025-02-21 09:12
11115,completed,2025-03-14 15:07
11116,completed,2025-07-06 12:38
11117,completed,2025-04-24 15:35
11118,completed,2025-01-16 14:46
11119,completed,2025-03-23 06:32
11120,completed,2025-07-02 00:04
11121,completed,2025-09-02 14:16
11122,completed,2025-12-02 07:18
11123,completed,2025-04-08 03:53
11124,completed,2025-08-23 18:50
11125,completed,2025-11-06 10:49
11126,completed,2025-05-21 22:39
11127,completed,2025-11-18 16:50
11128,completed,2025-03-14 02:32
11129,completed,2024-12-16 04:11
11130,completed,2025-07-06 23:39
11131,completed,2025-10-18 22:26
11132,completed,2025-06-11 17:37
11133,completed,2025-07-15 06:49
11134,completed,2025-06-15 23:02
11135,completed,2025-04-11 10:09
11136,completed,2025-08-27 04:36
11137,completed,2025-08-04 19:01
11138,completed,2025-05-19 15:09
11139,completed,2025-05-24 11:32
11140,completed,2025-04-08 08:47
11141,completed,2024-12-27 13:50
11142,completed,2025-04-22 13:40
11143,completed,2025-05-04 16:12
11144,completed,2025-10-20 19:19
11145,completed,2025-10-19 17:38
11146,completed,2025-11-13 00:37
11147,completed,2025-02-17 06:01
11148,completed,2025-04-05 04:24
11149,completed,2025-11-13 14:12
11150,completed,2025-10-14 17:45
11151,completed,2025-01-05 11:56
11152,completed,2025-02-10 10:05
11153,completed,2025-06-17 07:59
11154,completed,2025-10-27 13:57
11155,completed,2025-07-03 19:12
11156,completed,2025-01-14 02:38
11157,completed,2025-09-10 21:29
11158,completed,2025-10-21 21:11
11159,completed,2025-09-28 18:58
11160,completed,2025-03-22 21:04
11161,completed,2025-05-01 05:05
11162,completed,2025-10-15 02:03
11163,completed,2025-08-13 09:14
11164,completed,2025-04-15 06:19
11165,completed,2024-12-19 01:49
11166,completed,2025-03-14 06:27
11167,completed,2025-03-28 08:03
11168,completed,2025-03-09 07:07
11169,completed,2025-04-14 14:32
11170,completed,2025-10-25 00:32
11171,completed,2025-10-15 03:26
11172,completed,2025-01-23 03:36
11173,completed,2025-08-07 08:45
11174,completed,2025-03-24 00:29
11175,completed,2025-07-12 11:46
11176,completed,2025-08-11 02:08
11177,completed,2025-06-24 20:09
11178,completed,2025-08-07 02:41
11179,completed,2025-09-04 13:39
11180,completed,2025-10-26 08:59
11181,completed,2025-08-29 05:38
11182,completed,2025-01-02 04:32
11183,completed,2025-01-21 05:54
11184,completed,2025-05-12 05:39
11185,completed,2025-02-24 11:33
11186,completed,2025-07-10 18:46
11187,completed,2025-06-13 02:07
11188,completed,2025-09-29 06:11
11189,completed,2025-07-01 06:51
11190,completed,2025-07-06 03:50
11191,completed,2025-10-29 06:19
11192,completed,2025-11-24 06:19
11193,completed,2025-10-10 15:41
11194,completed,2025-02-15 04:53
11195,completed,2025-07-28 21:02
11196,completed,2025-11-03 13:09
11197,completed,2025-11-28 08:35
11198,completed,2025-04-14 11:11
11199,completed,2025-05-31 03:18
11200,completed,2025-11-07 05:58
11201,completed,2025-04-09 15:19
11202,completed,2025-10-05 10:50
11203,completed,2025-07-25 20:17
11204,completed,2025-01-16 09:46
11205,completed,2025-09-22 21:36
11206,completed,2025-03-31 22:35
11207,completed,2025-02-11 03:08
11208,completed,2025-02-13 22:00
11209,completed,2025-05-28 13:56
11210,completed,2025-07-02 15:04
11211,completed,2025-08-05 01:44
11212,completed,2025-06-09 20:33
11213,completed,2025-10-10 12:53
11214,completed,2025-01-29 12:52
11215,completed,2025-04-01 05:48
11216,completed,2024-12-28 21:05
11217,completed,2025-04-08 02:00
11218,completed,2025-11-28 15:51
11219,completed,2025-04-21 15:36
11220,completed,2025-07-09 22:22
11221,completed,2025-09-01 14:53
11222,completed,2025-02-05 14:06
11223,completed,2025-11-08 11:36
11224,completed,2025-01-19 13:39
11225,completed,2025-10-11 14:26
11226,completed,2025-01-27 00:00
11227,completed,2025-01-09 20:08
11228,completed,2025-11-28 22:11
11229,completed,2025-08-06 11:29
11230,completed,2024-12-26 09:17
11231,completed,2025-08-23 15:39
11232,completed,2025-10-29 18:54
11233,completed,2025-05-24 22:46
11234,completed,2025-02-19 13:18
11235,completed,2025-02-02 04:58
11236,completed,2025-11-25 07:25
11237,completed,2025-10-19 08:54
11238,completed,2025-02-14 22:46
11239,completed,2025-08-17 01:11
11240,completed,2025-11-03 23:14
11241,completed,2025-07-19 09:32
11242,completed,2024-12-20 20:21
11243,completed,2025-06-25 00:30
11244,completed,2025-06-11 19:51
11245,completed,2025-11-04 02:01
11246,completed,2025-03-11 10:34
11247,completed,2025-09-14 23:17
11248,completed,2025-04-21 03:23
11249,completed,2025-03-10 00:02
11250,completed,2025-11-14 04:14
11251,completed,2025-12-03 18:11
11252,completed,2025-11-13 06:49
11253,completed,2025-02-20 11:03
11254,completed,2025-05-05 09:10
11255,completed,2025-09-26 02:39
11256,completed,2025-03-25 13:05
11257,completed,2025-09-11 13:33
11258,completed,2025-09-06 05:43
11259,completed,2025-06-11 17:04
11260,completed,2025-09-27 21:26
11261,completed,2024-12-11 01:54
11262,completed,2025-01-15 14:26
11263,completed,2025-01-12 04:13
11264,completed,2025-03-06 16:58
11265,completed,2025-11-15 15:34
11266,completed,2025-02-26 08:21
11267,completed,2025-03-19 10:34
11268,completed,2025-08-14 14:02
11269,completed,2025-10-26 21:48
11270,completed,2025-01-15 00:58
11271,completed,2025-07-04 20:12
11272,completed,2025-08-08 07:57
11273,completed,2025-10-27 19:57
11274,completed,2025-11-05 14:01
11275,completed,2025-10-01 15:10
11276,completed,2025-09-08 19:28
11277,completed,2025-01-22 07:26
11278,completed,2025-04-12 06:33
11279,completed,2025-05-31 06:50
11280,completed,2025-11-25 12:33
11281,completed,2025-02-20 20:43
11282,completed,2025-07-11 17:52
11283,completed,2025-04-11 10:11
11284,completed,2025-04-23 02:29
11285,completed,2025-04-30 02:50
11286,completed,2025-01-31 17:48
11287,completed,2025-08-02 17:52
11288,completed,2025-03-22 11:08
11289,completed,2025-12-05 06:13
11290,completed,2025-02-18 19:10
11291,completed,2025-07-30 16:22
11292,completed,2025-09-14 01:46
11293,completed,2025-06-18 15:20
11294,completed,2025-05-14 22:38
11295,completed,2025-01-10 08:53
11296,completed,2025-05-17 21:26
11297,completed,2024-12-09 16:13
11298,completed,2024-12-17 00:49
11299,completed,2025-12-06 12:45
11300,completed,2025-03-26 08:30
11301,completed,2025-10-07 05:24
11302,completed,2025-07-31 21:01
11303,completed,2025-05-28 14:09
11304,completed,2025-01-13 19:25
11305,completed,2025-10-06 16:11
11306,completed,2025-09-25 10:51
11307,completed,2025-10-13 16:52
11308,completed,2025-03-19 03:58
11309,completed,2025-06-04 04:28
11310,completed,2025-05-27 22:47
11311,completed,2025-01-26 07:04
11312,completed,2025-06-12 22:17
11313,completed,2025-06-02 21:17
11314,completed,2025-06-10 17:26
11315,completed,2024-12-07 04:20
11316,completed,2025-03-29 11:19
11317,completed,2025-05-27 19:23
11318,completed,2025-07-29 07:48
11319,completed,2025-07-13 02:28
11320,completed,2025-10-07 23:05
11321,completed,2025-09-26 10:38
11322,completed,2024-12-07 23:23
11323,completed,2025-09-26 16:33
11324,completed,2025-07-20 21:29
11325,completed,2025-02-18 02:12
11326,completed,2025-08-04 00:19
11327,completed,2025-02-01 20:39
11328,completed,2025-11-15 01:21
11329,completed,2025-03-31 08:01
11330,completed,2024-12-27 08:49
11331,completed,2025-10-09 02:12
11332,completed,2025-03-04 01:04
11333,completed,2025-04-28 06:02
11334,completed,2025-05-24 07:50
11335,completed,2025-11-10 13:27
11336,completed,2025-08-28 03:08
11337,completed,2025-03-20 23:00
11338,completed,2025-06-20 13:08
11339,completed,2025-11-03 17:05
11340,completed,2025-06-24 18:21
11341,completed,2025-10-20 01:30
11342,completed,2024-12-29 22:20
11343,completed,2025-02-18 23:17
11344,completed,2025-08-09 23:54
11345,completed,2025-01-28 04:18
11346,completed,2025-10-27 10:13
11347,completed,2025-03-23 10:50
11348,completed,2025-08-07 18:51
11349,completed,2025-07-22 17:10
11350,completed,2025-01-11 17:00
11351,completed,2024-12-26 10:39
11352,completed,2025-02-26 14:32
11353,completed,2025-09-01 06:16
11354,completed,2024-12-24 03:52
11355,completed,2025-04-09 09:30
11356,completed,2024-12-24 15:28
11357,completed,2025-06-27 08:11
11358,completed,2025-11-16 04:19
11359,completed,2025-11-05 03:01
11360,completed,2025-05-22 08:38
11361,completed,2025-01-09 05:40
11362,completed,2025-11-10 12:12
11363,completed,2025-09-03 06:42
11364,completed,2025-07-16 21:10
11365,completed,2025-01-28 11:09
11366,completed,2025-06-04 12:14
11367,completed,2025-06-22 22:05
11368,completed,2025-01-12 05:45
11369,completed,2025-05-07 23:12
11370,completed,2025-06-20 03:29
11371,completed,2025-02-10 10:00
11372,completed,2024-12-14 07:01
11373,completed,2025-07-25 03:39
11374,completed,2025-07-15 06:57
11375,completed,2025-03-06 00:05
11376,completed,2025-07-24 15:13
11377,completed,2025-05-02 08:32
11378,completed,2025-04-06 17:42
11379,completed,2025-09-23 20:35
11380,completed,2025-11-15 06:57
11381,completed,2025-06-26 20:47
11382,completed,2024-12-20 09:41
11383,completed,2025-10-01 04:06
11384,completed,2025-11-15 19:42
11385,completed,2025-09-18 16:59
11386,completed,2025-01-30 15:12
11387,completed,2025-10-20 18:09
11388,completed,2025-11-05 16:38
11389,completed,2025-02-24 14:52
11390,completed,2025-07-15 15:46
11391,completed,2025-01-15 10:41
11392,completed,2025-11-29 03:57
11393,completed,2025-02-08 04:31
11394,completed,2025-10-25 19:28
11395,completed,2025-11-27 17:19
11396,completed,2025-02-05 04:08
11397,completed,2025-10-24 00:12
11398,completed,2024-12-24 00:05
11399,completed,2025-01-18 01:04
11400,completed,2025-08-18 10:05
11401,completed,2025-11-09 07:47
11402,completed,2025-01-20 16:59
11403,completed,2025-09-25 20:19
11404,completed,2025-05-10 14:16
11405,completed,2025-09-10 15:08
11406,completed,2025-04-20 19:56
11407,completed,2025-04-16 16:44
11408,completed,2025-09-26 17:43
11409,completed,2025-04-26 11:34
11410,completed,2025-03-22 21:57
11411,completed,2025-10-21 05:01
11412,completed,2025-01-20 23:59
11413,completed,2025-11-25 06:25
11414,completed,2024-12-12 12:43
11415,completed,2025-05-22 04:19
11416,completed,2025-06-08 16:23
11417,completed,2025-12-05 02:22
11418,completed,2025-07-26 06:02
11419,completed,2025-01-16 17:39
11420,completed,2025-05-22 20:36
11421,completed,2025-10-21 14:17
11422,completed,2025-03-31 18:52
11423,completed,2025-05-17 20:13
11424,completed,2025-12-01 13:42
11425,completed,2025-05-09 22:10
11426,completed,2025-07-25 21:50
11427,completed,2024-12-28 18:37
11428,completed,2025-04-11 22:14
11429,completed,2025-06-24 21:23
11430,completed,2025-08-30 18:57
11431,completed,2025-02-03 06:32
11432,completed,2025-03-13 22:04
11433,completed,2025-07-06 22:27
11434,completed,2025-08-16 01:59
11435,completed,2025-05-29 15:31
11436,completed,2025-04-25 03:46
11437,completed,2025-08-11 13:41
11438,completed,2025-09-30 20:07
11439,completed,2025-06-08 03:22
11440,completed,2025-09-16 23:37
11441,completed,2025-11-02 12:22
11442,completed,2025-10-08 13:07
11443,completed,2025-05-28 14:56
11444,completed,2025-05-30 22:21
11445,completed,2025-08-05 12:20
11446,completed,2025-04-25 21:29
11447,completed,2024-12-11 02:42
11448,completed,2025-03-22 02:01
11449,completed,2025-08-23 09:35
11450,completed,2025-07-05 18:15
11451,completed,2025-07-14 20:11
11452,completed,2024-12-26 10:51
11453,completed,2025-08-05 14:37
11454,completed,2024-12-22 13:37
11455,completed,2024-12-24 04:44
11456,completed,2025-04-06 21:46
11457,completed,2025-02-16 13:50
11458,completed,2024-12-22 17:39
11459,completed,2025-01-21 14:08
11460,completed,2025-08-07 10:36
11461,completed,2025-04-11 09:45
11462,completed,2025-12-03 06:16
11463,completed,2025-02-04 15:52
11464,completed,2025-09-10 14:17
11465,completed,2025-11-07 22:36
11466,completed,2025-07-16 07:20
11467,completed,2025-01-18 15:44
11468,completed,2025-10-02 09:53
11469,completed,2025-03-17 08:05
11470,completed,2024-12-12 14:05
11471,completed,2025-09-13 18:25
11472,completed,2025-09-18 19:38
11473,completed,2025-07-31 19:05
11474,completed,2025-11-10 14:56
11475,completed,2025-12-02 23:39
11476,completed,2025-08-28 10:33
11477,completed,2025-11-10 14:26
11478,completed,2025-04-07 09:23
11479,completed,2025-11-28 04:06
11480,completed,2025-01-19 18:40
11481,completed,2025-03-16 06:51
11482,completed,2025-09-15 11:48
11483,completed,2025-05-20 10:53
11484,completed,2024-12-12 02:14
11485,completed,2025-09-22 15:45
11486,completed,2025-08-25 11:03
11487,completed,2025-09-04 04:25
11488,completed,2024-12-29 10:29
11489,completed,2025-06-07 19:04
11490,completed,2025-10-01 18:23
11491,completed,2025-02-04 15:49
11492,completed,2025-04-29 13:00
11493,completed,2025-10-01 21:11
11494,completed,2024-12-07 17:13
11495,completed,2025-09-28 09:46
11496,completed,2025-06-08 11:12
11497,completed,2025-05-24 23:45
11498,completed,2025-07-18 22:17
11499,completed,2025-08-22 22:20
11500,completed,2025-03-03 01:56
11501,completed,2025-08-14 18:44
11502,completed,2025-03-24 20:21
11503,completed,2025-05-18 09:34
11504,completed,2025-03-07 18:07
11505,completed,2025-03-16 12:45
11506,completed,2025-09-14 17:06
11507,completed,2025-04-28 02:31
11508,completed,2025-04-14 17:09
11509,completed,2024-12-13 22:01
11510,completed,2025-09-07 17:46
11511,completed,2024-12-17 07:40
11512,completed,2025-03-28 22:10
11513,completed,2025-03-12 22:26
11514,completed,2025-03-07 20:54
11515,completed,2025-06-20 08:02
11516,completed,2025-03-24 13:34
11517,completed,2025-05-04 11:45
11518,completed,2025-08-07 21:02
11519,completed,2025-05-21 10:40
11520,completed,2025-04-14 19:23
11521,completed,2025-04-16 17:33
11522,completed,2025-07-16 15:59
11523,completed,2025-02-24 07:29
11524,completed,2025-07-11 18:51
11525,completed,2024-12-23 06:11
11526,completed,2025-03-17 12:32
11527,completed,2025-05-20 21:18
11528,completed,2025-05-28 15:50
11529,completed,2025-11-14 20:51
11530,completed,2025-08-02 02:03
11531,completed,2025-06-24 11:47
11532,completed,2025-08-01 09:49
11533,completed,2025-06-08 16:12
11534,completed,2025-11-20 09:32
11535,completed,2025-04-28 08:15
11536,completed,2025-08-12 09:49
11537,completed,2025-04-26 21:13
11538,completed,2025-10-17 15:30
11539,completed,2025-04-30 05:15
11540,completed,2025-06-08 23:26
11541,completed,2025-01-09 01:32
11542,completed,2025-04-26 06:01
11543,completed,2025-07-02 16:29
11544,completed,2025-10-27 06:46
11545,completed,2025-07-31 12:57
11546,completed,2025-09-15 08:28
11547,completed,2025-10-19 23:54
11548,completed,2025-01-31 04:45
11549,completed,2025-08-28 15:07
11550,completed,2025-08-22 07:17
11551,completed,2025-08-13 22:23
11552,completed,2025-02-17 08:28
11553,completed,2025-09-01 06:01
11554,completed,2025-05-05 16:04
11555,completed,2025-11-06 06:07
11556,completed,2025-08-05 20:00
11557,completed,2025-11-14 02:36
11558,completed,2025-02-18 00:29
11559,completed,2025-03-10 04:49
11560,completed,2025-01-14 00:56
11561,completed,2025-01-16 05:34
11562,completed,2025-10-16 19:46
11563,completed,2025-06-08 03:49
11564,completed,2025-07-22 11:09
11565,completed,2025-12-05 22:05
11566,completed,2025-06-16 05:59
11567,completed,2025-04-18 04:42
11568,completed,2025-01-11 08:46
11569,completed,2025-07-31 21:34
11570,completed,2025-02-15 08:18
11571,completed,2025-07-02 10:23
11572,completed,2025-01-31 11:28
11573,completed,2025-03-25 18:25
11574,completed,2025-08-26 05:36
11575,completed,2025-03-25 01:25
11576,completed,2025-09-29 22:33
11577,completed,2025-05-29 01:34
11578,completed,2025-04-26 14:16
11579,completed,2025-07-28 01:54
11580,completed,2024-12-11 07:38
11581,completed,2025-01-07 23:27
11582,completed,2025-04-23 00:47
11583,completed,2025-03-21 22:56
11584,completed,2024-12-17 16:35
11585,completed,2025-03-08 16:13
11586,completed,2025-07-22 06:02
11587,completed,2025-10-27 03:43
11588,completed,2025-03-25 11:20
11589,completed,2025-09-06 02:47
11590,completed,2025-06-03 20:26
11591,completed,2025-02-18 09:29
11592,completed,2025-07-04 09:56
11593,completed,2025-07-16 04:10
11594,completed,2025-11-21 08:43
11595,completed,2025-08-24 03:23
11596,completed,2025-05-06 20:44
11597,completed,2025-02-17 02:49
11598,completed,2025-06-15 06:42
11599,completed,2025-07-06 17:40
11600,completed,2024-12-17 16:25
11601,completed,2025-04-12 04:03
11602,completed,2025-09-19 13:57
11603,completed,2025-05-22 00:09
11604,completed,2025-09-18 23:47
11605,completed,2025-09-25 17:21
11606,completed,2025-03-19 05:40
11607,completed,2025-08-17 12:07
11608,completed,2025-12-01 07:22
11609,completed,2025-06-13 20:38
11610,completed,2025-08-01 16:04
11611,completed,2025-11-25 09:04
11612,completed,2025-10-13 12:47
11613,completed,2024-12-15 03:03
11614,completed,2025-10-20 17:51
11615,completed,2025-01-29 09:15
11616,completed,2025-05-18 21:23
11617,completed,2025-09-27 22:07
11618,completed,2025-08-31 19:42
11619,completed,2025-03-05 19:22
11620,completed,2025-03-12 05:27
11621,completed,2024-12-23 20:00
11622,completed,2025-10-12 07:48
11623,completed,2025-03-21 10:36
11624,completed,2025-05-07 14:41
11625,completed,2025-10-28 02:37
11626,completed,2025-03-12 23:36
11627,completed,2025-05-29 13:31
11628,completed,2025-01-28 10:24
11629,completed,2025-10-17 06:48
11630,completed,2025-01-01 21:05
11631,completed,2025-06-18 11:10
11632,completed,2025-05-11 14:09
11633,completed,2025-08-17 11:00
11634,completed,2025-11-12 01:52
11635,completed,2025-08-26 12:21
11636,completed,2025-07-13 06:13
11637,completed,2024-12-19 17:14
11638,completed,2025-01-08 22:16
11639,completed,2025-12-03 13:15
11640,completed,2025-07-09 13:57
11641,completed,2025-05-21 12:16
11642,completed,2025-05-05 08:34
11643,completed,2025-11-04 20:32
11644,completed,2024-12-31 05:44
11645,completed,2025-09-25 05:26
11646,completed,2025-06-23 00:00
11647,completed,2025-05-06 16:58
11648,completed,2025-02-20 01:48
11649,completed,2024-12-25 14:52
11650,completed,2025-09-02 10:47
11651,completed,2025-06-08 08:44
11652,completed,2025-10-11 04:22
11653,completed,2025-09-30 14:36
11654,completed,2025-07-01 21:07
11655,completed,2025-11-22 18:20
11656,completed,2025-10-08 06:19
11657,completed,2025-10-05 05:01
11658,completed,2025-12-02 09:43
11659,completed,2025-11-15 12:56
11660,completed,2025-08-13 12:42
11661,completed,2024-12-08 18:59
11662,completed,2025-05-05 20:16
11663,completed,2025-08-19 19:59
11664,completed,2025-08-22 09:43
11665,completed,2025-12-01 13:38
11666,completed,2025-02-28 22:57
11667,completed,2025-11-13 23:09
11668,completed,2025-02-26 11:26
11669,completed,2025-05-13 23:31
11670,completed,2025-01-08 18:36
11671,completed,2025-05-29 10:20
11672,completed,2025-09-26 13:12
11673,completed,2025-04-28 12:07
11674,completed,2025-03-13 08:13
11675,completed,2025-11-26 20:33
11676,completed,2025-02-26 13:20
11677,completed,2025-03-29 02:56
11678,completed,2025-05-24 03:33
11679,completed,2024-12-18 17:53
11680,completed,2025-11-28 09:54
11681,completed,2025-03-22 07:43
11682,completed,2025-06-17 11:17
11683,completed,2025-05-20 05:03
11684,completed,2025-01-14 06:54
11685,completed,2025-10-30 09:20
11686,completed,2025-06-01 21:48
11687,completed,2025-09-25 11:57
11688,completed,2025-04-28 12:56
11689,completed,2025-10-07 05:19
11690,completed,2025-08-18 23:27
11691,completed,2025-08-14 10:28
11692,completed,2025-09-18 21:36
11693,completed,2025-06-12 09:21
11694,completed,2025-12-04 12:13
11695,completed,2025-10-16 22:02
11696,completed,2025-07-16 13:24
11697,completed,2025-02-24 21:37
11698,completed,2025-06-19 22:03
11699,completed,2025-08-10 13:35
11700,completed,2025-02-07 19:59
11701,completed,2025-06-27 05:05
11702,completed,2025-10-03 00:28
11703,completed,2025-05-20 21:38
11704,completed,2025-07-09 14:38
11705,completed,2025-10-31 00:15
11706,completed,2025-06-23 12:40
11707,completed,2025-08-30 21:51
11708,completed,2025-09-14 14:13
11709,completed,2025-04-21 21:47
11710,completed,2025-03-07 13:19
11711,completed,2025-05-06 12:31
11712,completed,2025-08-04 12:14
11713,completed,2025-02-09 03:29
11714,completed,2025-02-21 16:32
11715,completed,2025-11-30 07:45
11716,completed,2025-05-04 15:01
11717,completed,2025-07-30 06:00
11718,completed,2025-05-04 02:39
11719,completed,2025-05-31 09:42
11720,completed,2025-07-10 18:24
11721,completed,2024-12-28 16:19
11722,completed,2025-02-17 18:28
11723,completed,2025-04-09 14:55
11724,completed,2025-03-04 07:24
11725,completed,2025-07-13 14:50
11726,completed,2024-12-12 01:49
11727,completed,2025-07-21 10:14
11728,completed,2025-05-30 19:47
11729,completed,2025-02-01 14:31
11730,completed,2025-09-29 04:19
11731,completed,2025-11-11 19:41
11732,completed,2025-11-10 13:22
11733,completed,2025-09-08 19:17
11734,completed,2025-06-03 06:35
11735,completed,2025-01-07 21:55
11736,completed,2025-06-22 06:27
11737,completed,2025-05-14 20:20
11738,completed,2025-06-10 23:14
11739,completed,2025-08-27 06:02
11740,completed,2025-08-06 03:38
11741,completed,2025-11-01 23:15
11742,completed,2025-05-13 21:45
11743,completed,2025-08-18 03:46
11744,completed,2025-07-17 00:52
11745,completed,2025-07-28 20:51
11746,completed,2025-11-20 08:26
11747,completed,2025-11-10 06:54
11748,completed,2025-07-08 00:52
11749,completed,2025-09-15 02:21
11750,completed,2025-05-30 09:51
11751,completed,2025-03-19 11:28
11752,completed,2025-10-10 11:49
11753,completed,2024-12-07 05:16
11754,completed,2025-01-25 00:31
11755,completed,2024-12-25 08:24
11756,completed,2025-11-23 11:40
11757,completed,2025-01-24 23:11
11758,completed,2025-06-06 14:14
11759,completed,2025-03-18 06:31
11760,completed,2025-08-18 12:18
11761,completed,2025-11-13 09:39
11762,completed,2025-07-05 09:10
11763,completed,2025-05-27 01:09
11764,completed,2025-04-09 04:09
11765,completed,2025-05-10 11:23
11766,completed,2024-12-13 14:53
11767,completed,2025-09-29 04:49
11768,completed,2025-10-03 12:32
11769,completed,2024-12-20 19:53
11770,completed,2025-01-28 19:31
11771,completed,2025-04-13 09:40
11772,completed,2025-06-04 08:35
11773,completed,2025-03-28 00:16
11774,completed,2025-06-08 04:23
11775,completed,2024-12-16 00:04
11776,completed,2025-08-15 19:25
11777,completed,2024-12-20 17:13
11778,completed,2025-08-07 05:31
11779,completed,2025-10-27 11:38
11780,completed,2025-07-30 15:40
11781,completed,2025-01-22 02:47
11782,completed,2025-07-07 19:37
11783,completed,2025-09-24 08:14
11784,completed,2025-09-22 02:19
11785,completed,2025-06-26 17:23
11786,completed,2025-11-23 23:42
11787,completed,2024-12-09 21:06
11788,completed,2025-08-24 21:04
11789,completed,2025-10-30 02:27
11790,completed,2025-08-26 17:32
11791,completed,2025-11-26 23:23
11792,completed,2025-03-27 01:46
11793,completed,2024-12-27 02:21
11794,completed,2024-12-10 16:10
11795,completed,2025-02-17 06:29
11796,completed,2025-09-26 22:25
11797,completed,2025-02-11 23:48
11798,completed,2025-01-31 01:16
11799,completed,2025-07-04 22:05
11800,completed,2025-01-03 14:09
11801,completed,2025-01-27 10:00
11802,completed,2025-02-11 21:01
11803,completed,2025-05-12 06:06
11804,completed,2025-04-25 09:21
11805,completed,2025-01-07 02:00
11806,completed,2025-11-07 20:20
11807,completed,2025-11-19 19:28
11808,completed,2025-05-29 05:08
11809,completed,2025-09-17 06:35
11810,completed,2025-04-19 02:48
11811,completed,2025-02-26 02:11
11812,completed,2025-11-17 17:47
11813,completed,2025-07-25 14:01
11814,completed,2025-07-29 14:40
11815,completed,2025-03-28 04:34
11816,completed,2025-11-12 22:38
11817,completed,2025-08-31 11:56
11818,completed,2025-08-24 01:50
11819,completed,2025-11-25 17:47
11820,completed,2025-03-25 12:23
11821,completed,2025-11-13 00:10
11822,completed,2025-01-25 22:28
11823,completed,2025-03-13 04:30
11824,completed,2025-02-07 22:32
11825,completed,2025-02-26 23:07
11826,completed,2025-07-28 11:34
11827,completed,2025-11-09 13:03
11828,completed,2025-08-14 07:47
11829,completed,2025-07-01 14:38
11830,completed,2025-04-09 06:25
11831,completed,2025-04-20 12:19
11832,completed,2025-03-08 04:32
11833,completed,2025-04-21 09:15
11834,completed,2025-05-21 13:23
11835,completed,2025-03-30 07:13
11836,completed,2025-02-07 07:04
11837,completed,2025-07-07 08:54
11838,completed,2025-03-23 15:56
11839,completed,2025-04-12 07:15
11840,completed,2025-10-21 15:28
11841,completed,2025-01-15 10:17
11842,completed,2025-08-29 10:55
11843,completed,2025-07-12 21:46
11844,completed,2025-09-19 01:30
11845,completed,2025-05-16 18:12
11846,completed,2025-02-12 08:11
11847,completed,2025-02-13 21:29
11848,completed,2025-07-11 11:07
11849,completed,2025-07-13 04:38
11850,completed,2025-07-25 20:55
11851,completed,2025-08-15 02:57
11852,completed,2024-12-24 20:58
11853,completed,2025-05-19 22:24
11854,completed,2025-11-17 20:49
11855,completed,2025-10-05 04:14
11856,completed,2025-03-25 05:22
11857,completed,2025-03-31 14:49
11858,completed,2025-05-25 03:23
11859,completed,2025-07-25 05:51
11860,completed,2024-12-29 04:37
11861,completed,2025-11-20 23:13
11862,completed,2025-06-22 06:20
11863,completed,2025-10-23 09:30
11864,completed,2025-11-10 12:35
11865,completed,2025-10-26 00:09
11866,completed,2024-12-29 16:58
11867,completed,2025-03-22 01:51
11868,completed,2025-08-03 09:32
11869,completed,2025-03-01 12:53
11870,completed,2025-01-10 18:39
11871,completed,2025-01-19 09:03
11872,completed,2025-05-07 02:19
11873,completed,2025-09-21 13:23
11874,completed,2025-06-10 04:41
11875,completed,2025-08-24 02:34
11876,completed,2025-01-09 16:19
11877,completed,2025-07-17 19:45
11878,completed,2024-12-10 08:33
11879,completed,2025-11-22 19:06
11880,completed,2025-07-30 01:29
11881,completed,2025-01-28 15:08
11882,completed,2025-03-11 23:41
11883,completed,2025-03-15 02:53
11884,completed,2025-07-24 18:18
11885,completed,2025-06-08 02:10
11886,completed,2025-05-27 11:11
11887,completed,2025-05-09 09:15
11888,completed,2025-06-12 06:24
11889,completed,2025-07-07 05:39
11890,completed,2025-08-22 02:18
11891,completed,2024-12-07 06:47
11892,completed,2025-03-30 01:03
11893,completed,2024-12-10 18:17
11894,completed,2025-01-01 04:52
11895,completed,2025-03-23 06:33
11896,completed,2025-09-14 07:48
11897,completed,2025-08-27 12:16
11898,completed,2025-08-06 19:53
11899,completed,2025-05-03 07:56
11900,completed,2025-08-23 07:45
11901,completed,2025-03-25 19:16
11902,completed,2025-09-17 05:05
11903,completed,2025-06-26 07:35
11904,completed,2025-10-04 07:30
11905,completed,2025-02-08 10:24
11906,completed,2025-05-08 13:49
11907,completed,2025-11-11 15:45
11908,completed,2025-01-22 06:21
11909,completed,2025-07-15 19:52
11910,completed,2024-12-07 18:45
11911,completed,2025-09-29 03:29
11912,completed,2025-05-29 12:14
11913,completed,2025-06-28 11:54
11914,completed,2025-07-01 17:25
11915,completed,2025-09-06 10:50
11916,completed,2025-04-13 06:54
11917,completed,2025-08-31 01:41
11918,completed,2025-02-24 23:30
11919,completed,2025-05-04 06:55
11920,completed,2025-01-28 13:12
11921,completed,2025-02-07 13:30
11922,completed,2025-07-27 22:20
11923,completed,2025-01-01 16:09
11924,completed,2025-11-29 16:42
11925,completed,2025-01-29 18:57
11926,completed,2025-07-21 07:17
11927,completed,2024-12-20 04:59
11928,completed,2025-07-06 02:22
11929,completed,2025-06-05 07:57
11930,completed,2025-07-29 07:06
11931,completed,2025-07-09 20:04
11932,completed,2025-09-26 20:45
11933,completed,2025-07-18 07:43
11934,completed,2025-04-14 01:41
11935,completed,2025-03-27 23:13
11936,completed,2025-02-15 21:27
11937,completed,2025-02-05 07:56
11938,completed,2025-05-11 19:20
11939,completed,2024-12-28 22:01
11940,completed,2025-04-14 07:42
11941,completed,2025-08-21 01:57
11942,completed,2025-11-17 23:25
11943,completed,2025-10-07 10:57
11944,completed,2025-09-09 23:38
11945,completed,2025-04-10 02:45
11946,completed,2025-03-07 22:10
11947,completed,2025-09-21 00:11
11948,completed,2025-04-04 06:37
11949,completed,2025-07-16 06:16
11950,completed,2025-06-19 17:56
11951,completed,2025-06-19 07:58
11952,completed,2025-01-23 13:33
11953,completed,2024-12-07 05:12
11954,completed,2025-01-09 15:04
11955,completed,2025-10-13 02:34
11956,completed,2025-05-29 09:15
11957,completed,2025-10-27 06:39
11958,completed,2025-01-21 04:31
11959,completed,2025-09-30 15:38
11960,completed,2025-04-30 22:22
11961,completed,2025-09-07 01:29
11962,completed,2025-08-17 03:46
11963,completed,2025-09-30 16:18
11964,completed,2025-06-09 17:00
11965,completed,2025-04-17 00:10
11966,completed,2025-09-22 17:20
11967,completed,2025-05-27 01:05
11968,completed,2025-07-27 19:25
11969,completed,2024-12-28 02:02
11970,completed,2025-08-16 09:30
11971,completed,2025-08-19 17:50
11972,completed,2025-02-03 03:06
11973,completed,2025-08-27 12:14
11974,completed,2025-11-23 11:35
11975,completed,2025-04-29 09:18
11976,completed,2025-08-22 20:51
11977,completed,2025-09-28 14:04
11978,completed,2025-10-28 15:29
11979,completed,2025-08-16 02:15
11980,completed,2025-09-05 02:17
11981,completed,2025-08-28 21:19
11982,completed,2025-11-14 11:29
11983,completed,2025-07-28 14:21
11984,completed,2025-02-24 22:58
11985,completed,2025-10-14 15:20
11986,completed,2025-07-16 05:11
11987,completed,2025-08-31 02:01
11988,completed,2025-08-28 12:05
11989,completed,2025-07-04 14:51
11990,completed,2025-10-25 03:02
11991,completed,2025-07-18 15:22
11992,completed,2025-03-18 15:40
11993,completed,2025-06-25 14:53
11994,completed,2025-10-18 01:30
11995,completed,2025-09-18 10:13
11996,completed,2025-01-19 12:48
11997,completed,2025-01-19 17:11
11998,completed,2025-11-21 19:00
11999,completed,2025-03-12 01:29
12000,completed,2025-05-08 16:14
12001,completed,2025-11-10 07:30
12002,completed,2025-10-31 04:56
12003,completed,2025-05-03 04:35
12004,completed,2025-10-20 03:08
12005,completed,2025-04-22 06:36
12006,completed,2025-01-24 20:05
12007,completed,2025-07-20 15:57
12008,completed,2024-12-14 05:29
12009,completed,2025-11-03 15:27
12010,completed,2025-01-26 22:01
12011,completed,2025-10-31 23:31
12012,completed,2025-10-06 00:23
12013,completed,2025-01-24 03:24
12014,completed,2025-03-19 21:29
12015,completed,2025-10-19 12:48
12016,completed,2025-11-09 19:13
12017,completed,2025-04-15 10:05
12018,completed,2025-01-27 07:25
12019,completed,2025-05-30 17:19
12020,completed,2025-08-17 21:06
12021,completed,2025-03-23 00:07
12022,completed,2024-12-28 12:34
12023,completed,2025-01-11 07:09
12024,completed,2025-05-01 05:42
12025,completed,2025-01-26 01:40
12026,completed,2025-02-19 21:21
12027,completed,2025-10-19 00:14
12028,completed,2025-08-25 18:09
12029,completed,2025-09-09 17:29
12030,completed,2025-03-26 18:19
12031,completed,2025-03-22 05:35
12032,completed,2024-12-22 02:21
12033,completed,2025-07-27 05:14
12034,completed,2025-11-07 17:33
12035,completed,2025-05-17 07:11
12036,completed,2025-02-17 13:40
12037,completed,2025-07-07 22:17
12038,completed,2025-07-11 18:39
12039,completed,2025-11-02 12:19
12040,completed,2025-04-03 09:21
12041,completed,2025-07-20 23:37
12042,completed,2025-10-05 02:07
12043,completed,2025-01-05 01:24
12044,completed,2024-12-27 22:47
12045,completed,2024-12-08 06:23
12046,completed,2024-12-08 01:18
12047,completed,2025-03-16 11:13
12048,completed,2025-08-12 19:57
12049,completed,2025-08-07 09:55
12050,completed,2025-06-22 17:36
12051,completed,2025-10-13 23:22
12052,completed,2025-09-30 01:11
12053,completed,2025-12-05 20:47
12054,completed,2025-02-12 15:02
12055,completed,2025-08-08 20:54
12056,completed,2025-11-08 02:44
12057,completed,2025-09-16 19:06
12058,completed,2025-07-01 07:25
12059,completed,2025-08-05 16:48
12060,completed,2025-07-23 11:12
12061,completed,2024-12-31 20:39
12062,completed,2025-11-15 06:58
12063,completed,2025-11-13 09:38
12064,completed,2025-08-25 17:05
12065,completed,2025-10-26 18:07
12066,completed,2025-06-18 08:52
12067,completed,2025-07-18 13:54
12068,completed,2025-01-06 01:22
12069,completed,2025-11-16 22:36
12070,completed,2025-09-03 08:59
12071,completed,2024-12-14 02:07
12072,completed,2025-08-09 15:21
12073,completed,2025-07-23 15:00
12074,completed,2025-04-24 22:26
12075,completed,2025-09-07 20:33
12076,completed,2025-09-17 06:45
12077,completed,2025-06-22 22:52
12078,completed,2025-04-06 11:40
12079,completed,2025-04-05 01:31
12080,completed,2025-10-30 17:38
12081,completed,2025-09-24 19:09
12082,completed,2025-05-08 04:58
12083,completed,2025-08-11 02:55
12084,completed,2025-07-30 00:18
12085,completed,2025-08-30 21:24
12086,completed,2025-07-20 06:51
12087,completed,2024-12-26 14:43
12088,completed,2025-02-12 12:31
12089,completed,2025-05-01 20:22
12090,completed,2025-02-02 20:50
12091,completed,2025-05-20 17:28
12092,completed,2025-02-24 06:17
12093,completed,2024-12-28 13:41
12094,completed,2025-09-08 18:33
12095,completed,2025-08-14 02:22
12096,completed,2025-10-08 21:38
12097,completed,2025-06-30 13:13
12098,completed,2024-12-22 05:06
12099,completed,2025-10-24 07:04
12100,completed,2025-03-30 10:45
12101,completed,2025-05-26 04:29
12102,completed,2025-05-23 17:34
12103,completed,2025-02-20 01:27
12104,completed,2025-10-25 06:10
12105,completed,2025-04-18 07:37
12106,completed,2025-07-27 01:48
12107,completed,2025-01-16 10:17
12108,completed,2025-10-19 11:39
12109,completed,2025-06-22 19:48
12110,completed,2025-05-19 05:54
12111,completed,2025-06-19 21:34
12112,completed,2025-08-01 15:15
12113,completed,2025-01-17 12:06
12114,completed,2025-05-09 03:06
12115,completed,2024-12-18 10:28
12116,completed,2025-11-03 21:04
12117,completed,2025-08-21 01:13
12118,completed,2025-11-28 23:05
12119,completed,2025-10-16 16:25
12120,completed,2025-04-21 15:08
12121,completed,2025-02-07 00:36
12122,completed,2025-09-12 12:06
12123,completed,2025-05-24 10:39
12124,completed,2025-01-19 18:10
12125,completed,2025-01-29 07:11
12126,completed,2024-12-13 23:32
12127,completed,2025-05-13 18:45
12128,completed,2025-11-18 17:46
12129,completed,2025-06-14 22:16
12130,completed,2025-04-28 01:19
12131,completed,2025-05-21 05:59
12132,completed,2025-03-07 12:26
12133,completed,2025-07-28 22:15
12134,completed,2025-11-30 18:46
12135,completed,2025-06-09 06:58
12136,completed,2025-05-24 11:04
12137,completed,2025-11-24 16:49
12138,completed,2025-09-14 23:46
12139,completed,2024-12-22 19:24
12140,completed,2025-10-17 23:29
12141,completed,2025-07-31 22:09
12142,completed,2025-03-21 18:39
12143,completed,2025-01-28 08:47
12144,completed,2025-06-12 01:11
12145,completed,2025-08-31 09:21
12146,completed,2025-03-30 05:25
12147,completed,2025-10-08 16:18
12148,completed,2025-07-31 20:01
12149,completed,2025-04-11 22:53
12150,completed,2025-06-02 18:14
12151,completed,2025-12-01 00:29
12152,completed,2025-01-28 16:43
12153,completed,2025-03-16 14:02
12154,completed,2025-09-09 10:24
12155,completed,2025-11-21 00:29
12156,completed,2025-06-23 23:49
12157,completed,2025-04-25 15:40
12158,completed,2025-08-27 21:09
12159,completed,2025-11-24 05:34
12160,completed,2025-02-23 06:06
12161,completed,2025-05-04 15:27
12162,completed,2025-01-18 21:14
12163,completed,2025-11-12 20:21
12164,completed,2025-09-09 00:59
12165,completed,2025-05-04 20:25
12166,completed,2025-10-31 10:13
12167,completed,2025-05-30 02:49
12168,completed,2025-11-11 15:06
12169,completed,2025-04-28 11:53
12170,completed,2025-02-12 17:08
12171,completed,2025-05-13 14:34
12172,completed,2025-08-19 21:10
12173,completed,2024-12-29 18:12
12174,completed,2025-03-13 01:49
12175,completed,2025-05-11 17:38
12176,completed,2025-09-19 14:35
12177,completed,2025-08-23 05:37
12178,completed,2025-05-23 08:05
12179,completed,2024-12-15 21:47
12180,completed,2025-09-17 09:40
12181,completed,2025-08-08 02:14
12182,completed,2025-10-02 21:43
12183,completed,2025-04-15 15:11
12184,completed,2025-01-28 09:57
12185,completed,2025-08-25 02:28
12186,completed,2025-10-11 17:47
12187,completed,2025-06-14 12:02
12188,completed,2025-10-26 15:16
12189,completed,2025-08-01 20:21
12190,completed,2025-11-08 09:10
12191,completed,2025-08-02 15:23
12192,completed,2025-01-18 01:34
12193,completed,2025-10-27 14:59
12194,completed,2025-07-24 21:04
12195,completed,2025-07-29 06:49
12196,completed,2024-12-29 16:02
12197,completed,2025-07-21 14:28
12198,completed,2025-07-26 16:58
12199,completed,2025-04-07 14:46
12200,completed,2025-02-16 00:55
12201,completed,2025-05-02 09:01
12202,completed,2025-02-11 10:42
12203,completed,2025-02-20 13:38
12204,completed,2025-04-12 16:14
12205,completed,2025-07-24 02:08
12206,completed,2025-03-25 15:09
12207,completed,2025-09-08 11:47
12208,completed,2025-06-18 14:52
12209,completed,2025-07-08 07:37
12210,completed,2025-05-27 11:56
12211,completed,2025-08-30 18:41
12212,completed,2025-03-13 05:47
12213,completed,2025-10-10 23:10
12214,completed,2025-05-08 12:59
12215,completed,2025-07-23 11:24
12216,completed,2025-08-08 22:52
12217,completed,2025-06-27 18:05
12218,completed,2025-02-22 19:19
12219,completed,2025-02-09 22:19
12220,completed,2025-03-25 02:44
12221,completed,2025-01-04 07:11
12222,completed,2025-01-06 21:18
12223,completed,2025-09-23 19:29
12224,completed,2025-08-11 02:21
12225,completed,2025-01-23 06:41
12226,completed,2025-10-25 03:09
12227,completed,2025-11-18 12:20
12228,completed,2025-02-03 19:21
12229,completed,2024-12-09 14:38
12230,completed,2025-06-23 06:39
12231,completed,2025-01-27 14:34
12232,completed,2025-05-11 04:38
12233,completed,2025-03-30 17:55
12234,completed,2025-03-20 09:20
12235,completed,2025-03-17 18:18
12236,completed,2025-09-06 06:05
12237,completed,2024-12-14 22:29
12238,completed,2025-10-05 18:05
12239,completed,2025-12-02 20:54
12240,completed,2025-05-25 00:15
12241,completed,2025-03-17 09:42
12242,completed,2024-12-31 10:44
12243,completed,2025-04-07 16:36
12244,completed,2025-09-13 01:48
12245,completed,2025-04-03 05:20
12246,completed,2025-09-15 18:10
12247,completed,2025-02-28 19:06
12248,completed,2025-04-26 07:26
12249,completed,2025-08-13 01:37
12250,completed,2025-10-10 13:44
12251,completed,2025-02-12 12:34
12252,completed,2025-08-20 18:53
12253,completed,2025-09-06 02:43
12254,completed,2025-05-26 12:11
12255,completed,2025-08-05 04:37
12256,completed,2025-07-01 00:24
12257,completed,2025-06-08 10:55
12258,completed,2025-06-05 14:36
12259,completed,2025-02-16 08:35
12260,completed,2025-03-03 15:43
12261,completed,2025-11-16 08:54
12262,completed,2025-06-06 11:02
12263,completed,2025-04-19 22:32
12264,completed,2025-02-27 17:27
12265,completed,2025-09-05 10:31
12266,completed,2025-07-23 08:51
12267,completed,2025-12-02 15:41
12268,completed,2025-08-30 15:34
12269,completed,2025-10-07 09:57
12270,completed,2024-12-07 11:48
12271,completed,2025-07-20 08:34
12272,completed,2025-02-18 10:14
12273,completed,2024-12-13 07:42
12274,completed,2025-08-05 03:53
12275,completed,2025-08-14 20:31
12276,completed,2025-05-19 07:17
12277,completed,2025-04-20 21:27
12278,completed,2025-01-03 06:58
12279,completed,2025-08-11 20:49
12280,completed,2025-01-07 16:48
12281,completed,2025-12-02 18:22
12282,completed,2025-09-09 04:48
12283,completed,2025-02-04 19:57
12284,completed,2025-05-18 01:09
12285,completed,2025-02-06 02:16
12286,completed,2025-01-14 15:13
12287,completed,2025-08-02 13:22
12288,completed,2025-10-31 17:35
12289,completed,2025-09-11 00:37
12290,completed,2025-01-20 05:15
12291,completed,2025-10-11 16:47
12292,completed,2025-03-21 19:35
12293,completed,2025-11-24 18:59
12294,completed,2025-06-24 05:19
12295,completed,2025-11-16 03:54
12296,completed,2025-02-24 08:45
12297,completed,2025-04-25 09:01
12298,completed,2025-10-09 10:54
12299,completed,2025-06-01 02:20
12300,completed,2025-05-26 20:45
12301,completed,2025-06-26 20:57
12302,completed,2024-12-29 10:18
12303,completed,2025-02-06 05:03
12304,completed,2025-09-24 02:23
12305,completed,2025-08-18 05:20
12306,completed,2024-12-20 18:02
12307,completed,2025-10-02 09:27
12308,completed,2025-03-13 12:02
12309,completed,2024-12-31 17:13
12310,completed,2025-03-04 11:56
12311,completed,2025-05-02 12:40
12312,completed,2025-01-17 08:30
12313,completed,2025-01-05 18:35
12314,completed,2025-11-17 15:28
12315,completed,2025-01-10 10:03
12316,completed,2024-12-12 14:59
12317,completed,2025-10-18 18:51
12318,completed,2025-07-26 05:55
12319,completed,2025-09-18 01:46
12320,completed,2025-01-21 19:28
12321,completed,2025-04-04 16:22
12322,completed,2025-01-12 12:20
12323,completed,2025-11-26 11:55
12324,completed,2025-08-31 14:37
12325,completed,2025-06-11 00:12
12326,completed,2025-10-03 18:47
12327,completed,2025-06-28 08:54
12328,completed,2025-11-08 00:57
12329,completed,2025-08-04 04:43
12330,completed,2025-03-28 03:42
12331,completed,2024-12-08 01:33
12332,completed,2025-08-10 05:51
12333,completed,2025-03-14 21:22
12334,completed,2025-08-21 15:44
12335,completed,2025-08-12 12:38
12336,completed,2025-01-21 23:50
12337,completed,2025-04-01 20:24
12338,completed,2025-08-26 00:51
12339,completed,2025-02-14 22:29
12340,completed,2025-03-01 05:29
12341,completed,2025-01-04 21:45
12342,completed,2025-05-29 03:43
12343,completed,2025-11-04 23:49
12344,completed,2025-09-17 20:08
12345,completed,2025-08-01 17:07
12346,completed,2025-02-07 20:41
12347,completed,2025-07-20 15:32
12348,completed,2025-10-23 13:10
12349,completed,2025-02-15 12:33
12350,completed,2025-06-21 12:31
12351,completed,2025-09-02 19:51
12352,completed,2025-11-23 04:09
12353,completed,2025-09-26 00:40
12354,completed,2025-11-25 00:37
12355,completed,2025-05-17 15:27
12356,completed,2024-12-25 16:48
12357,completed,2024-12-18 23:03
12358,completed,2025-10-18 12:29
12359,completed,2025-03-19 19:49
12360,completed,2025-08-02 17:30
12361,completed,2025-07-09 12:16
12362,completed,2025-05-18 08:09
12363,completed,2025-06-26 19:41
12364,completed,2025-05-30 21:33
12365,completed,2025-04-03 19:36
12366,completed,2024-12-19 18:36
12367,completed,2025-06-10 10:29
12368,completed,2025-06-11 03:42
12369,completed,2025-02-24 00:54
12370,completed,2024-12-21 03:53
12371,completed,2025-02-26 18:34
12372,completed,2025-12-01 07:34
12373,completed,2025-03-01 18:42
12374,completed,2025-11-17 20:57
12375,completed,2025-09-20 07:57
12376,completed,2025-10-21 07:19
12377,completed,2025-07-16 05:40
12378,completed,2025-09-17 18:00
12379,completed,2025-06-13 20:09
12380,completed,2025-05-08 17:22
12381,completed,2025-08-08 07:25
12382,completed,2025-11-23 23:38
12383,completed,2025-11-14 19:32
12384,completed,2025-10-03 01:12
12385,completed,2025-04-25 19:15
12386,completed,2025-04-02 11:02
12387,completed,2025-08-02 02:56
12388,completed,2025-09-08 14:48
12389,completed,2025-12-01 07:44
12390,completed,2025-04-27 04:57
12391,completed,2025-04-23 21:06
12392,completed,2025-01-17 07:02
12393,completed,2025-09-18 02:00
12394,completed,2025-04-24 14:30
12395,completed,2025-05-10 22:23
12396,completed,2025-01-11 03:58
12397,completed,2024-12-15 05:12
12398,completed,2025-07-17 03:43
12399,completed,2025-08-14 12:40
12400,completed,2025-03-14 02:32
12401,completed,2024-12-18 22:53
12402,completed,2025-10-25 07:09
12403,completed,2025-11-21 22:51
12404,completed,2025-04-05 22:39
12405,completed,2025-10-01 20:00
12406,completed,2025-07-14 17:42
12407,completed,2025-07-01 17:20
12408,completed,2025-09-17 15:33
12409,completed,2025-05-08 09:37
12410,completed,2025-01-14 18:05
12411,completed,2025-05-02 11:41
12412,completed,2025-08-09 22:51
12413,completed,2025-11-27 10:30
12414,completed,2025-08-07 15:01
12415,completed,2025-06-24 04:57
12416,completed,2025-05-23 04:15
12417,completed,2025-07-08 16:30
12418,completed,2025-11-05 15:21
12419,completed,2025-05-29 18:28
12420,completed,2025-05-27 17:38
12421,completed,2025-06-27 19:53
12422,completed,2025-04-20 11:01
12423,completed,2025-01-08 13:21
12424,completed,2025-04-26 22:24
12425,completed,2025-11-12 04:13
12426,completed,2025-08-19 03:22
12427,completed,2025-06-04 20:31
12428,completed,2025-10-05 04:23
12429,completed,2025-06-30 21:12
12430,completed,2025-10-12 06:19
12431,completed,2025-04-08 13:27
12432,completed,2025-10-19 06:37
12433,completed,2025-11-10 01:16
12434,completed,2025-09-27 18:17
12435,completed,2025-03-30 08:08
12436,completed,2025-07-31 18:24
12437,completed,2025-09-09 20:33
12438,completed,2025-06-07 00:10
12439,completed,2025-05-11 01:00
12440,completed,2025-08-17 15:45
12441,completed,2025-09-11 09:09
12442,completed,2025-05-06 22:38
12443,completed,2025-03-24 13:16
12444,completed,2025-05-27 10:13
12445,completed,2025-08-17 14:36
12446,completed,2025-01-12 15:22
12447,completed,2025-04-20 00:27
12448,completed,2025-05-30 11:10
12449,completed,2025-05-22 01:04
12450,completed,2024-12-24 06:57
12451,completed,2025-01-20 09:42
12452,completed,2025-04-19 22:25
12453,completed,2025-03-02 07:03
12454,completed,2025-10-30 01:09
12455,completed,2025-03-31 05:06
12456,completed,2025-09-19 19:32
12457,completed,2025-10-06 16:48
12458,completed,2025-09-28 07:53
12459,completed,2025-08-31 18:25
12460,completed,2025-03-05 00:02
12461,completed,2025-04-08 15:55
12462,completed,2025-03-22 11:47
12463,completed,2025-08-11 21:14
12464,completed,2025-09-18 23:40
12465,completed,2025-03-28 10:53
12466,completed,2025-03-27 01:18
12467,completed,2025-10-02 13:48
12468,completed,2024-12-07 23:10
12469,completed,2025-08-02 06:53
12470,completed,2025-04-26 19:44
12471,completed,2025-09-20 04:17
12472,completed,2025-08-18 04:44
12473,completed,2025-07-28 15:49
12474,completed,2025-07-14 05:32
12475,completed,2025-11-26 05:55
12476,completed,2024-12-07 17:22
12477,completed,2025-10-14 22:00
12478,completed,2024-12-14 13:49
12479,completed,2025-01-10 07:02
12480,completed,2025-08-27 03:45
12481,completed,2025-07-26 18:31
12482,completed,2025-01-20 19:43
12483,completed,2024-12-25 16:57
12484,completed,2025-03-21 09:55
12485,completed,2025-10-16 13:15
12486,completed,2025-03-10 23:31
12487,completed,2025-06-09 15:35
12488,completed,2025-02-16 18:06
12489,completed,2025-10-21 23:29
12490,completed,2025-06-04 05:22
12491,completed,2025-08-03 22:30
12492,completed,2025-10-30 03:27
12493,completed,2024-12-09 06:06
12494,completed,2025-09-10 08:27
12495,completed,2025-02-15 05:27
12496,completed,2025-07-04 14:12
12497,completed,2025-10-30 12:41
12498,completed,2025-03-03 08:38
12499,completed,2025-05-07 00:41
12500,completed,2025-03-16 22:05
12501,completed,2025-01-15 07:36
12502,completed,2025-04-06 17:38
12503,completed,2025-02-04 19:42
12504,completed,2025-12-05 17:04
12505,completed,2025-08-05 10:40
12506,completed,2025-05-03 04:36
12507,completed,2025-08-01 11:02
12508,completed,2025-09-08 01:49
12509,completed,2025-02-19 09:57
12510,completed,2025-01-28 19:15
12511,completed,2024-12-09 08:31
12512,completed,2025-10-08 04:55
12513,completed,2025-02-12 08:29
12514,completed,2024-12-27 01:45
12515,completed,2025-10-19 08:12
12516,completed,2025-03-03 04:56
12517,completed,2025-09-28 10:50
12518,completed,2025-07-17 10:37
12519,completed,2025-03-04 12:23
12520,completed,2025-03-26 18:23
12521,completed,2024-12-10 20:44
12522,completed,2025-04-28 11:27
12523,completed,2025-07-26 15:36
12524,completed,2025-06-08 04:56
12525,completed,2025-05-17 03:26
12526,completed,2025-11-09 13:22
12527,completed,2025-01-25 11:27
12528,completed,2025-10-08 20:27
12529,completed,2025-11-27 20:59
12530,completed,2025-12-02 07:22
12531,completed,2025-08-06 20:06
12532,completed,2025-03-16 15:14
12533,completed,2025-07-23 01:21
12534,completed,2025-08-19 19:11
12535,completed,2025-07-10 19:16
12536,completed,2025-02-07 15:10
12537,completed,2025-03-20 23:52
12538,completed,2025-10-22 16:52
12539,completed,2025-06-28 09:49
12540,completed,2025-01-24 20:24
12541,completed,2025-12-05 21:20
12542,completed,2024-12-17 19:40
12543,completed,2025-05-13 18:04
12544,completed,2025-09-16 14:35
12545,completed,2025-06-09 04:13
12546,completed,2025-03-10 04:38
12547,completed,2024-12-24 12:39
12548,completed,2025-11-21 09:27
12549,completed,2025-02-02 20:17
12550,completed,2025-12-06 05:44
12551,completed,2025-02-20 12:08
12552,completed,2025-02-05 07:26
12553,completed,2025-11-25 01:12
12554,completed,2025-05-10 07:24
12555,completed,2025-07-20 06:38
12556,completed,2025-05-02 03:51
12557,completed,2025-05-11 18:38
12558,completed,2025-07-09 23:37
12559,completed,2025-02-02 11:16
12560,completed,2025-05-17 06:10
12561,completed,2024-12-18 12:25
12562,completed,2024-12-24 09:33
12563,completed,2025-11-11 11:15
12564,completed,2025-09-23 18:17
12565,completed,2025-09-06 06:19
12566,completed,2025-04-15 17:18
12567,completed,2025-01-23 17:40
12568,completed,2025-06-07 12:33
12569,completed,2025-04-30 12:32
12570,completed,2025-04-11 21:14
12571,completed,2025-09-03 16:41
12572,completed,2025-04-07 20:16
12573,completed,2025-04-13 14:31
12574,completed,2025-03-05 22:46
12575,completed,2025-10-19 11:29
12576,completed,2025-05-06 17:48
12577,completed,2025-11-27 23:08
12578,completed,2025-08-04 18:57
12579,completed,2025-09-03 18:40
12580,completed,2025-03-13 17:36
12581,completed,2025-07-05 14:01
12582,completed,2025-04-01 06:55
12583,completed,2025-08-20 04:58
12584,completed,2024-12-18 07:52
12585,completed,2025-07-31 10:57
12586,completed,2025-07-25 01:53
12587,completed,2025-07-17 09:35
12588,completed,2025-01-08 19:07
12589,completed,2025-10-14 07:19
12590,completed,2025-01-22 09:28
12591,completed,2024-12-30 04:35
12592,completed,2025-02-09 18:26
12593,completed,2025-08-31 21:47
12594,completed,2025-01-05 00:36
12595,completed,2025-02-02 19:55
12596,completed,2025-10-04 02:05
12597,completed,2025-10-26 02:09
12598,completed,2025-08-14 18:55
12599,completed,2025-06-09 02:12
12600,completed,2025-07-15 05:22
12601,completed,2025-06-18 18:33
12602,completed,2024-12-29 05:49
12603,completed,2025-10-10 16:07
12604,completed,2025-07-10 00:41
12605,completed,2025-09-05 15:47
12606,completed,2025-06-22 02:29
12607,completed,2025-01-13 04:45
12608,completed,2025-08-05 10:52
12609,completed,2025-10-09 15:03
12610,completed,2025-04-26 06:44
12611,completed,2025-06-17 20:58
12612,completed,2025-05-18 07:25
12613,completed,2025-11-30 17:56
12614,completed,2025-11-29 08:30
12615,completed,2025-06-01 01:54
12616,completed,2025-03-18 03:26
12617,completed,2025-08-08 13:58
12618,completed,2025-07-24 23:34
12619,completed,2025-06-10 20:34
12620,completed,2024-12-24 03:22
12621,completed,2024-12-19 08:28
12622,completed,2025-11-15 23:23
12623,completed,2025-07-21 02:32
12624,completed,2024-12-26 18:33
12625,completed,2025-06-29 21:56
12626,completed,2025-05-01 11:07
12627,completed,2025-04-14 13:19
12628,completed,2025-08-30 11:46
12629,completed,2025-08-31 23:18
12630,completed,2025-03-10 01:23
12631,completed,2025-08-07 13:47
12632,completed,2025-07-15 06:18
12633,completed,2025-11-04 17:07
12634,completed,2025-04-14 00:12
12635,completed,2025-11-02 22:10
12636,completed,2025-07-13 06:46
12637,completed,2025-11-20 05:17
12638,completed,2025-09-01 23:22
12639,completed,2025-08-17 23:31
12640,completed,2025-12-05 06:41
12641,completed,2025-07-19 15:07
12642,completed,2025-11-14 20:44
12643,completed,2025-07-11 16:17
12644,completed,2025-02-10 22:50
12645,completed,2025-08-12 16:31
12646,completed,2025-01-12 19:04
12647,completed,2025-04-27 04:36
12648,completed,2025-04-30 09:53
12649,completed,2025-01-21 04:31
12650,completed,2025-10-04 11:25
12651,completed,2024-12-11 07:45
12652,completed,2025-08-25 11:59
12653,completed,2025-03-10 17:58
12654,completed,2024-12-25 23:29
12655,completed,2025-09-23 04:04
12656,completed,2025-07-18 22:42
12657,completed,2025-08-03 03:39
12658,completed,2025-07-27 17:32
12659,completed,2025-08-16 20:04
12660,completed,2025-07-01 05:01
12661,completed,2025-08-18 23:45
12662,completed,2025-02-12 13:27
12663,completed,2025-05-27 01:43
12664,completed,2025-07-24 21:53
12665,completed,2025-03-17 13:04
12666,completed,2025-10-07 03:51
12667,completed,2025-03-05 06:56
12668,completed,2025-05-03 14:35
12669,completed,2025-03-10 09:40
12670,completed,2025-05-28 11:45
12671,completed,2025-01-26 13:01
12672,completed,2025-07-09 18:08
12673,completed,2025-09-03 12:33
12674,completed,2025-03-18 04:29
12675,completed,2025-11-04 19:18
12676,completed,2025-03-15 21:58
12677,completed,2025-10-17 06:23
12678,completed,2025-09-05 17:02
12679,completed,2025-05-28 07:41
12680,completed,2025-08-09 08:50
12681,completed,2025-01-15 06:45
12682,completed,2025-08-30 10:01
12683,completed,2025-05-05 21:17
12684,completed,2025-06-20 16:59
12685,completed,2025-10-25 17:12
12686,completed,2025-07-23 06:51
12687,completed,2025-09-15 21:40
12688,completed,2024-12-13 15:15
12689,completed,2025-10-05 07:10
12690,completed,2025-07-19 19:36
12691,completed,2025-08-20 12:16
12692,completed,2025-01-28 15:30
12693,completed,2024-12-13 18:16
12694,completed,2025-01-21 05:16
12695,completed,2025-05-01 20:32
12696,completed,2025-07-08 18:45
12697,completed,2024-12-07 06:37
12698,completed,2024-12-24 02:57
12699,completed,2025-05-26 19:18
12700,completed,2025-07-09 16:04
12701,completed,2025-11-13 05:56
12702,completed,2024-12-25 02:35
12703,completed,2025-06-27 21:02
12704,completed,2025-07-12 15:12
12705,completed,2025-10-31 16:30
12706,completed,2025-10-11 06:12
12707,completed,2025-10-11 01:45
12708,completed,2025-07-01 00:41
12709,completed,2025-08-14 02:56
12710,completed,2025-02-26 00:10
12711,completed,2025-01-15 14:45
12712,completed,2025-03-28 07:22
12713,completed,2025-01-31 20:19
12714,completed,2025-08-06 23:05
12715,completed,2025-02-14 17:20
12716,completed,2025-01-26 17:33
12717,completed,2025-07-13 02:12
12718,completed,2025-09-07 07:30
12719,completed,2025-05-02 04:54
12720,completed,2025-11-19 03:04
12721,completed,2025-09-16 07:14
12722,completed,2025-11-02 05:40
12723,completed,2025-01-07 19:41
12724,completed,2025-09-16 02:25
12725,completed,2025-01-28 00:47
12726,completed,2025-09-07 08:41
12727,completed,2025-04-21 23:59
12728,completed,2025-06-18 08:05
12729,completed,2024-12-21 23:10
12730,completed,2025-07-31 00:54
12731,completed,2025-01-21 09:00
12732,completed,2025-06-21 12:47
12733,completed,2025-08-22 12:46
12734,completed,2025-02-13 08:39
12735,completed,2025-09-13 05:30
12736,completed,2025-11-25 21:21
12737,completed,2025-09-27 19:03
12738,completed,2025-03-08 16:38
12739,completed,2025-02-21 15:23
12740,completed,2025-11-11 16:17
12741,completed,2025-01-23 14:07
12742,completed,2025-07-15 18:38
12743,completed,2025-07-16 15:27
12744,completed,2025-08-20 08:15
12745,completed,2025-09-05 20:36
12746,completed,2025-08-28 14:45
12747,completed,2025-12-05 18:18
12748,completed,2025-10-14 16:23
12749,completed,2025-06-24 21:33
12750,completed,2024-12-10 22:34
12751,completed,2024-12-13 18:31
12752,completed,2025-12-02 05:39
12753,completed,2025-04-15 23:11
12754,completed,2025-04-12 13:34
12755,completed,2025-07-18 17:16
12756,completed,2025-10-14 12:59
12757,completed,2025-12-06 12:22
12758,completed,2025-03-03 15:23
12759,completed,2025-04-02 20:03
12760,completed,2025-07-27 20:59
12761,completed,2024-12-07 06:12
12762,completed,2025-08-18 07:33
12763,completed,2025-09-20 20:32
12764,completed,2025-06-21 14:18
12765,completed,2025-10-23 22:45
12766,completed,2025-11-14 22:28
12767,completed,2025-10-21 10:25
12768,completed,2025-10-29 00:12
12769,completed,2025-12-06 16:58
12770,completed,2025-10-05 09:21
12771,completed,2025-08-23 23:17
12772,completed,2025-07-09 18:11
12773,completed,2025-05-30 21:13
12774,completed,2025-04-22 20:13
12775,completed,2025-04-08 20:22
12776,completed,2025-06-14 19:55
12777,completed,2025-05-05 18:00
12778,completed,2025-01-08 09:33
12779,completed,2025-09-15 06:09
12780,completed,2024-12-08 22:08
12781,completed,2025-07-28 00:35
12782,completed,2025-04-13 10:39
12783,completed,2024-12-27 14:45
12784,completed,2025-09-20 02:02
12785,completed,2025-06-30 21:52
12786,completed,2025-07-07 09:52
12787,completed,2025-03-25 07:12
12788,completed,2025-07-03 00:32
12789,completed,2025-04-30 18:32
12790,completed,2025-09-05 23:50
12791,completed,2024-12-17 09:03
12792,completed,2025-02-05 19:21
12793,completed,2025-03-28 15:59
12794,completed,2025-04-01 09:00
12795,completed,2025-03-15 03:41
12796,completed,2024-12-09 00:46
12797,completed,2025-10-03 03:04
12798,completed,2025-07-03 03:28
12799,completed,2025-03-19 07:23
12800,completed,2025-10-07 01:47
12801,completed,2025-07-28 10:03
12802,completed,2025-11-01 07:57
12803,completed,2025-08-13 00:56
12804,completed,2025-07-04 00:23
12805,completed,2025-03-27 00:32
12806,completed,2025-01-04 03:43
12807,completed,2024-12-27 15:25
12808,completed,2025-05-19 02:27
12809,completed,2025-03-11 18:11
12810,completed,2025-04-26 18:28
12811,completed,2025-01-17 18:56
12812,completed,2025-06-25 19:26
12813,completed,2025-06-01 17:30
12814,completed,2025-10-16 20:20
12815,completed,2025-02-01 07:33
12816,completed,2025-09-27 17:13
12817,completed,2025-10-28 23:47
12818,completed,2025-06-22 11:31
12819,completed,2025-09-29 02:09
12820,completed,2025-05-30 17:07
12821,completed,2025-12-03 22:01
12822,completed,2025-09-06 00:57
12823,completed,2025-05-26 14:35
12824,completed,2025-01-14 20:00
12825,completed,2025-06-01 09:08
12826,completed,2025-11-25 01:26
12827,completed,2025-10-14 21:39
12828,completed,2025-02-25 13:03
12829,completed,2025-01-24 18:42
12830,completed,2025-03-16 21:17
12831,completed,2025-05-14 06:30
12832,completed,2025-10-17 18:29
12833,completed,2025-06-01 03:39
12834,completed,2025-05-08 02:16
12835,completed,2025-08-14 04:40
12836,completed,2025-12-01 12:41
12837,completed,2025-01-06 17:49
12838,completed,2025-11-12 12:14
12839,completed,2025-04-11 11:28
12840,completed,2025-01-30 10:12
12841,completed,2025-02-20 21:06
12842,completed,2025-06-18 00:31
12843,completed,2025-08-06 01:37
12844,completed,2025-10-26 07:13
12845,completed,2024-12-07 20:47
12846,completed,2025-04-20 07:46
12847,completed,2025-06-24 16:31
12848,completed,2025-02-01 00:33
12849,completed,2025-06-04 11:47
12850,completed,2025-04-09 14:14
12851,completed,2025-03-26 18:35
12852,completed,2025-09-19 23:15
12853,completed,2025-01-13 14:16
12854,completed,2025-04-12 15:47
12855,completed,2025-05-14 19:42
12856,completed,2024-12-15 04:33
12857,completed,2025-06-09 21:57
12858,completed,2025-11-14 07:31
12859,completed,2025-10-04 20:41
12860,completed,2025-03-28 07:35
12861,completed,2025-04-20 19:23
12862,completed,2025-03-01 19:06
12863,completed,2025-12-07 00:43
12864,completed,2025-06-15 02:48
12865,completed,2025-12-06 06:17
12866,completed,2025-09-06 17:06
12867,completed,2025-07-16 22:35
12868,completed,2025-04-28 17:36
12869,completed,2025-05-01 11:05
12870,completed,2024-12-07 20:24
12871,completed,2025-02-23 22:07
12872,completed,2025-01-16 19:05
12873,completed,2025-08-14 01:16
12874,completed,2025-03-26 10:59
12875,completed,2025-03-30 22:14
12876,completed,2025-01-14 22:33
12877,completed,2025-07-16 18:32
12878,completed,2025-11-07 20:51
12879,completed,2025-11-03 22:01
12880,completed,2025-07-08 12:42
12881,completed,2025-01-10 06:04
12882,completed,2025-04-09 05:14
12883,completed,2025-11-23 04:59
12884,completed,2025-01-25 10:36
12885,completed,2025-01-17 05:15
12886,completed,2025-08-28 13:29
12887,completed,2025-01-16 06:06
12888,completed,2025-07-22 14:14
12889,completed,2025-10-14 14:47
12890,completed,2025-01-30 10:51
12891,completed,2025-11-25 14:56
12892,completed,2024-12-07 10:01
12893,completed,2025-01-20 19:39
12894,completed,2025-03-17 08:26
12895,completed,2025-01-12 10:26
12896,completed,2025-05-17 04:35
12897,completed,2025-03-14 09:34
12898,completed,2025-08-08 12:45
12899,completed,2025-05-09 12:04
12900,completed,2025-08-30 11:20
12901,completed,2025-06-16 06:56
12902,completed,2025-10-10 07:58
12903,completed,2025-05-24 13:56
12904,completed,2025-10-04 02:38
12905,completed,2025-03-30 14:57
12906,completed,2025-05-26 02:47
12907,completed,2025-11-13 21:32
12908,completed,2025-09-17 10:21
12909,completed,2025-01-03 06:56
12910,completed,2025-01-23 04:29
12911,completed,2025-02-11 17:54
12912,completed,2025-08-17 20:30
12913,completed,2025-07-01 02:09
12914,completed,2025-04-05 06:09
12915,completed,2025-04-26 00:07
12916,completed,2025-04-21 04:40
12917,completed,2025-06-08 23:05
12918,completed,2024-12-11 21:38
12919,completed,2025-06-12 19:47
12920,completed,2025-08-12 20:38
12921,completed,2025-06-26 11:04
12922,completed,2025-11-01 15:57
12923,completed,2025-05-25 10:30
12924,completed,2025-02-24 04:57
12925,completed,2025-02-15 04:35
12926,completed,2025-07-20 02:04
12927,completed,2024-12-25 07:35
12928,completed,2025-01-06 19:57
12929,completed,2025-09-18 16:24
12930,completed,2025-01-27 13:28
12931,completed,2025-02-05 19:21
12932,completed,2025-09-11 14:38
12933,completed,2025-03-16 07:16
12934,completed,2025-08-22 22:34
12935,completed,2025-03-21 10:08
12936,completed,2025-06-18 10:37
12937,completed,2025-07-21 19:29
12938,completed,2025-07-08 21:55
12939,completed,2025-05-15 05:02
12940,completed,2024-12-20 01:41
12941,completed,2025-02-01 19:26
12942,completed,2025-08-17 12:08
12943,completed,2025-06-14 20:20
12944,completed,2024-12-13 02:44
12945,completed,2025-05-27 14:36
12946,completed,2025-03-01 03:47
12947,completed,2025-08-10 03:49
12948,completed,2025-12-03 17:07
12949,completed,2025-03-16 10:17
12950,completed,2025-07-17 17:04
12951,completed,2025-04-25 12:11
12952,completed,2025-01-18 20:11
12953,completed,2025-01-09 13:26
12954,completed,2025-04-21 14:18
12955,completed,2025-07-20 19:57
12956,completed,2025-11-28 11:45
12957,completed,2025-04-14 11:44
12958,completed,2025-10-23 15:27
12959,completed,2024-12-31 05:02
12960,completed,2025-03-30 06:07
12961,completed,2025-11-06 03:34
12962,completed,2025-09-17 12:59
12963,completed,2025-02-17 18:06
12964,completed,2025-04-15 01:29
12965,completed,2025-11-20 17:32
12966,completed,2025-07-31 17:39
12967,completed,2025-07-01 21:49
12968,completed,2025-09-30 11:04
12969,completed,2025-11-30 10:41
12970,completed,2025-11-23 23:52
12971,completed,2025-03-01 16:43
12972,completed,2025-06-08 02:52
12973,completed,2025-03-15 21:18
12974,completed,2025-05-19 18:58
12975,completed,2025-10-03 06:43
12976,completed,2025-10-30 07:32
12977,completed,2025-03-21 05:29
12978,completed,2025-05-05 13:24
12979,completed,2025-01-29 21:48
12980,completed,2025-09-10 16:08
12981,completed,2025-11-08 05:42
12982,completed,2025-03-30 13:28
12983,completed,2025-06-16 13:57
12984,completed,2025-04-18 02:14
12985,completed,2025-09-09 06:43
12986,completed,2025-03-14 23:02
12987,completed,2025-12-04 17:04
12988,completed,2025-03-21 08:03
12989,completed,2025-08-01 14:58
12990,completed,2025-07-30 17:07
12991,completed,2025-03-26 08:27
12992,completed,2024-12-19 14:47
12993,completed,2025-02-11 17:14
12994,completed,2025-09-26 09:47
12995,completed,2024-12-24 22:07
12996,completed,2025-03-28 00:11
12997,completed,2025-02-25 04:34
12998,completed,2025-03-23 19:59
12999,completed,2025-01-29 15:46
13000,completed,2025-03-16 03:06
13001,completed,2025-03-18 17:24
13002,completed,2025-08-12 09:44
13003,completed,2025-01-21 11:20
13004,completed,2025-11-23 18:23
13005,completed,2025-05-22 22:06
13006,completed,2025-03-29 05:25
13007,completed,2025-06-16 12:07
13008,completed,2025-07-21 07:38
13009,completed,2025-05-03 09:20
13010,completed,2025-11-04 04:44
13011,completed,2025-01-06 11:01
13012,completed,2025-01-04 08:15
13013,completed,2025-05-09 07:41
13014,completed,2025-04-30 12:30
13015,completed,2025-03-30 06:47
13016,completed,2025-01-23 17:32
13017,completed,2025-06-16 11:44
13018,completed,2024-12-26 13:52
13019,completed,2025-02-13 18:17
13020,completed,2025-10-09 22:32
13021,completed,2025-09-19 10:27
13022,completed,2025-11-30 04:50
13023,completed,2025-05-29 02:15
13024,completed,2025-03-23 19:45
13025,completed,2025-03-21 13:31
13026,completed,2025-06-05 13:45
13027,completed,2025-08-08 12:13
13028,completed,2025-05-26 08:55
13029,completed,2025-06-18 10:30
13030,completed,2025-10-31 22:48
13031,completed,2025-02-18 05:55
13032,completed,2025-08-20 03:33
13033,completed,2025-05-04 10:09
13034,completed,2025-06-20 19:47
13035,completed,2025-03-25 19:07
13036,completed,2025-01-09 14:58
13037,completed,2025-03-11 03:09
13038,completed,2025-09-09 20:33
13039,completed,2025-05-05 03:59
13040,completed,2025-03-13 16:18
13041,completed,2025-08-29 05:57
13042,completed,2025-06-08 22:12
13043,completed,2025-06-12 15:57
13044,completed,2025-08-16 14:26
13045,completed,2025-06-15 17:13
13046,completed,2025-01-02 05:35
13047,completed,2025-08-26 14:16
13048,completed,2025-01-02 22:23
13049,completed,2025-03-15 00:33
13050,completed,2025-07-05 00:54
13051,completed,2025-09-27 14:31
13052,completed,2024-12-26 20:39
13053,completed,2025-04-08 10:38
13054,completed,2025-06-26 09:01
13055,completed,2025-07-16 13:11
13056,completed,2025-07-30 16:02
13057,completed,2025-03-13 19:49
13058,completed,2025-05-01 04:46
13059,completed,2025-02-23 22:58
13060,completed,2025-11-13 15:50
13061,completed,2025-09-18 07:40
13062,completed,2025-05-05 15:34
13063,completed,2025-08-17 12:01
13064,completed,2025-10-17 02:29
13065,completed,2024-12-19 05:36
13066,completed,2025-11-27 18:27
13067,completed,2025-12-02 15:18
13068,completed,2025-07-13 15:21
13069,completed,2025-01-06 08:34
13070,completed,2025-05-01 04:29
13071,completed,2025-05-16 09:13
13072,completed,2025-04-12 09:26
13073,completed,2025-06-21 20:57
13074,completed,2025-01-13 20:55
13075,completed,2025-03-03 21:40
13076,completed,2025-04-06 07:28
13077,completed,2025-10-08 20:38
13078,completed,2025-10-01 21:25
13079,completed,2025-08-10 06:43
13080,completed,2025-05-28 21:29
13081,completed,2025-03-17 07:45
13082,completed,2025-08-24 07:09
13083,completed,2025-06-04 04:54
13084,completed,2025-09-22 23:40
13085,completed,2025-08-31 21:35
13086,completed,2024-12-16 01:01
13087,completed,2025-07-07 15:52
13088,completed,2025-06-22 06:24
13089,completed,2025-08-19 08:55
13090,completed,2025-02-09 09:24
13091,completed,2025-09-03 07:55
13092,completed,2025-10-31 04:08
13093,completed,2025-04-14 17:49
13094,completed,2025-07-05 19:56
13095,completed,2025-01-11 20:18
13096,completed,2025-09-10 05:14
13097,completed,2025-05-04 00:54
13098,completed,2025-09-10 18:28
13099,completed,2025-08-03 00:33
13100,completed,2025-01-22 04:32
13101,completed,2025-04-11 11:24
13102,completed,2025-02-24 03:16
13103,completed,2025-05-16 20:14
13104,completed,2025-03-20 17:36
13105,completed,2025-09-25 04:37
13106,completed,2025-01-05 23:36
13107,completed,2024-12-13 11:53
13108,completed,2025-05-07 17:45
13109,completed,2025-03-03 05:10
13110,completed,2025-05-17 13:50
13111,completed,2025-11-23 06:24
13112,completed,2025-10-12 16:59
13113,completed,2025-07-18 13:50
13114,completed,2025-09-24 03:35
13115,completed,2025-09-09 21:05
13116,completed,2025-05-04 19:18
13117,completed,2024-12-08 21:59
13118,completed,2025-06-20 20:24
13119,completed,2025-06-11 09:43
13120,completed,2025-06-17 06:33
13121,completed,2025-09-09 14:44
13122,completed,2025-03-28 20:58
13123,completed,2025-08-31 00:27
13124,completed,2025-03-04 08:50
13125,completed,2025-04-06 03:12
13126,completed,2025-04-21 09:01
13127,completed,2025-02-21 23:26
13128,completed,2025-01-14 04:39
13129,completed,2025-11-28 13:11
13130,completed,2025-05-07 08:08
13131,completed,2025-10-21 04:56
13132,completed,2024-12-16 04:27
13133,completed,2025-04-21 06:55
13134,completed,2025-08-12 22:42
13135,completed,2025-12-02 00:19
13136,completed,2025-03-16 01:45
13137,completed,2025-11-19 01:12
13138,completed,2025-10-04 10:44
13139,completed,2025-01-14 16:31
13140,completed,2025-06-08 13:51
13141,completed,2025-06-09 20:45
13142,completed,2024-12-08 00:48
13143,completed,2025-06-05 10:26
13144,completed,2025-04-12 22:25
13145,completed,2025-09-06 20:46
13146,completed,2025-09-03 05:30
13147,completed,2025-05-25 07:25
13148,completed,2025-05-10 16:15
13149,completed,2025-06-01 01:09
13150,completed,2025-04-30 07:55
13151,completed,2024-12-22 22:46
13152,completed,2025-05-03 10:08
13153,completed,2025-02-17 12:51
13154,completed,2025-06-25 14:23
13155,completed,2025-04-10 02:10
13156,completed,2025-07-31 15:09
13157,completed,2024-12-25 07:27
13158,completed,2025-11-30 08:23
13159,completed,2025-05-29 11:45
13160,completed,2024-12-07 08:49
13161,completed,2024-12-31 02:11
13162,completed,2025-04-27 01:10
13163,completed,2025-12-01 13:58
13164,completed,2025-10-19 04:59
13165,completed,2024-12-22 06:50
13166,completed,2025-08-21 22:41
13167,completed,2025-05-18 01:50
13168,completed,2025-07-24 06:08
13169,completed,2025-04-10 00:07
13170,completed,2025-11-18 08:56
13171,completed,2025-05-19 09:26
13172,completed,2025-07-12 06:27
13173,completed,2025-03-24 23:44
13174,completed,2025-01-24 02:25
13175,completed,2025-01-03 21:29
13176,completed,2025-03-27 13:08
13177,completed,2025-12-04 09:49
13178,completed,2025-08-13 15:04
13179,completed,2025-06-09 12:42
13180,completed,2025-07-05 00:31
13181,completed,2025-05-17 08:16
13182,completed,2025-11-11 08:33
13183,completed,2025-03-03 08:23
13184,completed,2025-05-15 01:45
13185,completed,2025-02-10 15:08
13186,completed,2025-10-13 21:09
13187,completed,2025-08-28 19:55
13188,completed,2025-02-02 04:45
13189,completed,2024-12-25 10:52
13190,completed,2025-11-02 15:21
13191,completed,2025-01-24 19:55
13192,completed,2025-11-11 13:13
13193,completed,2025-08-29 06:33
13194,completed,2024-12-16 04:16
13195,completed,2025-02-20 23:43
13196,completed,2025-03-02 11:10
13197,completed,2025-09-02 18:47
13198,completed,2025-12-05 05:00
13199,completed,2025-03-01 22:32
13200,completed,2025-07-09 12:42
13201,completed,2025-05-16 07:38
13202,completed,2025-08-18 21:44
13203,completed,2025-07-24 05:47
13204,completed,2024-12-07 18:04
13205,completed,2025-05-23 12:34
13206,completed,2025-07-30 08:32
13207,completed,2025-01-18 12:19
13208,completed,2025-09-02 03:21
13209,completed,2025-07-28 15:12
13210,completed,2025-02-04 20:07
13211,completed,2025-10-15 19:04
13212,completed,2025-01-22 20:02
13213,completed,2025-10-03 16:39
13214,completed,2025-04-06 22:06
13215,completed,2025-04-10 16:51
13216,completed,2025-10-04 23:28
13217,completed,2025-09-11 17:10
13218,completed,2025-05-16 00:53
13219,completed,2025-02-05 13:53
13220,completed,2025-07-21 17:02
13221,completed,2025-08-15 20:36
13222,completed,2025-03-31 03:08
13223,completed,2025-01-05 14:40
13224,completed,2025-05-28 09:01
13225,completed,2025-08-30 00:22
13226,completed,2025-06-18 13:15
13227,completed,2025-06-05 08:34
13228,completed,2025-01-16 17:24
13229,completed,2025-02-03 14:21
13230,completed,2025-09-02 14:47
13231,completed,2024-12-09 07:44
13232,completed,2025-04-19 22:01
13233,completed,2025-08-10 16:27
13234,completed,2025-06-04 23:42
13235,completed,2025-06-13 00:51
13236,completed,2025-01-13 19:49
13237,completed,2025-09-16 03:58
13238,completed,2024-12-23 18:46
13239,completed,2025-04-11 03:26
13240,completed,2025-04-26 07:26
13241,completed,2024-12-13 22:56
13242,completed,2025-09-17 04:52
13243,completed,2025-09-21 08:24
13244,completed,2025-07-18 00:36
13245,completed,2025-05-23 01:54
13246,completed,2024-12-19 11:00
13247,completed,2025-02-06 09:34
13248,completed,2025-02-19 18:37
13249,completed,2025-01-14 02:16
13250,completed,2025-11-13 22:16
13251,completed,2025-10-25 16:41
13252,completed,2025-01-02 07:40
13253,completed,2025-10-14 10:36
13254,completed,2025-10-18 15:50
13255,completed,2025-10-03 21:59
13256,completed,2025-08-23 12:04
13257,completed,2025-01-13 01:03
13258,completed,2025-07-28 10:10
13259,completed,2025-01-24 19:02
13260,completed,2025-07-24 14:47
13261,completed,2025-01-03 10:46
13262,completed,2025-11-09 18:56
13263,completed,2025-10-26 12:19
13264,completed,2025-11-06 11:39
13265,completed,2025-04-12 03:53
13266,completed,2025-07-04 02:52
13267,completed,2025-09-06 23:03
13268,completed,2025-04-21 14:35
13269,completed,2025-11-10 19:38
13270,completed,2025-03-15 18:13
13271,completed,2025-05-08 01:30
13272,completed,2025-05-25 23:51
13273,completed,2025-01-19 09:30
13274,completed,2025-03-21 19:18
13275,completed,2025-03-04 22:51
13276,completed,2025-06-29 01:01
13277,completed,2025-03-24 13:25
13278,completed,2025-11-17 02:04
13279,completed,2025-07-31 03:34
13280,completed,2025-12-02 22:46
13281,completed,2025-06-22 05:14
13282,completed,2025-05-06 09:01
13283,completed,2025-11-03 23:14
13284,completed,2025-06-14 00:00
13285,completed,2025-08-14 06:41
13286,completed,2025-04-01 10:09
13287,completed,2025-02-03 21:31
13288,completed,2025-06-22 15:23
13289,completed,2025-10-25 10:42
13290,completed,2025-02-06 05:34
13291,completed,2025-07-21 13:30
13292,completed,2025-09-23 17:55
13293,completed,2025-09-15 10:39
13294,completed,2025-09-30 00:19
13295,completed,2025-05-18 19:14
13296,completed,2025-08-25 00:27
13297,completed,2025-07-29 00:53
13298,completed,2025-10-19 18:09
13299,completed,2025-02-12 02:39
13300,completed,2025-02-09 03:12
13301,completed,2025-06-07 22:30
13302,completed,2025-04-03 05:34
13303,completed,2024-12-19 16:03
13304,completed,2025-09-03 00:25
13305,completed,2025-03-15 21:46
13306,completed,2025-07-16 07:47
13307,completed,2025-04-19 09:27
13308,completed,2025-10-11 19:29
13309,completed,2025-12-06 02:24
13310,completed,2025-08-22 17:43
13311,completed,2025-02-09 08:31
13312,completed,2025-09-13 19:33
13313,completed,2025-07-20 19:32
13314,completed,2024-12-09 22:35
13315,completed,2025-11-22 12:10
13316,completed,2025-06-28 19:38
13317,completed,2025-07-20 01:05
13318,completed,2025-01-18 21:12
13319,completed,2025-08-15 21:18
13320,completed,2025-01-17 22:22
13321,completed,2025-08-09 15:05
13322,completed,2025-09-19 19:01
13323,completed,2025-06-02 21:14
13324,completed,2025-05-07 17:03
13325,completed,2025-08-10 08:25
13326,completed,2025-05-19 07:10
13327,completed,2025-07-03 08:04
13328,completed,2024-12-07 02:44
13329,completed,2025-05-10 09:05
13330,completed,2025-06-22 12:19
13331,completed,2025-05-24 05:09
13332,completed,2025-03-15 18:49
13333,completed,2025-05-24 05:57
13334,completed,2025-02-07 08:27
13335,completed,2025-10-04 06:28
13336,completed,2025-08-24 15:02
13337,completed,2025-04-10 03:21
13338,completed,2024-12-10 16:33
13339,completed,2025-08-14 08:56
13340,completed,2025-03-15 07:00
13341,completed,2025-02-15 08:36
13342,completed,2025-02-09 05:19
13343,completed,2025-08-11 11:51
13344,completed,2025-04-04 13:48
13345,completed,2025-07-16 21:11
13346,completed,2025-03-31 18:49
13347,completed,2025-03-24 22:18
13348,completed,2025-07-31 21:45
13349,completed,2025-01-29 07:47
13350,completed,2025-10-18 04:10
13351,completed,2025-11-04 06:01
13352,completed,2025-04-03 06:52
13353,completed,2025-06-15 08:12
13354,completed,2025-05-22 16:24
13355,completed,2025-08-02 05:44
13356,completed,2025-01-24 05:34
13357,completed,2025-04-09 09:06
13358,completed,2025-02-27 13:07
13359,completed,2025-05-06 11:19
13360,completed,2025-08-27 15:38
13361,completed,2025-01-19 21:42
13362,completed,2025-08-09 07:30
13363,completed,2025-07-29 23:07
13364,completed,2025-05-30 17:30
13365,completed,2025-05-23 12:02
13366,completed,2025-08-12 23:13
13367,completed,2025-05-09 10:38
13368,completed,2025-10-30 12:35
13369,completed,2025-01-09 22:14
13370,completed,2025-03-30 18:06
13371,completed,2025-08-17 02:23
13372,completed,2025-09-21 22:17
13373,completed,2025-10-01 03:48
13374,completed,2025-02-26 11:41
13375,completed,2025-04-25 14:25
13376,completed,2025-04-06 05:05
13377,completed,2025-07-13 14:29
13378,completed,2025-04-13 00:04
13379,completed,2024-12-17 04:37
13380,completed,2025-05-18 17:44
13381,completed,2025-01-11 13:50
13382,completed,2025-01-15 01:33
13383,completed,2025-05-15 17:06
13384,completed,2025-02-26 11:34
13385,completed,2025-01-04 06:26
13386,completed,2025-05-11 17:58
13387,completed,2025-01-05 07:53
13388,completed,2025-01-06 02:00
13389,completed,2024-12-21 14:35
13390,completed,2024-12-30 17:10
13391,completed,2025-05-17 18:24
13392,completed,2025-09-20 22:21
13393,completed,2024-12-09 20:22
13394,completed,2025-10-25 02:54
13395,completed,2025-04-03 07:38
13396,completed,2025-06-14 05:13
13397,completed,2025-05-15 07:32
13398,completed,2025-04-06 08:46
13399,completed,2025-05-18 20:09
13400,completed,2025-08-20 18:48
13401,completed,2025-11-09 10:48
13402,completed,2025-11-27 08:01
13403,completed,2025-10-17 21:38
13404,completed,2025-05-02 13:34
13405,completed,2025-06-29 05:01
13406,completed,2025-09-01 14:45
13407,completed,2025-02-24 03:09
13408,completed,2025-05-13 19:34
13409,completed,2025-03-05 16:53
13410,completed,2024-12-23 22:59
13411,completed,2025-02-13 19:29
13412,completed,2025-08-07 18:54
13413,completed,2025-02-10 06:53
13414,completed,2025-03-29 12:28
13415,completed,2025-04-06 18:47
13416,completed,2025-11-25 01:01
13417,completed,2025-02-01 04:58
13418,completed,2025-01-10 10:35
13419,completed,2025-06-02 13:51
13420,completed,2025-03-23 23:18
13421,completed,2025-05-30 18:19
13422,completed,2025-04-29 08:40
13423,completed,2024-12-31 08:53
13424,completed,2025-09-21 02:34
13425,completed,2025-01-25 22:25
13426,completed,2025-03-27 19:59
13427,completed,2025-11-16 18:49
13428,completed,2025-11-25 19:15
13429,completed,2025-12-01 18:44
13430,completed,2025-10-12 13:02
13431,completed,2025-02-20 06:06
13432,completed,2025-04-24 13:44
13433,completed,2025-09-14 00:03
13434,completed,2025-07-06 20:34
13435,completed,2025-10-30 20:33
13436,completed,2025-10-31 22:45
13437,completed,2025-09-02 17:08
13438,completed,2025-06-29 19:58
13439,completed,2025-05-28 00:19
13440,completed,2024-12-31 16:50
13441,completed,2024-12-19 03:14
13442,completed,2025-09-28 16:19
13443,completed,2025-07-27 13:34
13444,completed,2025-10-06 19:24
13445,completed,2025-08-10 03:31
13446,completed,2025-11-16 08:36
13447,completed,2025-01-07 06:37
13448,completed,2025-01-22 09:59
13449,completed,2025-01-09 20:00
13450,completed,2025-07-07 19:17
13451,completed,2025-06-25 14:04
13452,completed,2025-08-27 01:14
13453,completed,2025-06-30 02:37
13454,completed,2025-11-26 20:53
13455,completed,2025-10-06 02:00
13456,completed,2025-12-06 16:23
13457,completed,2025-11-04 15:02
13458,completed,2025-07-23 18:26
13459,completed,2025-06-16 18:18
13460,completed,2025-09-16 07:03
13461,completed,2025-05-02 17:57
13462,completed,2025-02-26 03:57
13463,completed,2025-11-11 02:02
13464,completed,2025-02-15 07:49
13465,completed,2025-08-31 11:23
13466,completed,2025-01-19 23:45
13467,completed,2025-02-15 15:52
13468,completed,2025-10-23 21:48
13469,completed,2025-05-06 21:22
13470,completed,2025-07-03 02:59
13471,completed,2025-10-06 12:13
13472,completed,2025-08-31 07:21
13473,completed,2025-02-23 19:15
13474,completed,2025-06-19 18:20
13475,completed,2025-04-04 13:53
13476,completed,2025-09-13 18:15
13477,completed,2025-04-20 08:06
13478,completed,2025-10-17 18:22
13479,completed,2025-01-25 14:49
13480,completed,2025-03-08 04:17
13481,completed,2025-11-12 03:17
13482,completed,2025-03-22 22:49
13483,completed,2025-10-23 12:14
13484,completed,2024-12-31 07:26
13485,completed,2025-05-16 11:19
13486,completed,2025-09-08 06:21
13487,completed,2025-05-13 13:21
13488,completed,2025-09-09 12:45
13489,completed,2025-08-05 21:18
13490,completed,2025-01-23 13:52
13491,completed,2025-07-21 06:03
13492,completed,2024-12-13 05:34
13493,completed,2025-07-12 05:58
13494,completed,2025-07-02 00:06
13495,completed,2025-08-01 12:24
13496,completed,2025-02-28 07:13
13497,completed,2025-06-10 13:05
13498,completed,2025-07-08 11:35
13499,completed,2025-10-18 17:51
13500,completed,2025-02-11 16:59
13501,completed,2025-02-23 02:18
13502,completed,2025-10-05 16:56
13503,completed,2025-03-24 19:10
13504,completed,2025-01-13 22:07
13505,completed,2025-05-11 07:52
13506,completed,2025-12-04 20:05
13507,completed,2025-05-23 15:02
13508,completed,2024-12-12 21:48
13509,completed,2025-05-03 00:19
13510,completed,2025-10-02 20:09
13511,completed,2025-06-08 16:08
13512,completed,2025-03-16 00:25
13513,completed,2025-05-29 12:08
13514,completed,2025-09-08 00:20
13515,completed,2025-09-01 19:43
13516,completed,2024-12-25 23:06
13517,completed,2025-10-25 16:25
13518,completed,2024-12-20 12:42
13519,completed,2025-05-20 01:50
13520,completed,2025-06-05 15:28
13521,completed,2025-01-09 18:23
13522,completed,2025-09-13 23:33
13523,completed,2025-04-24 11:42
13524,completed,2025-07-15 03:10
13525,completed,2025-01-14 17:47
13526,completed,2025-01-13 06:48
13527,completed,2025-10-14 09:16
13528,completed,2025-09-22 01:38
13529,completed,2025-09-04 16:01
13530,completed,2025-06-13 05:05
13531,completed,2025-09-09 22:00
13532,completed,2024-12-23 10:38
13533,completed,2025-02-27 03:09
13534,completed,2024-12-18 08:13
13535,completed,2025-04-20 17:00
13536,completed,2025-07-31 21:08
13537,completed,2025-08-12 11:36
13538,completed,2025-02-27 22:12
13539,completed,2025-03-24 15:10
13540,completed,2025-01-04 23:50
13541,completed,2025-03-25 07:54
13542,completed,2025-11-30 07:29
13543,completed,2024-12-31 07:21
13544,completed,2025-11-26 00:42
13545,completed,2025-04-23 15:13
13546,completed,2025-09-27 19:38
13547,completed,2025-11-01 10:53
13548,completed,2024-12-16 16:44
13549,completed,2025-10-13 21:49
13550,completed,2025-04-06 02:44
13551,completed,2025-02-22 06:23
13552,completed,2025-05-13 11:48
13553,completed,2024-12-21 17:48
13554,completed,2025-03-11 22:11
13555,completed,2025-11-07 01:56
13556,completed,2025-06-13 06:10
13557,completed,2025-11-01 18:20
13558,completed,2024-12-28 05:21
13559,completed,2025-01-24 07:55
13560,completed,2025-04-10 09:55
13561,completed,2024-12-12 04:49
13562,completed,2025-08-08 17:49
13563,completed,2025-03-16 23:44
13564,completed,2025-07-06 09:56
13565,completed,2025-03-17 10:53
13566,completed,2025-02-06 18:44
13567,completed,2025-03-05 12:48
13568,completed,2025-11-22 14:33
13569,completed,2025-03-02 14:43
13570,completed,2025-09-17 15:27
13571,completed,2025-01-06 23:05
13572,completed,2025-09-29 13:25
13573,completed,2025-12-04 07:02
13574,completed,2025-03-13 22:43
13575,completed,2025-08-04 03:47
13576,completed,2025-06-19 17:40
13577,completed,2025-03-16 17:54
13578,completed,2025-06-25 03:11
13579,completed,2025-04-21 07:41
13580,completed,2025-06-06 09:39
13581,completed,2025-08-21 03:27
13582,completed,2025-03-11 15:49
13583,completed,2025-07-09 19:24
13584,completed,2025-05-28 03:22
13585,completed,2024-12-16 15:22
13586,completed,2025-11-12 20:34
13587,completed,2025-06-15 23:40
13588,completed,2025-06-14 14:50
13589,completed,2025-04-22 14:35
13590,completed,2025-06-05 00:41
13591,completed,2025-05-20 13:39
13592,completed,2025-01-06 11:50
13593,completed,2024-12-29 05:08
13594,completed,2025-05-20 12:18
13595,completed,2025-10-16 07:13
13596,completed,2025-05-31 17:53
13597,completed,2024-12-11 10:18
13598,completed,2025-07-22 20:22
13599,completed,2025-06-29 16:35
13600,completed,2025-05-20 10:41
13601,completed,2025-09-19 02:25
13602,completed,2025-05-18 08:35
13603,completed,2025-06-21 14:33
13604,completed,2025-12-03 22:59
13605,completed,2025-07-23 02:36
13606,completed,2025-11-05 16:06
13607,completed,2025-05-03 07:17
13608,completed,2025-04-28 19:53
13609,completed,2025-11-05 03:11
13610,completed,2025-09-21 11:42
13611,completed,2025-03-25 23:47
13612,completed,2025-02-03 13:37
13613,completed,2025-03-16 04:57
13614,completed,2025-09-07 16:11
13615,completed,2024-12-27 09:57
13616,completed,2025-07-10 16:27
13617,completed,2025-09-27 16:00
13618,completed,2025-03-28 02:46
13619,completed,2025-09-15 13:09
13620,completed,2025-08-12 14:43
13621,completed,2025-07-11 05:12
13622,completed,2025-03-21 17:39
13623,completed,2025-08-03 00:41
13624,completed,2025-09-06 07:24
13625,completed,2025-10-13 11:43
13626,completed,2025-06-27 19:37
13627,completed,2025-02-23 07:12
13628,completed,2025-10-02 06:00
13629,completed,2025-04-18 11:23
13630,completed,2025-12-02 06:28
13631,completed,2025-10-01 23:23
13632,completed,2025-02-09 04:41
13633,completed,2025-04-19 22:22
13634,completed,2025-08-24 04:36
13635,completed,2025-03-31 00:52
13636,completed,2025-11-06 16:47
13637,completed,2025-07-27 14:29
13638,completed,2025-05-04 04:12
13639,completed,2025-11-20 00:58
13640,completed,2025-08-29 05:59
13641,completed,2025-08-02 08:37
13642,completed,2025-07-24 01:09
13643,completed,2025-11-06 09:54
13644,completed,2025-03-22 04:18
13645,completed,2025-07-16 19:27
13646,completed,2025-06-30 05:18
13647,completed,2025-03-18 22:24
13648,completed,2025-04-21 02:09
13649,completed,2025-03-02 06:24
13650,completed,2025-01-23 18:48
13651,completed,2025-01-07 12:38
13652,completed,2025-11-23 11:55
13653,completed,2025-09-05 10:58
13654,completed,2025-02-22 09:25
13655,completed,2025-11-13 11:19
13656,completed,2025-07-30 07:00
13657,completed,2025-05-01 16:23
13658,completed,2025-05-18 07:15
13659,completed,2025-12-01 18:27
13660,completed,2025-09-15 03:36
13661,completed,2025-03-24 19:17
13662,completed,2025-10-18 23:38
13663,completed,2025-04-17 15:54
13664,completed,2024-12-09 04:25
13665,completed,2025-09-15 20:42
13666,completed,2025-03-09 18:17
13667,completed,2025-08-23 18:00
13668,completed,2025-11-22 15:52
13669,completed,2025-07-15 04:36
13670,completed,2025-08-13 05:12
13671,completed,2025-08-17 14:32
13672,completed,2025-03-28 04:36
13673,completed,2025-11-01 00:55
13674,completed,2025-11-20 21:36
13675,completed,2025-10-14 09:54
13676,completed,2025-05-27 06:45
13677,completed,2025-08-18 16:26
13678,completed,2024-12-19 10:24
13679,completed,2025-03-05 02:22
13680,completed,2025-01-08 16:15
13681,completed,2025-06-07 00:08
13682,completed,2025-02-13 12:25
13683,completed,2025-05-21 20:16
13684,completed,2025-08-22 21:09
13685,completed,2024-12-29 09:21
13686,completed,2025-06-13 19:37
13687,completed,2025-01-15 02:51
13688,completed,2025-09-29 10:16
13689,completed,2025-09-25 22:56
13690,completed,2025-04-04 02:43
13691,completed,2025-10-09 06:47
13692,completed,2025-01-15 13:51
13693,completed,2025-11-15 12:28
13694,completed,2025-08-03 23:40
13695,completed,2025-03-19 12:57
13696,completed,2025-05-27 12:13
13697,completed,2025-01-28 10:18
13698,completed,2025-05-29 10:50
13699,completed,2025-10-26 14:25
13700,completed,2025-11-04 05:51
13701,completed,2025-08-08 08:08
13702,completed,2025-05-29 08:33
13703,completed,2025-09-23 11:28
13704,completed,2025-06-29 02:14
13705,completed,2025-02-14 18:17
13706,completed,2025-10-25 05:26
13707,completed,2024-12-15 13:41
13708,completed,2025-10-29 00:43
13709,completed,2025-05-13 22:20
13710,completed,2025-04-18 06:06
13711,completed,2025-05-07 06:43
13712,completed,2024-12-19 05:38
13713,completed,2025-06-10 00:48
13714,completed,2025-11-14 19:13
13715,completed,2025-05-17 01:48
13716,completed,2025-02-01 17:38
13717,completed,2025-07-15 00:58
13718,completed,2024-12-24 01:48
13719,completed,2025-01-30 14:06
13720,completed,2025-08-28 04:47
13721,completed,2025-03-29 22:39
13722,completed,2025-04-26 05:32
13723,completed,2025-06-20 17:31
13724,completed,2025-03-21 18:32
13725,completed,2024-12-17 11:44
13726,completed,2025-06-06 02:28
13727,completed,2025-01-24 05:31
13728,completed,2025-06-12 01:05
13729,completed,2025-03-21 02:47
13730,completed,2025-02-17 14:11
13731,completed,2024-12-11 00:59
13732,completed,2025-01-16 06:15
13733,completed,2025-09-18 21:17
13734,completed,2025-12-05 21:04
13735,completed,2025-04-22 13:26
13736,completed,2025-09-01 20:54
13737,completed,2025-09-02 11:00
13738,completed,2025-06-27 23:34
13739,completed,2025-04-26 07:44
13740,completed,2025-07-25 14:00
13741,completed,2025-06-22 09:27
13742,completed,2025-10-05 04:32
13743,completed,2025-02-24 01:16
13744,completed,2025-03-21 16:06
13745,completed,2024-12-30 17:02
13746,completed,2025-08-20 17:49
13747,completed,2025-06-09 18:07
13748,completed,2025-07-13 23:22
13749,completed,2025-07-03 07:55
13750,completed,2024-12-11 21:57
13751,completed,2025-01-05 21:52
13752,completed,2025-02-17 06:18
13753,completed,2025-03-01 16:41
13754,completed,2025-09-16 15:49
13755,completed,2025-04-12 07:18
13756,completed,2025-06-27 07:46
13757,completed,2025-05-26 00:31
13758,completed,2025-02-10 04:08
13759,completed,2025-06-28 03:30
13760,completed,2025-03-05 13:39
13761,completed,2025-01-25 05:02
13762,completed,2025-01-01 16:57
13763,completed,2025-08-05 22:01
13764,completed,2025-01-30 12:55
13765,completed,2025-10-09 23:23
13766,completed,2025-02-27 03:20
13767,completed,2025-01-25 05:37
13768,completed,2025-07-10 14:15
13769,completed,2025-11-19 18:24
13770,completed,2025-11-12 03:02
13771,completed,2025-05-25 17:23
13772,completed,2025-10-11 23:27
13773,completed,2025-04-18 11:55
13774,completed,2025-03-25 10:38
13775,completed,2025-04-15 20:06
13776,completed,2025-03-31 11:11
13777,completed,2025-01-29 20:23
13778,completed,2025-02-02 04:46
13779,completed,2025-03-21 03:12
13780,completed,2025-06-19 06:09
13781,completed,2025-03-28 20:45
13782,completed,2025-09-02 21:36
13783,completed,2025-04-06 02:17
13784,completed,2025-10-04 08:02
13785,completed,2025-11-21 23:36
13786,completed,2025-01-05 16:16
13787,completed,2025-11-22 08:35
13788,completed,2025-09-14 03:06
13789,completed,2025-06-05 07:41
13790,completed,2025-01-27 16:25
13791,completed,2025-05-11 08:31
13792,completed,2025-10-10 01:01
13793,completed,2025-10-10 13:21
13794,completed,2025-08-22 23:49
13795,completed,2025-08-19 23:52
13796,completed,2025-07-18 00:26
13797,completed,2025-04-15 22:28
13798,completed,2025-01-24 21:33
13799,completed,2025-11-04 16:20
13800,completed,2025-04-02 20:36
13801,completed,2024-12-13 23:13
13802,completed,2025-09-25 22:52
13803,completed,2025-02-03 13:51
13804,completed,2025-07-15 10:53
13805,completed,2025-02-14 14:06
13806,completed,2024-12-27 11:40
13807,completed,2024-12-26 04:39
13808,completed,2025-09-09 02:32
13809,completed,2025-10-24 05:46
13810,completed,2025-04-01 02:49
13811,completed,2025-09-28 05:32
13812,completed,2025-07-29 14:50
13813,completed,2025-09-23 05:14
13814,completed,2025-07-15 16:12
13815,completed,2025-08-11 13:01
13816,completed,2025-01-15 10:33
13817,completed,2025-06-28 02:38
13818,completed,2025-09-24 21:50
13819,completed,2025-06-21 21:35
13820,completed,2025-11-21 19:15
13821,completed,2025-10-12 15:29
13822,completed,2025-03-25 15:44
13823,completed,2025-01-29 11:18
13824,completed,2025-11-23 03:12
13825,completed,2025-08-12 09:52
13826,completed,2025-06-15 10:26
13827,completed,2024-12-31 22:47
13828,completed,2025-07-24 20:41
13829,completed,2025-06-10 07:32
13830,completed,2025-03-03 11:11
13831,completed,2025-03-23 05:07
13832,completed,2025-05-26 15:41
13833,completed,2025-11-20 15:09
13834,completed,2025-05-30 14:46
13835,completed,2025-02-15 21:32
13836,completed,2025-01-08 06:50
13837,completed,2025-02-22 02:28
13838,completed,2025-07-08 14:40
13839,completed,2024-12-26 14:58
13840,completed,2025-04-04 10:41
13841,completed,2025-10-24 09:28
13842,completed,2025-01-05 01:47
13843,completed,2025-08-30 23:21
13844,completed,2025-06-18 00:30
13845,completed,2025-09-24 18:39
13846,completed,2024-12-11 02:42
13847,completed,2025-09-17 06:17
13848,completed,2025-03-04 14:42
13849,completed,2025-06-14 09:31
13850,completed,2025-08-22 05:10
13851,completed,2025-04-10 13:15
13852,completed,2025-10-21 21:42
13853,completed,2025-03-05 01:01
13854,completed,2025-07-25 15:07
13855,completed,2025-09-19 21:44
13856,completed,2025-04-17 15:47
13857,completed,2025-11-01 02:56
13858,completed,2025-06-05 03:49
13859,completed,2025-06-08 10:28
13860,completed,2025-11-09 12:51
13861,completed,2025-12-05 03:23
13862,completed,2024-12-29 11:16
13863,completed,2025-07-24 06:53
13864,completed,2025-03-10 11:16
13865,completed,2025-06-03 18:50
13866,completed,2025-04-20 10:15
13867,completed,2025-11-22 05:00
13868,completed,2025-07-12 02:09
13869,completed,2025-05-20 00:50
13870,completed,2025-01-21 02:47
13871,completed,2025-03-22 03:44
13872,completed,2025-06-16 12:19
13873,completed,2025-05-11 04:22
13874,completed,2025-07-05 00:54
13875,completed,2025-05-21 18:34
13876,completed,2025-09-27 00:11
13877,completed,2025-02-02 18:39
13878,completed,2025-02-21 08:32
13879,completed,2025-09-25 02:31
13880,completed,2025-10-17 22:35
13881,completed,2025-09-06 12:48
13882,completed,2025-04-04 13:06
13883,completed,2025-08-03 22:45
13884,completed,2025-04-09 15:10
13885,completed,2025-08-31 17:47
13886,completed,2025-08-18 09:30
13887,completed,2025-09-28 08:28
13888,completed,2025-02-19 01:04
13889,completed,2025-08-06 14:01
13890,completed,2025-01-06 22:13
13891,completed,2025-04-28 13:22
13892,completed,2025-06-17 13:35
13893,completed,2025-06-14 01:31
13894,completed,2025-08-04 11:07
13895,completed,2025-01-17 07:52
13896,completed,2025-07-23 06:11
13897,completed,2024-12-21 00:41
13898,completed,2025-08-06 09:32
13899,completed,2025-07-24 19:31
13900,completed,2025-06-22 09:39
13901,completed,2025-02-09 23:27
13902,completed,2025-03-05 08:59
13903,completed,2025-02-20 22:53
13904,completed,2025-03-09 04:02
13905,completed,2025-05-10 15:48
13906,completed,2025-01-26 04:57
13907,completed,2025-05-18 14:04
13908,completed,2025-11-24 04:24
13909,completed,2025-10-05 06:09
13910,completed,2025-11-07 21:35
13911,completed,2025-07-05 17:11
13912,completed,2025-02-15 06:51
13913,completed,2025-02-07 13:12
13914,completed,2025-04-03 15:11
13915,completed,2025-02-17 11:36
13916,completed,2024-12-25 14:52
13917,completed,2025-01-09 07:54
13918,completed,2025-10-21 04:40
13919,completed,2025-01-15 22:55
13920,completed,2025-03-14 00:39
13921,completed,2025-11-23 07:57
13922,completed,2025-04-30 11:00
13923,completed,2025-01-07 06:34
13924,completed,2025-11-24 08:32
13925,completed,2025-06-08 02:45
13926,completed,2025-03-22 06:02
13927,completed,2024-12-25 15:44
13928,completed,2025-08-20 23:22
13929,completed,2025-03-23 23:33
13930,completed,2025-12-05 15:12
13931,completed,2025-05-08 00:22
13932,completed,2025-05-28 11:39
13933,completed,2024-12-12 22:18
13934,completed,2025-01-21 11:03
13935,completed,2025-04-06 08:43
13936,completed,2025-02-08 11:35
13937,completed,2025-02-08 01:19
13938,completed,2025-07-17 00:51
13939,completed,2025-04-10 13:01
13940,completed,2025-03-17 08:33
13941,completed,2025-11-29 02:19
13942,completed,2025-06-26 13:20
13943,completed,2024-12-18 05:45
13944,completed,2025-06-11 09:40
13945,completed,2025-07-05 00:09
13946,completed,2025-09-26 00:37
13947,completed,2025-01-06 11:20
13948,completed,2025-03-25 22:32
13949,completed,2025-09-19 05:14
13950,completed,2025-03-12 21:03
13951,completed,2025-05-30 15:22
13952,completed,2025-05-28 14:44
13953,completed,2025-07-20 05:29
13954,completed,2025-03-27 21:40
13955,completed,2025-10-15 00:12
13956,completed,2025-09-13 18:30
13957,completed,2024-12-14 22:34
13958,completed,2025-11-18 07:18
13959,completed,2025-01-29 12:27
13960,completed,2024-12-25 21:23
13961,completed,2025-06-26 01:48
13962,completed,2025-01-10 23:53
13963,completed,2025-07-22 21:55
13964,completed,2025-05-12 21:00
13965,completed,2025-04-02 00:47
13966,completed,2025-06-22 10:33
13967,completed,2025-09-16 02:37
13968,completed,2025-03-28 13:24
13969,completed,2025-05-10 09:12
13970,completed,2025-09-01 17:14
13971,completed,2025-02-15 04:13
13972,completed,2025-03-29 04:34
13973,completed,2025-07-22 23:54
13974,completed,2025-10-08 11:59
13975,completed,2025-07-17 21:30
13976,completed,2025-10-09 18:51
13977,completed,2025-12-03 00:45
13978,completed,2025-02-06 19:47
13979,completed,2025-07-26 15:02
13980,completed,2025-01-17 07:07
13981,completed,2025-03-05 02:50
13982,completed,2025-11-19 16:29
13983,completed,2025-04-21 23:30
13984,completed,2025-11-06 09:50
13985,completed,2025-12-02 01:32
13986,completed,2025-03-26 22:24
13987,completed,2025-04-04 05:00
13988,completed,2024-12-21 17:30
13989,completed,2024-12-23 12:27
13990,completed,2024-12-31 23:11
13991,completed,2025-10-15 17:45
13992,completed,2025-11-04 04:32
13993,completed,2025-10-30 00:22
13994,completed,2025-04-12 01:01
13995,completed,2025-07-20 03:37
13996,completed,2025-04-07 15:03
13997,completed,2025-05-04 05:05
13998,completed,2025-06-11 12:45
13999,completed,2025-08-26 10:03
14000,completed,2025-05-12 13:54
14001,completed,2024-12-11 20:04
14002,completed,2025-10-16 21:32
14003,completed,2025-09-26 21:35
14004,completed,2025-09-27 22:05
14005,completed,2025-06-08 22:16
14006,completed,2025-12-04 17:25
14007,completed,2025-10-08 08:13
14008,completed,2025-09-17 00:49
14009,completed,2025-04-29 07:56
14010,completed,2025-07-22 02:43
14011,completed,2025-01-16 05:49
14012,completed,2024-12-28 01:45
14013,completed,2025-08-15 14:00
14014,completed,2025-09-13 11:19
14015,completed,2025-09-09 04:06
14016,completed,2025-02-01 00:27
14017,completed,2025-08-23 11:20
14018,completed,2025-07-13 14:37
14019,completed,2025-06-01 13:53
14020,completed,2025-01-30 18:31
14021,completed,2025-09-02 03:12
14022,completed,2025-07-21 19:16
14023,completed,2024-12-07 04:03
14024,completed,2025-08-16 00:30
14025,completed,2025-11-03 00:58
14026,completed,2025-04-24 22:27
14027,completed,2025-01-19 14:50
14028,completed,2024-12-26 03:19
14029,completed,2025-10-17 16:05
14030,completed,2025-09-07 07:09
14031,completed,2025-05-02 01:24
14032,completed,2025-11-15 09:06
14033,completed,2025-04-08 20:38
14034,completed,2025-03-06 04:46
14035,completed,2025-10-12 00:19
14036,completed,2025-05-07 09:53
14037,completed,2025-03-26 04:47
14038,completed,2025-03-25 08:26
14039,completed,2025-03-19 21:01
14040,completed,2025-11-20 13:27
14041,completed,2025-02-27 22:48
14042,completed,2025-07-07 09:54
14043,completed,2025-09-16 02:52
14044,completed,2025-08-27 16:37
14045,completed,2025-03-27 04:54
14046,completed,2025-03-19 23:27
14047,completed,2025-10-04 10:23
14048,completed,2025-01-31 22:31
14049,completed,2025-02-09 09:49
14050,completed,2024-12-08 16:14
14051,completed,2025-10-29 05:09
14052,completed,2025-12-05 18:41
14053,completed,2025-07-24 00:03
14054,completed,2025-03-22 23:16
14055,completed,2025-07-12 15:03
14056,completed,2025-07-11 21:55
14057,completed,2025-10-25 13:35
14058,completed,2025-11-05 02:45
14059,completed,2025-06-19 02:27
14060,completed,2025-05-05 02:08
14061,completed,2025-05-27 10:23
14062,completed,2025-02-03 20:55
14063,completed,2025-12-04 02:09
14064,completed,2025-06-04 05:06
14065,completed,2025-07-01 07:38
14066,completed,2025-01-19 04:51
14067,completed,2025-05-08 16:22
14068,completed,2025-07-05 11:21
14069,completed,2025-06-26 00:24
14070,completed,2025-04-25 19:05
14071,completed,2025-02-14 04:51
14072,completed,2025-05-17 08:23
14073,completed,2025-10-31 11:56
14074,completed,2025-09-18 12:30
14075,completed,2025-06-23 06:33
14076,completed,2025-07-28 06:38
14077,completed,2025-03-16 08:21
14078,completed,2025-01-17 10:36
14079,completed,2025-06-04 02:49
14080,completed,2025-03-29 22:09
14081,completed,2025-09-21 23:13
14082,completed,2025-03-16 10:11
14083,completed,2025-10-04 11:41
14084,completed,2025-05-05 01:02
14085,completed,2025-06-25 13:15
14086,completed,2025-06-03 22:54
14087,completed,2025-10-05 13:27
14088,completed,2025-05-04 16:24
14089,completed,2025-02-16 04:16
14090,completed,2025-02-03 14:39
14091,completed,2025-06-22 04:47
14092,completed,2025-10-31 09:22
14093,completed,2025-09-24 12:57
14094,completed,2025-08-27 02:55
14095,completed,2025-08-31 17:38
14096,completed,2025-09-03 08:41
14097,completed,2025-09-07 18:26
14098,completed,2025-11-23 09:46
14099,completed,2025-07-06 18:02
14100,completed,2025-03-17 05:13
14101,completed,2025-07-28 09:23
14102,completed,2025-03-28 15:17
14103,completed,2025-07-11 04:08
14104,completed,2025-11-29 00:45
14105,completed,2025-10-19 01:41
14106,completed,2025-05-03 15:55
14107,completed,2025-04-18 13:36
14108,completed,2024-12-25 04:01
14109,completed,2025-04-06 09:00
14110,completed,2025-03-26 11:23
14111,completed,2025-10-03 09:18
14112,completed,2025-06-07 13:19
14113,completed,2025-09-21 00:30
14114,completed,2025-11-18 16:18
14115,completed,2025-08-03 16:36
14116,completed,2025-07-04 18:30
14117,completed,2025-02-07 17:25
14118,completed,2025-09-12 04:31
14119,completed,2025-08-28 08:44
14120,completed,2024-12-24 16:14
14121,completed,2025-10-18 17:24
14122,completed,2025-08-05 16:46
14123,completed,2025-09-22 17:17
14124,completed,2025-08-21 18:14
14125,completed,2025-12-01 23:50
14126,completed,2025-01-01 20:33
14127,completed,2025-08-05 21:43
14128,completed,2025-03-10 01:30
14129,completed,2025-08-13 22:24
14130,completed,2025-06-10 22:59
14131,completed,2025-02-24 06:10
14132,completed,2025-09-07 05:29
14133,completed,2025-01-18 11:24
14134,completed,2025-10-02 03:54
14135,completed,2025-02-08 05:17
14136,completed,2024-12-13 14:44
14137,completed,2025-02-14 06:45
14138,completed,2025-10-04 03:37
14139,completed,2025-05-07 15:29
14140,completed,2025-03-11 12:49
14141,completed,2025-10-22 18:51
14142,completed,2025-01-28 05:04
14143,completed,2025-07-04 14:11
14144,completed,2025-09-19 15:42
14145,completed,2025-11-27 00:00
14146,completed,2025-03-17 22:41
14147,completed,2024-12-21 17:36
14148,completed,2025-11-27 00:52
14149,completed,2025-07-19 16:51
14150,completed,2025-07-22 20:36
14151,completed,2025-06-10 16:23
14152,completed,2024-12-15 00:31
14153,completed,2024-12-21 17:20
14154,completed,2025-07-31 13:43
14155,completed,2025-07-27 02:34
14156,completed,2025-08-30 01:49
14157,completed,2025-07-23 12:53
14158,completed,2025-03-05 07:07
14159,completed,2025-05-21 21:32
14160,completed,2025-08-19 23:26
14161,completed,2025-10-12 07:54
14162,completed,2025-02-01 03:25
14163,completed,2025-03-02 17:57
14164,completed,2025-04-05 10:42
14165,completed,2025-06-14 01:44
14166,completed,2025-08-03 17:26
14167,completed,2025-10-31 03:50
14168,completed,2025-07-04 00:46
14169,completed,2025-06-10 20:44
14170,completed,2025-03-01 18:06
14171,completed,2025-06-15 16:28
14172,completed,2025-04-30 18:34
14173,completed,2025-05-12 16:01
14174,completed,2025-11-07 03:03
14175,completed,2025-11-20 06:44
14176,completed,2025-11-18 21:45
14177,completed,2025-11-14 22:59
14178,completed,2025-09-03 15:50
14179,completed,2025-06-05 10:05
14180,completed,2025-09-24 12:46
14181,completed,2025-04-02 19:51
14182,completed,2025-02-12 20:37
14183,completed,2025-01-08 04:09
14184,completed,2025-07-24 09:47
14185,completed,2025-07-10 03:32
14186,completed,2025-05-14 11:21
14187,completed,2025-10-30 23:35
14188,completed,2025-09-10 22:19
14189,completed,2025-02-05 14:24
14190,completed,2025-02-06 18:48
14191,completed,2025-06-30 19:14
14192,completed,2025-08-15 17:00
14193,completed,2025-11-17 23:49
14194,completed,2024-12-29 05:20
14195,completed,2025-11-26 17:24
14196,completed,2025-09-10 04:21
14197,completed,2025-01-07 23:57
14198,completed,2025-03-21 20:48
14199,completed,2025-01-20 19:58
14200,completed,2025-04-01 05:29
14201,completed,2025-04-27 18:07
14202,completed,2025-09-29 23:48
14203,completed,2025-09-13 14:30
14204,completed,2025-05-15 02:59
14205,completed,2025-04-24 01:01
14206,completed,2024-12-15 18:13
14207,completed,2025-02-07 11:00
14208,completed,2025-07-04 01:10
14209,completed,2025-04-16 01:50
14210,completed,2025-04-21 10:44
14211,completed,2025-08-07 11:51
14212,completed,2025-09-30 07:04
14213,completed,2025-02-04 19:31
14214,completed,2025-02-14 00:41
14215,completed,2025-01-03 18:48
14216,completed,2025-11-15 01:25
14217,completed,2025-01-20 17:22
14218,completed,2025-05-24 18:57
14219,completed,2025-05-11 08:47
14220,completed,2025-05-31 15:35
14221,completed,2025-05-06 07:43
14222,completed,2025-08-15 02:52
14223,completed,2025-02-27 10:10
14224,completed,2025-06-08 04:55
14225,completed,2025-04-29 10:42
14226,completed,2024-12-16 12:24
14227,completed,2025-07-16 00:13
14228,completed,2025-07-09 16:21
14229,completed,2025-06-14 03:38
14230,completed,2025-10-11 20:55
14231,completed,2025-06-14 10:35
14232,completed,2025-10-01 23:11
14233,completed,2025-08-07 17:26
14234,completed,2025-05-15 05:48
14235,completed,2025-07-27 08:08
14236,completed,2024-12-31 08:43
14237,completed,2025-07-08 12:15
14238,completed,2024-12-26 15:30
14239,completed,2025-10-07 20:49
14240,completed,2025-03-24 11:05
14241,completed,2025-07-28 22:10
14242,completed,2025-12-05 17:01
14243,completed,2025-11-04 15:24
14244,completed,2025-04-01 05:03
14245,completed,2025-09-14 16:52
14246,completed,2025-05-21 21:50
14247,completed,2025-10-07 19:53
14248,completed,2025-05-13 06:06
14249,completed,2025-05-02 17:37
14250,completed,2025-03-12 12:17
14251,completed,2025-04-22 23:41
14252,completed,2025-05-06 21:42
14253,completed,2025-04-23 05:46
14254,completed,2025-09-24 05:22
14255,completed,2025-04-20 01:17
14256,completed,2025-04-01 22:47
14257,completed,2025-01-25 03:58
14258,completed,2025-03-24 20:27
14259,completed,2025-11-17 06:51
14260,completed,2024-12-23 00:50
14261,completed,2025-02-16 11:59
14262,completed,2025-09-19 01:35
14263,completed,2025-03-04 02:54
14264,completed,2025-09-17 00:51
14265,completed,2025-03-20 04:14
14266,completed,2025-08-29 07:44
14267,completed,2025-02-04 23:54
14268,completed,2025-05-16 15:02
14269,completed,2025-12-06 09:19
14270,completed,2025-10-16 00:30
14271,completed,2025-05-11 11:26
14272,completed,2025-04-08 18:16
14273,completed,2025-02-12 16:01
14274,completed,2025-10-25 09:41
14275,completed,2025-05-03 00:26
14276,completed,2025-04-29 08:52
14277,completed,2025-10-26 05:30
14278,completed,2025-01-21 10:15
14279,completed,2025-09-17 00:26
14280,completed,2025-05-20 20:22
14281,completed,2025-04-10 11:48
14282,completed,2025-11-16 04:37
14283,completed,2025-04-26 14:54
14284,completed,2024-12-17 05:17
14285,completed,2025-06-12 20:43
14286,completed,2025-02-03 02:25
14287,completed,2025-01-23 04:53
14288,completed,2024-12-19 00:02
14289,completed,2025-06-22 22:12
14290,completed,2025-02-24 11:14
14291,completed,2025-09-27 01:57
14292,completed,2025-07-12 23:35
14293,completed,2025-09-06 15:36
14294,completed,2025-03-14 18:45
14295,completed,2025-02-26 23:12
14296,completed,2025-05-05 05:39
14297,completed,2025-07-15 21:43
14298,completed,2025-02-13 05:15
14299,completed,2025-01-09 04:04
14300,completed,2025-06-17 10:59
14301,completed,2025-08-28 13:13
14302,completed,2025-10-31 12:43
14303,completed,2025-09-01 00:11
14304,completed,2025-05-18 16:51
14305,completed,2025-10-11 09:16
14306,completed,2025-05-15 16:18
14307,completed,2024-12-11 15:34
14308,completed,2024-12-25 08:46
14309,completed,2025-02-25 06:54
14310,completed,2025-02-06 01:05
14311,completed,2025-11-13 03:46
14312,completed,2025-06-25 06:51
14313,completed,2025-05-26 00:55
14314,completed,2025-04-25 16:30
14315,completed,2024-12-30 08:53
14316,completed,2025-03-21 12:19
14317,completed,2025-09-10 12:48
14318,completed,2025-03-02 20:21
14319,completed,2025-02-27 08:15
14320,completed,2025-03-26 13:17
14321,completed,2025-01-02 02:50
14322,completed,2024-12-18 23:59
14323,completed,2025-05-21 14:05
14324,completed,2025-09-19 16:25
14325,completed,2025-03-29 03:32
14326,completed,2025-12-01 14:05
14327,completed,2024-12-20 21:01
14328,completed,2025-01-04 14:27
14329,completed,2025-06-07 06:35
14330,completed,2025-10-15 17:35
14331,completed,2025-02-04 07:49
14332,completed,2025-10-07 16:29
14333,completed,2025-02-28 15:23
14334,completed,2025-09-01 03:25
14335,completed,2025-07-28 02:05
14336,completed,2025-05-27 10:52
14337,completed,2025-05-30 04:29
14338,completed,2025-02-27 19:56
14339,completed,2025-01-18 05:09
14340,completed,2025-11-25 14:03
14341,completed,2025-10-21 13:39
14342,completed,2025-08-07 11:22
14343,completed,2025-08-29 00:06
14344,completed,2025-11-12 13:49
14345,completed,2025-08-24 02:14
14346,completed,2025-10-23 07:19
14347,completed,2025-08-30 21:55
14348,completed,2024-12-21 06:27
14349,completed,2025-09-18 22:54
14350,completed,2025-04-03 10:00
14351,completed,2025-10-12 04:24
14352,completed,2025-11-20 21:54
14353,completed,2025-06-02 18:18
14354,completed,2025-03-04 18:47
14355,completed,2025-07-25 02:02
14356,completed,2025-06-10 14:02
14357,completed,2025-08-13 18:40
14358,completed,2025-07-03 20:01
14359,completed,2025-06-25 22:20
14360,completed,2025-11-01 18:31
14361,completed,2025-01-25 08:42
14362,completed,2025-02-23 05:48
14363,completed,2025-09-03 20:21
14364,completed,2025-05-05 01:13
14365,completed,2025-08-14 20:13
14366,completed,2025-05-18 05:12
14367,completed,2025-12-04 11:11
14368,completed,2025-06-14 07:37
14369,completed,2025-07-02 20:26
14370,completed,2025-06-24 23:36
14371,completed,2025-03-18 03:28
14372,completed,2025-02-08 14:57
14373,completed,2025-07-11 17:51
14374,completed,2025-10-02 09:17
14375,completed,2025-03-16 05:55
14376,completed,2025-11-19 10:39
14377,completed,2025-12-06 23:27
14378,completed,2025-02-11 01:47
14379,completed,2025-02-07 00:28
14380,completed,2025-05-03 03:30
14381,completed,2025-08-24 02:45
14382,completed,2025-09-13 02:01
14383,completed,2025-01-09 00:18
14384,completed,2025-11-11 11:51
14385,completed,2024-12-14 12:43
14386,completed,2025-11-03 00:46
14387,completed,2025-10-06 17:19
14388,completed,2025-10-28 09:14
14389,completed,2025-08-12 10:39
14390,completed,2025-03-10 09:48
14391,completed,2025-04-25 17:01
14392,completed,2025-02-18 19:43
14393,completed,2025-11-23 09:32
14394,completed,2025-07-26 09:57
14395,completed,2025-09-26 12:06
14396,completed,2025-08-07 18:39
14397,completed,2025-02-11 18:07
14398,completed,2025-12-01 11:00
14399,completed,2025-09-06 18:51
14400,completed,2025-03-30 06:11
14401,completed,2025-11-29 08:29
14402,completed,2025-08-04 22:55
14403,completed,2025-10-26 04:00
14404,completed,2025-02-08 01:34
14405,completed,2025-02-20 15:36
14406,completed,2025-08-10 22:41
14407,completed,2025-08-22 15:32
14408,completed,2025-11-25 00:42
14409,completed,2025-09-06 08:40
14410,completed,2025-02-09 22:47
14411,completed,2025-11-20 07:30
14412,completed,2025-12-07 00:21
14413,completed,2024-12-28 22:54
14414,completed,2025-07-28 04:47
14415,completed,2024-12-17 12:16
14416,completed,2025-06-19 08:07
14417,completed,2025-02-07 00:30
14418,completed,2024-12-29 09:52
14419,completed,2025-07-28 12:15
14420,completed,2025-02-21 01:15
14421,completed,2025-02-18 13:50
14422,completed,2025-06-10 19:59
14423,completed,2024-12-27 16:03
14424,completed,2025-05-14 19:21
14425,completed,2025-07-15 01:17
14426,completed,2025-07-17 12:02
14427,completed,2025-07-24 19:39
14428,completed,2025-05-14 01:07
14429,completed,2025-05-17 06:58
14430,completed,2025-05-18 15:58
14431,completed,2025-05-07 09:07
14432,completed,2025-09-14 22:32
14433,completed,2025-03-29 01:46
14434,completed,2025-03-05 20:27
14435,completed,2025-05-23 10:04
14436,completed,2025-06-13 12:45
14437,completed,2025-04-22 23:06
14438,completed,2025-06-04 05:05
14439,completed,2025-02-16 14:48
14440,completed,2025-03-13 10:32
14441,completed,2025-02-04 20:24
14442,completed,2025-08-21 02:17
14443,completed,2025-09-24 05:21
14444,completed,2025-10-13 09:03
14445,completed,2024-12-22 04:37
14446,completed,2025-05-03 09:30
14447,completed,2025-10-02 11:04
14448,completed,2025-04-16 11:03
14449,completed,2025-01-24 09:57
14450,completed,2025-07-07 04:06
14451,completed,2025-02-25 07:20
14452,completed,2025-11-14 11:55
14453,completed,2025-08-18 09:11
14454,completed,2025-01-26 03:40
14455,completed,2025-06-08 12:35
14456,completed,2025-09-30 01:11
14457,completed,2025-10-06 12:03
14458,completed,2025-05-15 19:30
14459,completed,2025-06-19 07:48
14460,completed,2025-09-18 07:36
14461,completed,2025-11-05 12:15
14462,completed,2025-09-29 10:07
14463,completed,2025-02-15 04:44
14464,completed,2025-05-27 23:28
14465,completed,2025-02-25 19:35
14466,completed,2025-11-04 19:31
14467,completed,2025-02-05 09:01
14468,completed,2025-01-25 02:55
14469,completed,2025-03-27 10:24
14470,completed,2025-09-06 00:40
14471,completed,2025-05-01 19:45
14472,completed,2025-06-22 05:04
14473,completed,2025-05-27 15:53
14474,completed,2025-01-20 05:49
14475,completed,2025-07-05 03:47
14476,completed,2025-04-10 18:28
14477,completed,2025-01-10 13:40
14478,completed,2025-09-08 07:40
14479,completed,2025-11-06 09:59
14480,completed,2025-02-24 22:15
14481,completed,2025-02-11 16:46
14482,completed,2025-08-08 06:39
14483,completed,2025-09-30 17:28
14484,completed,2025-04-12 06:37
14485,completed,2025-06-06 05:50
14486,completed,2025-08-21 04:20
14487,completed,2025-08-07 17:33
14488,completed,2025-07-03 18:24
14489,completed,2025-11-12 08:13
14490,completed,2025-01-06 17:53
14491,completed,2025-07-02 20:49
14492,completed,2024-12-28 10:20
14493,completed,2025-11-11 15:16
14494,completed,2025-06-10 13:29
14495,completed,2025-10-05 14:30
14496,completed,2025-07-18 01:15
14497,completed,2025-10-02 17:16
14498,completed,2024-12-29 04:21
14499,completed,2025-03-26 16:53
14500,completed,2025-08-12 22:12
14501,completed,2025-11-21 14:16
14502,completed,2024-12-10 07:31
14503,completed,2025-03-04 18:29
14504,completed,2025-09-04 06:33
14505,completed,2025-08-29 08:48
14506,completed,2025-04-18 09:43
14507,completed,2025-02-14 04:59
14508,completed,2025-09-25 13:01
14509,completed,2025-04-27 05:49
14510,completed,2024-12-26 00:32
14511,completed,2025-02-08 18:30
14512,completed,2025-07-16 20:11
14513,completed,2025-01-19 02:19
14514,completed,2025-03-01 10:35
14515,completed,2025-06-05 22:11
14516,completed,2025-12-02 05:57
14517,completed,2025-11-30 05:39
14518,completed,2025-03-08 02:41
14519,completed,2025-02-27 17:19
14520,completed,2025-08-22 20:00
14521,completed,2025-05-17 16:21
14522,completed,2025-03-26 02:54
14523,completed,2025-01-05 07:49
14524,completed,2025-01-14 21:38
14525,completed,2025-01-12 22:50
14526,completed,2025-01-08 07:30
14527,completed,2025-01-27 19:42
14528,completed,2025-08-07 19:08
14529,completed,2024-12-14 17:30
14530,completed,2025-11-23 20:30
14531,completed,2025-01-03 18:41
14532,completed,2025-05-11 12:03
14533,completed,2025-06-05 21:36
14534,completed,2025-08-20 22:23
14535,completed,2025-04-13 04:35
14536,completed,2025-02-16 07:11
14537,completed,2025-06-24 10:39
14538,completed,2024-12-11 09:54
14539,completed,2025-03-10 16:58
14540,completed,2025-01-16 17:40
14541,completed,2025-01-08 17:24
14542,completed,2025-03-12 23:53
14543,completed,2025-04-12 20:59
14544,completed,2025-02-26 00:00
14545,completed,2025-03-07 05:09
14546,completed,2025-04-17 12:58
14547,completed,2025-06-23 07:07
14548,completed,2025-09-30 15:12
14549,completed,2025-06-28 11:11
14550,completed,2025-01-05 08:59
14551,completed,2025-09-11 03:43
14552,completed,2025-06-15 12:17
14553,completed,2025-10-08 03:15
14554,completed,2025-12-02 17:50
14555,completed,2025-08-30 14:47
14556,completed,2025-07-17 07:28
14557,completed,2025-07-28 07:02
14558,completed,2025-04-26 03:39
14559,completed,2025-11-08 20:38
14560,completed,2025-02-26 13:41
14561,completed,2025-04-07 16:45
14562,completed,2025-07-13 10:50
14563,completed,2025-07-23 19:39
14564,completed,2025-05-08 08:28
14565,completed,2025-03-12 03:47
14566,completed,2025-04-16 10:53
14567,completed,2025-10-14 00:00
14568,completed,2025-10-03 03:44
14569,completed,2025-03-08 02:54
14570,completed,2025-12-05 03:48
14571,completed,2025-03-18 13:13
14572,completed,2025-03-29 08:39
14573,completed,2025-06-22 20:10
14574,completed,2025-04-07 18:51
14575,completed,2025-08-25 01:04
14576,completed,2025-06-17 01:26
14577,completed,2025-08-10 20:35
14578,completed,2025-04-29 13:19
14579,completed,2025-05-30 05:32
14580,completed,2025-07-23 04:46
14581,completed,2025-09-11 07:15
14582,completed,2025-06-28 04:51
14583,completed,2025-03-09 19:14
14584,completed,2025-04-12 01:48
14585,completed,2025-02-02 06:57
14586,completed,2025-08-16 16:12
14587,completed,2024-12-15 16:09
14588,completed,2025-08-25 01:04
14589,completed,2025-11-15 23:38
14590,completed,2025-07-08 08:28
14591,completed,2025-07-12 02:35
14592,completed,2025-02-09 06:04
14593,completed,2025-09-08 20:36
14594,completed,2025-07-30 22:52
14595,completed,2025-03-17 08:26
14596,completed,2025-08-11 03:45
14597,completed,2025-08-01 06:14
14598,completed,2025-03-29 12:40
14599,completed,2025-05-09 11:38
14600,completed,2025-05-20 18:54
14601,completed,2025-10-30 11:31
14602,completed,2025-11-09 15:22
14603,completed,2024-12-31 06:08
14604,completed,2025-01-21 18:04
14605,completed,2025-09-27 11:04
14606,completed,2025-05-21 15:27
14607,completed,2025-06-30 12:51
14608,completed,2025-09-04 01:58
14609,completed,2025-05-06 02:05
14610,completed,2025-01-12 06:46
14611,completed,2025-05-14 01:14
14612,completed,2025-06-30 12:07
14613,completed,2025-01-18 08:58
14614,completed,2025-02-13 02:43
14615,completed,2025-08-15 04:37
14616,completed,2025-09-13 03:45
14617,completed,2025-09-07 01:43
14618,completed,2025-10-12 20:34
14619,completed,2025-10-24 07:37
14620,completed,2025-06-07 20:31
14621,completed,2025-03-31 06:24
14622,completed,2025-05-21 02:54
14623,completed,2025-08-03 14:52
14624,completed,2025-12-04 20:33
14625,completed,2025-11-28 17:55
14626,completed,2025-10-07 08:55
14627,completed,2025-07-24 18:26
14628,completed,2025-11-15 18:25
14629,completed,2025-05-14 14:35
14630,completed,2025-01-15 02:27
14631,completed,2025-04-30 14:18
14632,completed,2025-01-19 22:29
14633,completed,2025-06-05 20:46
14634,completed,2025-09-27 11:50
14635,completed,2025-06-03 18:47
14636,completed,2025-05-12 21:05
14637,completed,2025-04-15 16:38
14638,completed,2025-05-23 17:14
14639,completed,2025-06-05 18:21
14640,completed,2025-01-10 21:29
14641,completed,2025-05-11 17:31
14642,completed,2025-06-18 14:39
14643,completed,2025-10-25 05:41
14644,completed,2025-10-07 06:03
14645,completed,2025-06-20 17:15
14646,completed,2025-08-10 07:41
14647,completed,2025-07-06 11:25
14648,completed,2025-10-03 11:00
14649,completed,2025-09-29 22:06
14650,completed,2025-06-19 16:53
14651,completed,2025-06-09 01:39
14652,completed,2025-10-07 00:59
14653,completed,2025-06-18 07:05
14654,completed,2025-11-23 10:43
14655,completed,2025-03-03 17:12
14656,completed,2025-05-30 12:10
14657,completed,2025-09-05 06:33
14658,completed,2025-09-25 10:11
14659,completed,2025-01-05 18:03
14660,completed,2025-02-18 15:39
14661,completed,2025-09-28 16:04
14662,completed,2025-01-05 04:50
14663,completed,2025-04-10 03:15
14664,completed,2025-08-24 02:25
14665,completed,2025-08-12 10:53
14666,completed,2025-12-04 02:22
14667,completed,2025-08-19 12:05
14668,completed,2025-01-11 15:04
14669,completed,2025-11-17 22:05
14670,completed,2025-11-18 13:52
14671,completed,2025-04-27 22:00
14672,completed,2025-02-21 02:17
14673,completed,2025-08-22 08:24
14674,completed,2025-08-11 06:24
14675,completed,2025-10-10 20:23
14676,completed,2025-08-27 16:24
14677,completed,2025-06-06 18:32
14678,completed,2025-01-24 00:06
14679,completed,2025-05-23 02:52
14680,completed,2025-09-28 03:29
14681,completed,2025-04-25 04:37
14682,completed,2025-09-15 18:31
14683,completed,2025-08-09 04:09
14684,completed,2025-03-20 15:28
14685,completed,2025-09-20 00:42
14686,completed,2025-05-01 13:58
14687,completed,2024-12-21 15:14
14688,completed,2025-01-29 21:02
14689,completed,2025-07-25 23:45
14690,completed,2025-09-30 12:53
14691,completed,2025-08-18 21:20
14692,completed,2025-03-09 00:25
14693,completed,2025-03-14 01:43
14694,completed,2025-02-23 23:37
14695,completed,2025-02-26 01:31
14696,completed,2025-04-02 21:12
14697,completed,2025-03-30 18:09
14698,completed,2024-12-13 03:09
14699,completed,2025-06-13 01:43
14700,completed,2025-10-15 10:51
14701,completed,2025-09-19 09:08
14702,completed,2025-03-01 13:26
14703,completed,2025-07-04 22:02
14704,completed,2025-03-24 07:18
14705,completed,2025-03-13 03:05
14706,completed,2025-05-31 13:01
14707,completed,2025-01-04 21:14
14708,completed,2025-12-02 14:50
14709,completed,2025-07-26 11:57
14710,completed,2025-08-08 19:18
14711,completed,2025-02-23 17:09
14712,completed,2025-06-01 19:24
14713,completed,2025-07-07 17:01
14714,completed,2025-03-11 22:33
14715,completed,2025-03-27 18:36
14716,completed,2025-09-22 11:52
14717,completed,2024-12-16 11:23
14718,completed,2025-11-27 11:30
14719,completed,2025-03-17 03:41
14720,completed,2025-06-23 09:15
14721,completed,2025-03-15 11:27
14722,completed,2025-01-05 02:19
14723,completed,2024-12-31 22:23
14724,completed,2025-06-15 02:00
14725,completed,2025-01-29 23:12
14726,completed,2025-03-20 18:32
14727,completed,2025-09-19 22:13
14728,completed,2024-12-11 23:39
14729,completed,2025-02-24 02:25
14730,completed,2025-10-09 17:30
14731,completed,2025-05-22 06:12
14732,completed,2025-04-07 04:00
14733,completed,2025-05-08 15:31
14734,completed,2025-07-25 03:09
14735,completed,2024-12-23 04:15
14736,completed,2024-12-29 15:35
14737,completed,2025-03-17 15:51
14738,completed,2025-07-03 00:12
14739,completed,2025-08-20 09:35
14740,completed,2025-09-06 23:30
14741,completed,2025-05-29 01:18
14742,completed,2025-04-12 08:23
14743,completed,2024-12-09 01:34
14744,completed,2025-10-26 18:23
14745,completed,2025-05-30 14:39
14746,completed,2025-11-27 05:41
14747,completed,2025-10-02 22:30
14748,completed,2025-05-25 17:05
14749,completed,2025-04-30 01:45
14750,completed,2025-09-04 07:17
14751,completed,2025-10-26 13:28
14752,completed,2025-11-05 04:24
14753,completed,2025-09-09 10:12
14754,completed,2025-06-01 22:58
14755,completed,2025-02-28 22:31
14756,completed,2025-10-18 00:01
14757,completed,2025-05-04 05:53
14758,completed,2025-10-19 10:42
14759,completed,2025-10-06 06:32
14760,completed,2025-07-30 02:49
14761,completed,2025-04-04 16:30
14762,completed,2025-06-14 00:47
14763,completed,2025-09-29 10:57
14764,completed,2025-08-10 02:56
14765,completed,2025-02-22 19:17
14766,completed,2025-09-03 19:54
14767,completed,2025-06-14 02:26
14768,completed,2025-05-23 09:44
14769,completed,2025-05-24 03:01
14770,completed,2025-02-06 17:25
14771,completed,2025-03-15 15:00
14772,completed,2025-02-15 22:30
14773,completed,2025-03-23 14:14
14774,completed,2025-11-25 04:11
14775,completed,2025-05-20 18:12
14776,completed,2025-06-18 10:57
14777,completed,2025-07-16 02:40
14778,completed,2025-02-05 00:06
14779,completed,2025-05-20 09:27
14780,completed,2025-06-04 20:48
14781,completed,2025-04-25 15:44
14782,completed,2025-09-15 08:19
14783,completed,2025-09-18 11:58
14784,completed,2025-06-08 23:36
14785,completed,2024-12-11 04:04
14786,completed,2025-03-23 12:38
14787,completed,2025-10-05 07:40
14788,completed,2024-12-22 12:29
14789,completed,2025-08-31 20:07
14790,completed,2025-06-29 08:39
14791,completed,2025-04-27 04:03
14792,completed,2025-11-30 13:36
14793,completed,2025-01-23 16:47
14794,completed,2025-04-06 06:20
14795,completed,2025-12-02 19:56
14796,completed,2025-06-21 11:57
14797,completed,2025-01-16 15:56
14798,completed,2025-03-11 23:28
14799,completed,2025-01-12 08:24
14800,completed,2024-12-25 07:15
14801,completed,2025-05-24 14:34
14802,completed,2025-11-12 19:29
14803,completed,2025-04-07 14:05
14804,completed,2025-05-09 19:07
14805,completed,2025-07-03 17:26
14806,completed,2025-01-09 19:34
14807,completed,2025-03-28 05:57
14808,completed,2025-03-19 22:19
14809,completed,2025-05-24 06:36
14810,completed,2025-08-07 20:32
14811,completed,2025-05-17 13:13
14812,completed,2025-06-07 13:30
14813,completed,2025-06-18 10:43
14814,completed,2025-05-28 22:30
14815,completed,2025-11-18 03:23
14816,completed,2025-10-11 16:55
14817,completed,2025-04-13 02:00
14818,completed,2025-09-30 05:18
14819,completed,2025-10-30 10:26
14820,completed,2025-07-23 03:49
14821,completed,2025-10-15 12:51
14822,completed,2025-02-25 04:17
14823,completed,2025-09-04 04:24
14824,completed,2025-02-03 11:59
14825,completed,2025-07-19 10:50
14826,completed,2025-06-25 03:52
14827,completed,2025-09-22 17:18
14828,completed,2025-01-09 11:55
14829,completed,2025-07-11 09:44
14830,completed,2025-06-18 19:25
14831,completed,2025-02-14 11:22
14832,completed,2025-08-10 18:45
14833,completed,2025-01-21 00:56
14834,completed,2025-08-29 06:13
14835,completed,2025-02-09 09:57
14836,completed,2025-01-28 20:52
14837,completed,2025-08-28 18:13
14838,completed,2025-05-25 12:19
14839,completed,2024-12-08 02:31
14840,completed,2025-08-23 03:14
14841,completed,2025-10-19 18:58
14842,completed,2025-10-15 02:53
14843,completed,2025-03-12 04:47
14844,completed,2024-12-20 23:11
14845,completed,2025-04-24 00:45
14846,completed,2025-08-09 00:16
14847,completed,2025-03-01 03:13
14848,completed,2025-09-09 11:20
14849,completed,2025-02-17 19:00
14850,completed,2025-03-16 04:55
14851,completed,2024-12-25 04:04
14852,completed,2025-06-22 20:50
14853,completed,2025-06-19 10:42
14854,completed,2025-09-16 08:22
14855,completed,2025-01-22 22:27
14856,completed,2025-10-02 11:38
14857,completed,2025-11-13 07:10
14858,completed,2025-07-06 06:35
14859,completed,2025-08-16 06:47
14860,completed,2025-03-25 13:38
14861,completed,2025-07-26 17:47
14862,completed,2024-12-22 00:45
14863,completed,2025-06-09 05:17
14864,completed,2025-08-11 01:49
14865,completed,2025-01-24 04:48
14866,completed,2025-05-24 13:04
14867,completed,2025-08-04 22:19
14868,completed,2025-03-02 20:10
14869,completed,2025-09-15 00:11
14870,completed,2025-01-26 22:52
14871,completed,2025-08-11 01:21
14872,completed,2025-08-14 21:19
14873,completed,2025-09-27 20:38
14874,completed,2025-03-04 05:24
14875,completed,2025-10-23 14:05
14876,completed,2025-07-30 20:48
14877,completed,2025-07-29 07:05
14878,completed,2025-09-21 14:23
14879,completed,2025-11-12 08:29
14880,completed,2025-11-24 01:27
14881,completed,2025-06-30 08:13
14882,completed,2025-10-25 07:12
14883,completed,2025-07-01 09:18
14884,completed,2025-01-05 14:37
14885,completed,2025-01-27 06:15
14886,completed,2025-05-12 03:04
14887,completed,2025-05-14 07:28
14888,completed,2024-12-29 11:04
14889,completed,2025-04-16 08:10
14890,completed,2025-07-15 02:06
14891,completed,2025-06-21 11:24
14892,completed,2025-10-31 09:42
14893,completed,2025-11-21 03:36
14894,completed,2025-05-20 01:58
14895,completed,2025-01-27 11:04
14896,completed,2025-02-16 07:28
14897,completed,2025-10-05 06:35
14898,completed,2025-03-14 02:25
14899,completed,2025-06-30 10:07
14900,completed,2025-05-25 01:52
14901,completed,2025-01-22 09:16
14902,completed,2025-03-22 06:44
14903,completed,2025-04-27 00:08
14904,completed,2025-11-27 16:38
14905,completed,2025-09-06 12:17
14906,completed,2025-05-29 09:40
14907,completed,2025-02-14 15:04
14908,completed,2025-08-28 21:05
14909,completed,2025-01-14 14:17
14910,completed,2025-09-01 11:04
14911,completed,2025-01-09 06:48
14912,completed,2025-02-21 13:10
14913,completed,2025-12-05 20:32
14914,completed,2025-11-24 07:38
14915,completed,2025-08-24 04:09
14916,completed,2025-03-31 21:29
14917,completed,2025-05-11 07:20
14918,completed,2025-07-24 16:37
14919,completed,2025-12-01 02:47
14920,completed,2024-12-11 00:58
14921,completed,2025-09-28 10:42
14922,completed,2025-08-27 20:58
14923,completed,2025-04-21 22:06
14924,completed,2025-07-25 20:58
14925,completed,2025-01-03 17:40
14926,completed,2025-06-02 17:40
14927,completed,2025-08-18 02:59
14928,completed,2025-11-10 12:26
14929,completed,2025-09-14 20:04
14930,completed,2025-05-01 01:53
14931,completed,2025-01-09 05:14
14932,completed,2025-02-02 07:44
14933,completed,2025-04-03 13:37
14934,completed,2024-12-15 04:01
14935,completed,2025-05-08 10:38
14936,completed,2025-10-16 17:53
14937,completed,2025-10-16 13:02
14938,completed,2024-12-12 06:42
14939,completed,2025-02-07 07:02
14940,completed,2025-09-18 04:42
14941,completed,2025-02-16 09:33
14942,completed,2025-10-13 13:58
14943,completed,2025-07-15 04:10
14944,completed,2024-12-31 08:38
14945,completed,2025-02-20 06:06
14946,completed,2025-09-05 06:24
14947,completed,2025-03-31 23:17
14948,completed,2025-02-03 02:39
14949,completed,2025-01-20 09:23
14950,completed,2025-02-03 06:26
14951,completed,2025-02-18 00:16
14952,completed,2025-07-01 18:12
14953,completed,2025-01-12 13:03
14954,completed,2025-02-12 10:47
14955,completed,2025-07-06 18:45
14956,completed,2025-07-09 11:06
14957,completed,2025-08-19 21:35
14958,completed,2025-02-01 20:07
14959,completed,2025-05-14 05:08
14960,completed,2024-12-08 00:32
14961,completed,2025-11-24 06:46
14962,completed,2024-12-29 12:51
14963,completed,2025-11-24 18:17
14964,completed,2025-04-30 13:00
14965,completed,2025-07-28 05:15
14966,completed,2025-03-30 13:20
14967,completed,2025-11-16 20:28
14968,completed,2025-06-17 07:43
14969,completed,2025-06-08 14:00
14970,completed,2025-11-22 05:31
14971,completed,2025-09-13 05:51
14972,completed,2025-12-03 23:49
14973,completed,2024-12-29 23:06
14974,completed,2024-12-10 20:53
14975,completed,2025-07-23 14:36
14976,completed,2025-06-08 22:54
14977,completed,2025-03-24 08:05
14978,completed,2025-07-31 13:32
14979,completed,2025-04-23 19:03
14980,completed,2025-06-06 19:44
14981,completed,2025-04-29 12:42
14982,completed,2025-12-02 22:05
14983,completed,2025-10-13 07:59
14984,completed,2025-06-23 07:53
14985,completed,2025-09-26 10:22
14986,completed,2025-06-19 01:36
14987,completed,2025-11-08 16:19
14988,completed,2025-10-17 18:09
14989,completed,2025-05-25 04:40
14990,completed,2025-03-28 09:13
14991,completed,2024-12-19 23:01
14992,completed,2025-03-06 22:10
14993,completed,2025-12-04 17:21
14994,completed,2025-06-08 05:33
14995,completed,2025-06-09 04:15
14996,completed,2025-05-08 08:47
14997,completed,2025-05-25 17:58
14998,completed,2025-01-05 10:53
14999,completed,2025-06-27 14:33
15000,completed,2025-07-06 16:41
15001,completed,2025-05-24 20:34
15002,completed,2025-02-13 10:17
15003,completed,2025-07-31 08:42
15004,completed,2025-01-26 22:19
15005,completed,2025-10-18 04:59
15006,completed,2025-12-01 03:44
15007,completed,2025-09-21 15:43
15008,completed,2025-06-01 18:42
15009,completed,2025-09-29 20:42
15010,completed,2025-02-20 07:03
15011,completed,2025-02-01 18:50
15012,completed,2025-02-21 21:34
15013,completed,2025-06-01 02:18
15014,completed,2025-07-19 12:03
15015,completed,2025-12-02 06:21
15016,completed,2025-07-10 10:40
15017,completed,2025-12-02 21:49
15018,completed,2025-05-18 19:32
15019,completed,2025-10-15 03:46
15020,completed,2025-11-02 04:25
15021,completed,2025-01-10 18:39
15022,completed,2025-06-22 00:15
15023,completed,2025-05-26 09:28
15024,completed,2025-10-18 23:39
15025,completed,2025-11-30 06:43
15026,completed,2025-03-17 17:22
15027,completed,2025-05-03 11:06
15028,completed,2024-12-29 18:01
15029,completed,2025-04-28 05:31
15030,completed,2024-12-13 12:10
15031,completed,2025-03-13 00:59
15032,completed,2025-01-11 17:58
15033,completed,2025-05-02 06:17
15034,completed,2025-11-09 04:29
15035,completed,2025-03-18 14:08
15036,completed,2025-05-22 18:40
15037,completed,2025-06-28 02:02
15038,completed,2025-07-22 15:05
15039,completed,2025-03-23 08:18
15040,completed,2025-03-08 11:13
15041,completed,2024-12-26 21:02
15042,completed,2025-06-27 12:45
15043,completed,2024-12-30 08:41
15044,completed,2025-02-23 01:16
15045,completed,2025-09-12 07:20
15046,completed,2025-11-01 05:32
15047,completed,2025-04-05 12:33
15048,completed,2024-12-20 08:16
15049,completed,2025-11-03 16:49
15050,completed,2025-07-10 01:07
15051,completed,2025-07-28 04:35
15052,completed,2025-05-13 18:02
15053,completed,2025-03-02 20:46
15054,completed,2025-02-05 12:53
15055,completed,2025-11-11 06:54
15056,completed,2025-05-09 23:41
15057,completed,2025-10-18 14:04
15058,completed,2025-06-25 07:10
15059,completed,2025-03-05 00:29
15060,completed,2025-05-21 21:19
15061,completed,2025-06-08 16:50
15062,completed,2025-02-06 12:09
15063,completed,2025-11-13 05:43
15064,completed,2025-07-27 03:56
15065,completed,2025-09-21 23:29
15066,completed,2025-03-16 07:40
15067,completed,2025-06-26 14:31
15068,completed,2025-08-01 09:43
15069,completed,2025-11-16 05:46
15070,completed,2025-01-13 11:57
15071,completed,2025-01-16 17:18
15072,completed,2025-08-04 00:40
15073,completed,2024-12-17 21:12
15074,completed,2025-09-23 14:41
15075,completed,2025-02-23 17:26
15076,completed,2025-01-21 01:45
15077,completed,2025-12-05 14:15
15078,completed,2025-02-21 02:34
15079,completed,2025-08-10 12:50
15080,completed,2025-08-28 01:03
15081,completed,2025-11-02 01:32
15082,completed,2025-04-05 12:09
15083,completed,2025-07-16 16:13
15084,completed,2025-11-06 11:54
15085,completed,2025-06-27 00:51
15086,completed,2025-06-23 22:37
15087,completed,2025-06-19 22:21
15088,completed,2025-01-05 07:07
15089,completed,2025-05-04 22:46
15090,completed,2025-03-27 00:39
15091,completed,2025-05-06 19:33
15092,completed,2025-03-19 10:45
15093,completed,2025-08-22 09:46
15094,completed,2025-07-16 23:43
15095,completed,2025-03-02 14:49
15096,completed,2025-06-22 12:35
15097,completed,2025-08-27 16:01
15098,completed,2025-09-27 13:08
15099,completed,2025-12-01 17:27
15100,completed,2025-02-03 20:16
15101,completed,2025-10-31 05:26
15102,completed,2025-01-19 12:59
15103,completed,2025-07-01 20:41
15104,completed,2025-01-10 11:50
15105,completed,2025-06-25 18:28
15106,completed,2025-02-18 05:29
15107,completed,2025-11-15 14:54
15108,completed,2025-11-27 08:15
15109,completed,2025-03-31 11:22
15110,completed,2025-03-29 02:49
15111,completed,2025-02-21 09:31
15112,completed,2025-07-06 16:39
15113,completed,2025-11-24 00:09
15114,completed,2025-04-22 03:18
15115,completed,2025-05-31 03:20
15116,completed,2025-09-12 00:05
15117,completed,2024-12-11 23:51
15118,completed,2025-01-10 11:35
15119,completed,2025-02-28 00:57
15120,completed,2025-05-18 08:20
15121,completed,2025-08-17 21:01
15122,completed,2025-03-12 08:55
15123,completed,2025-01-02 04:06
15124,completed,2025-01-02 11:27
15125,completed,2024-12-15 08:50
15126,completed,2025-02-10 17:49
15127,completed,2025-11-19 02:38
15128,completed,2025-01-07 17:41
15129,completed,2025-11-25 12:14
15130,completed,2025-11-23 13:41
15131,completed,2025-05-26 15:13
15132,completed,2025-01-17 11:13
15133,completed,2025-06-30 03:44
15134,completed,2025-07-26 05:16
15135,completed,2025-07-29 11:06
15136,completed,2025-10-28 15:31
15137,completed,2025-04-12 19:03
15138,completed,2025-08-18 02:46
15139,completed,2025-10-11 15:47
15140,completed,2025-12-06 08:26
15141,completed,2025-04-11 22:11
15142,completed,2025-05-18 06:47
15143,completed,2025-05-09 15:33
15144,completed,2025-02-04 03:55
15145,completed,2025-03-05 18:30
15146,completed,2025-09-08 18:30
15147,completed,2025-10-20 19:19
15148,completed,2025-01-26 19:31
15149,completed,2024-12-20 06:54
15150,completed,2025-08-18 13:20
15151,completed,2025-09-06 08:17
15152,completed,2025-09-11 19:24
15153,completed,2025-02-07 22:19
15154,completed,2025-04-08 10:54
15155,completed,2025-07-14 00:41
15156,completed,2025-03-10 10:33
15157,completed,2025-08-26 22:50
15158,completed,2025-04-01 01:42
15159,completed,2025-07-05 08:59
15160,completed,2025-03-10 18:13
15161,completed,2025-05-30 03:27
15162,completed,2025-09-04 00:17
15163,completed,2025-08-03 18:33
15164,completed,2025-07-03 15:00
15165,completed,2025-12-06 19:41
15166,completed,2025-02-24 11:33
15167,completed,2025-10-09 12:45
15168,completed,2025-04-30 09:46
15169,completed,2025-04-02 17:34
15170,completed,2025-05-02 13:01
15171,completed,2025-04-14 11:24
15172,completed,2025-05-27 00:16
15173,completed,2025-08-25 17:41
15174,completed,2025-09-15 20:22
15175,completed,2025-02-23 14:46
15176,completed,2025-02-25 05:53
15177,completed,2025-06-12 21:01
15178,completed,2025-06-05 12:13
15179,completed,2025-10-11 09:02
15180,completed,2025-07-18 19:58
15181,completed,2024-12-22 09:01
15182,completed,2025-11-30 05:56
15183,completed,2025-08-20 22:14
15184,completed,2025-04-06 00:54
15185,completed,2025-06-13 09:44
15186,completed,2025-02-01 23:49
15187,completed,2025-06-22 08:38
15188,completed,2024-12-31 22:57
15189,completed,2025-08-10 20:55
15190,completed,2025-09-06 21:33
15191,completed,2025-01-26 08:52
15192,completed,2025-03-09 02:50
15193,completed,2025-11-09 12:39
15194,completed,2025-11-25 08:40
15195,completed,2025-09-23 13:35
15196,completed,2025-07-19 20:58
15197,completed,2025-08-07 06:44
15198,completed,2025-02-18 17:43
15199,completed,2025-06-13 00:25
15200,completed,2025-10-02 11:25
15201,completed,2025-09-16 12:45
15202,completed,2025-07-20 15:35
15203,completed,2025-04-28 13:39
15204,completed,2025-03-16 00:58
15205,completed,2024-12-25 18:20
15206,completed,2025-03-13 12:29
15207,completed,2025-05-06 14:06
15208,completed,2025-08-01 16:00
15209,completed,2025-09-04 10:48
15210,completed,2025-07-30 03:53
15211,completed,2025-03-30 02:31
15212,completed,2025-05-23 17:31
15213,completed,2025-05-10 08:48
15214,completed,2025-08-16 16:28
15215,completed,2025-09-22 07:59
15216,completed,2025-12-03 06:14
15217,completed,2024-12-14 12:20
15218,completed,2025-03-20 17:29
15219,completed,2025-08-10 20:16
15220,completed,2025-03-15 00:16
15221,completed,2025-04-12 07:16
15222,completed,2025-07-03 00:40
15223,completed,2025-03-07 05:45
15224,completed,2025-09-27 04:49
15225,completed,2024-12-15 02:50
15226,completed,2025-09-06 17:20
15227,completed,2025-07-09 18:50
15228,completed,2025-05-26 15:39
15229,completed,2025-01-26 02:11
15230,completed,2024-12-16 16:43
15231,completed,2025-06-12 16:09
15232,completed,2024-12-28 19:27
15233,completed,2025-09-14 17:16
15234,completed,2025-10-17 12:37
15235,completed,2025-08-15 17:41
15236,completed,2025-08-02 11:59
15237,completed,2025-11-19 05:31
15238,completed,2025-11-08 10:42
15239,completed,2025-06-15 23:44
15240,completed,2025-12-02 14:43
15241,completed,2025-01-21 07:44
15242,completed,2025-08-21 04:36
15243,completed,2025-05-15 19:31
15244,completed,2025-10-07 15:33
15245,completed,2025-11-24 16:18
15246,completed,2025-10-02 01:46
15247,completed,2025-02-24 14:14
15248,completed,2025-03-29 17:51
15249,completed,2025-06-19 22:08
15250,completed,2025-04-26 06:07
15251,completed,2025-05-05 20:01
15252,completed,2024-12-24 03:43
15253,completed,2025-08-11 18:21
15254,completed,2025-05-23 07:57
15255,completed,2025-05-30 02:34
15256,completed,2024-12-19 07:45
15257,completed,2025-02-02 22:26
15258,completed,2025-01-01 06:28
15259,completed,2025-01-27 13:40
15260,completed,2025-06-08 19:33
15261,completed,2025-11-11 20:45
15262,completed,2025-04-15 22:28
15263,completed,2025-01-08 18:19
15264,completed,2025-06-13 06:23
15265,completed,2024-12-19 10:21
15266,completed,2025-07-18 15:04
15267,completed,2025-05-21 04:58
15268,completed,2025-09-13 17:46
15269,completed,2025-11-19 10:32
15270,completed,2025-01-14 03:03
15271,completed,2025-08-30 14:05
15272,completed,2025-08-17 18:07
15273,completed,2025-09-27 10:30
15274,completed,2025-12-03 14:57
15275,completed,2025-06-29 00:32
15276,completed,2025-04-21 16:22
15277,completed,2025-10-17 08:27
15278,completed,2025-01-12 10:44
15279,completed,2025-01-17 14:27
15280,completed,2025-08-25 08:13
15281,completed,2025-04-06 10:52
15282,completed,2025-01-21 21:32
15283,completed,2025-06-25 00:41
15284,completed,2025-01-04 14:47
15285,completed,2025-06-23 22:55
15286,completed,2025-10-18 18:07
15287,completed,2025-05-14 16:47
15288,completed,2025-08-22 06:19
15289,completed,2025-06-18 20:10
15290,completed,2025-10-15 08:01
15291,completed,2025-11-13 03:37
15292,completed,2025-05-02 14:19
15293,completed,2025-10-22 11:08
15294,completed,2025-04-05 10:39
15295,completed,2025-11-28 12:19
15296,completed,2025-10-06 03:13
15297,completed,2025-06-07 02:39
15298,completed,2025-10-20 21:30
15299,completed,2025-08-27 16:30
15300,completed,2025-10-10 06:13
15301,completed,2025-12-04 11:13
15302,completed,2025-03-19 09:01
15303,completed,2025-09-05 21:05
15304,completed,2025-02-11 06:48
15305,completed,2025-03-06 17:02
15306,completed,2025-03-11 22:26
15307,completed,2025-08-08 04:22
15308,completed,2025-05-10 22:15
15309,completed,2025-01-13 19:55
15310,completed,2025-09-27 23:51
15311,completed,2025-05-15 21:39
15312,completed,2025-02-21 09:19
15313,completed,2025-05-29 03:30
15314,completed,2025-09-17 22:06
15315,completed,2025-09-21 06:36
15316,completed,2025-07-18 21:52
15317,completed,2025-01-27 12:19
15318,completed,2025-09-07 01:12
15319,completed,2025-02-14 21:36
15320,completed,2025-10-12 07:51
15321,completed,2025-04-30 20:27
15322,completed,2025-05-25 14:57
15323,completed,2025-08-05 04:43
15324,completed,2025-07-18 04:01
15325,completed,2025-09-18 02:21
15326,completed,2025-04-07 17:51
15327,completed,2025-06-02 05:42
15328,completed,2025-02-21 03:23
15329,completed,2025-11-02 17:48
15330,completed,2025-11-25 10:32
15331,completed,2025-09-15 12:16
15332,completed,2025-11-07 01:21
15333,completed,2025-04-27 00:03
15334,completed,2025-08-21 11:04
15335,completed,2025-10-28 19:36
15336,completed,2025-11-03 18:40
15337,completed,2024-12-22 10:48
15338,completed,2025-03-02 23:07
15339,completed,2025-09-07 04:05
15340,completed,2025-10-03 16:25
15341,completed,2025-06-04 03:17
15342,completed,2025-05-06 00:34
15343,completed,2025-04-26 04:02
15344,completed,2025-06-09 19:07
15345,completed,2025-05-09 18:29
15346,completed,2025-11-20 10:31
15347,completed,2025-07-09 11:58
15348,completed,2025-01-02 06:25
15349,completed,2025-08-02 08:45
15350,completed,2025-04-11 09:18
15351,completed,2025-01-10 02:48
15352,completed,2024-12-07 10:06
15353,completed,2025-04-13 15:52
15354,completed,2025-10-27 03:04
15355,completed,2025-05-26 10:36
15356,completed,2025-01-28 03:47
15357,completed,2025-05-29 23:16
15358,completed,2025-07-02 07:34
15359,completed,2025-07-29 13:39
15360,completed,2025-11-20 16:10
15361,completed,2025-03-28 07:06
15362,completed,2025-05-08 06:10
15363,completed,2025-08-04 21:33
15364,completed,2024-12-28 17:22
15365,completed,2025-05-25 23:47
15366,completed,2025-06-13 20:33
15367,completed,2025-10-06 12:59
15368,completed,2025-09-17 06:12
15369,completed,2025-01-18 09:02
15370,completed,2025-09-18 12:02
15371,completed,2025-11-07 18:36
15372,completed,2025-06-18 01:39
15373,completed,2025-06-26 12:42
15374,completed,2025-07-18 15:52
15375,completed,2024-12-10 21:20
15376,completed,2025-07-30 12:44
15377,completed,2025-10-10 15:48
15378,completed,2025-08-03 12:59
15379,completed,2025-09-20 03:49
15380,completed,2025-05-14 05:57
15381,completed,2025-04-19 02:22
15382,completed,2025-07-03 02:09
15383,completed,2025-09-02 01:35
15384,completed,2025-05-17 17:14
15385,completed,2025-04-22 08:57
15386,completed,2025-11-05 18:52
15387,completed,2025-08-20 10:36
15388,completed,2025-02-21 13:49
15389,completed,2025-07-06 04:27
15390,completed,2025-08-07 14:42
15391,completed,2025-11-25 02:59
15392,completed,2025-08-03 04:04
15393,completed,2025-09-05 00:06
15394,completed,2025-11-09 18:23
15395,completed,2025-10-16 10:39
15396,completed,2025-05-01 12:40
15397,completed,2025-04-20 06:59
15398,completed,2025-07-21 14:47
15399,completed,2025-04-17 15:34
15400,completed,2025-07-22 03:15
15401,completed,2025-01-04 13:35
15402,completed,2025-07-10 09:55
15403,completed,2024-12-12 09:41
15404,completed,2025-03-19 01:59
15405,completed,2025-10-19 10:15
15406,completed,2025-02-03 21:57
15407,completed,2025-11-23 16:36
15408,completed,2024-12-11 03:50
15409,completed,2025-06-05 14:11
15410,completed,2025-03-20 04:31
15411,completed,2025-06-21 03:01
15412,completed,2025-03-02 00:50
15413,completed,2025-10-16 06:01
15414,completed,2025-02-18 02:51
15415,completed,2025-06-18 13:37
15416,completed,2025-07-16 06:23
15417,completed,2025-03-25 20:38
15418,completed,2024-12-30 10:23
15419,completed,2025-01-01 06:41
15420,completed,2025-06-21 00:33
15421,completed,2025-11-14 12:37
15422,completed,2025-08-10 17:56
15423,completed,2025-10-08 22:19
15424,completed,2025-10-05 13:57
15425,completed,2025-01-18 11:34
15426,completed,2025-08-18 21:33
15427,completed,2024-12-18 10:19
15428,completed,2024-12-13 05:39
15429,completed,2025-02-09 01:44
15430,completed,2025-02-10 04:33
15431,completed,2025-11-08 08:10
15432,completed,2025-06-28 07:14
15433,completed,2025-09-09 21:41
15434,completed,2025-07-21 13:31
15435,completed,2025-10-29 23:47
15436,completed,2025-02-09 15:27
15437,completed,2025-06-25 21:24
15438,completed,2025-10-21 11:26
15439,completed,2025-09-22 09:02
15440,completed,2025-03-23 07:31
15441,completed,2025-05-31 21:57
15442,completed,2025-01-10 00:35
15443,completed,2025-02-16 11:36
15444,completed,2025-08-18 06:28
15445,completed,2025-04-19 19:50
15446,completed,2025-08-13 11:02
15447,completed,2025-12-01 16:38
15448,completed,2025-08-11 23:29
15449,completed,2025-03-02 05:20
15450,completed,2025-03-01 19:23
15451,completed,2025-01-28 07:46
15452,completed,2025-11-21 16:19
15453,completed,2025-04-20 15:56
15454,completed,2025-10-23 23:49
15455,completed,2025-05-27 01:21
15456,completed,2025-10-12 01:35
15457,completed,2025-09-08 05:09
15458,completed,2025-04-23 02:54
15459,completed,2025-01-04 17:16
15460,completed,2025-01-26 15:00
15461,completed,2025-04-19 19:17
15462,completed,2024-12-25 03:38
15463,completed,2025-08-08 08:23
15464,completed,2025-09-20 13:15
15465,completed,2024-12-19 15:12
15466,completed,2024-12-28 11:44
15467,completed,2025-03-01 10:02
15468,completed,2025-07-27 17:34
15469,completed,2025-03-09 07:08
15470,completed,2025-05-02 16:04
15471,completed,2025-11-28 05:14
15472,completed,2025-01-18 00:07
15473,completed,2025-07-15 04:50
15474,completed,2025-12-04 16:35
15475,completed,2025-04-13 18:53
15476,completed,2025-10-29 10:00
15477,completed,2024-12-24 03:43
15478,completed,2025-04-26 19:17
15479,completed,2025-03-18 07:41
15480,completed,2025-04-10 03:19
15481,completed,2025-05-26 06:49
15482,completed,2025-02-24 03:22
15483,completed,2025-10-20 14:31
15484,completed,2025-10-10 17:09
15485,completed,2025-07-03 06:39
15486,completed,2025-01-31 22:31
15487,completed,2025-08-03 10:32
15488,completed,2025-11-14 19:23
15489,completed,2025-09-04 05:49
15490,completed,2025-06-13 15:49
15491,completed,2025-01-03 15:34
15492,completed,2025-04-08 03:19
15493,completed,2025-01-13 20:50
15494,completed,2025-04-01 08:26
15495,completed,2025-09-14 00:00
15496,completed,2025-09-11 08:29
15497,completed,2025-06-07 12:09
15498,completed,2025-07-12 15:29
15499,completed,2025-11-13 01:05
15500,completed,2025-01-12 11:16
15501,completed,2025-04-25 08:10
15502,completed,2025-05-14 23:01
15503,completed,2025-11-04 21:42
15504,completed,2025-08-15 16:07
15505,completed,2025-02-02 12:29
15506,completed,2025-10-28 07:48
15507,completed,2025-08-19 13:15
15508,completed,2025-06-30 02:04
15509,completed,2025-02-05 13:15
15510,completed,2025-10-21 18:39
15511,completed,2025-11-13 05:23
15512,completed,2025-07-20 23:45
15513,completed,2025-08-20 01:19
15514,completed,2025-11-20 20:44
15515,completed,2025-09-13 15:09
15516,completed,2025-05-15 07:23
15517,completed,2025-09-14 00:13
15518,completed,2025-06-20 22:57
15519,completed,2025-09-29 06:37
15520,completed,2025-03-21 22:03
15521,completed,2025-01-20 03:52
15522,completed,2025-10-26 17:42
15523,completed,2025-09-30 02:09
15524,completed,2025-06-02 12:33
15525,completed,2025-05-01 03:14
15526,completed,2025-07-09 22:11
15527,completed,2025-08-29 10:08
15528,completed,2025-01-24 06:27
15529,completed,2025-06-11 18:05
15530,completed,2025-08-01 08:32
15531,completed,2025-06-11 06:12
15532,completed,2025-06-12 14:15
15533,completed,2025-01-23 01:17
15534,completed,2025-10-11 15:38
15535,completed,2025-09-11 16:43
15536,completed,2025-02-19 22:15
15537,completed,2025-03-03 13:32
15538,completed,2025-03-12 16:05
15539,completed,2025-11-28 20:26
15540,completed,2025-09-07 01:49
15541,completed,2025-10-12 01:13
15542,completed,2025-09-25 21:13
15543,completed,2025-11-08 14:34
15544,completed,2025-05-30 17:21
15545,completed,2025-06-06 02:33
15546,completed,2025-10-10 11:51
15547,completed,2025-07-19 10:26
15548,completed,2025-11-16 13:42
15549,completed,2025-01-01 04:05
15550,completed,2025-08-05 23:05
15551,completed,2025-01-10 05:09
15552,completed,2025-05-10 11:08
15553,completed,2024-12-20 20:58
15554,completed,2025-03-08 11:10
15555,completed,2025-11-28 11:10
15556,completed,2025-03-05 09:29
15557,completed,2025-08-25 20:58
15558,completed,2025-01-20 03:25
15559,completed,2025-04-26 12:30
15560,completed,2025-11-28 11:52
15561,completed,2025-09-11 16:29
15562,completed,2025-10-02 23:51
15563,completed,2025-10-22 15:20
15564,completed,2024-12-30 18:18
15565,completed,2025-07-26 08:11
15566,completed,2025-07-19 12:08
15567,completed,2025-03-19 06:33
15568,completed,2025-05-05 19:40
15569,completed,2025-08-02 08:33
15570,completed,2025-03-24 15:57
15571,completed,2025-11-18 12:46
15572,completed,2024-12-24 15:52
15573,completed,2025-11-17 06:18
15574,completed,2025-11-25 03:56
15575,completed,2025-06-08 18:00
15576,completed,2025-09-25 14:40
15577,completed,2024-12-30 14:50
15578,completed,2025-07-10 09:54
15579,completed,2025-10-30 23:56
15580,completed,2025-07-18 01:46
15581,completed,2025-06-16 20:21
15582,completed,2025-05-27 03:42
15583,completed,2025-07-08 12:21
15584,completed,2025-06-27 07:32
15585,completed,2025-11-02 12:48
15586,completed,2025-03-23 21:15
15587,completed,2025-02-27 08:22
15588,completed,2025-05-19 05:14
15589,completed,2025-02-05 13:02
15590,completed,2025-05-07 20:26
15591,completed,2025-04-11 21:03
15592,completed,2025-09-25 14:57
15593,completed,2025-11-23 23:21
15594,completed,2025-07-16 00:33
15595,completed,2025-11-27 21:42
15596,completed,2025-05-16 18:19
15597,completed,2025-11-28 12:37
15598,completed,2025-11-23 00:14
15599,completed,2025-03-27 00:36
15600,completed,2025-09-19 02:10
15601,completed,2025-07-24 19:22
15602,completed,2025-06-20 08:05
15603,completed,2025-05-08 01:42
15604,completed,2025-04-11 13:48
15605,completed,2025-03-12 18:38
15606,completed,2025-04-30 03:42
15607,completed,2025-01-08 10:12
15608,completed,2025-09-16 18:03
15609,completed,2025-09-17 14:07
15610,completed,2025-06-25 09:47
15611,completed,2025-04-07 14:07
15612,completed,2025-07-09 12:31
15613,completed,2025-02-25 12:15
15614,completed,2025-01-21 01:29
15615,completed,2025-09-27 02:02
15616,completed,2025-07-22 15:38
15617,completed,2025-04-14 20:30
15618,completed,2025-08-12 11:16
15619,completed,2025-05-07 14:52
15620,completed,2025-06-22 12:52
15621,completed,2025-03-19 16:32
15622,completed,2025-06-21 00:04
15623,completed,2025-07-17 11:51
15624,completed,2025-03-10 02:16
15625,completed,2025-04-20 10:15
15626,completed,2025-11-17 22:47
15627,completed,2025-09-06 21:54
15628,completed,2025-10-01 23:44
15629,completed,2024-12-14 17:37
15630,completed,2025-01-01 04:50
15631,completed,2025-08-24 04:24
15632,completed,2025-01-31 19:06
15633,completed,2025-07-20 20:07
15634,completed,2025-12-01 06:31
15635,completed,2025-04-11 14:11
15636,completed,2025-06-27 22:37
15637,completed,2025-01-18 01:01
15638,completed,2025-03-31 03:49
15639,completed,2025-07-26 10:26
15640,completed,2025-01-20 08:42
15641,completed,2025-08-17 03:47
15642,completed,2025-04-12 15:42
15643,completed,2025-08-16 07:35
15644,completed,2025-03-27 17:01
15645,completed,2025-05-12 05:28
15646,completed,2025-02-18 06:42
15647,completed,2025-05-28 14:32
15648,completed,2025-02-01 11:22
15649,completed,2025-06-06 02:43
15650,completed,2025-01-26 18:51
15651,completed,2025-06-07 04:23
15652,completed,2025-12-05 11:29
15653,completed,2025-07-01 11:37
15654,completed,2024-12-10 20:20
15655,completed,2025-03-06 18:44
15656,completed,2025-11-18 23:09
15657,completed,2025-09-11 07:30
15658,completed,2025-05-17 06:21
15659,completed,2025-04-28 20:36
15660,completed,2025-04-10 11:16
15661,completed,2025-05-09 02:07
15662,completed,2025-07-02 21:46
15663,completed,2024-12-11 09:19
15664,completed,2025-03-31 00:13
15665,completed,2025-04-15 23:24
15666,completed,2025-04-23 13:43
15667,completed,2025-07-29 22:00
15668,completed,2025-03-11 19:45
15669,completed,2025-05-06 17:52
15670,completed,2025-09-07 19:00
15671,completed,2025-01-01 17:14
15672,completed,2025-11-20 11:15
15673,completed,2025-02-06 23:59
15674,completed,2025-06-14 15:10
15675,completed,2025-10-26 07:04
15676,completed,2025-07-17 09:33
15677,completed,2025-08-31 15:49
15678,completed,2025-10-05 16:14
15679,completed,2025-01-08 00:52
15680,completed,2025-05-11 01:21
15681,completed,2025-01-04 01:04
15682,completed,2025-11-09 06:33
15683,completed,2025-06-16 02:13
15684,completed,2025-10-01 10:32
15685,completed,2025-09-18 00:23
15686,completed,2025-06-14 18:02
15687,completed,2025-02-25 21:25
15688,completed,2025-08-16 09:19
15689,completed,2025-08-25 19:20
15690,completed,2025-01-07 05:06
15691,completed,2025-01-30 16:17
15692,completed,2025-11-06 00:20
15693,completed,2025-02-27 05:51
15694,completed,2025-03-07 00:04
15695,completed,2025-06-18 19:39
15696,completed,2025-01-24 20:50
15697,completed,2025-06-04 23:24
15698,completed,2025-10-30 05:01
15699,completed,2025-10-19 09:09
15700,completed,2025-11-08 19:06
15701,completed,2025-11-17 03:41
15702,completed,2025-01-02 21:52
15703,completed,2025-10-16 16:41
15704,completed,2025-05-02 08:42
15705,completed,2025-10-03 09:20
15706,completed,2025-08-05 18:32
15707,completed,2025-08-27 06:36
15708,completed,2025-03-13 19:54
15709,completed,2025-06-27 20:46
15710,completed,2025-09-15 04:47
15711,completed,2025-08-12 10:16
15712,completed,2025-04-24 14:05
15713,completed,2025-08-09 20:42
15714,completed,2025-06-08 05:30
15715,completed,2025-03-31 09:58
15716,completed,2025-02-27 16:22
15717,completed,2025-11-16 15:25
15718,completed,2025-03-12 05:06
15719,completed,2025-09-27 16:29
15720,completed,2025-06-08 00:58
15721,completed,2025-07-15 03:19
15722,completed,2025-10-19 19:10
15723,completed,2025-05-18 05:49
15724,completed,2025-08-01 00:05
15725,completed,2025-04-13 04:36
15726,completed,2025-02-24 13:52
15727,completed,2025-09-22 04:10
15728,completed,2025-05-01 04:29
15729,completed,2025-06-22 23:39
15730,completed,2025-10-08 17:44
15731,completed,2025-02-09 08:50
15732,completed,2025-10-25 02:29
15733,completed,2025-08-03 15:16
15734,completed,2025-06-21 10:56
15735,completed,2025-06-05 21:49
15736,completed,2025-08-05 23:47
15737,completed,2025-01-14 22:34
15738,completed,2025-05-21 23:34
15739,completed,2025-10-16 05:53
15740,completed,2025-07-09 08:46
15741,completed,2025-08-18 06:32
15742,completed,2025-11-29 00:47
15743,completed,2025-04-07 14:22
15744,completed,2025-10-07 03:57
15745,completed,2025-01-03 14:35
15746,completed,2025-04-12 18:59
15747,completed,2025-02-21 03:24
15748,completed,2025-02-01 01:32
15749,completed,2025-04-23 04:12
15750,completed,2025-10-09 15:20
15751,completed,2025-09-18 01:52
15752,completed,2025-07-22 05:52
15753,completed,2025-05-05 21:42
15754,completed,2025-11-07 08:47
15755,completed,2025-04-05 02:42
15756,completed,2025-09-26 14:07
15757,completed,2025-02-22 06:23
15758,completed,2025-11-02 07:13
15759,completed,2025-07-15 05:37
15760,completed,2025-05-28 23:51
15761,completed,2025-03-30 21:16
15762,completed,2025-01-01 01:30
15763,completed,2025-10-03 07:28
15764,completed,2025-11-14 15:29
15765,completed,2025-03-16 05:24
15766,completed,2025-11-07 05:58
15767,completed,2025-01-09 02:24
15768,completed,2025-04-16 03:16
15769,completed,2025-02-17 11:10
15770,completed,2025-12-03 07:22
15771,completed,2025-10-17 16:42
15772,completed,2025-07-18 18:12
15773,completed,2025-06-17 10:50
15774,completed,2024-12-30 22:27
15775,completed,2025-08-27 05:55
15776,completed,2025-08-21 19:03
15777,completed,2025-03-26 01:32
15778,completed,2025-08-24 22:39
15779,completed,2025-10-09 22:54
15780,completed,2025-07-18 15:03
15781,completed,2025-07-03 09:11
15782,completed,2025-09-15 14:57
15783,completed,2025-04-17 06:12
15784,completed,2025-06-29 07:09
15785,completed,2025-07-06 11:19
15786,completed,2025-04-02 02:51
15787,completed,2025-02-17 23:14
15788,completed,2025-11-17 21:50
15789,completed,2025-05-28 05:41
15790,completed,2024-12-16 05:38
15791,completed,2025-03-20 00:08
15792,completed,2025-09-27 19:36
15793,completed,2025-04-02 05:51
15794,completed,2025-10-04 07:30
15795,completed,2025-09-23 10:14
15796,completed,2025-04-17 06:41
15797,completed,2025-10-22 21:12
15798,completed,2025-02-25 23:55
15799,completed,2025-01-20 13:19
15800,completed,2025-12-03 12:18
15801,completed,2025-01-14 18:21
15802,completed,2025-07-18 21:00
15803,completed,2025-03-07 09:38
15804,completed,2025-01-12 05:06
15805,completed,2025-05-22 22:28
15806,completed,2025-08-04 23:38
15807,completed,2025-03-25 22:00
15808,completed,2025-10-01 12:18
15809,completed,2024-12-31 09:52
15810,completed,2025-03-28 06:37
15811,completed,2025-08-21 03:02
15812,completed,2025-11-11 07:04
15813,completed,2025-04-29 09:22
15814,completed,2025-02-28 01:00
15815,completed,2025-07-04 01:11
15816,completed,2024-12-27 17:48
15817,completed,2025-05-23 19:23
15818,completed,2025-05-28 09:41
15819,completed,2025-08-14 06:26
15820,completed,2025-09-26 20:40
15821,completed,2025-09-19 22:50
15822,completed,2025-11-08 21:27
15823,completed,2025-08-04 11:25
15824,completed,2025-12-02 09:21
15825,completed,2024-12-26 14:32
15826,completed,2025-05-02 08:40
15827,completed,2025-07-29 01:33
15828,completed,2025-02-06 10:56
15829,completed,2025-08-30 13:07
15830,completed,2025-10-17 14:55
15831,completed,2025-09-20 07:34
15832,completed,2025-09-14 23:13
15833,completed,2025-07-14 12:06
15834,completed,2025-05-13 18:15
15835,completed,2025-10-12 09:52
15836,completed,2025-01-03 17:55
15837,completed,2025-07-02 07:29
15838,completed,2025-11-06 05:42
15839,completed,2025-04-01 23:27
15840,completed,2025-05-03 00:14
15841,completed,2025-04-17 05:23
15842,completed,2025-01-04 01:00
15843,completed,2025-08-29 23:05
15844,completed,2025-10-14 18:03
15845,completed,2025-02-28 19:11
15846,completed,2025-08-04 19:53
15847,completed,2025-10-29 16:59
15848,completed,2025-07-17 10:07
15849,completed,2025-04-07 12:21
15850,completed,2025-12-04 09:36
15851,completed,2025-11-15 00:59
15852,completed,2025-10-25 18:24
15853,completed,2025-09-01 07:32
15854,completed,2025-10-22 16:25
15855,completed,2025-03-04 06:59
15856,completed,2024-12-27 11:51
15857,completed,2025-04-17 08:27
15858,completed,2025-09-12 14:43
15859,completed,2025-12-01 02:20
15860,completed,2025-08-26 10:00
15861,completed,2025-10-30 09:52
15862,completed,2025-08-27 10:42
15863,completed,2025-01-13 04:15
15864,completed,2025-04-04 06:36
15865,completed,2025-07-04 17:21
15866,completed,2025-02-22 20:23
15867,completed,2025-07-02 05:43
15868,completed,2025-03-31 23:27
15869,completed,2025-02-13 05:56
15870,completed,2025-08-30 09:21
15871,completed,2025-02-21 05:16
15872,completed,2025-05-05 03:54
15873,completed,2025-07-13 22:07
15874,completed,2025-08-03 18:08
15875,completed,2025-11-08 05:24
15876,completed,2025-01-30 10:13
15877,completed,2024-12-14 15:18
15878,completed,2025-04-22 13:11
15879,completed,2025-01-25 16:44
15880,completed,2025-08-07 23:48
15881,completed,2024-12-25 23:33
15882,completed,2025-01-17 22:25
15883,completed,2025-08-27 08:59
15884,completed,2025-09-29 04:32
15885,completed,2025-08-04 11:13
15886,completed,2025-07-13 03:10
15887,completed,2025-06-09 18:39
15888,completed,2024-12-15 08:02
15889,completed,2024-12-27 00:16
15890,completed,2025-04-26 10:22
15891,completed,2025-11-06 13:07
15892,completed,2025-06-13 16:55
15893,completed,2025-11-07 09:12
15894,completed,2025-05-01 01:27
15895,completed,2025-01-16 20:17
15896,completed,2025-08-06 22:34
15897,completed,2025-03-31 05:12
15898,completed,2025-07-12 14:35
15899,completed,2025-11-28 19:49
15900,completed,2025-03-05 06:45
15901,completed,2025-05-31 11:23
15902,completed,2025-06-26 16:23
15903,completed,2025-04-05 05:23
15904,completed,2025-03-24 20:54
15905,completed,2025-08-05 05:15
15906,completed,2025-09-07 12:08
15907,completed,2025-03-26 08:42
15908,completed,2025-05-13 10:39
15909,completed,2025-09-19 21:24
15910,completed,2025-08-05 10:31
15911,completed,2025-11-07 18:13
15912,completed,2025-08-15 02:03
15913,completed,2025-08-17 15:51
15914,completed,2025-09-19 12:35
15915,completed,2025-06-04 04:25
15916,completed,2025-04-23 09:09
15917,completed,2025-08-19 14:15
15918,completed,2025-09-06 01:50
15919,completed,2025-01-01 03:38
15920,completed,2025-07-07 14:34
15921,completed,2024-12-25 22:37
15922,completed,2025-06-23 18:44
15923,completed,2025-09-05 11:34
15924,completed,2025-10-16 02:19
15925,completed,2025-04-04 01:46
15926,completed,2025-05-29 03:41
15927,completed,2025-11-22 19:04
15928,completed,2025-05-27 10:15
15929,completed,2024-12-19 09:16
15930,completed,2025-01-18 22:15
15931,completed,2025-10-23 19:59
15932,completed,2025-04-24 19:38
15933,completed,2025-02-08 11:40
15934,completed,2024-12-09 12:55
15935,completed,2025-06-13 11:36
15936,completed,2024-12-29 21:42
15937,completed,2025-10-24 03:10
15938,completed,2025-05-14 00:52
15939,completed,2025-03-20 07:55
15940,completed,2025-04-26 07:05
15941,completed,2025-01-13 10:43
15942,completed,2024-12-18 19:06
15943,completed,2025-05-26 17:46
15944,completed,2025-06-05 16:07
15945,completed,2025-01-20 03:28
15946,completed,2025-05-01 01:05
15947,completed,2024-12-14 10:36
15948,completed,2024-12-11 13:40
15949,completed,2025-03-12 11:59
15950,completed,2025-06-05 02:00
15951,completed,2025-07-11 16:19
15952,completed,2025-05-19 15:47
15953,completed,2024-12-30 02:42
15954,completed,2025-07-29 21:19
15955,completed,2025-07-28 08:40
15956,completed,2025-04-07 01:12
15957,completed,2024-12-09 06:02
15958,completed,2025-08-12 23:20
15959,completed,2024-12-09 04:01
15960,completed,2025-04-15 15:46
15961,completed,2025-07-01 20:24
15962,completed,2025-08-01 08:20
15963,completed,2025-03-14 19:30
15964,completed,2025-10-08 08:21
15965,completed,2025-06-07 14:36
15966,completed,2025-10-02 16:56
15967,completed,2025-06-09 01:28
15968,completed,2025-09-05 23:08
15969,completed,2025-04-12 02:41
15970,completed,2025-01-06 10:07
15971,completed,2025-03-11 22:44
15972,completed,2025-02-16 21:37
15973,completed,2025-01-26 01:53
15974,completed,2025-05-07 10:32
15975,completed,2025-01-27 12:36
15976,completed,2025-07-27 15:19
15977,completed,2025-05-21 23:15
15978,completed,2025-04-11 06:54
15979,completed,2025-11-19 03:36
15980,completed,2025-06-17 23:38
15981,completed,2025-03-17 02:02
15982,completed,2025-04-02 22:27
15983,completed,2025-11-30 18:18
15984,completed,2025-08-28 22:52
15985,completed,2025-11-30 04:41
15986,completed,2025-09-21 06:47
15987,completed,2025-03-30 12:40
15988,completed,2025-07-12 13:20
15989,completed,2025-04-14 00:29
15990,completed,2025-06-18 01:04
15991,completed,2024-12-31 03:40
15992,completed,2025-04-08 14:33
15993,completed,2025-05-13 21:15
15994,completed,2025-07-22 05:04
15995,completed,2025-08-11 04:33
15996,completed,2025-09-24 15:07
15997,completed,2025-10-05 13:52
15998,completed,2025-07-04 11:24
15999,completed,2025-11-13 06:20
16000,completed,2025-09-24 04:42
16001,completed,2025-10-07 08:40
16002,completed,2025-07-22 14:53
16003,completed,2025-02-08 21:51
16004,completed,2025-07-04 15:28
16005,completed,2025-09-28 06:05
16006,completed,2025-03-20 22:58
16007,completed,2025-01-03 09:47
16008,completed,2025-05-09 20:08
16009,completed,2025-12-04 17:09
16010,completed,2025-11-27 06:24
16011,completed,2024-12-21 23:49
16012,completed,2024-12-28 07:15
16013,completed,2024-12-25 18:40
16014,completed,2025-06-23 07:33
16015,completed,2025-01-11 18:53
16016,completed,2025-10-13 12:31
16017,completed,2025-08-11 07:56
16018,completed,2025-06-23 05:32
16019,completed,2025-03-06 05:29
16020,completed,2025-09-16 16:19
16021,completed,2025-06-24 12:53
16022,completed,2025-08-28 16:38
16023,completed,2024-12-12 23:06
16024,completed,2025-03-29 09:49
16025,completed,2025-07-26 06:48
16026,completed,2025-06-26 16:41
16027,completed,2025-05-08 08:34
16028,completed,2025-03-05 19:05
16029,completed,2025-08-27 14:37
16030,completed,2025-10-24 20:02
16031,completed,2025-11-06 22:14
16032,completed,2025-03-04 14:26
16033,completed,2025-10-07 06:34
16034,completed,2025-09-30 09:44
16035,completed,2025-04-25 04:04
16036,completed,2025-03-28 03:16
16037,completed,2025-10-21 06:26
16038,completed,2025-11-27 07:40
16039,completed,2025-04-09 17:38
16040,completed,2025-02-09 16:17
16041,completed,2025-05-14 21:56
16042,completed,2025-04-12 07:43
16043,completed,2024-12-22 18:25
16044,completed,2025-01-02 02:22
16045,completed,2025-09-21 19:34
16046,completed,2025-10-09 17:57
16047,completed,2025-06-06 04:39
16048,completed,2025-04-12 03:34
16049,completed,2025-09-23 20:28
16050,completed,2025-11-04 10:55
16051,completed,2025-06-29 01:21
16052,completed,2025-07-01 02:30
16053,completed,2025-03-24 06:53
16054,completed,2025-07-18 02:22
16055,completed,2025-07-19 14:01
16056,completed,2025-05-03 10:52
16057,completed,2025-09-14 07:52
16058,completed,2025-11-10 14:08
16059,completed,2025-01-21 04:35
16060,completed,2025-11-03 23:24
16061,completed,2025-03-07 05:07
16062,completed,2025-06-12 05:40
16063,completed,2025-02-13 16:05
16064,completed,2025-07-12 20:23
16065,completed,2025-11-11 18:28
16066,completed,2025-11-25 17:56
16067,completed,2025-08-21 17:19
16068,completed,2025-09-22 09:13
16069,completed,2025-03-27 15:57
16070,completed,2025-05-14 23:35
16071,completed,2025-08-05 01:20
16072,completed,2025-01-24 06:10
16073,completed,2025-01-26 22:07
16074,completed,2025-09-04 08:01
16075,completed,2025-04-25 03:54
16076,completed,2025-03-29 12:38
16077,completed,2025-05-13 18:59
16078,completed,2025-10-17 19:16
16079,completed,2025-02-20 18:21
16080,completed,2025-01-09 20:04
16081,completed,2025-01-12 22:59
16082,completed,2025-10-21 21:44
16083,completed,2025-03-05 04:26
16084,completed,2025-11-02 11:30
16085,completed,2025-05-05 06:54
16086,completed,2025-04-06 02:06
16087,completed,2024-12-18 17:31
16088,completed,2025-11-02 19:16
16089,completed,2025-04-29 21:52
16090,completed,2025-09-14 19:18
16091,completed,2025-04-21 21:51
16092,completed,2025-05-15 06:47
16093,completed,2025-05-26 08:16
16094,completed,2025-01-07 08:39
16095,completed,2025-08-10 05:23
16096,completed,2025-04-14 15:05
16097,completed,2025-02-10 04:40
16098,completed,2025-06-12 05:33
16099,completed,2025-01-16 07:54
16100,completed,2025-09-10 20:29
16101,completed,2025-03-13 16:55
16102,completed,2025-12-04 14:49
16103,completed,2025-10-13 03:54
16104,completed,2025-06-16 21:17
16105,completed,2024-12-17 13:53
16106,completed,2025-02-20 16:29
16107,completed,2025-01-06 00:35
16108,completed,2024-12-16 19:55
16109,completed,2025-08-28 21:29
16110,completed,2025-03-04 23:00
16111,completed,2025-07-15 02:17
16112,completed,2025-10-05 04:36
16113,completed,2025-04-02 15:14
16114,completed,2025-05-05 15:38
16115,completed,2025-04-21 09:56
16116,completed,2025-04-06 19:44
16117,completed,2025-09-23 09:58
16118,completed,2025-07-09 10:56
16119,completed,2024-12-15 12:02
16120,completed,2025-06-21 10:17
16121,completed,2025-03-29 05:20
16122,completed,2025-04-17 21:34
16123,completed,2025-09-08 21:14
16124,completed,2025-05-21 19:44
16125,completed,2025-03-27 19:06
16126,completed,2025-09-22 12:42
16127,completed,2025-07-13 05:40
16128,completed,2025-09-02 23:07
16129,completed,2025-04-15 18:42
16130,completed,2024-12-10 02:29
16131,completed,2025-08-12 17:26
16132,completed,2025-11-10 04:11
16133,completed,2025-10-03 09:27
16134,completed,2025-10-30 07:05
16135,completed,2025-04-11 16:19
16136,completed,2025-05-03 09:53
16137,completed,2025-12-03 11:36
16138,completed,2025-09-30 23:41
16139,completed,2025-03-15 11:12
16140,completed,2025-06-07 15:50
16141,completed,2025-10-10 22:59
16142,completed,2025-07-14 13:32
16143,completed,2025-09-16 23:25
16144,completed,2025-03-16 01:03
16145,completed,2024-12-29 16:24
16146,completed,2025-07-08 11:40
16147,completed,2025-07-13 20:20
16148,completed,2025-01-31 17:51
16149,completed,2025-06-27 15:29
16150,completed,2025-10-30 07:02
16151,completed,2025-01-24 10:22
16152,completed,2025-06-24 00:12
16153,completed,2025-06-07 14:48
16154,completed,2025-11-30 14:43
16155,completed,2025-01-19 05:56
16156,completed,2025-11-10 20:15
16157,completed,2025-09-04 21:53
16158,completed,2025-09-19 13:10
16159,completed,2025-11-18 21:57
16160,completed,2024-12-10 22:15
16161,completed,2025-10-18 01:21
16162,completed,2024-12-09 21:59
16163,completed,2025-02-10 15:19
16164,completed,2025-03-03 14:48
16165,completed,2025-11-05 21:26
16166,completed,2025-09-20 19:29
16167,completed,2025-04-07 10:44
16168,completed,2025-05-19 05:53
16169,completed,2025-01-15 07:33
16170,completed,2025-01-01 07:43
16171,completed,2025-07-08 14:58
16172,completed,2025-10-11 08:49
16173,completed,2025-02-19 16:34
16174,completed,2025-09-10 18:26
16175,completed,2025-10-03 11:20
16176,completed,2025-04-03 14:21
16177,completed,2025-10-03 02:07
16178,completed,2025-09-04 08:55
16179,completed,2025-04-09 13:48
16180,completed,2025-09-28 10:17
16181,completed,2025-05-22 07:59
16182,completed,2025-07-28 12:40
16183,completed,2025-04-05 09:28
16184,completed,2025-12-04 10:05
16185,completed,2025-11-15 20:34
16186,completed,2025-02-13 02:11
16187,completed,2025-03-22 09:10
16188,completed,2025-11-09 13:41
16189,completed,2025-06-20 01:53
16190,completed,2025-08-10 15:31
16191,completed,2025-11-07 23:55
16192,completed,2025-12-04 18:17
16193,completed,2025-04-13 03:04
16194,completed,2025-08-24 10:02
16195,completed,2025-05-13 02:35
16196,completed,2025-07-20 02:18
16197,completed,2025-07-11 23:34
16198,completed,2025-03-01 07:51
16199,completed,2025-03-13 01:56
16200,completed,2025-07-01 18:21
16201,completed,2025-08-19 04:50
16202,completed,2024-12-17 15:11
16203,completed,2025-07-01 23:48
16204,completed,2025-02-04 07:01
16205,completed,2025-07-06 19:12
16206,completed,2024-12-11 00:12
16207,completed,2025-02-03 19:42
16208,completed,2025-06-21 00:16
16209,completed,2025-02-18 10:55
16210,completed,2025-11-23 10:04
16211,completed,2025-03-19 09:35
16212,completed,2025-02-05 09:24
16213,completed,2025-01-20 17:29
16214,completed,2025-06-16 15:00
16215,completed,2025-10-30 07:21
16216,completed,2025-01-23 12:11
16217,completed,2025-08-08 09:51
16218,completed,2025-09-13 04:11
16219,completed,2025-08-31 09:43
16220,completed,2025-11-05 00:54
16221,completed,2025-08-30 03:27
16222,completed,2025-10-31 09:42
16223,completed,2025-02-25 20:17
16224,completed,2025-04-29 22:47
16225,completed,2025-05-14 09:49
16226,completed,2025-01-20 22:14
16227,completed,2025-09-03 02:00
16228,completed,2025-08-11 23:30
16229,completed,2025-08-04 19:47
16230,completed,2025-02-11 14:09
16231,completed,2025-09-03 01:47
16232,completed,2025-03-27 22:45
16233,completed,2025-02-12 08:55
16234,completed,2025-08-18 15:50
16235,completed,2024-12-24 16:19
16236,completed,2025-06-21 00:57
16237,completed,2025-10-22 00:42
16238,completed,2025-01-21 17:26
16239,completed,2025-07-13 07:20
16240,completed,2024-12-19 01:38
16241,completed,2025-04-20 15:54
16242,completed,2025-10-16 12:06
16243,completed,2025-11-29 07:42
16244,completed,2025-08-28 23:22
16245,completed,2025-06-23 07:46
16246,completed,2025-04-22 06:34
16247,completed,2025-03-10 00:22
16248,completed,2025-07-11 21:51
16249,completed,2025-04-20 01:39
16250,completed,2025-07-25 04:55
16251,completed,2025-04-18 17:07
16252,completed,2025-02-23 08:21
16253,completed,2025-02-24 13:17
16254,completed,2025-03-05 02:39
16255,completed,2024-12-27 16:26
16256,completed,2025-01-28 10:41
16257,completed,2025-05-26 13:16
16258,completed,2025-02-14 07:14
16259,completed,2025-06-04 16:14
16260,completed,2025-05-12 08:33
16261,completed,2025-08-31 14:55
16262,completed,2025-11-02 15:26
16263,completed,2025-07-08 10:42
16264,completed,2025-10-04 15:05
16265,completed,2025-03-20 17:20
16266,completed,2025-06-18 04:46
16267,completed,2025-05-21 02:42
16268,completed,2025-07-09 06:48
16269,completed,2025-03-10 07:07
16270,completed,2025-08-26 06:50
16271,completed,2025-04-20 23:53
16272,completed,2025-06-04 17:22
16273,completed,2025-01-09 20:33
16274,completed,2025-03-07 20:15
16275,completed,2025-01-14 01:41
16276,completed,2025-06-01 11:36
16277,completed,2025-08-16 07:28
16278,completed,2025-07-28 10:09
16279,completed,2025-12-03 00:29
16280,completed,2025-06-03 23:55
16281,completed,2024-12-21 05:15
16282,completed,2025-07-26 13:55
16283,completed,2024-12-11 02:35
16284,completed,2025-04-06 12:04
16285,completed,2025-11-15 08:54
16286,completed,2025-05-10 20:11
16287,completed,2025-03-08 06:32
16288,completed,2025-10-23 18:10
16289,completed,2025-02-06 14:11
16290,completed,2025-10-27 16:11
16291,completed,2025-05-20 00:36
16292,completed,2025-09-14 07:50
16293,completed,2025-06-28 08:30
16294,completed,2025-06-15 05:07
16295,completed,2025-04-15 21:50
16296,completed,2025-04-05 07:46
16297,completed,2025-01-15 01:41
16298,completed,2025-11-13 23:34
16299,completed,2025-05-24 23:59
16300,completed,2025-02-17 19:08
16301,completed,2025-01-14 10:36
16302,completed,2025-03-10 05:16
16303,completed,2025-11-12 06:12
16304,completed,2025-11-09 03:23
16305,completed,2024-12-27 18:54
16306,completed,2024-12-18 05:58
16307,completed,2025-07-27 04:28
16308,completed,2025-04-27 02:56
16309,completed,2025-08-28 16:14
16310,completed,2025-06-10 17:36
16311,completed,2025-08-27 11:36
16312,completed,2025-07-02 16:47
16313,completed,2025-01-25 12:55
16314,completed,2025-09-12 22:17
16315,completed,2025-07-13 09:05
16316,completed,2025-01-01 14:10
16317,completed,2025-02-17 12:12
16318,completed,2025-01-13 20:17
16319,completed,2025-11-26 12:13
16320,completed,2025-02-10 22:58
16321,completed,2025-08-04 16:11
16322,completed,2025-09-10 09:54
16323,completed,2025-10-15 10:25
16324,completed,2025-10-17 04:46
16325,completed,2025-07-30 12:14
16326,completed,2025-03-30 02:48
16327,completed,2025-09-27 09:49
16328,completed,2025-02-06 22:27
16329,completed,2025-03-03 12:44
16330,completed,2024-12-11 13:23
16331,completed,2025-06-29 04:27
16332,completed,2025-02-16 16:19
16333,completed,2025-05-24 05:16
16334,completed,2024-12-24 06:21
16335,completed,2025-06-26 18:59
16336,completed,2025-08-15 13:41
16337,completed,2025-04-26 01:28
16338,completed,2025-10-02 23:54
16339,completed,2025-08-14 10:30
16340,completed,2025-02-17 15:34
16341,completed,2025-01-12 04:37
16342,completed,2025-07-17 01:14
16343,completed,2025-04-25 22:16
16344,completed,2025-10-21 11:59
16345,completed,2025-03-24 15:54
16346,completed,2025-01-14 13:33
16347,completed,2025-03-19 10:14
16348,completed,2025-04-16 06:07
16349,completed,2025-02-16 04:47
16350,completed,2025-09-09 22:53
16351,completed,2025-07-26 11:23
16352,completed,2025-05-19 01:59
16353,completed,2025-03-16 13:59
16354,completed,2025-07-14 12:13
16355,completed,2024-12-07 12:32
16356,completed,2025-06-11 04:24
16357,completed,2025-10-08 17:27
16358,completed,2025-05-30 23:22
16359,completed,2025-11-27 11:11
16360,completed,2025-04-24 10:46
16361,completed,2025-04-30 23:54
16362,completed,2025-09-23 22:56
16363,completed,2025-11-03 14:34
16364,completed,2025-01-01 14:17
16365,completed,2025-04-10 17:32
16366,completed,2025-05-17 04:30
16367,completed,2025-01-26 12:55
16368,completed,2024-12-23 17:45
16369,completed,2025-03-16 17:44
16370,completed,2025-08-08 06:01
16371,completed,2025-05-23 03:14
16372,completed,2025-02-14 14:57
16373,completed,2025-01-22 03:07
16374,completed,2025-05-12 07:26
16375,completed,2025-03-27 19:15
16376,completed,2025-07-01 14:43
16377,completed,2025-07-25 14:56
16378,completed,2025-11-05 15:34
16379,completed,2025-04-11 10:55
16380,completed,2025-05-21 06:58
16381,completed,2025-08-31 16:29
16382,completed,2025-09-24 04:23
16383,completed,2025-11-08 08:41
16384,completed,2025-07-30 09:01
16385,completed,2025-11-29 02:38
16386,completed,2025-08-04 17:05
16387,completed,2024-12-21 21:35
16388,completed,2025-09-04 12:10
16389,completed,2025-05-24 23:56
16390,completed,2025-01-26 11:41
16391,completed,2025-09-05 00:59
16392,completed,2025-03-15 22:55
16393,completed,2025-06-12 11:21
16394,completed,2025-01-02 08:35
16395,completed,2025-10-16 21:43
16396,completed,2025-11-22 05:45
16397,completed,2025-10-25 16:24
16398,completed,2025-07-13 17:55
16399,completed,2025-11-26 20:12
16400,completed,2025-11-24 08:38
16401,completed,2025-08-17 05:13
16402,completed,2025-08-18 02:42
16403,completed,2025-07-12 05:21
16404,completed,2024-12-17 01:33
16405,completed,2025-07-01 07:32
16406,completed,2025-04-21 01:41
16407,completed,2025-07-20 19:57
16408,completed,2025-02-20 18:56
16409,completed,2025-07-08 02:20
16410,completed,2025-01-08 04:32
16411,completed,2025-04-01 06:45
16412,completed,2025-03-26 01:52
16413,completed,2024-12-29 03:25
16414,completed,2025-10-23 08:27
16415,completed,2025-04-08 10:40
16416,completed,2025-08-30 02:26
16417,completed,2025-06-14 06:24
16418,completed,2025-10-15 20:47
16419,completed,2025-02-10 06:56
16420,completed,2024-12-16 19:45
16421,completed,2025-09-28 21:46
16422,completed,2025-03-05 10:50
16423,completed,2025-02-22 01:46
16424,completed,2025-09-18 01:24
16425,completed,2024-12-29 06:54
16426,completed,2025-07-22 02:20
16427,completed,2025-10-12 00:51
16428,completed,2025-03-11 15:16
16429,completed,2025-03-23 15:59
16430,completed,2025-07-03 09:14
16431,completed,2025-11-17 06:04
16432,completed,2025-05-23 13:13
16433,completed,2025-01-27 19:47
16434,completed,2025-03-16 17:40
16435,completed,2025-09-17 05:22
16436,completed,2025-03-14 07:02
16437,completed,2025-11-01 16:49
16438,completed,2025-11-02 11:30
16439,completed,2025-06-04 19:54
16440,completed,2025-04-13 21:53
16441,completed,2025-08-04 00:54
16442,completed,2025-01-09 23:23
16443,completed,2025-02-11 02:36
16444,completed,2025-11-27 04:10
16445,completed,2024-12-22 11:53
16446,completed,2025-06-19 23:40
16447,completed,2025-05-31 21:20
16448,completed,2025-12-01 21:53
16449,completed,2024-12-26 08:36
16450,completed,2025-04-05 08:28
16451,completed,2025-10-14 09:42
16452,completed,2025-03-20 02:24
16453,completed,2025-10-29 04:02
16454,completed,2025-11-20 16:26
16455,completed,2025-08-20 23:38
16456,completed,2025-05-28 10:16
16457,completed,2025-01-12 02:59
16458,completed,2025-07-02 07:49
16459,completed,2025-08-30 08:44
16460,completed,2025-07-21 13:46
16461,completed,2025-09-02 19:02
16462,completed,2025-01-24 22:29
16463,completed,2025-09-30 09:58
16464,completed,2025-10-08 16:22
16465,completed,2025-03-23 15:32
16466,completed,2025-11-22 18:40
16467,completed,2025-03-31 20:11
16468,completed,2025-07-07 17:29
16469,completed,2025-02-25 03:25
16470,completed,2025-07-31 13:29
16471,completed,2025-06-22 03:08
16472,completed,2025-01-27 02:18
16473,completed,2025-03-11 12:23
16474,completed,2025-02-26 19:01
16475,completed,2025-04-26 19:43
16476,completed,2025-04-16 13:44
16477,completed,2025-02-04 21:47
16478,completed,2025-04-18 13:54
16479,completed,2025-04-11 16:08
16480,completed,2025-02-13 00:07
16481,completed,2025-04-21 12:14
16482,completed,2025-02-08 23:08
16483,completed,2025-09-01 19:11
16484,completed,2025-04-05 07:58
16485,completed,2025-09-08 21:33
16486,completed,2025-06-17 03:28
16487,completed,2025-07-29 01:13
16488,completed,2025-04-25 02:08
16489,completed,2025-02-07 10:12
16490,completed,2025-11-06 11:21
16491,completed,2025-02-18 12:45
16492,completed,2025-08-25 17:19
16493,completed,2025-02-02 11:47
16494,completed,2025-08-18 21:21
16495,completed,2025-08-10 15:46
16496,completed,2025-07-04 16:21
16497,completed,2025-11-06 07:41
16498,completed,2025-01-19 08:00
16499,completed,2025-06-28 12:58
16500,completed,2025-07-07 16:28
16501,completed,2025-08-10 23:49
16502,completed,2025-08-08 12:21
16503,completed,2025-01-28 04:19
16504,completed,2025-10-29 00:46
16505,completed,2025-02-26 14:14
16506,completed,2025-09-07 06:22
16507,completed,2025-12-01 22:49
16508,completed,2025-09-30 12:17
16509,completed,2025-07-17 18:18
16510,completed,2025-04-10 05:01
16511,completed,2025-03-21 00:35
16512,completed,2025-01-01 03:50
16513,completed,2025-08-25 15:17
16514,completed,2025-11-03 05:32
16515,completed,2025-01-06 17:09
16516,completed,2025-07-01 04:40
16517,completed,2025-11-24 01:54
16518,completed,2025-03-24 13:56
16519,completed,2025-10-14 03:10
16520,completed,2025-10-20 19:26
16521,completed,2025-06-04 07:58
16522,completed,2025-06-02 05:53
16523,completed,2025-11-16 22:37
16524,completed,2025-10-25 07:50
16525,completed,2025-04-11 03:40
16526,completed,2025-02-27 05:57
16527,completed,2025-11-29 00:19
16528,completed,2025-05-01 18:00
16529,completed,2025-02-07 13:20
16530,completed,2025-06-15 02:35
16531,completed,2025-05-22 20:14
16532,completed,2025-03-17 21:04
16533,completed,2025-02-05 00:18
16534,completed,2025-09-18 02:47
16535,completed,2025-04-07 05:14
16536,completed,2024-12-18 13:10
16537,completed,2025-03-21 02:01
16538,completed,2025-02-25 10:18
16539,completed,2025-04-27 16:34
16540,completed,2025-08-31 20:40
16541,completed,2025-08-27 16:31
16542,completed,2025-05-02 19:28
16543,completed,2025-05-08 08:57
16544,completed,2025-06-10 14:17
16545,completed,2025-08-16 03:43
16546,completed,2025-05-22 07:06
16547,completed,2025-08-15 06:28
16548,completed,2025-04-29 02:42
16549,completed,2025-05-15 15:58
16550,completed,2025-01-10 10:33
16551,completed,2025-08-28 06:07
16552,completed,2025-11-27 07:52
16553,completed,2025-05-15 15:39
16554,completed,2025-07-17 23:25
16555,completed,2025-11-08 17:04
16556,completed,2024-12-27 22:50
16557,completed,2025-01-18 23:49
16558,completed,2025-07-22 01:47
16559,completed,2025-04-14 12:25
16560,completed,2025-12-06 06:13
16561,completed,2025-06-18 21:20
16562,completed,2025-10-12 18:55
16563,completed,2025-09-17 16:15
16564,completed,2025-11-15 23:07
16565,completed,2025-02-24 02:25
16566,completed,2025-07-08 19:44
16567,completed,2025-04-05 03:21
16568,completed,2025-09-03 15:24
16569,completed,2025-01-21 12:08
16570,completed,2025-01-18 14:37
16571,completed,2025-08-01 13:10
16572,completed,2025-01-31 23:58
16573,completed,2025-10-14 00:47
16574,completed,2025-09-21 10:19
16575,completed,2025-03-14 20:07
16576,completed,2025-10-17 12:18
16577,completed,2025-04-19 16:57
16578,completed,2025-06-17 12:30
16579,completed,2025-05-02 23:33
16580,completed,2025-07-06 16:49
16581,completed,2025-05-28 09:58
16582,completed,2025-09-01 17:20
16583,completed,2025-10-01 09:20
16584,completed,2025-09-04 00:02
16585,completed,2025-03-31 03:46
16586,completed,2025-09-28 10:22
16587,completed,2025-07-14 02:20
16588,completed,2025-01-19 06:08
16589,completed,2025-07-23 20:27
16590,completed,2025-10-24 08:11
16591,completed,2025-01-10 15:54
16592,completed,2025-07-09 22:21
16593,completed,2025-10-05 06:05
16594,completed,2025-03-08 09:47
16595,completed,2025-04-03 17:46
16596,completed,2025-10-04 21:52
16597,completed,2025-12-02 10:00
16598,completed,2025-11-12 09:27
16599,completed,2025-09-09 21:02
16600,completed,2025-09-09 09:37
16601,completed,2025-03-17 14:39
16602,completed,2025-06-20 15:34
16603,completed,2025-10-10 20:14
16604,completed,2025-05-19 01:30
16605,completed,2025-02-09 15:11
16606,completed,2025-06-17 02:22
16607,completed,2024-12-20 20:39
16608,completed,2025-12-05 03:04
16609,completed,2025-10-04 22:13
16610,completed,2025-08-12 09:10
16611,completed,2024-12-12 03:23
16612,completed,2025-02-25 22:21
16613,completed,2025-10-06 11:43
16614,completed,2025-03-09 12:03
16615,completed,2025-06-15 06:00
16616,completed,2025-02-08 18:46
16617,completed,2025-05-12 21:01
16618,completed,2025-11-30 23:55
16619,completed,2025-05-25 15:47
16620,completed,2024-12-18 04:22
16621,completed,2025-07-21 12:53
16622,completed,2024-12-12 02:12
16623,completed,2025-11-03 05:28
16624,completed,2025-06-26 23:22
16625,completed,2025-04-26 04:13
16626,completed,2025-09-26 19:09
16627,completed,2025-11-10 17:13
16628,completed,2025-07-03 16:50
16629,completed,2025-07-31 09:41
16630,completed,2025-08-28 11:12
16631,completed,2025-07-15 22:49
16632,completed,2025-09-07 15:52
16633,completed,2025-10-08 03:40
16634,completed,2025-03-26 04:43
16635,completed,2025-04-17 21:58
16636,completed,2024-12-16 22:13
16637,completed,2025-02-12 00:46
16638,completed,2024-12-10 21:27
16639,completed,2024-12-17 04:51
16640,completed,2025-05-08 03:26
16641,completed,2025-11-08 17:40
16642,completed,2025-04-12 11:49
16643,completed,2025-05-30 11:44
16644,completed,2025-04-05 04:37
16645,completed,2025-04-23 14:40
16646,completed,2025-10-06 18:55
16647,completed,2025-10-18 06:11
16648,completed,2025-06-27 23:43
16649,completed,2025-10-15 02:11
16650,completed,2025-03-18 22:19
16651,completed,2025-11-18 09:51
16652,completed,2024-12-25 05:04
16653,completed,2025-05-28 07:05
16654,completed,2025-09-20 15:29
16655,completed,2025-08-17 21:29
16656,completed,2025-08-25 19:29
16657,completed,2025-09-21 13:39
16658,completed,2025-09-14 06:20
16659,completed,2025-12-03 04:23
16660,completed,2025-07-25 04:18
16661,completed,2025-08-20 08:41
16662,completed,2025-09-20 23:40
16663,completed,2025-07-29 13:26
16664,completed,2025-04-11 02:40
16665,completed,2025-02-06 11:46
16666,completed,2025-01-10 20:56
16667,completed,2025-07-08 13:39
16668,completed,2025-03-14 11:39
16669,completed,2024-12-26 12:07
16670,completed,2025-06-08 18:49
16671,completed,2025-07-16 11:11
16672,completed,2025-09-25 02:47
16673,completed,2025-08-16 05:37
16674,completed,2024-12-25 17:52
16675,completed,2025-06-22 19:12
16676,completed,2025-04-24 15:17
16677,completed,2025-04-20 21:26
16678,completed,2025-01-08 05:25
16679,completed,2025-09-19 00:12
16680,completed,2025-08-24 17:35
16681,completed,2025-05-09 21:46
16682,completed,2025-03-02 08:47
16683,completed,2025-11-06 11:50
16684,completed,2025-02-10 13:55
16685,completed,2025-03-07 05:01
16686,completed,2025-10-10 10:51
16687,completed,2025-06-04 14:38
16688,completed,2025-10-25 02:07
16689,completed,2025-09-20 15:20
16690,completed,2025-03-11 05:49
16691,completed,2025-01-27 03:44
16692,completed,2025-10-06 19:55
16693,completed,2025-08-12 00:00
16694,completed,2025-06-25 00:29
16695,completed,2025-05-02 23:51
16696,completed,2025-04-13 00:06
16697,completed,2024-12-14 14:41
16698,completed,2025-10-05 19:52
16699,completed,2025-08-11 23:54
16700,completed,2025-08-19 00:33
16701,completed,2025-01-27 07:17
16702,completed,2025-01-04 03:00
16703,completed,2024-12-13 07:16
16704,completed,2025-07-02 08:33
16705,completed,2025-08-11 10:20
16706,completed,2024-12-21 16:00
16707,completed,2025-11-10 14:54
16708,completed,2025-01-11 05:48
16709,completed,2025-03-23 16:28
16710,completed,2024-12-27 16:13
16711,completed,2025-01-25 21:01
16712,completed,2025-11-09 01:04
16713,completed,2025-08-25 11:41
16714,completed,2025-08-27 09:43
16715,completed,2025-03-08 08:13
16716,completed,2025-09-17 20:42
16717,completed,2024-12-29 09:55
16718,completed,2025-03-14 17:40
16719,completed,2024-12-15 01:22
16720,completed,2025-09-28 21:42
16721,completed,2025-07-17 20:45
16722,completed,2025-02-28 01:44
16723,completed,2025-07-05 01:03
16724,completed,2025-07-06 02:43
16725,completed,2025-05-07 07:17
16726,completed,2025-03-16 02:27
16727,completed,2025-08-08 17:19
16728,completed,2025-06-15 09:03
16729,completed,2025-01-09 07:01
16730,completed,2025-10-12 11:36
16731,completed,2025-05-10 13:46
16732,completed,2025-09-01 14:44
16733,completed,2025-11-14 05:07
16734,completed,2025-02-26 02:08
16735,completed,2025-08-02 14:58
16736,completed,2025-08-07 01:46
16737,completed,2025-02-01 00:07
16738,completed,2025-06-21 05:00
16739,completed,2025-03-26 15:11
16740,completed,2025-09-17 17:26
16741,completed,2025-07-16 13:44
16742,completed,2025-08-12 04:07
16743,completed,2024-12-24 07:56
16744,completed,2025-02-18 17:22
16745,completed,2025-09-18 20:17
16746,completed,2025-05-22 04:06
16747,completed,2025-06-22 22:22
16748,completed,2025-10-29 10:36
16749,completed,2025-08-18 21:21
16750,completed,2025-03-16 07:24
16751,completed,2025-03-25 02:24
16752,completed,2025-02-21 03:51
16753,completed,2025-02-20 13:18
16754,completed,2025-04-12 03:58
16755,completed,2025-05-14 22:31
16756,completed,2025-10-16 09:34
16757,completed,2025-04-05 17:14
16758,completed,2024-12-22 15:47
16759,completed,2025-01-02 23:11
16760,completed,2025-02-05 18:08
16761,completed,2024-12-29 01:43
16762,completed,2025-07-04 22:17
16763,completed,2025-07-04 07:04
16764,completed,2025-02-15 03:07
16765,completed,2025-01-21 04:41
16766,completed,2025-06-18 11:25
16767,completed,2025-08-12 22:14
16768,completed,2025-10-11 15:58
16769,completed,2025-08-05 07:05
16770,completed,2025-03-08 11:33
16771,completed,2025-07-31 01:40
16772,completed,2025-04-18 15:06
16773,completed,2025-04-27 03:50
16774,completed,2025-08-13 18:21
16775,completed,2025-01-29 14:42
16776,completed,2025-02-20 11:11
16777,completed,2025-02-28 12:45
16778,completed,2025-11-22 21:24
16779,completed,2025-07-22 19:42
16780,completed,2025-11-04 14:00
16781,completed,2025-03-14 07:17
16782,completed,2025-10-05 08:59
16783,completed,2025-05-26 20:32
16784,completed,2025-05-04 00:23
16785,completed,2025-02-03 11:29
16786,completed,2025-04-12 15:37
16787,completed,2025-01-31 20:14
16788,completed,2025-03-16 09:24
16789,completed,2025-08-28 05:20
16790,completed,2025-09-11 22:56
16791,completed,2025-05-11 22:15
16792,completed,2025-10-01 01:34
16793,completed,2025-11-18 11:58
16794,completed,2025-07-20 15:17
16795,completed,2025-03-19 10:17
16796,completed,2025-03-31 02:17
16797,completed,2025-05-29 12:13
16798,completed,2024-12-24 07:34
16799,completed,2025-07-16 15:08
16800,completed,2024-12-09 17:30
16801,completed,2025-06-16 15:44
16802,completed,2025-08-03 06:54
16803,completed,2025-03-08 11:00
16804,completed,2025-11-13 04:38
16805,completed,2025-07-24 00:41
16806,completed,2025-06-10 19:26
16807,completed,2025-05-25 16:31
16808,completed,2025-08-09 04:22
16809,completed,2025-11-01 14:30
16810,completed,2025-04-05 01:08
16811,completed,2025-11-05 15:02
16812,completed,2025-08-09 05:03
16813,completed,2025-06-29 18:27
16814,completed,2025-01-29 09:43
16815,completed,2025-04-22 21:46
16816,completed,2025-11-14 21:57
16817,completed,2025-10-20 16:08
16818,completed,2025-03-19 21:24
16819,completed,2024-12-24 21:37
16820,completed,2025-05-19 18:55
16821,completed,2025-09-13 19:37
16822,completed,2024-12-16 19:54
16823,completed,2025-06-21 11:10
16824,completed,2025-10-05 07:53
16825,completed,2025-01-05 03:43
16826,completed,2025-04-03 10:06
16827,completed,2025-02-08 02:23
16828,completed,2025-09-18 12:23
16829,completed,2025-03-12 04:54
16830,completed,2025-06-05 16:18
16831,completed,2025-07-20 03:05
16832,completed,2025-04-10 02:14
16833,completed,2025-08-10 14:13
16834,completed,2025-05-01 23:06
16835,completed,2025-01-30 19:24
16836,completed,2025-06-06 01:48
16837,completed,2025-12-03 12:15
16838,completed,2025-04-07 21:58
16839,completed,2025-02-13 08:32
16840,completed,2025-06-30 20:30
16841,completed,2025-02-12 01:33
16842,completed,2025-01-12 11:43
16843,completed,2025-10-23 16:02
16844,completed,2024-12-12 05:50
16845,completed,2025-04-10 03:17
16846,completed,2025-07-05 01:08
16847,completed,2025-09-09 22:02
16848,completed,2025-12-01 09:09
16849,completed,2025-03-07 15:12
16850,completed,2025-02-20 19:55
16851,completed,2025-10-19 14:00
16852,completed,2025-08-04 01:49
16853,completed,2025-12-06 04:50
16854,completed,2025-06-29 11:39
16855,completed,2025-08-20 14:37
16856,completed,2025-12-02 16:51
16857,completed,2025-10-12 16:16
16858,completed,2025-04-26 06:01
16859,completed,2025-01-16 13:43
16860,completed,2025-03-08 22:36
16861,completed,2025-01-11 16:15
16862,completed,2025-08-14 05:55
16863,completed,2025-08-19 16:45
16864,completed,2025-06-25 05:13
16865,completed,2025-02-23 07:48
16866,completed,2025-07-04 09:21
16867,completed,2025-11-26 20:21
16868,completed,2025-03-31 05:02
16869,completed,2025-12-01 23:15
16870,completed,2025-08-30 10:49
16871,completed,2025-04-28 08:52
16872,completed,2025-06-06 00:42
16873,completed,2025-02-11 20:14
16874,completed,2025-10-10 21:13
16875,completed,2025-04-19 12:39
16876,completed,2025-02-17 12:00
16877,completed,2025-05-21 10:09
16878,completed,2025-05-03 01:39
16879,completed,2025-04-25 21:41
16880,completed,2025-02-09 16:18
16881,completed,2024-12-18 05:11
16882,completed,2025-06-19 19:10
16883,completed,2025-05-20 21:11
16884,completed,2024-12-19 02:54
16885,completed,2025-01-04 02:09
16886,completed,2025-05-31 07:29
16887,completed,2025-09-07 15:08
16888,completed,2025-02-02 00:44
16889,completed,2025-03-11 07:52
16890,completed,2025-09-12 23:02
16891,completed,2025-03-02 22:17
16892,completed,2025-03-24 02:14
16893,completed,2024-12-09 23:22
16894,completed,2025-02-08 07:14
16895,completed,2025-11-30 03:46
16896,completed,2025-06-10 00:55
16897,completed,2025-11-30 05:22
16898,completed,2025-07-11 23:01
16899,completed,2025-08-04 09:02
16900,completed,2025-11-04 09:13
16901,completed,2025-05-09 02:26
16902,completed,2025-06-03 16:41
16903,completed,2025-09-03 03:13
16904,completed,2025-06-20 10:39
16905,completed,2025-04-15 08:23
16906,completed,2025-03-03 03:01
16907,completed,2025-07-04 10:21
16908,completed,2025-11-21 02:04
16909,completed,2025-10-08 10:43
16910,completed,2025-04-30 06:00
16911,completed,2025-02-04 19:40
16912,completed,2025-02-17 18:42
16913,completed,2025-06-08 00:34
16914,completed,2025-03-24 02:29
16915,completed,2024-12-11 18:34
16916,completed,2025-03-07 16:19
16917,completed,2025-05-21 14:15
16918,completed,2025-07-21 01:22
16919,completed,2025-06-01 15:35
16920,completed,2025-06-06 22:40
16921,completed,2025-10-31 23:04
16922,completed,2025-06-26 12:24
16923,completed,2025-05-15 12:46
16924,completed,2025-06-20 03:07
16925,completed,2025-01-07 02:08
16926,completed,2025-06-05 19:40
16927,completed,2025-01-03 14:13
16928,completed,2025-05-28 06:04
16929,completed,2025-01-18 17:11
16930,completed,2025-10-22 14:36
16931,completed,2025-04-20 19:20
16932,completed,2025-10-16 10:16
16933,completed,2025-10-05 22:27
16934,completed,2025-10-02 12:18
16935,completed,2025-10-04 07:36
16936,completed,2025-06-17 12:02
16937,completed,2025-12-05 13:46
16938,completed,2025-09-28 00:15
16939,completed,2025-06-08 12:25
16940,completed,2025-05-01 21:38
16941,completed,2025-05-14 17:35
16942,completed,2025-08-30 18:34
16943,completed,2025-02-14 23:04
16944,completed,2025-08-02 13:54
16945,completed,2025-04-11 05:14
16946,completed,2025-07-05 09:54
16947,completed,2025-08-09 07:06
16948,completed,2025-11-16 04:44
16949,completed,2025-10-01 20:38
16950,completed,2025-01-26 18:38
16951,completed,2025-10-28 21:08
16952,completed,2025-10-04 17:24
16953,completed,2025-07-16 09:29
16954,completed,2025-11-11 23:17
16955,completed,2025-01-16 23:57
16956,completed,2025-11-12 16:47
16957,completed,2024-12-16 14:04
16958,completed,2025-09-20 09:18
16959,completed,2025-10-08 17:05
16960,completed,2025-11-22 03:58
16961,completed,2025-05-25 06:08
16962,completed,2025-08-03 00:05
16963,completed,2025-05-21 18:45
16964,completed,2025-11-20 07:04
16965,completed,2025-06-21 15:14
16966,completed,2025-04-25 21:10
16967,completed,2025-04-23 03:53
16968,completed,2025-10-20 23:37
16969,completed,2025-01-05 04:42
16970,completed,2025-04-13 16:38
16971,completed,2025-04-09 19:04
16972,completed,2025-11-19 02:39
16973,completed,2025-01-25 14:52
16974,completed,2025-02-24 02:37
16975,completed,2025-11-13 08:18
16976,completed,2025-05-17 21:34
16977,completed,2025-02-01 04:53
16978,completed,2024-12-15 20:36
16979,completed,2025-09-12 22:14
16980,completed,2025-02-02 13:27
16981,completed,2025-09-26 00:37
16982,completed,2025-03-27 18:58
16983,completed,2025-12-01 00:01
16984,completed,2025-05-29 09:00
16985,completed,2025-02-22 13:18
16986,completed,2025-05-27 10:26
16987,completed,2025-01-18 22:56
16988,completed,2025-05-11 13:47
16989,completed,2025-03-11 13:28
16990,completed,2025-05-15 19:19
16991,completed,2025-01-24 00:05
16992,completed,2025-05-28 04:17
16993,completed,2025-03-28 15:33
16994,completed,2025-07-08 18:39
16995,completed,2025-01-07 18:39
16996,completed,2025-09-20 11:23
16997,completed,2025-05-13 17:34
16998,completed,2024-12-30 09:08
16999,completed,2025-07-26 03:36
17000,completed,2025-07-20 23:07
17001,completed,2025-09-29 20:17
17002,completed,2025-10-01 10:17
17003,completed,2025-01-27 06:57
17004,completed,2025-10-01 02:39
17005,completed,2025-08-23 13:11
17006,completed,2025-10-04 07:13
17007,completed,2024-12-20 18:19
17008,completed,2025-05-22 04:12
17009,completed,2025-07-03 05:34
17010,completed,2025-03-23 16:48
17011,completed,2025-10-11 12:50
17012,completed,2025-06-21 14:44
17013,completed,2025-03-09 02:54
17014,completed,2025-02-26 03:28
17015,completed,2025-10-19 15:09
17016,completed,2025-05-01 10:50
17017,completed,2025-07-25 00:36
17018,completed,2025-11-15 18:06
17019,completed,2025-07-28 22:59
17020,completed,2025-07-21 09:10
17021,completed,2025-08-21 18:15
17022,completed,2025-05-07 06:52
17023,completed,2025-03-07 23:51
17024,completed,2025-09-24 00:22
17025,completed,2025-05-31 20:27
17026,completed,2025-03-10 04:54
17027,completed,2025-10-09 06:55
17028,completed,2025-06-14 07:31
17029,completed,2025-07-06 20:51
17030,completed,2025-03-27 14:02
17031,completed,2025-03-05 21:46
17032,completed,2025-10-26 02:24
17033,completed,2025-01-03 08:46
17034,completed,2025-08-10 07:24
17035,completed,2025-05-14 08:53
17036,completed,2025-02-07 07:50
17037,completed,2025-08-03 22:17
17038,completed,2025-08-23 16:29
17039,completed,2025-10-29 16:19
17040,completed,2025-06-18 09:25
17041,completed,2025-10-05 00:02
17042,completed,2025-06-29 09:57
17043,completed,2025-07-18 14:40
17044,completed,2025-01-11 16:38
17045,completed,2025-10-18 05:25
17046,completed,2025-09-19 08:20
17047,completed,2025-08-28 14:50
17048,completed,2025-08-05 14:19
17049,completed,2025-03-23 19:13
17050,completed,2025-09-29 02:36
17051,completed,2025-04-24 04:00
17052,completed,2025-09-17 20:57
17053,completed,2025-02-14 14:17
17054,completed,2025-02-15 04:38
17055,completed,2025-02-02 02:29
17056,completed,2025-11-02 11:53
17057,completed,2024-12-20 17:43
17058,completed,2025-07-19 12:55
17059,completed,2025-06-03 11:40
17060,completed,2025-08-20 20:23
17061,completed,2024-12-14 21:14
17062,completed,2025-09-24 10:53
17063,completed,2025-01-12 16:12
17064,completed,2025-01-06 15:11
17065,completed,2025-08-10 09:59
17066,completed,2024-12-17 23:50
17067,completed,2025-04-03 03:15
17068,completed,2025-10-22 17:06
17069,completed,2025-08-04 02:34
17070,completed,2025-06-24 23:02
17071,completed,2025-05-21 15:49
17072,completed,2025-11-06 20:47
17073,completed,2025-05-15 10:48
17074,completed,2025-08-10 12:32
17075,completed,2025-10-30 21:12
17076,completed,2025-06-16 11:44
17077,completed,2025-10-29 22:35
17078,completed,2025-10-05 14:01
17079,completed,2025-04-17 18:41
17080,completed,2025-02-01 16:44
17081,completed,2025-09-09 15:28
17082,completed,2025-03-27 04:25
17083,completed,2025-01-13 08:31
17084,completed,2025-06-17 12:34
17085,completed,2025-08-22 11:04
17086,completed,2025-06-22 09:03
17087,completed,2025-01-16 14:44
17088,completed,2025-12-02 14:49
17089,completed,2025-01-15 22:48
17090,completed,2025-10-09 16:06
17091,completed,2025-02-22 19:22
17092,completed,2025-10-21 07:05
17093,completed,2025-02-13 22:59
17094,completed,2025-01-13 19:34
17095,completed,2025-01-27 04:57
17096,completed,2025-10-08 01:28
17097,completed,2025-02-08 08:49
17098,completed,2025-12-01 03:26
17099,completed,2025-06-26 11:49
17100,completed,2025-03-25 17:18
17101,completed,2025-02-24 08:47
17102,completed,2025-01-12 12:46
17103,completed,2025-07-20 14:48
17104,completed,2025-04-20 21:52
17105,completed,2025-03-24 09:01
17106,completed,2025-03-27 06:50
17107,completed,2025-09-29 04:54
17108,completed,2024-12-09 22:55
17109,completed,2025-03-21 00:29
17110,completed,2025-10-12 05:42
17111,completed,2025-01-25 07:34
17112,completed,2025-10-25 09:08
17113,completed,2025-07-14 09:11
17114,completed,2025-01-29 08:55
17115,completed,2025-06-13 05:06
17116,completed,2025-12-04 17:54
17117,completed,2025-11-25 23:25
17118,completed,2025-03-09 11:46
17119,completed,2025-03-15 18:03
17120,completed,2025-05-24 02:38
17121,completed,2025-11-19 20:44
17122,completed,2025-11-23 18:24
17123,completed,2025-09-07 07:47
17124,completed,2025-01-01 12:52
17125,completed,2025-06-11 18:29
17126,completed,2025-04-01 09:32
17127,completed,2024-12-21 01:55
17128,completed,2025-02-27 17:56
17129,completed,2025-11-16 18:59
17130,completed,2025-07-26 07:50
17131,completed,2025-05-11 15:07
17132,completed,2025-06-21 10:15
17133,completed,2025-09-21 17:19
17134,completed,2025-09-14 19:51
17135,completed,2024-12-31 12:58
17136,completed,2025-02-12 15:17
17137,completed,2025-11-06 13:31
17138,completed,2025-03-23 00:25
17139,completed,2025-01-05 22:10
17140,completed,2025-05-01 08:46
17141,completed,2025-11-08 05:32
17142,completed,2025-04-13 09:29
17143,completed,2025-07-28 10:00
17144,completed,2025-07-13 12:16
17145,completed,2025-04-26 15:52
17146,completed,2024-12-20 19:24
17147,completed,2025-01-02 08:45
17148,completed,2024-12-08 13:21
17149,completed,2024-12-09 23:55
17150,completed,2025-01-12 23:41
17151,completed,2025-08-10 20:43
17152,completed,2025-06-14 05:44
17153,completed,2025-12-01 22:37
17154,completed,2025-11-25 10:44
17155,completed,2025-04-18 10:24
17156,completed,2025-03-22 08:30
17157,completed,2025-08-23 20:18
17158,completed,2025-04-11 22:27
17159,completed,2025-10-26 08:06
17160,completed,2024-12-12 12:55
17161,completed,2024-12-20 05:56
17162,completed,2025-09-02 14:24
17163,completed,2025-01-02 21:39
17164,completed,2025-09-08 10:20
17165,completed,2025-10-07 18:28
17166,completed,2025-09-06 14:15
17167,completed,2025-10-20 07:13
17168,completed,2025-02-18 11:08
17169,completed,2025-04-06 19:47
17170,completed,2025-11-30 07:30
17171,completed,2025-04-14 23:47
17172,completed,2025-06-12 11:29
17173,completed,2025-08-08 19:38
17174,completed,2025-03-12 09:35
17175,completed,2025-01-30 01:28
17176,completed,2025-02-28 03:12
17177,completed,2025-03-05 23:56
17178,completed,2025-08-12 10:55
17179,completed,2025-09-01 14:13
17180,completed,2024-12-29 07:00
17181,completed,2025-02-07 06:54
17182,completed,2024-12-13 08:34
17183,completed,2025-02-19 08:46
17184,completed,2025-10-30 02:22
17185,completed,2025-07-06 00:58
17186,completed,2025-06-01 12:26
17187,completed,2025-07-10 08:36
17188,completed,2025-11-22 05:58
17189,completed,2025-05-16 13:54
17190,completed,2025-09-15 22:57
17191,completed,2024-12-20 15:37
17192,completed,2024-12-29 16:48
17193,completed,2025-11-27 03:24
17194,completed,2025-01-19 08:31
17195,completed,2025-03-20 01:57
17196,completed,2024-12-14 14:45
17197,completed,2025-08-03 10:14
17198,completed,2025-02-03 12:07
17199,completed,2025-06-19 02:26
17200,completed,2025-08-21 16:25
17201,completed,2025-10-09 00:43
17202,completed,2025-11-24 20:45
17203,completed,2025-08-11 22:53
17204,completed,2025-10-18 03:10
17205,completed,2025-04-01 23:17
17206,completed,2025-07-16 11:52
17207,completed,2025-03-21 03:12
17208,completed,2025-03-14 00:34
17209,completed,2025-05-23 15:57
17210,completed,2025-06-01 11:59
17211,completed,2025-12-01 12:06
17212,completed,2025-02-19 20:33
17213,completed,2025-02-11 16:43
17214,completed,2025-11-10 13:25
17215,completed,2025-03-03 02:46
17216,completed,2025-11-12 14:54
17217,completed,2025-04-18 12:43
17218,completed,2025-10-07 18:16
17219,completed,2025-03-16 19:02
17220,completed,2025-01-03 16:28
17221,completed,2025-04-20 13:03
17222,completed,2025-04-18 13:23
17223,completed,2025-06-13 03:25
17224,completed,2025-03-12 17:30
17225,completed,2024-12-11 19:31
17226,completed,2025-06-09 12:47
17227,completed,2025-08-20 22:14
17228,completed,2025-06-21 15:55
17229,completed,2025-02-15 04:24
17230,completed,2025-11-28 14:25
17231,completed,2025-07-29 16:49
17232,completed,2025-06-28 14:35
17233,completed,2025-11-09 21:39
17234,completed,2025-03-26 08:51
17235,completed,2025-10-24 11:21
17236,completed,2025-07-19 22:59
17237,completed,2024-12-20 15:28
17238,completed,2025-03-02 20:46
17239,completed,2025-04-17 08:39
17240,completed,2024-12-25 08:54
17241,completed,2025-09-03 06:12
17242,completed,2025-10-10 05:17
17243,completed,2025-09-03 10:20
17244,completed,2025-06-12 12:23
17245,completed,2025-03-22 16:57
17246,completed,2025-05-14 02:39
17247,completed,2025-09-21 21:46
17248,completed,2025-05-18 03:43
17249,completed,2024-12-21 08:41
17250,completed,2024-12-14 13:58
17251,completed,2025-04-29 20:16
17252,completed,2025-10-19 22:15
17253,completed,2025-04-17 23:50
17254,completed,2025-04-15 23:31
17255,completed,2025-02-05 08:15
17256,completed,2024-12-31 06:20
17257,completed,2025-10-07 02:14
17258,completed,2025-01-03 01:49
17259,completed,2025-11-12 17:10
17260,completed,2025-04-01 07:45
17261,completed,2025-02-19 04:53
17262,completed,2025-05-21 14:20
17263,completed,2025-06-04 08:12
17264,completed,2025-09-29 12:59
17265,completed,2025-11-21 21:04
17266,completed,2025-06-23 17:41
17267,completed,2025-09-28 09:00
17268,completed,2025-08-16 01:50
17269,completed,2025-06-19 11:08
17270,completed,2025-10-26 15:34
17271,completed,2025-01-07 05:38
17272,completed,2025-06-18 07:47
17273,completed,2025-04-25 10:14
17274,completed,2025-10-03 23:26
17275,completed,2025-08-29 23:07
17276,completed,2025-07-13 16:16
17277,completed,2025-03-06 21:06
17278,completed,2025-09-22 23:59
17279,completed,2025-01-05 08:02
17280,completed,2025-01-28 22:58
17281,completed,2025-10-17 00:50
17282,completed,2024-12-26 13:26
17283,completed,2025-02-14 13:40
17284,completed,2025-07-25 14:29
17285,completed,2025-03-16 07:55
17286,completed,2024-12-28 10:24
17287,completed,2025-09-23 23:11
17288,completed,2025-04-21 11:53
17289,completed,2025-05-18 03:50
17290,completed,2024-12-19 20:55
17291,completed,2025-07-28 19:01
17292,completed,2025-12-06 13:47
17293,completed,2025-10-31 04:04
17294,completed,2024-12-16 23:22
17295,completed,2025-06-22 17:00
17296,completed,2025-11-06 23:31
17297,completed,2025-10-06 14:45
17298,completed,2025-04-09 15:23
17299,completed,2025-03-25 15:00
17300,completed,2025-07-23 12:20
17301,completed,2025-01-25 14:54
17302,completed,2025-02-20 20:27
17303,completed,2025-06-06 06:21
17304,completed,2025-03-22 13:00
17305,completed,2025-11-18 14:10
17306,completed,2025-07-02 17:56
17307,completed,2025-10-14 13:56
17308,completed,2025-07-16 15:50
17309,completed,2025-10-23 22:34
17310,completed,2025-01-23 23:31
17311,completed,2025-08-11 02:54
17312,completed,2024-12-26 16:13
17313,completed,2025-08-26 03:30
17314,completed,2025-01-03 05:33
17315,completed,2025-10-27 02:34
17316,completed,2025-08-19 19:05
17317,completed,2025-06-23 23:12
17318,completed,2025-08-23 07:50
17319,completed,2025-01-20 19:57
17320,completed,2025-10-12 23:58
17321,completed,2025-11-06 12:08
17322,completed,2025-04-29 06:02
17323,completed,2025-07-31 14:30
17324,completed,2025-06-15 16:05
17325,completed,2025-04-29 22:42
17326,completed,2025-03-22 09:13
17327,completed,2025-03-26 02:33
17328,completed,2025-10-31 06:19
17329,completed,2025-01-20 10:13
17330,completed,2024-12-29 06:16
17331,completed,2025-03-12 15:26
17332,completed,2025-11-12 20:33
17333,completed,2025-12-03 02:22
17334,completed,2025-06-11 08:16
17335,completed,2025-11-26 10:44
17336,completed,2025-06-02 20:22
17337,completed,2025-04-07 10:19
17338,completed,2025-08-02 00:40
17339,completed,2025-06-20 06:21
17340,completed,2025-01-18 19:40
17341,completed,2025-08-03 19:19
17342,completed,2025-11-21 22:34
17343,completed,2024-12-21 14:50
17344,completed,2025-07-03 21:45
17345,completed,2025-05-20 01:35
17346,completed,2025-05-21 05:45
17347,completed,2025-11-20 00:09
17348,completed,2025-08-22 09:36
17349,completed,2025-03-01 19:55
17350,completed,2025-07-21 22:14
17351,completed,2025-07-23 10:25
17352,completed,2025-07-10 01:55
17353,completed,2025-05-21 00:36
17354,completed,2025-10-03 17:20
17355,completed,2025-07-05 11:36
17356,completed,2025-11-21 21:55
17357,completed,2025-11-14 23:08
17358,completed,2025-08-02 07:17
17359,completed,2024-12-16 12:41
17360,completed,2025-10-06 15:05
17361,completed,2025-04-25 11:47
17362,completed,2024-12-17 02:20
17363,completed,2025-12-03 01:03
17364,completed,2025-01-17 15:19
17365,completed,2025-12-01 12:12
17366,completed,2025-11-17 19:06
17367,completed,2025-05-27 12:59
17368,completed,2025-07-25 22:56
17369,completed,2025-10-04 00:39
17370,completed,2025-12-01 23:06
17371,completed,2025-09-22 16:40
17372,completed,2025-02-22 11:21
17373,completed,2025-06-15 04:47
17374,completed,2024-12-27 15:53
17375,completed,2024-12-10 23:41
17376,completed,2025-01-25 22:58
17377,completed,2025-02-03 10:47
17378,completed,2025-08-21 04:05
17379,completed,2025-11-24 06:01
17380,completed,2025-08-01 15:13
17381,completed,2025-09-30 00:22
17382,completed,2025-06-02 03:12
17383,completed,2025-11-17 00:54
17384,completed,2025-11-26 10:05
17385,completed,2025-11-20 15:13
17386,completed,2025-11-08 07:05
17387,completed,2025-03-27 06:37
17388,completed,2025-01-05 21:03
17389,completed,2025-07-07 14:08
17390,completed,2025-03-09 23:16
17391,completed,2025-09-06 22:58
17392,completed,2025-03-29 03:01
17393,completed,2025-01-11 03:53
17394,completed,2025-01-07 12:34
17395,completed,2025-07-21 15:55
17396,completed,2025-07-31 10:20
17397,completed,2025-02-14 07:10
17398,completed,2025-09-26 22:07
17399,completed,2025-10-22 03:21
17400,completed,2025-07-04 04:18
17401,completed,2025-11-30 06:03
17402,completed,2025-12-02 14:48
17403,completed,2025-11-26 23:37
17404,completed,2025-08-22 06:31
17405,completed,2025-10-18 07:55
17406,completed,2025-10-24 03:23
17407,completed,2024-12-11 04:28
17408,completed,2025-11-17 03:28
17409,completed,2025-09-13 05:46
17410,completed,2025-02-15 19:18
17411,completed,2025-06-28 07:09
17412,completed,2025-02-03 00:28
17413,completed,2025-01-17 07:08
17414,completed,2025-07-26 15:53
17415,completed,2025-12-06 20:41
17416,completed,2025-11-01 05:25
17417,completed,2025-06-25 08:48
17418,completed,2025-11-04 00:16
17419,completed,2025-10-26 14:47
17420,completed,2025-12-06 16:13
17421,completed,2025-10-21 15:04
17422,completed,2025-04-21 17:59
17423,completed,2025-03-19 19:00
17424,completed,2025-09-16 08:59
17425,completed,2025-05-22 13:39
17426,completed,2025-02-18 09:06
17427,completed,2025-01-21 19:51
17428,completed,2025-06-14 21:50
17429,completed,2025-12-05 12:29
17430,completed,2025-07-03 17:15
17431,completed,2025-05-18 19:02
17432,completed,2025-07-17 20:05
17433,completed,2024-12-14 19:03
17434,completed,2025-05-08 11:04
17435,completed,2025-02-03 10:02
17436,completed,2025-05-10 03:59
17437,completed,2025-07-20 15:23
17438,completed,2025-01-13 06:07
17439,completed,2025-06-19 03:00
17440,completed,2025-10-22 02:57
17441,completed,2025-07-30 15:06
17442,completed,2025-03-23 23:22
17443,completed,2025-01-06 12:20
17444,completed,2025-10-02 07:35
17445,completed,2025-09-23 08:17
17446,completed,2025-02-16 13:05
17447,completed,2025-09-03 06:22
17448,completed,2025-10-08 01:59
17449,completed,2025-06-14 18:38
17450,completed,2025-05-06 23:57
17451,completed,2025-03-13 20:01
17452,completed,2025-09-04 09:09
17453,completed,2025-06-17 12:17
17454,completed,2025-04-25 06:29
17455,completed,2025-06-01 04:23
17456,completed,2025-05-31 10:12
17457,completed,2025-02-19 15:01
17458,completed,2025-01-18 17:03
17459,completed,2025-03-04 07:42
17460,completed,2025-04-21 04:55
17461,completed,2025-09-03 16:54
17462,completed,2025-08-23 21:06
17463,completed,2025-04-10 22:25
17464,completed,2025-04-06 03:04
17465,completed,2025-02-16 15:26
17466,completed,2025-02-02 13:35
17467,completed,2025-03-18 05:24
17468,completed,2025-01-07 04:14
17469,completed,2025-10-01 09:21
17470,completed,2024-12-16 20:30
17471,completed,2025-04-01 14:35
17472,completed,2025-03-28 17:10
17473,completed,2024-12-18 16:08
17474,completed,2025-08-22 10:24
17475,completed,2025-04-26 21:31
17476,completed,2025-10-18 00:52
17477,completed,2025-08-21 16:57
17478,completed,2025-11-22 02:11
17479,completed,2025-01-29 16:57
17480,completed,2025-10-26 06:47
17481,completed,2025-03-05 10:24
17482,completed,2025-06-04 07:25
17483,completed,2025-01-07 11:14
17484,completed,2025-04-06 11:44
17485,completed,2025-11-23 21:37
17486,completed,2025-09-18 04:06
17487,completed,2025-10-18 14:26
17488,completed,2025-06-14 16:56
17489,completed,2025-07-11 16:38
17490,completed,2025-04-25 19:23
17491,completed,2025-04-30 15:53
17492,completed,2025-10-30 07:36
17493,completed,2025-09-20 17:20
17494,completed,2025-04-12 12:13
17495,completed,2025-04-20 03:38
17496,completed,2025-10-12 19:02
17497,completed,2025-09-14 00:49
17498,completed,2025-10-02 05:59
17499,completed,2024-12-20 18:16
17500,completed,2024-12-18 23:42
17501,completed,2025-04-12 23:20
17502,completed,2025-05-04 07:43
17503,completed,2025-06-07 08:18
17504,completed,2025-08-14 00:52
17505,completed,2025-04-20 22:57
17506,completed,2025-06-23 12:38
17507,completed,2025-10-16 05:21
17508,completed,2024-12-27 23:02
17509,completed,2025-08-03 16:11
17510,completed,2025-03-07 18:44
17511,completed,2024-12-23 02:48
17512,completed,2025-02-21 14:39
17513,completed,2025-11-27 07:58
17514,completed,2025-05-23 20:24
17515,completed,2025-11-03 03:58
17516,completed,2025-02-01 13:48
17517,completed,2025-07-11 03:01
17518,completed,2025-11-22 02:13
17519,completed,2025-01-26 23:13
17520,completed,2025-10-25 06:18
17521,completed,2024-12-24 21:40
17522,completed,2025-07-01 14:32
17523,completed,2025-09-19 05:28
17524,completed,2025-05-16 18:50
17525,completed,2025-03-05 17:52
17526,completed,2025-08-29 23:12
17527,completed,2025-02-05 09:08
17528,completed,2025-05-05 12:54
17529,completed,2025-03-28 09:11
17530,completed,2024-12-11 21:24
17531,completed,2025-01-09 12:48
17532,completed,2025-02-08 20:29
17533,completed,2025-10-25 16:28
17534,completed,2025-07-04 07:40
17535,completed,2025-03-27 21:47
17536,completed,2025-04-17 15:15
17537,completed,2025-11-02 12:29
17538,completed,2025-08-11 22:57
17539,completed,2025-12-03 08:44
17540,completed,2025-10-07 21:45
17541,completed,2025-07-26 17:19
17542,completed,2025-08-20 09:15
17543,completed,2025-04-02 03:17
17544,completed,2025-08-02 22:56
17545,completed,2025-08-26 15:31
17546,completed,2025-02-19 15:02
17547,completed,2025-02-25 06:22
17548,completed,2025-01-26 19:42
17549,completed,2025-11-18 22:31
17550,completed,2025-10-06 09:09
17551,completed,2025-11-21 21:42
17552,completed,2025-10-02 22:54
17553,completed,2025-08-05 15:18
17554,completed,2025-05-12 09:15
17555,completed,2025-08-16 06:12
17556,completed,2025-10-14 18:59
17557,completed,2025-11-25 05:38
17558,completed,2024-12-13 01:22
17559,completed,2025-06-20 15:48
17560,completed,2025-06-25 16:21
17561,completed,2025-02-08 10:30
17562,completed,2025-04-20 15:52
17563,completed,2025-05-31 18:04
17564,completed,2025-03-27 09:45
17565,completed,2025-09-21 20:41
17566,completed,2025-11-15 08:55
17567,completed,2025-03-28 09:17
17568,completed,2025-09-20 09:11
17569,completed,2025-04-05 10:14
17570,completed,2025-07-09 20:09
17571,completed,2025-09-09 21:07
17572,completed,2025-01-09 12:57
17573,completed,2025-01-29 19:06
17574,completed,2025-04-21 06:19
17575,completed,2025-01-09 07:20
17576,completed,2025-07-12 01:06
17577,completed,2025-06-13 01:42
17578,completed,2025-07-13 05:52
17579,completed,2025-07-30 13:48
17580,completed,2025-10-30 19:29
17581,completed,2025-08-14 08:49
17582,completed,2025-02-28 00:59
17583,completed,2025-04-13 12:28
17584,completed,2025-08-12 20:26
17585,completed,2025-05-02 09:35
17586,completed,2025-08-18 10:54
17587,completed,2024-12-25 23:55
17588,completed,2025-03-25 19:07
17589,completed,2025-11-25 09:18
17590,completed,2025-02-13 11:45
17591,completed,2025-11-30 14:57
17592,completed,2025-04-23 12:10
17593,completed,2025-12-03 22:11
17594,completed,2025-01-07 04:48
17595,completed,2025-09-23 18:55
17596,completed,2024-12-26 05:50
17597,completed,2025-02-01 09:02
17598,completed,2025-06-22 20:00
17599,completed,2025-11-22 03:57
17600,completed,2025-03-21 21:24
17601,completed,2025-12-04 22:26
17602,completed,2025-11-11 19:35
17603,completed,2025-09-15 01:36
17604,completed,2025-10-16 05:45
17605,completed,2025-03-13 02:04
17606,completed,2025-04-09 02:47
17607,completed,2025-11-13 21:42
17608,completed,2025-09-08 01:50
17609,completed,2025-05-25 06:17
17610,completed,2025-06-20 03:56
17611,completed,2025-12-04 03:27
17612,completed,2025-01-24 07:58
17613,completed,2025-08-29 04:16
17614,completed,2025-01-24 04:16
17615,completed,2025-06-03 05:24
17616,completed,2025-05-16 11:49
17617,completed,2025-04-24 18:42
17618,completed,2025-11-23 15:54
17619,completed,2025-06-22 14:36
17620,completed,2025-10-08 20:51
17621,completed,2025-12-02 18:53
17622,completed,2025-09-15 06:02
17623,completed,2024-12-08 20:55
17624,completed,2025-05-04 05:51
17625,completed,2025-02-06 01:06
17626,completed,2025-06-24 17:29
17627,completed,2025-04-08 21:35
17628,completed,2025-01-31 16:12
17629,completed,2025-05-21 07:50
17630,completed,2025-06-29 01:00
17631,completed,2025-02-08 16:17
17632,completed,2025-09-29 21:10
17633,completed,2025-02-17 08:45
17634,completed,2025-11-07 15:36
17635,completed,2025-04-23 01:37
17636,completed,2025-04-09 01:16
17637,completed,2025-04-20 05:28
17638,completed,2025-05-11 22:52
17639,completed,2025-07-02 07:09
17640,completed,2025-06-04 08:14
17641,completed,2025-06-14 05:54
17642,completed,2025-06-07 14:58
17643,completed,2025-11-28 02:46
17644,completed,2025-06-21 05:30
17645,completed,2025-06-18 21:49
17646,completed,2025-09-16 08:41
17647,completed,2025-03-15 09:00
17648,completed,2025-10-26 09:23
17649,completed,2025-07-01 05:45
17650,completed,2025-11-24 19:17
17651,completed,2025-08-15 10:26
17652,completed,2025-06-16 02:48
17653,completed,2025-02-25 09:07
17654,completed,2025-02-13 04:59
17655,completed,2025-06-23 19:57
17656,completed,2025-02-25 18:38
17657,completed,2025-12-03 00:22
17658,completed,2025-11-04 09:17
17659,completed,2025-05-30 19:02
17660,completed,2025-11-05 03:23
17661,completed,2025-09-23 23:25
17662,completed,2024-12-11 09:59
17663,completed,2025-09-21 00:00
17664,completed,2025-05-22 17:27
17665,completed,2025-10-28 09:47
17666,completed,2025-01-21 10:22
17667,completed,2025-05-23 13:41
17668,completed,2025-11-17 03:55
17669,completed,2025-10-20 07:05
17670,completed,2025-08-01 02:37
17671,completed,2025-05-17 17:26
17672,completed,2025-04-08 21:45
17673,completed,2025-04-27 09:39
17674,completed,2025-09-19 14:55
17675,completed,2025-04-19 08:34
17676,completed,2025-11-04 08:53
17677,completed,2025-04-16 01:30
17678,completed,2025-02-28 01:26
17679,completed,2025-10-31 07:18
17680,completed,2025-08-03 10:18
17681,completed,2025-09-01 12:39
17682,completed,2025-01-08 11:28
17683,completed,2025-03-07 13:48
17684,completed,2025-08-13 18:09
17685,completed,2025-07-12 16:02
17686,completed,2025-07-09 08:57
17687,completed,2025-05-15 02:51
17688,completed,2025-09-23 20:12
17689,completed,2025-08-31 05:36
17690,completed,2025-03-07 05:40
17691,completed,2025-06-17 13:28
17692,completed,2025-04-11 05:55
17693,completed,2025-08-12 17:12
17694,completed,2025-06-25 19:55
17695,completed,2025-11-23 06:36
17696,completed,2025-04-26 22:31
17697,completed,2025-06-01 14:35
17698,completed,2025-03-25 10:24
17699,completed,2025-07-26 06:36
17700,completed,2025-05-25 07:40
17701,completed,2025-06-24 10:40
17702,completed,2025-04-25 23:08
17703,completed,2025-07-24 18:51
17704,completed,2025-01-13 02:09
17705,completed,2025-10-10 04:24
17706,completed,2024-12-17 13:51
17707,completed,2025-02-23 08:26
17708,completed,2025-03-08 02:07
17709,completed,2025-07-09 15:44
17710,completed,2025-06-20 19:27
17711,completed,2024-12-23 07:06
17712,completed,2025-01-08 15:19
17713,completed,2025-02-15 17:12
17714,completed,2025-09-13 02:26
17715,completed,2025-03-18 22:50
17716,completed,2024-12-15 07:01
17717,completed,2025-05-06 19:50
17718,completed,2025-04-17 02:54
17719,completed,2025-04-29 21:20
17720,completed,2024-12-25 05:35
17721,completed,2025-08-15 08:09
17722,completed,2025-06-03 11:55
17723,completed,2025-11-05 16:29
17724,completed,2025-02-09 18:24
17725,completed,2025-06-08 14:14
17726,completed,2025-10-27 09:50
17727,completed,2025-03-12 23:26
17728,completed,2025-04-06 23:09
17729,completed,2025-06-25 16:38
17730,completed,2025-08-17 11:56
17731,completed,2025-09-22 01:54
17732,completed,2025-02-09 08:30
17733,completed,2025-04-27 11:51
17734,completed,2025-12-04 03:01
17735,completed,2025-02-26 22:11
17736,completed,2025-04-10 21:02
17737,completed,2024-12-24 09:16
17738,completed,2025-09-07 15:49
17739,completed,2025-07-12 01:01
17740,completed,2025-02-08 00:50
17741,completed,2025-09-12 08:53
17742,completed,2025-10-14 01:40
17743,completed,2025-07-26 22:00
17744,completed,2024-12-24 16:59
17745,completed,2025-11-23 02:29
17746,completed,2025-05-31 02:43
17747,completed,2025-04-09 01:27
17748,completed,2025-11-14 03:14
17749,completed,2025-04-08 01:08
17750,completed,2025-08-31 21:25
17751,completed,2025-08-29 06:58
17752,completed,2025-04-30 04:42
17753,completed,2025-08-14 06:09
17754,completed,2025-11-17 04:29
17755,completed,2025-04-27 19:57
17756,completed,2025-08-15 20:10
17757,completed,2025-05-29 09:21
17758,completed,2025-08-26 00:22
17759,completed,2025-11-28 17:26
17760,completed,2025-06-23 00:04
17761,completed,2025-11-12 20:58
17762,completed,2025-10-19 06:50
17763,completed,2025-04-06 20:22
17764,completed,2025-09-15 00:50
17765,completed,2025-07-18 09:34
17766,completed,2025-01-14 19:15
17767,completed,2025-10-31 23:51
17768,completed,2025-02-19 02:28
17769,completed,2025-09-26 06:18
17770,completed,2025-05-08 11:58
17771,completed,2025-11-03 20:34
17772,completed,2025-08-10 10:09
17773,completed,2025-01-07 03:09
17774,completed,2025-07-26 14:23
17775,completed,2025-09-07 08:10
17776,completed,2025-01-29 12:59
17777,completed,2025-11-09 05:05
17778,completed,2025-12-04 02:40
17779,completed,2025-03-06 06:21
17780,completed,2025-06-10 23:25
17781,completed,2025-10-31 12:07
17782,completed,2025-07-10 01:58
17783,completed,2025-04-08 23:41
17784,completed,2025-06-04 00:22
17785,completed,2025-03-07 16:55
17786,completed,2025-06-17 07:38
17787,completed,2025-09-29 18:18
17788,completed,2025-11-01 09:53
17789,completed,2025-03-15 23:22
17790,completed,2025-09-03 22:45
17791,completed,2024-12-16 00:08
17792,completed,2025-04-16 02:30
17793,completed,2025-01-04 11:49
17794,completed,2025-07-22 00:19
17795,completed,2025-01-22 17:10
17796,completed,2025-09-24 04:32
17797,completed,2025-03-13 06:23
17798,completed,2025-03-26 14:32
17799,completed,2025-01-02 16:19
17800,completed,2024-12-22 14:14
17801,completed,2025-07-13 02:02
17802,completed,2025-07-08 14:59
17803,completed,2025-07-31 16:17
17804,completed,2025-05-27 12:17
17805,completed,2025-08-10 10:47
17806,completed,2025-11-21 23:12
17807,completed,2025-07-24 15:26
17808,completed,2025-01-02 04:01
17809,completed,2025-08-25 14:38
17810,completed,2025-02-15 21:03
17811,completed,2025-06-24 03:35
17812,completed,2025-08-08 19:24
17813,completed,2025-02-23 04:30
17814,completed,2025-03-15 11:58
17815,completed,2025-05-22 07:25
17816,completed,2025-02-13 12:44
17817,completed,2024-12-28 06:51
17818,completed,2025-09-19 10:11
17819,completed,2025-08-12 00:46
17820,completed,2025-11-20 00:25
17821,completed,2025-04-03 07:56
17822,completed,2025-10-07 02:29
17823,completed,2025-09-11 05:53
17824,completed,2025-04-27 16:53
17825,completed,2025-07-15 19:12
17826,completed,2025-07-02 23:13
17827,completed,2025-11-11 07:17
17828,completed,2025-06-24 06:39
17829,completed,2025-07-04 06:46
17830,completed,2025-02-28 04:51
17831,completed,2025-12-05 13:17
17832,completed,2025-11-07 03:50
17833,completed,2025-04-08 16:49
17834,completed,2025-01-31 18:32
17835,completed,2025-04-01 03:28
17836,completed,2025-09-11 05:05
17837,completed,2025-04-14 10:23
17838,completed,2025-02-27 19:21
17839,completed,2025-10-23 04:01
17840,completed,2025-03-01 09:06
17841,completed,2025-06-17 06:04
17842,completed,2025-12-05 20:42
17843,completed,2025-12-01 10:10
17844,completed,2025-02-26 19:05
17845,completed,2025-04-18 18:05
17846,completed,2025-11-10 18:30
17847,completed,2025-05-26 13:38
17848,completed,2025-04-02 14:11
17849,completed,2025-08-26 00:14
17850,completed,2025-06-21 07:50
17851,completed,2025-09-05 09:36
17852,completed,2025-01-10 04:06
17853,completed,2025-04-02 10:37
17854,completed,2025-09-24 20:12
17855,completed,2025-01-05 05:47
17856,completed,2025-07-12 12:20
17857,completed,2025-05-07 09:46
17858,completed,2025-01-14 09:05
17859,completed,2025-01-12 23:31
17860,completed,2025-01-12 19:02
17861,completed,2025-01-12 11:05
17862,completed,2025-08-17 17:32
17863,completed,2025-01-14 04:29
17864,completed,2025-05-08 18:15
17865,completed,2025-06-21 16:23
17866,completed,2025-08-09 05:29
17867,completed,2025-11-03 02:06
17868,completed,2025-06-24 13:15
17869,completed,2025-09-16 22:58
17870,completed,2025-05-05 11:18
17871,completed,2024-12-22 10:30
17872,completed,2025-07-22 16:30
17873,completed,2025-02-04 16:24
17874,completed,2025-07-26 08:51
17875,completed,2025-11-22 16:47
17876,completed,2025-05-20 09:36
17877,completed,2025-03-03 03:46
17878,completed,2025-04-22 04:31
17879,completed,2025-01-27 17:35
17880,completed,2025-11-16 13:15
17881,completed,2025-03-21 16:36
17882,completed,2025-04-30 12:49
17883,completed,2025-01-06 17:33
17884,completed,2025-03-12 12:33
17885,completed,2025-07-21 09:01
17886,completed,2025-01-08 06:56
17887,completed,2024-12-18 20:19
17888,completed,2025-06-23 17:38
17889,completed,2025-05-08 19:18
17890,completed,2025-09-28 04:40
17891,completed,2025-05-22 14:35
17892,completed,2025-01-04 11:44
17893,completed,2025-02-03 17:20
17894,completed,2025-11-01 14:45
17895,completed,2025-10-08 07:25
17896,completed,2025-10-26 22:19
17897,completed,2025-03-31 01:14
17898,completed,2025-08-25 07:25
17899,completed,2025-09-01 14:49
17900,completed,2025-05-09 13:01
17901,completed,2025-07-08 20:37
17902,completed,2025-04-13 08:08
17903,completed,2024-12-19 14:06
17904,completed,2025-10-22 12:53
17905,completed,2025-04-10 10:37
17906,completed,2025-08-24 02:57
17907,completed,2025-06-28 06:51
17908,completed,2024-12-19 10:06
17909,completed,2025-06-27 20:24
17910,completed,2025-02-19 03:08
17911,completed,2025-09-13 04:56
17912,completed,2025-09-24 12:03
17913,completed,2025-06-02 00:58
17914,completed,2025-01-16 17:22
17915,completed,2025-09-06 05:55
17916,completed,2025-03-23 11:18
17917,completed,2025-09-07 19:32
17918,completed,2025-05-18 05:03
17919,completed,2025-01-29 09:25
17920,completed,2025-08-01 00:40
17921,completed,2025-01-25 15:25
17922,completed,2025-09-02 10:46
17923,completed,2025-07-04 17:50
17924,completed,2025-05-25 14:11
17925,completed,2025-04-09 00:13
17926,completed,2025-08-27 02:48
17927,completed,2025-09-12 12:00
17928,completed,2025-10-18 23:17
17929,completed,2024-12-26 12:17
17930,completed,2025-07-20 00:51
17931,completed,2025-11-17 23:10
17932,completed,2025-01-09 21:45
17933,completed,2025-03-12 19:55
17934,completed,2025-01-04 08:36
17935,completed,2025-09-06 00:38
17936,completed,2025-01-07 20:33
17937,completed,2024-12-29 10:07
17938,completed,2024-12-24 19:59
17939,completed,2025-02-16 05:59
17940,completed,2025-02-07 06:00
17941,completed,2025-10-29 05:23
17942,completed,2025-02-03 01:51
17943,completed,2025-06-13 23:58
17944,completed,2025-04-03 18:42
17945,completed,2025-02-20 09:40
17946,completed,2025-07-07 14:21
17947,completed,2025-07-23 13:49
17948,completed,2025-05-31 09:48
17949,completed,2025-08-18 06:52
17950,completed,2025-07-06 22:02
17951,completed,2025-02-15 05:15
17952,completed,2025-01-21 18:13
17953,completed,2025-04-29 08:02
17954,completed,2025-09-11 04:38
17955,completed,2025-05-20 23:38
17956,completed,2025-08-09 14:19
17957,completed,2025-09-16 15:44
17958,completed,2025-12-02 19:14
17959,completed,2025-02-26 01:20
17960,completed,2025-02-15 04:45
17961,completed,2025-03-23 18:20
17962,completed,2025-11-15 07:01
17963,completed,2025-03-14 20:48
17964,completed,2024-12-15 19:09
17965,completed,2025-02-06 04:25
17966,completed,2025-09-13 16:31
17967,completed,2025-08-08 03:46
17968,completed,2025-01-06 08:29
17969,completed,2025-11-10 15:53
17970,completed,2024-12-23 06:33
17971,completed,2025-02-17 03:14
17972,completed,2025-12-01 17:38
17973,completed,2025-07-03 03:10
17974,completed,2025-01-09 07:27
17975,completed,2024-12-22 14:57
17976,completed,2024-12-08 09:40
17977,completed,2025-02-02 07:05
17978,completed,2025-10-19 14:40
17979,completed,2025-07-19 18:56
17980,completed,2025-06-17 21:46
17981,completed,2025-10-18 15:34
17982,completed,2025-03-17 18:49
17983,completed,2025-07-28 18:25
17984,completed,2025-07-04 13:37
17985,completed,2025-07-06 00:12
17986,completed,2025-08-09 20:23
17987,completed,2025-06-24 05:47
17988,completed,2025-08-20 04:56
17989,completed,2024-12-09 09:19
17990,completed,2025-07-23 11:44
17991,completed,2025-10-02 01:07
17992,completed,2025-01-29 14:39
17993,completed,2025-08-20 18:48
17994,completed,2025-06-07 20:39
17995,completed,2025-04-26 03:00
17996,completed,2025-04-07 03:13
17997,completed,2025-08-29 12:31
17998,completed,2025-03-04 05:31
17999,completed,2025-10-01 16:22
18000,completed,2025-07-08 09:37
18001,completed,2025-08-02 13:02
18002,completed,2025-09-24 17:49
18003,completed,2025-07-28 21:22
18004,completed,2025-08-19 23:47
18005,completed,2025-08-06 13:36
18006,completed,2025-06-03 05:34
18007,completed,2025-11-12 07:06
18008,completed,2025-03-13 12:46
18009,completed,2025-06-20 13:37
18010,completed,2025-09-23 09:03
18011,completed,2025-01-10 17:32
18012,completed,2025-04-21 01:21
18013,completed,2025-06-04 17:23
18014,completed,2025-05-05 19:12
18015,completed,2025-11-15 21:59
18016,completed,2025-04-01 08:20
18017,completed,2025-10-31 08:57
18018,completed,2025-03-09 18:14
18019,completed,2025-05-06 17:51
18020,completed,2025-03-05 11:45
18021,completed,2025-02-24 06:00
18022,completed,2025-06-14 17:05
18023,completed,2025-10-08 01:41
18024,completed,2025-05-30 17:23
18025,completed,2025-11-20 00:03
18026,completed,2025-09-18 02:06
18027,completed,2025-06-20 21:21
18028,completed,2025-06-27 00:40
18029,completed,2025-07-30 19:42
18030,completed,2025-10-16 11:14
18031,completed,2025-04-30 16:41
18032,completed,2025-02-07 17:03
18033,completed,2025-02-07 00:54
18034,completed,2025-05-19 01:12
18035,completed,2025-11-21 01:42
18036,completed,2025-01-22 14:21
18037,completed,2025-03-21 20:25
18038,completed,2025-11-25 10:22
18039,completed,2025-03-04 04:46
18040,completed,2025-02-21 00:20
18041,completed,2025-10-19 05:24
18042,completed,2025-09-04 22:00
18043,completed,2025-02-10 03:52
18044,completed,2025-07-13 20:51
18045,completed,2025-11-27 21:40
18046,completed,2025-05-22 16:51
18047,completed,2025-10-12 12:16
18048,completed,2025-08-02 22:38
18049,completed,2025-11-18 01:38
18050,completed,2025-07-14 21:06
18051,completed,2025-11-02 03:06
18052,completed,2025-11-30 02:13
18053,completed,2025-06-11 05:30
18054,completed,2025-09-20 08:31
18055,completed,2025-05-08 16:14
18056,completed,2025-11-05 19:07
18057,completed,2025-10-01 20:41
18058,completed,2024-12-31 21:51
18059,completed,2025-04-29 21:45
18060,completed,2025-10-22 01:49
18061,completed,2024-12-07 23:01
18062,completed,2025-06-29 00:21
18063,completed,2025-05-12 14:32
18064,completed,2025-01-11 15:58
18065,completed,2025-08-04 17:57
18066,completed,2025-06-22 21:40
18067,completed,2025-03-12 20:22
18068,completed,2025-03-31 03:12
18069,completed,2025-04-29 05:25
18070,completed,2025-02-16 15:06
18071,completed,2025-08-04 17:30
18072,completed,2025-06-07 08:53
18073,completed,2025-02-18 11:46
18074,completed,2025-07-25 08:08
18075,completed,2025-11-28 03:49
18076,completed,2025-01-04 21:45
18077,completed,2024-12-23 15:39
18078,completed,2025-09-26 12:42
18079,completed,2025-08-07 22:41
18080,completed,2025-10-20 02:25
18081,completed,2025-03-06 09:36
18082,completed,2025-11-16 18:17
18083,completed,2025-08-02 14:44
18084,completed,2025-02-12 19:27
18085,completed,2025-11-11 10:46
18086,completed,2025-03-27 02:51
18087,completed,2025-05-17 12:07
18088,completed,2024-12-26 04:02
18089,completed,2025-06-29 06:14
18090,completed,2025-10-14 11:28
18091,completed,2025-10-13 19:17
18092,completed,2025-04-28 17:17
18093,completed,2025-03-09 06:10
18094,completed,2025-10-22 05:48
18095,completed,2025-08-04 03:23
18096,completed,2025-05-08 15:50
18097,completed,2025-01-24 12:22
18098,completed,2025-01-22 17:39
18099,completed,2025-11-13 22:07
18100,completed,2025-10-04 08:05
18101,completed,2024-12-16 07:52
18102,completed,2025-09-03 06:00
18103,completed,2024-12-25 17:26
18104,completed,2025-12-01 01:54
18105,completed,2025-05-15 07:08
18106,completed,2025-04-28 23:32
18107,completed,2025-04-01 22:28
18108,completed,2025-03-05 19:52
18109,completed,2025-04-04 05:54
18110,completed,2025-10-14 02:02
18111,completed,2025-03-18 07:31
18112,completed,2025-07-09 05:31
18113,completed,2025-07-14 16:12
18114,completed,2025-06-06 03:40
18115,completed,2025-08-18 11:02
18116,completed,2025-06-13 01:07
18117,completed,2025-10-15 11:42
18118,completed,2025-05-28 05:53
18119,completed,2025-09-29 04:08
18120,completed,2024-12-10 11:11
18121,completed,2025-10-24 13:41
18122,completed,2025-06-18 06:35
18123,completed,2025-10-19 15:11
18124,completed,2025-06-27 01:08
18125,completed,2025-02-19 04:47
18126,completed,2025-04-03 04:18
18127,completed,2025-05-27 13:54
18128,completed,2025-06-27 07:08
18129,completed,2025-03-11 12:04
18130,completed,2025-08-20 08:36
18131,completed,2025-06-27 11:58
18132,completed,2025-11-30 18:30
18133,completed,2025-08-02 00:25
18134,completed,2025-11-27 11:42
18135,completed,2025-10-15 03:43
18136,completed,2025-07-31 19:02
18137,completed,2025-08-02 19:56
18138,completed,2025-10-07 13:43
18139,completed,2025-07-22 01:59
18140,completed,2025-06-09 13:43
18141,completed,2025-02-11 13:10
18142,completed,2025-09-03 04:13
18143,completed,2025-04-04 01:47
18144,completed,2025-02-24 09:58
18145,completed,2024-12-21 04:59
18146,completed,2025-02-14 12:57
18147,completed,2025-02-21 10:23
18148,completed,2025-09-03 15:56
18149,completed,2025-02-16 10:30
18150,completed,2025-06-07 18:49
18151,completed,2025-06-01 04:24
18152,completed,2024-12-16 21:54
18153,completed,2025-08-26 11:39
18154,completed,2025-09-21 22:31
18155,completed,2025-09-11 19:56
18156,completed,2025-02-04 12:52
18157,completed,2025-02-17 08:28
18158,completed,2024-12-16 19:15
18159,completed,2025-04-26 14:06
18160,completed,2025-07-07 10:57
18161,completed,2025-11-29 07:07
18162,completed,2025-10-30 21:42
18163,completed,2025-09-17 10:47
18164,completed,2025-02-04 17:10
18165,completed,2025-08-30 22:52
18166,completed,2025-10-26 12:15
18167,completed,2024-12-26 16:30
18168,completed,2025-09-04 00:41
18169,completed,2025-05-06 23:29
18170,completed,2025-11-25 11:17
18171,completed,2024-12-13 14:31
18172,completed,2025-01-18 17:11
18173,completed,2025-08-28 23:41
18174,completed,2025-04-15 08:13
18175,completed,2025-08-02 08:23
18176,completed,2025-10-27 09:58
18177,completed,2025-10-29 07:07
18178,completed,2025-10-24 00:25
18179,completed,2025-05-15 20:31
18180,completed,2025-02-21 10:03
18181,completed,2024-12-16 19:03
18182,completed,2025-06-08 09:10
18183,completed,2025-01-10 20:45
18184,completed,2024-12-16 02:15
18185,completed,2025-04-20 16:43
18186,completed,2025-08-07 19:22
18187,completed,2025-05-15 06:11
18188,completed,2025-04-25 09:02
18189,completed,2025-03-05 19:49
18190,completed,2025-02-23 19:23
18191,completed,2025-07-11 07:23
18192,completed,2025-05-08 02:58
18193,completed,2025-06-15 06:34
18194,completed,2025-10-17 22:27
18195,completed,2025-02-27 09:13
18196,completed,2025-01-05 07:44
18197,completed,2025-05-13 05:53
18198,completed,2025-08-18 16:06
18199,completed,2025-07-24 23:31
18200,completed,2025-08-12 11:29
18201,completed,2025-04-29 01:46
18202,completed,2025-09-11 10:19
18203,completed,2025-10-17 18:23
18204,completed,2025-09-23 16:43
18205,completed,2025-04-24 20:45
18206,completed,2024-12-25 21:24
18207,completed,2024-12-14 12:46
18208,completed,2024-12-09 16:18
18209,completed,2025-03-22 17:34
18210,completed,2025-01-16 13:39
18211,completed,2025-11-04 03:46
18212,completed,2025-06-08 23:57
18213,completed,2025-05-04 07:35
18214,completed,2025-05-25 04:07
18215,completed,2025-03-31 16:36
18216,completed,2024-12-25 20:32
18217,completed,2025-11-15 11:58
18218,completed,2025-02-17 01:13
18219,completed,2025-09-06 00:43
18220,completed,2025-11-24 22:29
18221,completed,2025-01-02 15:48
18222,completed,2025-02-03 05:22
18223,completed,2025-05-03 02:35
18224,completed,2025-06-13 12:23
18225,completed,2025-08-05 12:52
18226,completed,2025-06-30 20:04
18227,completed,2025-11-12 00:01
18228,completed,2025-09-01 13:36
18229,completed,2025-05-28 04:42
18230,completed,2025-09-09 01:58
18231,completed,2025-03-05 08:37
18232,completed,2025-11-03 18:07
18233,completed,2025-11-25 08:56
18234,completed,2025-07-04 03:09
18235,completed,2025-04-17 11:08
18236,completed,2025-06-07 05:40
18237,completed,2025-05-23 19:54
18238,completed,2025-05-01 04:10
18239,completed,2025-07-16 03:03
18240,completed,2025-07-11 19:13
18241,completed,2025-04-16 02:48
18242,completed,2024-12-22 20:00
18243,completed,2025-10-14 01:14
18244,completed,2025-08-28 04:08
18245,completed,2025-07-31 12:31
18246,completed,2025-09-10 15:09
18247,completed,2025-01-19 10:26
18248,completed,2025-10-21 19:18
18249,completed,2024-12-08 13:49
18250,completed,2025-09-08 11:53
18251,completed,2024-12-13 23:25
18252,completed,2025-01-13 10:57
18253,completed,2025-11-19 10:13
18254,completed,2025-10-28 18:55
18255,completed,2025-08-12 06:13
18256,completed,2025-04-19 12:16
18257,completed,2025-05-11 02:04
18258,completed,2025-08-09 04:11
18259,completed,2025-11-08 23:33
18260,completed,2025-04-22 04:33
18261,completed,2025-05-09 19:42
18262,completed,2025-01-14 12:02
18263,completed,2025-06-08 01:36
18264,completed,2025-01-08 21:49
18265,completed,2025-07-10 19:35
18266,completed,2025-03-02 02:22
18267,completed,2025-08-16 14:21
18268,completed,2025-08-23 11:04
18269,completed,2025-11-08 12:02
18270,completed,2025-09-21 17:41
18271,completed,2025-03-27 14:15
18272,completed,2025-07-09 21:32
18273,completed,2025-10-25 11:49
18274,completed,2025-09-17 10:24
18275,completed,2025-05-28 03:33
18276,completed,2025-10-20 19:32
18277,completed,2025-10-29 02:19
18278,completed,2025-10-17 10:06
18279,completed,2025-07-06 02:45
18280,completed,2025-04-12 02:31
18281,completed,2025-10-22 11:41
18282,completed,2024-12-17 14:07
18283,completed,2025-06-16 16:22
18284,completed,2025-11-17 21:33
18285,completed,2025-01-21 23:50
18286,completed,2024-12-28 20:52
18287,completed,2025-09-28 22:35
18288,completed,2025-01-22 07:36
18289,completed,2025-03-11 21:37
18290,completed,2025-09-18 18:02
18291,completed,2025-09-01 22:21
18292,completed,2024-12-29 21:08
18293,completed,2025-09-01 00:16
18294,completed,2025-10-28 18:29
18295,completed,2025-03-04 10:00
18296,completed,2024-12-27 21:32
18297,completed,2025-04-12 06:30
18298,completed,2024-12-27 02:18
18299,completed,2024-12-20 10:17
18300,completed,2025-06-11 11:52
18301,completed,2025-06-16 11:06
18302,completed,2025-08-21 04:31
18303,completed,2025-06-15 13:30
18304,completed,2025-05-21 08:33
18305,completed,2025-02-16 14:39
18306,completed,2025-04-23 11:19
18307,completed,2025-06-19 15:32
18308,completed,2024-12-15 03:48
18309,completed,2025-05-12 10:06
18310,completed,2025-09-05 21:42
18311,completed,2025-06-07 19:24
18312,completed,2025-07-21 01:45
18313,completed,2025-11-15 23:22
18314,completed,2025-10-12 22:01
18315,completed,2025-05-27 16:48
18316,completed,2025-01-17 18:09
18317,completed,2025-06-22 19:57
18318,completed,2025-10-15 03:30
18319,completed,2025-03-13 16:03
18320,completed,2025-03-06 21:00
18321,completed,2025-04-28 16:32
18322,completed,2025-02-03 22:32
18323,completed,2025-08-07 10:36
18324,completed,2025-01-22 10:19
18325,completed,2025-08-31 06:38
18326,completed,2025-02-13 11:56
18327,completed,2025-02-01 19:45
18328,completed,2025-03-08 23:47
18329,completed,2025-03-26 10:56
18330,completed,2025-03-17 12:27
18331,completed,2025-03-08 13:23
18332,completed,2025-03-25 22:21
18333,completed,2025-02-05 00:20
18334,completed,2025-06-15 12:31
18335,completed,2025-11-07 23:48
18336,completed,2025-11-12 01:14
18337,completed,2025-10-16 08:43
18338,completed,2025-02-16 19:46
18339,completed,2025-08-22 14:45
18340,completed,2025-04-18 08:57
18341,completed,2025-03-10 13:10
18342,completed,2025-03-04 01:14
18343,completed,2025-04-02 08:45
18344,completed,2025-09-13 00:12
18345,completed,2025-05-24 05:53
18346,completed,2025-01-19 22:11
18347,completed,2025-01-22 11:11
18348,completed,2025-11-02 08:46
18349,completed,2025-11-07 12:36
18350,completed,2025-02-04 04:16
18351,completed,2025-07-16 13:15
18352,completed,2025-06-15 11:42
18353,completed,2025-09-24 10:12
18354,completed,2025-03-10 16:29
18355,completed,2025-04-27 20:15
18356,completed,2025-06-20 17:07
18357,completed,2025-02-05 20:24
18358,completed,2025-11-15 13:17
18359,completed,2025-04-25 12:09
18360,completed,2025-10-18 21:06
18361,completed,2025-05-18 22:08
18362,completed,2025-01-08 10:00
18363,completed,2025-07-27 00:25
18364,completed,2025-10-04 06:18
18365,completed,2025-05-16 20:25
18366,completed,2025-01-22 11:45
18367,completed,2025-06-28 01:54
18368,completed,2024-12-12 06:30
18369,completed,2025-10-30 05:54
18370,completed,2025-04-27 02:34
18371,completed,2025-08-24 18:23
18372,completed,2025-10-05 11:04
18373,completed,2025-04-17 16:20
18374,completed,2025-03-15 05:32
18375,completed,2025-11-11 22:49
18376,completed,2024-12-20 23:50
18377,completed,2025-08-01 15:32
18378,completed,2025-01-19 01:51
18379,completed,2025-04-28 14:13
18380,completed,2025-02-12 13:02
18381,completed,2025-10-10 01:09
18382,completed,2025-07-05 12:30
18383,completed,2025-06-20 19:37
18384,completed,2024-12-13 05:29
18385,completed,2025-04-26 18:02
18386,completed,2024-12-14 05:12
18387,completed,2025-04-24 22:50
18388,completed,2025-05-10 18:06
18389,completed,2025-10-29 05:26
18390,completed,2025-02-17 01:00
18391,completed,2025-11-17 10:52
18392,completed,2025-03-20 22:51
18393,completed,2025-10-20 05:15
18394,completed,2025-06-14 03:44
18395,completed,2025-01-07 21:14
18396,completed,2025-02-22 17:29
18397,completed,2025-06-29 09:27
18398,completed,2025-02-21 10:08
18399,completed,2025-09-15 11:15
18400,completed,2025-07-31 18:15
18401,completed,2025-03-25 12:54
18402,completed,2025-07-10 12:14
18403,completed,2025-11-08 11:57
18404,completed,2025-05-18 21:24
18405,completed,2025-07-14 20:28
18406,completed,2024-12-27 00:30
18407,completed,2025-06-01 00:46
18408,completed,2025-10-22 13:14
18409,completed,2025-09-25 07:04
18410,completed,2025-11-07 21:06
18411,completed,2025-08-24 04:12
18412,completed,2025-04-18 00:07
18413,completed,2025-12-06 11:44
18414,completed,2025-02-26 04:39
18415,completed,2025-11-08 07:00
18416,completed,2025-06-08 22:30
18417,completed,2025-07-22 14:24
18418,completed,2025-04-09 19:26
18419,completed,2025-07-31 01:01
18420,completed,2025-01-15 14:38
18421,completed,2025-06-07 01:11
18422,completed,2025-11-20 02:32
18423,completed,2025-03-16 19:46
18424,completed,2025-06-01 19:36
18425,completed,2025-11-18 11:03
18426,completed,2025-08-04 21:04
18427,completed,2025-06-28 23:10
18428,completed,2025-09-28 10:48
18429,completed,2025-11-04 21:57
18430,completed,2025-04-09 03:34
18431,completed,2025-08-29 02:53
18432,completed,2025-10-18 13:26
18433,completed,2025-08-28 07:52
18434,completed,2025-09-02 04:41
18435,completed,2025-11-22 08:00
18436,completed,2025-02-18 21:43
18437,completed,2025-05-21 01:45
18438,completed,2025-06-03 01:33
18439,completed,2025-02-01 19:14
18440,completed,2025-01-04 04:56
18441,completed,2024-12-27 10:26
18442,completed,2025-11-15 23:29
18443,completed,2024-12-14 21:29
18444,completed,2025-10-16 05:08
18445,completed,2025-08-23 06:15
18446,completed,2025-02-20 03:56
18447,completed,2025-07-27 03:18
18448,completed,2025-03-27 05:13
18449,completed,2025-10-06 11:22
18450,completed,2025-01-04 16:29
18451,completed,2025-03-30 09:02
18452,completed,2025-11-04 09:44
18453,completed,2025-11-06 09:21
18454,completed,2025-08-11 14:24
18455,completed,2025-08-19 12:32
18456,completed,2025-06-04 11:31
18457,completed,2025-04-24 00:17
18458,completed,2025-06-16 17:28
18459,completed,2025-11-11 09:16
18460,completed,2025-03-31 04:44
18461,completed,2025-10-02 09:32
18462,completed,2025-06-03 03:58
18463,completed,2025-01-08 03:30
18464,completed,2025-01-01 14:01
18465,completed,2025-10-22 08:41
18466,completed,2025-05-21 08:37
18467,completed,2025-07-21 01:45
18468,completed,2025-07-25 04:39
18469,completed,2025-01-13 05:34
18470,completed,2025-05-07 18:15
18471,completed,2025-01-15 05:59
18472,completed,2025-01-06 22:56
18473,completed,2025-06-23 16:47
18474,completed,2024-12-10 05:49
18475,completed,2025-12-02 19:53
18476,completed,2025-08-13 17:39
18477,completed,2025-01-16 03:04
18478,completed,2025-06-09 19:35
18479,completed,2025-07-31 11:40
18480,completed,2025-07-07 11:07
18481,completed,2025-10-29 03:25
18482,completed,2024-12-14 05:19
18483,completed,2025-04-16 13:26
18484,completed,2025-09-04 01:55
18485,completed,2025-08-09 03:58
18486,completed,2025-07-17 09:06
18487,completed,2025-09-25 18:34
18488,completed,2025-04-02 10:34
18489,completed,2025-08-08 16:55
18490,completed,2025-01-20 08:55
18491,completed,2025-06-15 11:48
18492,completed,2025-11-10 13:42
18493,completed,2025-06-23 04:58
18494,completed,2025-05-16 04:27
18495,completed,2025-03-03 13:27
18496,completed,2025-05-09 03:31
18497,completed,2025-07-14 12:23
18498,completed,2025-05-01 08:39
18499,completed,2025-12-04 03:37
18500,completed,2024-12-27 09:36
18501,completed,2025-08-06 23:02
18502,completed,2025-06-11 20:29
18503,completed,2025-07-07 05:47
18504,completed,2025-04-06 18:22
18505,completed,2025-07-21 19:40
18506,completed,2025-06-05 09:57
18507,completed,2025-05-12 17:18
18508,completed,2025-05-31 02:44
18509,completed,2025-11-05 09:11
18510,completed,2025-07-15 00:18
18511,completed,2025-05-31 22:25
18512,completed,2025-09-27 00:13
18513,completed,2025-12-03 17:09
18514,completed,2025-11-11 19:01
18515,completed,2025-07-27 14:27
18516,completed,2025-06-18 18:55
18517,completed,2025-02-06 00:21
18518,completed,2025-06-13 23:23
18519,completed,2025-10-24 00:02
18520,completed,2025-03-30 01:40
18521,completed,2025-04-27 13:27
18522,completed,2025-11-22 07:09
18523,completed,2025-08-12 07:03
18524,completed,2025-05-15 04:41
18525,completed,2025-05-29 10:44
18526,completed,2025-05-01 19:19
18527,completed,2025-07-08 03:58
18528,completed,2025-06-25 06:30
18529,completed,2025-03-12 13:47
18530,completed,2025-04-25 15:13
18531,completed,2025-10-18 05:08
18532,completed,2025-06-30 04:46
18533,completed,2025-11-16 04:37
18534,completed,2025-01-07 06:30
18535,completed,2025-10-14 01:43
18536,completed,2025-04-12 05:22
18537,completed,2025-10-27 07:26
18538,completed,2025-05-22 17:22
18539,completed,2025-06-16 12:09
18540,completed,2025-03-20 06:48
18541,completed,2025-08-21 09:52
18542,completed,2024-12-14 19:59
18543,completed,2025-11-29 16:44
18544,completed,2025-10-22 04:22
18545,completed,2025-11-12 01:22
18546,completed,2025-07-23 09:45
18547,completed,2025-09-07 04:01
18548,completed,2025-04-23 06:20
18549,completed,2025-04-29 15:53
18550,completed,2025-06-08 13:16
18551,completed,2025-06-23 06:38
18552,completed,2024-12-15 10:11
18553,completed,2025-07-22 18:32
18554,completed,2025-05-16 11:35
18555,completed,2025-08-05 09:38
18556,completed,2025-04-22 01:10
18557,completed,2025-09-17 04:27
18558,completed,2025-10-01 05:34
18559,completed,2025-08-24 07:23
18560,completed,2025-03-30 14:57
18561,completed,2025-06-04 15:34
18562,completed,2025-07-29 23:44
18563,completed,2025-07-28 19:05
18564,completed,2025-05-10 07:37
18565,completed,2024-12-28 17:21
18566,completed,2025-11-17 17:55
18567,completed,2025-11-11 20:36
18568,completed,2025-09-16 15:29
18569,completed,2025-08-15 05:58
18570,completed,2025-04-15 10:44
18571,completed,2025-10-18 21:10
18572,completed,2025-09-18 15:50
18573,completed,2025-01-22 11:42
18574,completed,2025-10-20 10:45
18575,completed,2025-03-21 06:54
18576,completed,2024-12-15 06:04
18577,completed,2025-03-31 04:34
18578,completed,2025-01-31 18:11
18579,completed,2025-06-28 22:11
18580,completed,2025-04-30 15:16
18581,completed,2025-08-17 17:48
18582,completed,2025-07-28 14:34
18583,completed,2025-08-12 08:09
18584,completed,2025-09-02 15:15
18585,completed,2025-07-25 18:40
18586,completed,2025-09-01 09:09
18587,completed,2025-11-20 17:45
18588,completed,2025-11-16 19:53
18589,completed,2025-05-20 06:04
18590,completed,2025-01-19 00:00
18591,completed,2025-09-13 09:17
18592,completed,2025-03-27 17:06
18593,completed,2025-01-22 08:23
18594,completed,2025-03-22 18:08
18595,completed,2025-08-01 10:44
18596,completed,2025-07-03 02:13
18597,completed,2025-10-31 21:46
18598,completed,2025-07-18 20:15
18599,completed,2025-08-06 07:48
18600,completed,2025-02-26 20:15
18601,completed,2025-10-06 02:44
18602,completed,2025-07-20 15:00
18603,completed,2025-11-16 15:10
18604,completed,2025-08-01 22:03
18605,completed,2025-08-01 22:02
18606,completed,2025-03-27 04:51
18607,completed,2025-02-21 18:43
18608,completed,2025-04-21 15:38
18609,completed,2025-06-24 08:19
18610,completed,2025-09-01 13:11
18611,completed,2025-08-15 13:25
18612,completed,2025-08-30 16:10
18613,completed,2024-12-24 03:38
18614,completed,2024-12-26 21:29
18615,completed,2025-05-21 13:54
18616,completed,2025-10-02 14:23
18617,completed,2025-01-13 01:42
18618,completed,2025-04-19 15:02
18619,completed,2024-12-30 10:49
18620,completed,2025-07-07 19:43
18621,completed,2025-03-13 07:24
18622,completed,2025-05-26 06:19
18623,completed,2025-10-19 01:29
18624,completed,2025-10-20 05:20
18625,completed,2025-10-23 08:35
18626,completed,2025-03-16 07:38
18627,completed,2025-03-21 02:15
18628,completed,2025-01-16 21:31
18629,completed,2025-08-27 04:20
18630,completed,2025-04-21 14:56
18631,completed,2025-06-06 09:51
18632,completed,2025-06-24 10:06
18633,completed,2025-11-27 11:08
18634,completed,2025-11-24 12:28
18635,completed,2025-06-17 17:32
18636,completed,2025-09-09 18:18
18637,completed,2025-03-02 13:41
18638,completed,2025-06-12 11:50
18639,completed,2025-08-13 21:07
18640,completed,2025-03-22 21:41
18641,completed,2025-03-03 11:56
18642,completed,2025-11-03 08:09
18643,completed,2024-12-25 13:08
18644,completed,2025-05-25 00:07
18645,completed,2025-09-11 21:10
18646,completed,2025-01-10 22:14
18647,completed,2025-07-29 06:48
18648,completed,2025-06-08 00:30
18649,completed,2025-06-29 06:49
18650,completed,2025-02-14 20:57
18651,completed,2025-05-10 08:19
18652,completed,2025-06-03 09:19
18653,completed,2025-01-11 09:36
18654,completed,2025-07-13 10:25
18655,completed,2025-02-21 19:06
18656,completed,2025-07-18 22:01
18657,completed,2025-08-10 11:39
18658,completed,2025-08-29 13:44
18659,completed,2025-10-23 08:32
18660,completed,2025-09-18 04:50
18661,completed,2025-09-14 12:46
18662,completed,2025-02-14 07:19
18663,completed,2025-08-09 23:07
18664,completed,2024-12-14 05:57
18665,completed,2025-02-27 13:27
18666,completed,2025-09-08 13:51
18667,completed,2025-09-08 05:11
18668,completed,2025-05-26 13:13
18669,completed,2025-10-22 16:29
18670,completed,2025-06-06 06:25
18671,completed,2025-02-12 08:35
18672,completed,2025-05-07 23:59
18673,completed,2024-12-10 07:01
18674,completed,2025-02-10 08:28
18675,completed,2025-08-26 18:36
18676,completed,2025-07-02 13:59
18677,completed,2025-08-11 23:15
18678,completed,2025-06-10 21:57
18679,completed,2025-07-30 17:56
18680,completed,2025-04-23 20:39
18681,completed,2025-10-05 10:52
18682,completed,2025-06-24 18:34
18683,completed,2025-08-24 04:50
18684,completed,2025-02-16 20:34
18685,completed,2025-03-11 09:57
18686,completed,2025-01-08 14:34
18687,completed,2025-06-23 14:04
18688,completed,2025-06-15 04:29
18689,completed,2025-07-19 03:05
18690,completed,2025-11-23 00:44
18691,completed,2025-05-25 14:55
18692,completed,2025-06-21 12:19
18693,completed,2025-03-16 17:46
18694,completed,2025-09-13 11:16
18695,completed,2025-09-11 00:26
18696,completed,2025-10-23 17:54
18697,completed,2025-01-17 21:47
18698,completed,2025-11-25 03:45
18699,completed,2025-06-16 00:06
18700,completed,2025-12-03 03:15
18701,completed,2025-06-12 02:12
18702,completed,2025-07-14 07:25
18703,completed,2025-10-05 20:12
18704,completed,2025-01-23 17:29
18705,completed,2025-08-23 06:00
18706,completed,2025-07-04 21:37
18707,completed,2025-07-30 22:00
18708,completed,2025-08-25 00:11
18709,completed,2025-11-28 20:26
18710,completed,2025-03-24 09:36
18711,completed,2025-06-06 07:58
18712,completed,2024-12-09 20:54
18713,completed,2025-03-16 18:19
18714,completed,2025-05-28 19:56
18715,completed,2025-01-15 19:45
18716,completed,2025-05-28 19:54
18717,completed,2025-03-09 09:42
18718,completed,2025-06-11 16:29
18719,completed,2025-08-09 16:25
18720,completed,2025-01-31 19:21
18721,completed,2024-12-28 06:41
18722,completed,2025-01-12 18:02
18723,completed,2025-07-06 08:11
18724,completed,2025-01-01 10:12
18725,completed,2025-06-05 20:36
18726,completed,2025-01-05 17:49
18727,completed,2025-06-11 17:26
18728,completed,2025-07-13 18:36
18729,completed,2025-01-10 01:07
18730,completed,2025-02-25 22:00
18731,completed,2025-04-21 05:40
18732,completed,2025-11-04 01:34
18733,completed,2025-09-17 08:46
18734,completed,2025-09-01 16:28
18735,completed,2025-12-01 21:34
18736,completed,2025-03-17 08:50
18737,completed,2025-05-06 15:48
18738,completed,2025-02-14 10:55
18739,completed,2025-09-13 20:33
18740,completed,2025-07-05 08:57
18741,completed,2025-07-24 18:33
18742,completed,2025-11-24 08:23
18743,completed,2025-02-07 10:32
18744,completed,2025-05-04 23:02
18745,completed,2025-08-27 16:00
18746,completed,2025-08-21 20:34
18747,completed,2025-09-18 03:35
18748,completed,2025-06-02 10:41
18749,completed,2025-02-01 19:22
18750,completed,2025-01-18 03:29
18751,completed,2024-12-17 14:37
18752,completed,2025-07-25 09:10
18753,completed,2025-02-07 13:46
18754,completed,2025-09-16 02:36
18755,completed,2025-04-19 11:45
18756,completed,2025-05-18 12:32
18757,completed,2025-10-27 14:50
18758,completed,2025-08-16 00:20
18759,completed,2025-12-03 06:13
18760,completed,2025-07-20 11:34
18761,completed,2024-12-13 14:59
18762,completed,2025-10-12 23:58
18763,completed,2025-03-11 14:36
18764,completed,2025-01-25 22:29
18765,completed,2025-05-06 06:37
18766,completed,2025-02-21 11:20
18767,completed,2025-09-17 14:29
18768,completed,2025-11-13 14:05
18769,completed,2025-05-26 14:00
18770,completed,2025-08-03 18:08
18771,completed,2025-03-10 22:13
18772,completed,2025-07-30 17:06
18773,completed,2025-06-16 03:02
18774,completed,2025-06-06 16:51
18775,completed,2025-07-27 19:16
18776,completed,2025-11-04 09:57
18777,completed,2025-07-02 23:49
18778,completed,2025-05-27 01:52
18779,completed,2025-09-24 11:04
18780,completed,2025-06-11 08:46
18781,completed,2025-03-02 10:46
18782,completed,2025-11-20 21:10
18783,completed,2025-02-17 13:27
18784,completed,2025-03-09 16:08
18785,completed,2025-01-04 11:15
18786,completed,2025-10-05 05:20
18787,completed,2025-10-20 02:05
18788,completed,2025-09-25 19:49
18789,completed,2025-01-14 17:52
18790,completed,2025-10-23 02:38
18791,completed,2025-02-22 02:26
18792,completed,2024-12-26 12:35
18793,completed,2025-05-07 22:52
18794,completed,2025-08-18 15:51
18795,completed,2025-06-22 10:35
18796,completed,2025-12-03 01:28
18797,completed,2025-04-05 03:24
18798,completed,2024-12-27 07:25
18799,completed,2025-05-17 11:02
18800,completed,2025-08-04 16:41
18801,completed,2025-09-26 11:29
18802,completed,2025-03-05 13:13
18803,completed,2025-07-03 15:22
18804,completed,2025-11-28 20:02
18805,completed,2025-09-29 13:42
18806,completed,2025-02-24 17:00
18807,completed,2025-11-04 21:29
18808,completed,2025-04-15 02:03
18809,completed,2024-12-29 03:49
18810,completed,2025-08-17 01:39
18811,completed,2025-03-15 19:30
18812,completed,2025-11-29 14:52
18813,completed,2025-12-05 22:49
18814,completed,2025-06-08 10:08
18815,completed,2025-03-10 22:46
18816,completed,2025-12-03 05:17
18817,completed,2025-07-11 00:57
18818,completed,2025-05-25 12:47
18819,completed,2025-08-17 02:41
18820,completed,2025-05-07 07:04
18821,completed,2025-11-14 17:36
18822,completed,2025-03-02 19:01
18823,completed,2025-03-26 01:00
18824,completed,2025-01-07 19:07
18825,completed,2024-12-09 08:20
18826,completed,2025-11-18 02:07
18827,completed,2025-05-29 11:03
18828,completed,2025-02-06 01:34
18829,completed,2025-08-08 03:23
18830,completed,2025-08-30 04:12
18831,completed,2025-05-31 18:14
18832,completed,2025-08-12 11:05
18833,completed,2025-02-21 17:12
18834,completed,2025-07-14 02:07
18835,completed,2025-12-03 10:43
18836,completed,2025-03-20 06:39
18837,completed,2025-10-14 12:15
18838,completed,2025-07-07 17:49
18839,completed,2025-08-02 06:42
18840,completed,2025-04-13 19:17
18841,completed,2025-10-19 15:18
18842,completed,2025-01-04 17:12
18843,completed,2025-09-02 14:03
18844,completed,2025-05-09 04:18
18845,completed,2025-09-20 05:16
18846,completed,2025-08-09 19:49
18847,completed,2025-10-04 06:32
18848,completed,2025-05-24 22:07
18849,completed,2024-12-08 15:09
18850,completed,2025-08-05 11:17
18851,completed,2025-03-07 18:10
18852,completed,2025-02-26 16:09
18853,completed,2025-03-15 19:46
18854,completed,2025-03-24 07:51
18855,completed,2025-09-30 18:11
18856,completed,2025-06-16 15:36
18857,completed,2025-11-22 05:21
18858,completed,2025-10-20 20:16
18859,completed,2025-08-20 20:42
18860,completed,2025-03-21 01:08
18861,completed,2025-08-17 21:34
18862,completed,2025-06-08 14:01
18863,completed,2025-01-11 07:24
18864,completed,2025-08-19 11:49
18865,completed,2025-02-20 10:46
18866,completed,2025-10-02 15:53
18867,completed,2025-11-21 21:57
18868,completed,2025-09-06 19:48
18869,completed,2024-12-29 04:25
18870,completed,2025-10-19 14:37
18871,completed,2025-01-03 19:23
18872,completed,2025-09-18 12:11
18873,completed,2024-12-23 16:28
18874,completed,2025-03-08 01:06
18875,completed,2025-11-23 11:05
18876,completed,2024-12-16 11:44
18877,completed,2025-02-26 03:10
18878,completed,2025-11-06 01:03
18879,completed,2025-11-18 12:56
18880,completed,2025-04-05 23:10
18881,completed,2025-05-24 13:44
18882,completed,2025-04-13 21:20
18883,completed,2025-11-23 12:02
18884,completed,2025-10-09 05:46
18885,completed,2025-06-27 21:02
18886,completed,2025-07-29 06:45
18887,completed,2025-06-02 19:54
18888,completed,2025-05-12 15:50
18889,completed,2025-07-21 19:35
18890,completed,2025-11-04 04:50
18891,completed,2025-07-22 22:28
18892,completed,2025-04-20 09:01
18893,completed,2024-12-31 06:52
18894,completed,2025-04-03 23:35
18895,completed,2025-06-09 21:44
18896,completed,2025-01-08 18:28
18897,completed,2025-01-01 08:10
18898,completed,2025-01-16 04:35
18899,completed,2025-03-24 11:47
18900,completed,2025-01-25 12:20
18901,completed,2025-10-22 03:15
18902,completed,2025-08-19 00:59
18903,completed,2025-11-07 12:10
18904,completed,2024-12-16 12:19
18905,completed,2025-06-27 08:13
18906,completed,2025-02-09 21:12
18907,completed,2025-07-06 04:38
18908,completed,2025-04-26 07:22
18909,completed,2025-10-19 18:47
18910,completed,2025-08-23 00:57
18911,completed,2025-01-11 22:11
18912,completed,2025-01-24 08:39
18913,completed,2025-11-24 23:01
18914,completed,2025-08-20 01:12
18915,completed,2025-06-08 18:30
18916,completed,2025-05-05 01:57
18917,completed,2025-10-21 15:59
18918,completed,2025-08-06 20:46
18919,completed,2024-12-16 21:13
18920,completed,2025-09-11 21:40
18921,completed,2025-08-30 14:27
18922,completed,2025-07-26 15:07
18923,completed,2025-02-16 15:13
18924,completed,2025-07-02 06:16
18925,completed,2025-10-15 01:05
18926,completed,2025-08-09 11:55
18927,completed,2025-07-07 07:02
18928,completed,2025-05-10 03:40
18929,completed,2025-08-24 14:21
18930,completed,2025-01-12 19:26
18931,completed,2025-06-25 04:06
18932,completed,2025-07-08 15:36
18933,completed,2025-04-04 09:19
18934,completed,2025-09-22 15:19
18935,completed,2025-06-16 18:22
18936,completed,2025-09-14 18:04
18937,completed,2025-03-12 19:43
18938,completed,2025-03-05 03:54
18939,completed,2024-12-31 23:27
18940,completed,2025-01-20 03:12
18941,completed,2025-06-26 17:02
18942,completed,2025-11-09 20:56
18943,completed,2025-11-13 18:16
18944,completed,2025-11-21 14:23
18945,completed,2025-11-28 17:47
18946,completed,2025-09-17 23:01
18947,completed,2024-12-09 03:11
18948,completed,2025-09-19 13:39
18949,completed,2025-05-31 23:53
18950,completed,2025-06-06 09:12
18951,completed,2025-09-26 17:04
18952,completed,2025-10-11 04:43
18953,completed,2025-03-25 16:32
18954,completed,2025-10-26 04:40
18955,completed,2025-11-12 19:31
18956,completed,2025-06-23 14:47
18957,completed,2025-02-16 10:31
18958,completed,2025-03-22 20:39
18959,completed,2025-06-15 20:38
18960,completed,2025-06-08 00:10
18961,completed,2025-01-02 14:55
18962,completed,2025-02-20 19:45
18963,completed,2025-09-06 20:02
18964,completed,2025-11-27 07:23
18965,completed,2025-01-01 03:22
18966,completed,2025-02-27 02:59
18967,completed,2025-01-26 15:37
18968,completed,2025-05-08 08:54
18969,completed,2025-03-04 03:22
18970,completed,2025-01-16 20:12
18971,completed,2025-06-11 10:04
18972,completed,2025-02-02 11:46
18973,completed,2025-01-11 23:13
18974,completed,2025-01-11 02:56
18975,completed,2025-07-24 03:55
18976,completed,2025-10-11 03:52
18977,completed,2025-04-08 02:36
18978,completed,2025-08-18 08:08
18979,completed,2025-07-21 13:42
18980,completed,2025-10-04 10:02
18981,completed,2025-05-06 23:50
18982,completed,2024-12-20 10:51
18983,completed,2025-11-12 06:02
18984,completed,2025-02-22 21:39
18985,completed,2025-10-27 01:49
18986,completed,2025-03-31 14:33
18987,completed,2025-03-01 02:20
18988,completed,2025-05-24 22:48
18989,completed,2024-12-21 11:35
18990,completed,2025-01-31 20:13
18991,completed,2025-07-07 05:44
18992,completed,2025-04-22 13:32
18993,completed,2025-10-16 01:30
18994,completed,2025-01-27 13:21
18995,completed,2025-09-08 00:25
18996,completed,2025-08-19 01:00
18997,completed,2025-11-02 00:06
18998,completed,2025-04-15 07:18
18999,completed,2025-09-11 14:48
19000,completed,2025-07-14 08:59
19001,completed,2025-03-01 23:33
19002,completed,2025-07-02 08:23
19003,completed,2025-09-02 04:28
19004,completed,2025-12-04 00:25
19005,completed,2025-09-30 03:14
19006,completed,2025-01-21 08:35
19007,completed,2025-08-23 06:27
19008,completed,2025-07-09 11:39
19009,completed,2025-04-05 00:36
19010,completed,2025-06-27 20:08
19011,completed,2025-07-14 19:37
19012,completed,2025-08-22 16:13
19013,completed,2024-12-07 22:31
19014,completed,2025-06-19 19:47
19015,completed,2025-02-05 04:40
19016,completed,2025-07-05 23:22
19017,completed,2025-12-04 09:05
19018,completed,2025-05-27 20:29
19019,completed,2025-06-09 07:19
19020,completed,2025-10-13 02:56
19021,completed,2025-11-28 12:55
19022,completed,2025-12-01 10:08
19023,completed,2025-03-13 15:21
19024,completed,2025-09-03 12:23
19025,completed,2025-03-25 15:15
19026,completed,2025-08-04 12:19
19027,completed,2025-09-17 11:58
19028,completed,2025-03-26 18:51
19029,completed,2025-02-23 20:39
19030,completed,2025-06-08 15:42
19031,completed,2025-03-21 12:29
19032,completed,2025-07-08 00:53
19033,completed,2025-09-26 04:56
19034,completed,2025-02-14 02:40
19035,completed,2025-05-06 20:20
19036,completed,2025-03-25 00:13
19037,completed,2025-11-04 08:49
19038,completed,2025-05-02 02:20
19039,completed,2025-11-06 06:38
19040,completed,2025-01-28 13:05
19041,completed,2025-04-28 01:23
19042,completed,2025-07-06 00:49
19043,completed,2025-03-16 10:16
19044,completed,2025-09-03 11:10
19045,completed,2025-04-26 09:06
19046,completed,2025-02-07 06:46
19047,completed,2025-01-22 03:18
19048,completed,2025-07-10 02:07
19049,completed,2025-09-27 03:08
19050,completed,2025-06-29 05:09
19051,completed,2025-12-02 22:57
19052,completed,2025-06-13 20:33
19053,completed,2025-08-10 00:29
19054,completed,2025-06-18 23:02
19055,completed,2025-10-16 06:00
19056,completed,2024-12-13 19:59
19057,completed,2025-02-27 05:37
19058,completed,2025-07-21 17:12
19059,completed,2025-11-29 14:05
19060,completed,2025-03-14 17:34
19061,completed,2025-11-29 18:01
19062,completed,2025-07-25 22:23
19063,completed,2025-07-19 14:50
19064,completed,2025-12-02 07:37
19065,completed,2025-03-01 14:47
19066,completed,2025-11-15 04:47
19067,completed,2025-09-11 23:46
19068,completed,2025-09-08 17:40
19069,completed,2025-08-26 01:36
19070,completed,2025-07-06 01:15
19071,completed,2025-07-21 02:25
19072,completed,2025-02-01 02:46
19073,completed,2025-09-23 23:43
19074,completed,2025-02-27 13:36
19075,completed,2025-01-04 10:51
19076,completed,2025-02-16 17:12
19077,completed,2025-10-03 13:10
19078,completed,2024-12-10 08:07
19079,completed,2025-04-10 18:13
19080,completed,2025-08-21 20:20
19081,completed,2025-09-03 23:37
19082,completed,2025-11-28 19:20
19083,completed,2024-12-12 17:34
19084,completed,2025-07-08 06:43
19085,completed,2025-05-16 11:41
19086,completed,2025-06-15 06:13
19087,completed,2025-04-01 18:36
19088,completed,2025-03-27 13:48
19089,completed,2025-10-31 20:53
19090,completed,2025-11-30 04:32
19091,completed,2024-12-16 03:47
19092,completed,2025-10-23 13:58
19093,completed,2025-12-06 22:38
19094,completed,2025-10-27 14:12
19095,completed,2025-01-18 12:36
19096,completed,2025-04-14 18:53
19097,completed,2024-12-23 01:29
19098,completed,2025-09-30 05:48
19099,completed,2025-04-30 18:48
19100,completed,2024-12-13 07:26
19101,completed,2025-04-29 20:54
19102,completed,2024-12-11 17:22
19103,completed,2025-05-24 04:55
19104,completed,2025-05-26 00:53
19105,completed,2025-10-23 13:17
19106,completed,2025-06-01 13:07
19107,completed,2025-11-14 09:01
19108,completed,2025-02-13 03:12
19109,completed,2025-04-19 10:25
19110,completed,2025-10-25 00:28
19111,completed,2025-03-03 00:09
19112,completed,2024-12-07 23:49
19113,completed,2025-11-16 18:30
19114,completed,2025-09-19 19:30
19115,completed,2025-03-16 20:08
19116,completed,2024-12-30 05:06
19117,completed,2025-01-11 20:18
19118,completed,2025-07-01 10:11
19119,completed,2025-06-14 11:25
19120,completed,2025-07-17 17:08
19121,completed,2025-01-27 15:59
19122,completed,2025-08-03 04:38
19123,completed,2025-02-11 14:17
19124,completed,2025-08-10 15:57
19125,completed,2025-02-05 22:49
19126,completed,2025-02-09 18:52
19127,completed,2025-07-01 15:26
19128,completed,2025-04-01 22:28
19129,completed,2025-10-28 18:16
19130,completed,2025-07-04 22:14
19131,completed,2025-05-30 08:33
19132,completed,2025-08-08 21:53
19133,completed,2025-01-08 11:48
19134,completed,2025-03-24 17:19
19135,completed,2025-08-16 16:59
19136,completed,2025-11-17 22:57
19137,completed,2025-12-06 20:19
19138,completed,2025-06-02 14:28
19139,completed,2025-07-21 23:31
19140,completed,2025-03-28 04:47
19141,completed,2025-02-19 23:48
19142,completed,2025-07-14 15:24
19143,completed,2025-03-01 18:10
19144,completed,2025-09-11 19:57
19145,completed,2025-10-09 19:03
19146,completed,2024-12-15 04:47
19147,completed,2025-01-24 15:41
19148,completed,2025-11-04 13:07
19149,completed,2025-09-18 16:42
19150,completed,2025-06-21 21:55
19151,completed,2025-03-28 07:47
19152,completed,2025-04-12 03:38
19153,completed,2025-09-03 15:21
19154,completed,2025-03-24 18:57
19155,completed,2025-04-26 04:55
19156,completed,2025-09-12 07:19
19157,completed,2025-01-07 02:44
19158,completed,2025-05-10 04:32
19159,completed,2025-09-03 14:33
19160,completed,2025-04-20 16:50
19161,completed,2025-01-06 07:52
19162,completed,2025-08-27 23:53
19163,completed,2025-11-14 06:46
19164,completed,2025-07-21 15:46
19165,completed,2025-09-03 07:13
19166,completed,2025-04-14 10:15
19167,completed,2025-08-25 17:43
19168,completed,2025-05-09 04:20
19169,completed,2025-11-13 23:28
19170,completed,2024-12-17 17:06
19171,completed,2025-02-25 12:10
19172,completed,2025-03-26 04:08
19173,completed,2025-01-23 01:03
19174,completed,2025-10-19 18:10
19175,completed,2025-09-30 04:32
19176,completed,2025-03-30 20:08
19177,completed,2025-03-15 06:46
19178,completed,2025-05-12 08:56
19179,completed,2025-05-21 20:46
19180,completed,2025-07-19 11:20
19181,completed,2025-09-25 08:15
19182,completed,2025-10-25 11:05
19183,completed,2025-05-16 18:36
19184,completed,2025-10-13 18:18
19185,completed,2025-02-24 04:09
19186,completed,2025-11-29 22:06
19187,completed,2025-04-05 05:48
19188,completed,2025-01-04 05:52
19189,completed,2024-12-14 21:02
19190,completed,2025-04-28 23:57
19191,completed,2025-04-13 20:06
19192,completed,2025-09-06 16:01
19193,completed,2025-10-17 03:47
19194,completed,2025-05-23 23:22
19195,completed,2025-10-27 07:22
19196,completed,2025-04-29 20:51
19197,completed,2025-05-03 22:33
19198,completed,2025-03-05 00:52
19199,completed,2025-03-28 13:44
19200,completed,2025-11-08 00:11
19201,completed,2025-02-14 21:21
19202,completed,2025-10-14 10:06
19203,completed,2025-08-21 12:48
19204,completed,2025-02-06 10:47
19205,completed,2025-06-22 21:03
19206,completed,2025-04-22 19:28
19207,completed,2025-01-03 18:22
19208,completed,2025-02-22 17:42
19209,completed,2025-08-22 07:37
19210,completed,2025-09-29 22:54
19211,completed,2025-03-01 06:33
19212,completed,2025-08-13 22:34
19213,completed,2025-04-20 08:22
19214,completed,2025-06-07 14:11
19215,completed,2025-03-25 18:43
19216,completed,2025-06-15 16:33
19217,completed,2025-02-13 23:50
19218,completed,2025-03-04 17:23
19219,completed,2025-02-04 14:16
19220,completed,2025-01-17 13:46
19221,completed,2025-08-09 01:14
19222,completed,2025-03-24 17:46
19223,completed,2025-04-09 15:56
19224,completed,2025-05-05 12:26
19225,completed,2024-12-14 03:43
19226,completed,2025-03-16 21:14
19227,completed,2025-03-19 12:00
19228,completed,2025-09-15 01:57
19229,completed,2025-01-15 12:12
19230,completed,2025-10-31 04:36
19231,completed,2025-02-13 10:18
19232,completed,2025-08-30 08:28
19233,completed,2025-05-14 13:08
19234,completed,2025-06-18 00:59
19235,completed,2025-10-21 11:06
19236,completed,2025-09-12 13:23
19237,completed,2025-06-13 06:16
19238,completed,2025-07-16 21:05
19239,completed,2025-11-13 17:50
19240,completed,2025-03-02 09:07
19241,completed,2025-03-18 08:32
19242,completed,2025-08-08 11:08
19243,completed,2025-05-10 19:17
19244,completed,2025-05-14 20:52
19245,completed,2025-11-08 16:12
19246,completed,2025-08-20 17:44
19247,completed,2025-10-30 03:46
19248,completed,2025-08-24 07:03
19249,completed,2025-03-16 05:38
19250,completed,2025-05-10 20:45
19251,completed,2025-06-12 12:15
19252,completed,2025-10-12 20:25
19253,completed,2025-06-08 17:20
19254,completed,2024-12-19 19:05
19255,completed,2025-07-12 13:55
19256,completed,2025-11-29 01:19
19257,completed,2025-05-07 13:20
19258,completed,2025-06-16 14:46
19259,completed,2025-06-04 22:17
19260,completed,2025-11-19 09:42
19261,completed,2025-02-19 03:43
19262,completed,2025-07-11 08:00
19263,completed,2025-11-03 22:34
19264,completed,2025-01-13 04:02
19265,completed,2024-12-23 00:09
19266,completed,2025-04-23 04:53
19267,completed,2024-12-26 20:02
19268,completed,2025-07-26 14:48
19269,completed,2025-08-17 03:21
19270,completed,2025-08-04 01:35
19271,completed,2025-08-25 21:00
19272,completed,2025-02-28 05:47
19273,completed,2025-03-23 14:01
19274,completed,2025-11-26 01:53
19275,completed,2025-01-25 19:34
19276,completed,2025-11-21 23:14
19277,completed,2025-01-25 21:17
19278,completed,2025-01-31 09:22
19279,completed,2025-05-11 19:32
19280,completed,2025-02-04 07:46
19281,completed,2025-12-03 18:24
19282,completed,2025-06-29 12:25
19283,completed,2025-11-01 02:56
19284,completed,2025-03-07 16:52
19285,completed,2025-09-17 15:58
19286,completed,2025-01-10 12:31
19287,completed,2025-05-04 10:13
19288,completed,2025-03-03 19:54
19289,completed,2025-11-11 21:29
19290,completed,2025-10-27 01:38
19291,completed,2025-05-01 12:35
19292,completed,2025-07-19 22:52
19293,completed,2025-07-02 08:37
19294,completed,2025-08-04 05:17
19295,completed,2025-05-24 04:58
19296,completed,2025-01-13 18:40
19297,completed,2025-04-13 01:15
19298,completed,2025-04-21 20:46
19299,completed,2025-09-08 02:02
19300,completed,2025-01-24 01:47
19301,completed,2025-03-04 23:34
19302,completed,2025-02-01 17:07
19303,completed,2025-10-13 07:00
19304,completed,2025-08-28 05:06
19305,completed,2025-12-06 18:32
19306,completed,2025-07-11 04:40
19307,completed,2025-08-05 06:59
19308,completed,2025-07-31 04:06
19309,completed,2025-06-30 13:16
19310,completed,2025-06-03 18:37
19311,completed,2025-11-13 17:51
19312,completed,2025-08-05 04:49
19313,completed,2025-08-04 18:04
19314,completed,2025-10-25 08:13
19315,completed,2025-02-14 01:30
19316,completed,2025-06-10 15:13
19317,completed,2025-05-27 22:13
19318,completed,2025-06-17 02:04
19319,completed,2025-04-09 09:59
19320,completed,2025-07-24 11:35
19321,completed,2025-08-01 16:41
19322,completed,2025-05-10 02:36
19323,completed,2025-10-15 00:27
19324,completed,2025-01-29 04:12
19325,completed,2025-01-09 22:44
19326,completed,2025-09-15 09:23
19327,completed,2025-10-27 02:19
19328,completed,2025-04-29 01:27
19329,completed,2025-11-01 17:53
19330,completed,2025-11-30 19:59
19331,completed,2025-09-01 06:57
19332,completed,2025-04-29 02:37
19333,completed,2025-05-26 15:41
19334,completed,2025-02-20 00:32
19335,completed,2025-09-06 09:43
19336,completed,2025-01-16 19:23
19337,completed,2025-06-07 03:48
19338,completed,2025-04-21 08:21
19339,completed,2025-10-25 02:53
19340,completed,2025-07-31 07:31
19341,completed,2025-01-09 10:07
19342,completed,2025-07-03 01:49
19343,completed,2025-10-25 22:44
19344,completed,2024-12-18 10:51
19345,completed,2025-08-11 23:55
19346,completed,2025-10-19 19:16
19347,completed,2025-06-15 09:37
19348,completed,2025-03-13 05:46
19349,completed,2025-11-11 12:47
19350,completed,2025-07-10 05:35
19351,completed,2025-01-07 18:28
19352,completed,2025-02-05 19:05
19353,completed,2025-08-07 20:07
19354,completed,2025-04-27 16:10
19355,completed,2025-11-02 18:42
19356,completed,2025-10-25 05:37
19357,completed,2025-05-08 20:06
19358,completed,2025-06-03 05:44
19359,completed,2025-10-29 16:29
19360,completed,2025-09-15 19:00
19361,completed,2025-06-20 02:14
19362,completed,2025-03-25 07:36
19363,completed,2025-06-11 10:55
19364,completed,2025-08-30 02:48
19365,completed,2025-10-12 03:29
19366,completed,2025-02-12 18:51
19367,completed,2025-09-01 05:22
19368,completed,2024-12-25 17:44
19369,completed,2025-10-26 22:34
19370,completed,2025-06-29 04:12
19371,completed,2025-11-10 20:50
19372,completed,2025-10-11 04:39
19373,completed,2025-05-04 13:24
19374,completed,2025-02-02 01:25
19375,completed,2025-10-21 11:57
19376,completed,2025-01-25 05:37
19377,completed,2025-07-11 19:35
19378,completed,2025-07-29 12:33
19379,completed,2025-06-24 03:56
19380,completed,2025-08-19 20:21
19381,completed,2025-05-09 00:13
19382,completed,2025-10-04 12:50
19383,completed,2025-05-16 22:46
19384,completed,2025-08-14 04:44
19385,completed,2025-10-17 10:26
19386,completed,2025-11-03 07:20
19387,completed,2025-05-05 12:23
19388,completed,2025-06-14 07:12
19389,completed,2025-07-22 15:11
19390,completed,2025-01-02 22:29
19391,completed,2025-10-23 09:35
19392,completed,2025-02-12 07:46
19393,completed,2025-01-07 22:55
19394,completed,2025-07-09 14:56
19395,completed,2025-08-31 11:29
19396,completed,2025-06-08 03:53
19397,completed,2025-08-05 11:26
19398,completed,2025-02-03 23:52
19399,completed,2025-06-27 04:23
19400,completed,2025-11-16 23:59
19401,completed,2025-07-17 08:37
19402,completed,2025-10-25 19:02
19403,completed,2025-03-14 10:25
19404,completed,2025-06-17 17:19
19405,completed,2024-12-15 05:14
19406,completed,2025-07-24 16:44
19407,completed,2025-04-07 23:51
19408,completed,2025-06-01 16:54
19409,completed,2025-09-27 23:45
19410,completed,2024-12-27 05:09
19411,completed,2025-11-10 20:31
19412,completed,2025-06-07 03:20
19413,completed,2025-08-20 19:48
19414,completed,2025-02-01 04:53
19415,completed,2025-10-26 15:43
19416,completed,2025-03-17 02:19
19417,completed,2025-10-04 00:04
19418,completed,2025-11-26 21:24
19419,completed,2025-07-15 16:42
19420,completed,2025-05-06 14:45
19421,completed,2025-02-07 07:42
19422,completed,2025-08-31 04:20
19423,completed,2025-01-20 12:01
19424,completed,2025-08-21 18:36
19425,completed,2024-12-31 03:36
19426,completed,2025-08-26 14:58
19427,completed,2025-04-03 02:01
19428,completed,2025-04-10 16:37
19429,completed,2025-06-10 12:08
19430,completed,2024-12-28 21:03
19431,completed,2025-09-30 03:01
19432,completed,2025-06-06 18:22
19433,completed,2025-11-17 23:31
19434,completed,2025-05-04 04:05
19435,completed,2025-01-09 04:34
19436,completed,2025-05-27 06:26
19437,completed,2025-01-06 02:43
19438,completed,2025-07-04 08:10
19439,completed,2025-05-13 16:35
19440,completed,2025-03-13 18:09
19441,completed,2025-11-10 16:22
19442,completed,2025-11-10 17:36
19443,completed,2025-01-27 23:43
19444,completed,2025-03-19 18:49
19445,completed,2025-03-08 21:45
19446,completed,2025-10-08 20:36
19447,completed,2025-10-19 23:51
19448,completed,2025-11-15 05:26
19449,completed,2025-11-21 19:31
19450,completed,2025-03-16 17:32
19451,completed,2024-12-21 00:18
19452,completed,2025-06-27 19:22
19453,completed,2025-10-19 10:58
19454,completed,2025-05-29 04:55
19455,completed,2025-02-23 17:50
19456,completed,2025-11-30 12:53
19457,completed,2025-09-30 06:38
19458,completed,2024-12-22 12:57
19459,completed,2025-07-07 18:11
19460,completed,2025-10-04 04:27
19461,completed,2025-11-07 15:30
19462,completed,2025-02-14 12:24
19463,completed,2025-03-04 21:23
19464,completed,2025-05-31 16:12
19465,completed,2025-06-05 23:05
19466,completed,2025-03-22 14:00
19467,completed,2025-01-05 15:01
19468,completed,2024-12-17 22:11
19469,completed,2025-10-01 03:25
19470,completed,2025-05-18 02:12
19471,completed,2025-05-31 20:23
19472,completed,2025-10-20 23:25
19473,completed,2025-06-12 07:43
19474,completed,2025-10-19 05:02
19475,completed,2025-10-01 05:03
19476,completed,2024-12-25 10:07
19477,completed,2025-08-24 05:54
19478,completed,2025-08-15 20:53
19479,completed,2025-05-18 05:29
19480,completed,2025-06-13 16:45
19481,completed,2025-09-19 18:12
19482,completed,2025-08-11 19:51
19483,completed,2025-08-16 02:58
19484,completed,2024-12-14 06:13
19485,completed,2025-02-08 23:39
19486,completed,2025-05-30 02:55
19487,completed,2025-10-13 11:02
19488,completed,2025-07-30 00:12
19489,completed,2025-07-12 00:02
19490,completed,2025-06-06 16:46
19491,completed,2025-07-09 22:35
19492,completed,2025-02-06 22:45
19493,completed,2025-07-04 11:50
19494,completed,2025-08-02 04:35
19495,completed,2025-03-01 09:43
19496,completed,2025-09-15 03:18
19497,completed,2025-04-06 01:49
19498,completed,2025-06-01 11:33
19499,completed,2025-05-06 19:29
19500,completed,2025-10-22 21:05
19501,completed,2025-01-20 12:28
19502,completed,2025-08-13 09:50
19503,completed,2025-07-19 23:52
19504,completed,2025-03-21 11:11
19505,completed,2025-04-04 20:43
19506,completed,2025-11-18 08:03
19507,completed,2025-05-25 06:15
19508,completed,2025-05-01 05:45
19509,completed,2024-12-26 19:15
19510,completed,2025-07-19 12:20
19511,completed,2025-01-22 05:15
19512,completed,2025-12-06 11:29
19513,completed,2025-10-04 16:31
19514,completed,2025-10-29 11:18
19515,completed,2025-11-18 23:31
19516,completed,2024-12-18 17:54
19517,completed,2025-09-07 01:11
19518,completed,2025-04-25 09:21
19519,completed,2025-01-31 00:24
19520,completed,2025-08-10 14:59
19521,completed,2025-08-19 18:39
19522,completed,2025-05-31 17:50
19523,completed,2025-07-11 14:40
19524,completed,2025-09-27 16:37
19525,completed,2025-06-21 17:11
19526,completed,2025-08-10 12:32
19527,completed,2025-04-03 06:23
19528,completed,2025-06-16 08:43
19529,completed,2024-12-31 17:24
19530,completed,2024-12-22 05:25
19531,completed,2025-06-10 17:34
19532,completed,2025-06-19 16:10
19533,completed,2024-12-16 09:15
19534,completed,2025-10-16 10:58
19535,completed,2025-10-31 01:27
19536,completed,2025-06-27 01:02
19537,completed,2025-10-09 01:59
19538,completed,2025-11-16 13:29
19539,completed,2025-11-27 22:00
19540,completed,2025-04-20 04:23
19541,completed,2025-12-04 20:13
19542,completed,2025-02-24 08:38
19543,completed,2025-08-01 17:50
19544,completed,2025-02-14 14:52
19545,completed,2025-09-30 10:53
19546,completed,2025-07-14 00:03
19547,completed,2025-05-19 06:17
19548,completed,2025-06-05 15:04
19549,completed,2025-05-18 00:20
19550,completed,2025-10-12 23:25
19551,completed,2025-04-26 19:04
19552,completed,2025-11-13 22:40
19553,completed,2025-04-08 13:27
19554,completed,2025-07-17 05:03
19555,completed,2025-11-22 23:14
19556,completed,2025-01-31 14:32
19557,completed,2025-09-26 04:11
19558,completed,2025-07-19 02:44
19559,completed,2025-04-17 14:25
19560,completed,2025-08-12 09:08
19561,completed,2025-06-17 09:15
19562,completed,2025-08-14 14:51
19563,completed,2025-10-21 04:43
19564,completed,2025-10-08 00:46
19565,completed,2025-03-04 16:56
19566,completed,2025-08-08 16:58
19567,completed,2025-08-23 22:21
19568,completed,2025-06-17 07:08
19569,completed,2025-04-23 05:53
19570,completed,2024-12-19 04:20
19571,completed,2025-09-08 18:05
19572,completed,2025-05-25 02:03
19573,completed,2025-10-12 12:38
19574,completed,2025-03-30 01:22
19575,completed,2025-09-29 11:04
19576,completed,2025-09-02 04:27
19577,completed,2025-07-12 00:10
19578,completed,2025-08-06 16:17
19579,completed,2024-12-13 17:10
19580,completed,2025-11-29 01:53
19581,completed,2025-09-07 23:23
19582,completed,2024-12-24 03:15
19583,completed,2024-12-30 23:00
19584,completed,2025-07-02 12:35
19585,completed,2025-01-13 14:12
19586,completed,2025-03-13 09:17
19587,completed,2025-10-04 11:00
19588,completed,2024-12-17 06:49
19589,completed,2024-12-12 14:39
19590,completed,2025-01-18 08:16
19591,completed,2025-02-17 21:58
19592,completed,2025-07-17 02:51
19593,completed,2025-03-30 22:48
19594,completed,2025-03-13 07:38
19595,completed,2024-12-16 04:31
19596,completed,2025-01-19 07:00
19597,completed,2025-05-08 02:29
19598,completed,2025-04-07 02:24
19599,completed,2025-05-01 03:52
19600,completed,2025-08-17 16:30
19601,completed,2025-03-22 06:49
19602,completed,2025-02-22 21:53
19603,completed,2025-04-20 08:53
19604,completed,2025-03-21 01:27
19605,completed,2025-03-13 16:36
19606,completed,2025-07-13 13:32
19607,completed,2025-08-27 03:24
19608,completed,2025-03-08 01:23
19609,completed,2025-03-06 21:27
19610,completed,2025-01-25 12:56
19611,completed,2025-07-23 02:28
19612,completed,2025-04-21 15:16
19613,completed,2025-02-06 21:00
19614,completed,2025-11-09 02:04
19615,completed,2025-06-05 02:59
19616,completed,2024-12-13 21:28
19617,completed,2025-10-21 17:02
19618,completed,2025-04-18 11:42
19619,completed,2025-11-01 07:50
19620,completed,2025-11-17 21:22
19621,completed,2025-09-15 03:29
19622,completed,2025-02-05 15:47
19623,completed,2025-03-12 06:18
19624,completed,2025-05-19 10:56
19625,completed,2025-10-03 08:11
19626,completed,2025-12-03 07:11
19627,completed,2025-02-15 08:17
19628,completed,2025-01-13 20:20
19629,completed,2025-06-18 06:54
19630,completed,2025-03-06 06:28
19631,completed,2025-07-15 10:45
19632,completed,2025-06-06 22:09
19633,completed,2025-04-04 09:30
19634,completed,2025-09-27 00:00
19635,completed,2025-06-08 08:38
19636,completed,2025-10-21 16:41
19637,completed,2025-01-02 01:57
19638,completed,2025-05-25 11:21
19639,completed,2025-11-25 07:41
19640,completed,2025-01-23 04:41
19641,completed,2025-08-14 17:30
19642,completed,2025-12-04 21:24
19643,completed,2025-06-21 12:39
19644,completed,2025-09-17 11:11
19645,completed,2025-03-09 16:52
19646,completed,2025-08-12 06:09
19647,completed,2025-07-28 18:08
19648,completed,2025-06-30 23:51
19649,completed,2025-05-31 10:02
19650,completed,2025-04-12 14:38
19651,completed,2025-03-10 15:21
19652,completed,2025-04-27 03:34
19653,completed,2024-12-25 05:08
19654,completed,2025-11-27 20:35
19655,completed,2025-03-20 02:30
19656,completed,2025-01-11 10:53
19657,completed,2025-11-14 15:53
19658,completed,2025-08-17 15:04
19659,completed,2025-05-03 17:45
19660,completed,2024-12-25 08:00
19661,completed,2025-10-29 22:50
19662,completed,2025-09-07 03:14
19663,completed,2025-11-20 18:17
19664,completed,2025-02-14 23:48
19665,completed,2025-03-19 15:10
19666,completed,2024-12-27 21:00
19667,completed,2025-11-19 05:31
19668,completed,2025-06-19 20:57
19669,completed,2025-03-16 07:59
19670,completed,2025-08-07 10:50
19671,completed,2025-03-02 19:11
19672,completed,2024-12-31 03:05
19673,completed,2025-09-29 13:49
19674,completed,2025-09-18 18:56
19675,completed,2025-08-03 08:45
19676,completed,2025-06-17 08:50
19677,completed,2025-01-18 09:19
19678,completed,2025-10-20 10:44
19679,completed,2025-10-05 07:36
19680,completed,2025-11-27 03:41
19681,completed,2025-09-01 19:57
19682,completed,2025-03-05 09:05
19683,completed,2025-04-10 08:58
19684,completed,2025-04-27 11:46
19685,completed,2025-12-04 06:51
19686,completed,2025-06-24 10:55
19687,completed,2025-09-22 07:26
19688,completed,2025-05-04 01:24
19689,completed,2025-09-03 03:06
19690,completed,2025-06-17 17:00
19691,completed,2025-05-18 07:21
19692,completed,2025-05-16 21:16
19693,completed,2025-07-13 21:01
19694,completed,2025-03-16 00:15
19695,completed,2025-01-20 10:13
19696,completed,2025-05-25 05:50
19697,completed,2025-11-30 19:02
19698,completed,2025-07-17 03:55
19699,completed,2025-04-16 22:53
19700,completed,2025-11-12 21:40
19701,completed,2025-06-01 10:20
19702,completed,2025-07-12 03:36
19703,completed,2025-01-04 23:18
19704,completed,2024-12-19 22:42
19705,completed,2025-07-16 19:12
19706,completed,2025-11-19 07:24
19707,completed,2025-06-25 16:02
19708,completed,2025-03-22 22:54
19709,completed,2025-12-02 12:29
19710,completed,2025-08-13 10:39
19711,completed,2025-02-05 09:06
19712,completed,2025-09-16 19:35
19713,completed,2025-07-26 11:59
19714,completed,2025-11-20 16:14
19715,completed,2025-06-23 19:38
19716,completed,2025-09-23 05:51
19717,completed,2025-05-18 21:35
19718,completed,2025-05-31 19:57
19719,completed,2025-02-16 12:12
19720,completed,2025-08-12 06:26
19721,completed,2025-04-23 14:31
19722,completed,2025-06-17 14:28
19723,completed,2025-05-07 02:34
19724,completed,2025-08-23 15:43
19725,completed,2025-03-16 12:01
19726,completed,2025-07-21 16:20
19727,completed,2025-04-18 07:35
19728,completed,2025-02-12 16:37
19729,completed,2025-09-15 21:00
19730,completed,2025-08-01 19:45
19731,completed,2025-10-21 17:01
19732,completed,2025-10-22 04:56
19733,completed,2025-10-29 19:01
19734,completed,2025-12-01 00:18
19735,completed,2025-02-26 07:21
19736,completed,2024-12-17 21:51
19737,completed,2025-05-09 04:59
19738,completed,2024-12-23 08:39
19739,completed,2025-03-24 07:21
19740,completed,2025-02-20 10:39
19741,completed,2025-03-07 11:22
19742,completed,2025-11-22 12:50
19743,completed,2025-11-11 15:17
19744,completed,2025-11-08 20:32
19745,completed,2025-08-06 23:35
19746,completed,2025-05-22 22:45
19747,completed,2025-02-09 02:29
19748,completed,2025-07-19 12:49
19749,completed,2025-09-08 11:27
19750,completed,2025-11-21 20:02
19751,completed,2025-02-24 16:57
19752,completed,2024-12-29 10:08
19753,completed,2025-06-04 10:08
19754,completed,2025-09-18 14:45
19755,completed,2025-02-24 09:26
19756,completed,2025-11-28 03:55
19757,completed,2025-09-25 12:31
19758,completed,2025-05-30 09:25
19759,completed,2025-10-19 07:55
19760,completed,2025-02-16 00:54
19761,completed,2025-04-03 00:49
19762,completed,2024-12-22 00:48
19763,completed,2024-12-21 02:53
19764,completed,2025-02-23 08:39
19765,completed,2025-11-05 05:15
19766,completed,2024-12-19 16:10
19767,completed,2025-11-13 08:34
19768,completed,2025-08-25 14:44
19769,completed,2025-06-28 20:27
19770,completed,2025-05-12 12:50
19771,completed,2025-01-18 22:19
19772,completed,2025-04-11 06:20
19773,completed,2025-08-08 05:30
19774,completed,2025-04-21 23:54
19775,completed,2025-10-15 18:40
19776,completed,2025-09-08 08:15
19777,completed,2025-10-18 05:09
19778,completed,2025-01-31 03:12
19779,completed,2025-09-30 18:13
19780,completed,2025-08-01 09:55
19781,completed,2025-02-06 03:17
19782,completed,2025-08-22 07:44
19783,completed,2024-12-18 09:08
19784,completed,2025-11-15 21:20
19785,completed,2025-06-14 20:46
19786,completed,2025-09-18 10:33
19787,completed,2024-12-20 18:07
19788,completed,2025-05-25 15:16
19789,completed,2025-03-29 15:33
19790,completed,2025-09-04 22:51
19791,completed,2025-02-19 19:43
19792,completed,2024-12-25 06:24
19793,completed,2025-07-21 22:00
19794,completed,2025-09-25 08:33
19795,completed,2025-10-16 04:43
19796,completed,2025-11-10 07:42
19797,completed,2025-01-20 21:49
19798,completed,2025-02-09 12:42
19799,completed,2025-04-05 14:04
19800,completed,2025-02-14 20:14
19801,completed,2025-07-17 14:34
19802,completed,2025-01-29 14:56
19803,completed,2025-12-01 04:50
19804,completed,2025-05-22 06:41
19805,completed,2025-03-15 15:31
19806,completed,2025-07-23 00:30
19807,completed,2024-12-12 00:38
19808,completed,2025-02-10 18:16
19809,completed,2025-03-22 03:11
19810,completed,2025-08-06 06:39
19811,completed,2025-06-09 10:25
19812,completed,2025-06-19 12:41
19813,completed,2025-02-11 01:52
19814,completed,2025-04-30 08:12
19815,completed,2025-10-15 01:11
19816,completed,2025-11-21 16:04
19817,completed,2025-09-23 09:22
19818,completed,2025-01-11 22:20
19819,completed,2025-03-30 16:11
19820,completed,2025-04-18 23:33
19821,completed,2025-10-30 12:22
19822,completed,2025-10-27 16:44
19823,completed,2024-12-11 02:31
19824,completed,2025-03-21 17:29
19825,completed,2025-02-07 22:47
19826,completed,2025-11-14 04:46
19827,completed,2025-12-03 15:57
19828,completed,2025-11-21 21:16
19829,completed,2025-07-14 06:41
19830,completed,2025-10-18 14:21
19831,completed,2025-01-16 07:42
19832,completed,2024-12-09 07:52
19833,completed,2025-09-04 09:54
19834,completed,2025-07-21 19:52
19835,completed,2025-01-05 08:20
19836,completed,2025-09-05 02:20
19837,completed,2025-10-19 02:38
19838,completed,2024-12-16 20:25
19839,completed,2025-12-04 20:59
19840,completed,2025-12-04 10:38
19841,completed,2025-01-28 18:01
19842,completed,2025-06-08 12:27
19843,completed,2025-09-07 21:33
19844,completed,2025-08-18 16:22
19845,completed,2024-12-07 03:40
19846,completed,2025-02-27 07:09
19847,completed,2025-01-20 22:45
19848,completed,2025-07-23 03:23
19849,completed,2025-08-04 09:59
19850,completed,2025-02-09 06:26
19851,completed,2025-01-15 07:32
19852,completed,2025-04-01 10:13
19853,completed,2025-11-16 18:44
19854,completed,2025-01-03 18:19
19855,completed,2025-07-27 09:07
19856,completed,2025-01-08 15:31
19857,completed,2025-10-15 01:28
19858,completed,2025-08-02 13:57
19859,completed,2025-05-26 20:23
19860,completed,2025-01-18 14:56
19861,completed,2024-12-13 14:37
19862,completed,2025-01-13 05:04
19863,completed,2025-09-16 12:38
19864,completed,2025-04-05 22:47
19865,completed,2025-02-11 02:24
19866,completed,2025-06-19 16:16
19867,completed,2025-09-26 22:30
19868,completed,2025-03-11 06:20
19869,completed,2025-05-14 12:04
19870,completed,2025-08-15 02:13
19871,completed,2025-03-03 16:59
19872,completed,2025-11-14 00:41
19873,completed,2025-04-26 00:19
19874,completed,2025-11-03 11:44
19875,completed,2025-10-25 21:29
19876,completed,2025-12-01 12:52
19877,completed,2025-08-04 04:18
19878,completed,2024-12-07 19:39
19879,completed,2025-01-23 02:48
19880,completed,2025-02-06 18:06
19881,completed,2025-09-21 02:02
19882,completed,2025-09-05 20:57
19883,completed,2025-10-08 03:48
19884,completed,2025-02-23 16:17
19885,completed,2025-02-13 20:15
19886,completed,2025-10-19 23:18
19887,completed,2025-05-01 12:40
19888,completed,2025-02-09 04:25
19889,completed,2025-02-07 13:44
19890,completed,2025-09-06 04:25
19891,completed,2025-11-10 08:30
19892,completed,2025-08-15 00:03
19893,completed,2025-02-19 09:42
19894,completed,2025-11-28 02:06
19895,completed,2025-02-17 20:23
19896,completed,2025-02-08 21:19
19897,completed,2025-09-16 07:35
19898,completed,2025-03-22 14:17
19899,completed,2025-10-07 00:54
19900,completed,2025-11-02 01:24
19901,completed,2025-01-10 22:24
19902,completed,2025-05-11 17:58
19903,completed,2024-12-09 08:34
19904,completed,2025-06-26 01:52
19905,completed,2025-03-23 03:34
19906,completed,2025-05-22 18:56
19907,completed,2025-02-07 02:26
19908,completed,2025-10-05 03:02
19909,completed,2025-11-26 01:11
19910,completed,2025-11-04 05:48
19911,completed,2025-06-29 08:25
19912,completed,2025-10-26 05:27
19913,completed,2025-06-16 00:05
19914,completed,2025-02-24 17:50
19915,completed,2025-02-17 07:21
19916,completed,2025-02-20 09:15
19917,completed,2025-06-10 21:02
19918,completed,2025-12-06 10:32
19919,completed,2025-01-21 01:15
19920,completed,2025-10-27 00:55
19921,completed,2025-02-08 22:02
19922,completed,2025-01-23 06:42
19923,completed,2025-01-17 07:28
19924,completed,2025-09-18 18:47
19925,completed,2025-05-09 15:46
19926,completed,2025-08-13 23:32
19927,completed,2025-05-14 00:41
19928,completed,2025-11-18 12:12
19929,completed,2025-07-27 00:20
19930,completed,2025-09-16 20:37
19931,completed,2025-06-03 07:12
19932,completed,2025-04-22 13:55
19933,completed,2025-04-30 08:34
19934,completed,2025-06-06 19:41
19935,completed,2025-03-02 03:56
19936,completed,2025-05-20 11:44
19937,completed,2025-07-03 07:59
19938,completed,2025-05-24 02:37
19939,completed,2025-04-30 14:47
19940,completed,2025-06-18 04:07
19941,completed,2025-04-28 18:28
19942,completed,2025-05-03 09:25
19943,completed,2025-02-27 14:39
19944,completed,2025-10-25 04:51
19945,completed,2025-10-29 15:41
19946,completed,2025-09-12 07:03
19947,completed,2025-10-05 12:02
19948,completed,2024-12-24 19:26
19949,completed,2025-11-27 08:39
19950,completed,2024-12-30 07:27
19951,completed,2025-04-28 07:53
19952,completed,2025-06-14 05:15
19953,completed,2024-12-18 05:19
19954,completed,2025-11-30 14:15
19955,completed,2025-07-30 20:51
19956,completed,2024-12-28 20:13
19957,completed,2025-02-25 15:35
19958,completed,2025-08-08 22:48
19959,completed,2025-11-14 06:45
19960,completed,2025-08-05 16:59
19961,completed,2025-05-14 09:29
19962,completed,2025-05-05 08:40
19963,completed,2025-09-13 23:38
19964,completed,2025-06-06 08:17
19965,completed,2025-04-02 05:43
19966,completed,2025-04-29 13:03
19967,completed,2025-03-17 06:01
19968,completed,2024-12-25 02:17
19969,completed,2025-03-26 16:28
19970,completed,2025-05-15 23:33
19971,completed,2024-12-21 23:22
19972,completed,2025-01-25 23:15
19973,completed,2025-11-10 17:54
19974,completed,2025-01-07 13:23
19975,completed,2025-01-14 12:09
19976,completed,2025-07-05 22:47
19977,completed,2025-05-24 03:22
19978,completed,2024-12-11 23:00
19979,completed,2025-05-14 16:52
19980,completed,2025-10-04 06:59
19981,completed,2025-11-26 21:04
19982,completed,2025-12-04 13:08
19983,completed,2025-09-15 21:23
19984,completed,2025-12-03 07:15
19985,completed,2025-11-23 05:25
19986,completed,2024-12-23 10:56
19987,completed,2025-02-15 11:17
19988,completed,2025-07-03 04:12
19989,completed,2024-12-29 14:24
19990,completed,2025-01-07 09:07
19991,completed,2025-04-12 14:10
19992,completed,2025-07-28 06:47
19993,completed,2024-12-26 17:32
19994,completed,2025-09-30 03:00
19995,completed,2025-03-05 18:17
19996,completed,2025-06-27 15:57
19997,completed,2025-03-18 16:21
19998,completed,2025-06-05 05:01
19999,completed,2025-03-20 07:36
20000,completed,2025-11-06 09:23
20001,completed,2025-07-15 12:10
20002,completed,2025-08-09 12:58
20003,completed,2025-04-25 22:57
20004,completed,2025-01-26 11:33
20005,completed,2025-08-09 08:42
20006,completed,2025-12-04 05:35
20007,completed,2025-07-23 13:32
20008,completed,2025-01-29 18:34
20009,completed,2025-08-12 06:03
20010,completed,2025-06-17 09:49
20011,completed,2025-03-22 19:32
20012,completed,2025-01-25 12:18
20013,completed,2025-09-28 16:05
20014,completed,2025-01-26 06:32
20015,completed,2025-02-21 09:25
20016,completed,2025-05-21 11:47
20017,completed,2025-02-14 02:35
20018,completed,2025-10-11 20:13
20019,completed,2025-07-01 10:16
20020,completed,2025-08-16 05:48
20021,completed,2025-04-30 18:50
20022,completed,2025-03-17 18:12
20023,completed,2025-09-13 16:42
20024,completed,2025-02-04 20:59
20025,completed,2025-07-25 05:36
20026,completed,2025-05-09 20:09
20027,completed,2025-01-20 17:58
20028,completed,2025-09-01 16:26
20029,completed,2025-05-04 21:06
20030,completed,2025-07-25 01:26
20031,completed,2025-03-25 18:09
20032,completed,2025-03-25 19:34
20033,completed,2024-12-12 11:13
20034,completed,2025-02-23 14:16
20035,completed,2025-06-20 07:32
20036,completed,2025-03-13 00:55
20037,completed,2025-11-25 02:58
20038,completed,2025-01-06 23:50
20039,completed,2025-06-04 21:49
20040,completed,2025-11-22 20:48
20041,completed,2025-03-17 21:39
20042,completed,2025-06-21 01:31
20043,completed,2025-04-01 10:12
20044,completed,2025-04-05 23:38
20045,completed,2025-01-18 00:03
20046,completed,2025-09-29 11:22
20047,completed,2025-11-08 23:06
20048,completed,2025-05-21 07:34
20049,completed,2025-06-23 05:51
20050,completed,2025-05-26 07:27
20051,completed,2025-02-13 01:34
20052,completed,2025-02-14 13:00
20053,completed,2025-07-20 04:42
20054,completed,2025-03-14 07:33
20055,completed,2025-02-26 01:42
20056,completed,2025-09-08 23:57
20057,completed,2025-01-13 04:39
20058,completed,2025-05-10 19:13
20059,completed,2025-02-12 12:33
20060,completed,2025-02-12 22:04
20061,completed,2025-06-30 21:27
20062,completed,2025-10-12 08:02
20063,completed,2025-11-03 23:29
20064,completed,2024-12-31 09:52
20065,completed,2025-01-22 13:05
20066,completed,2025-10-14 15:02
20067,completed,2025-01-14 11:45
20068,completed,2025-01-19 04:48
20069,completed,2024-12-17 21:23
20070,completed,2025-10-17 00:32
20071,completed,2025-11-11 15:16
20072,completed,2025-05-03 22:37
20073,completed,2025-02-25 13:22
20074,completed,2025-07-21 07:08
20075,completed,2025-06-04 11:43
20076,completed,2025-04-18 21:35
20077,completed,2025-03-06 18:14
20078,completed,2024-12-14 05:14
20079,completed,2025-06-28 21:28
20080,completed,2025-11-24 12:16
20081,completed,2025-04-27 20:52
20082,completed,2025-06-20 22:42
20083,completed,2025-12-01 15:46
20084,completed,2025-10-09 15:44
20085,completed,2025-01-30 23:28
20086,completed,2025-08-08 01:47
20087,completed,2025-08-22 03:57
20088,completed,2025-06-24 21:30
20089,completed,2025-07-13 21:30
20090,completed,2025-04-14 21:58
20091,completed,2025-01-28 04:08
20092,completed,2025-03-25 13:58
20093,completed,2025-09-21 23:29
20094,completed,2025-02-04 12:31
20095,completed,2025-09-10 03:13
20096,completed,2025-08-05 01:19
20097,completed,2025-01-31 14:58
20098,completed,2025-05-23 18:10
20099,completed,2025-06-01 23:23
20100,completed,2025-05-02 09:06
20101,completed,2024-12-12 10:50
20102,completed,2025-08-14 14:59
20103,completed,2025-01-14 13:24
20104,completed,2025-05-01 13:07
20105,completed,2025-06-09 21:46
20106,completed,2025-03-16 02:34
20107,completed,2025-11-21 06:13
20108,completed,2025-07-17 10:08
20109,completed,2025-05-30 17:08
20110,completed,2024-12-09 15:55
20111,completed,2025-09-18 06:59
20112,completed,2025-09-20 04:23
20113,completed,2025-03-04 08:28
20114,completed,2025-09-27 13:44
20115,completed,2025-03-06 18:27
20116,completed,2025-10-24 07:10
20117,completed,2025-08-15 00:49
20118,completed,2025-08-27 20:09
20119,completed,2025-03-08 05:34
20120,completed,2025-10-09 23:30
20121,completed,2025-03-21 17:53
20122,completed,2025-03-20 21:24
20123,completed,2025-03-25 02:01
20124,completed,2025-11-16 20:36
20125,completed,2025-12-03 02:29
20126,completed,2025-08-13 07:27
20127,completed,2025-01-06 00:33
20128,completed,2025-02-13 00:46
20129,completed,2025-10-13 00:23
20130,completed,2025-03-09 07:29
20131,completed,2025-05-17 19:17
20132,completed,2025-01-30 18:33
20133,completed,2025-01-04 22:33
20134,completed,2025-01-21 17:17
20135,completed,2025-04-10 14:15
20136,completed,2025-06-17 08:56
20137,completed,2025-11-27 19:52
20138,completed,2025-07-30 17:41
20139,completed,2025-04-21 01:09
20140,completed,2025-09-11 14:03
20141,completed,2025-09-08 20:08
20142,completed,2024-12-23 17:26
20143,completed,2025-01-18 16:25
20144,completed,2025-03-04 09:11
20145,completed,2025-09-01 22:55
20146,completed,2025-07-17 06:18
20147,completed,2025-09-28 18:56
20148,completed,2025-07-20 15:50
20149,completed,2025-03-02 09:52
20150,completed,2025-06-07 13:05
20151,completed,2025-08-25 22:19
20152,completed,2025-02-11 11:38
20153,completed,2025-03-23 07:54
20154,completed,2025-08-23 08:31
20155,completed,2025-07-24 17:34
20156,completed,2025-01-21 21:45
20157,completed,2025-04-21 16:27
20158,completed,2025-05-24 16:03
20159,completed,2025-01-08 08:59
20160,completed,2025-05-12 21:50
20161,completed,2025-02-15 03:12
20162,completed,2025-04-28 11:27
20163,completed,2025-07-05 05:03
20164,completed,2025-04-27 20:03
20165,completed,2025-06-06 22:15
20166,completed,2025-03-22 21:12
20167,completed,2025-06-09 12:46
20168,completed,2025-08-03 20:26
20169,completed,2025-02-06 13:39
20170,completed,2025-03-02 04:59
20171,completed,2025-11-05 13:57
20172,completed,2025-10-03 15:16
20173,completed,2025-06-10 04:51
20174,completed,2025-01-24 04:24
20175,completed,2025-04-14 15:45
20176,completed,2025-09-11 15:28
20177,completed,2024-12-17 17:56
20178,completed,2025-05-11 03:09
20179,completed,2025-10-01 20:19
20180,completed,2024-12-09 18:04
20181,completed,2025-07-05 00:27
20182,completed,2025-05-14 21:46
20183,completed,2025-07-18 23:56
20184,completed,2025-03-03 14:00
20185,completed,2025-06-01 17:09
20186,completed,2025-08-15 17:35
20187,completed,2025-04-30 00:39
20188,completed,2025-08-30 19:11
20189,completed,2025-06-08 03:28
20190,completed,2025-07-12 17:04
20191,completed,2025-06-08 11:06
20192,completed,2025-12-01 09:04
20193,completed,2025-09-05 08:36
20194,completed,2025-02-17 10:41
20195,completed,2025-11-16 21:42
20196,completed,2025-01-28 13:08
20197,completed,2025-09-03 09:16
20198,completed,2025-09-06 13:52
20199,completed,2025-05-29 18:12
20200,completed,2025-09-25 13:22
20201,completed,2025-07-18 18:34
20202,completed,2025-03-27 19:30
20203,completed,2025-02-03 15:45
20204,completed,2025-01-28 16:28
20205,completed,2024-12-13 23:26
20206,completed,2025-01-21 14:39
20207,completed,2025-03-26 03:39
20208,completed,2025-05-21 03:35
20209,completed,2025-12-06 07:17
20210,completed,2025-03-24 01:31
20211,completed,2025-06-22 06:41
20212,completed,2025-08-13 02:23
20213,completed,2025-04-07 22:36
20214,completed,2025-05-18 03:06
20215,completed,2025-04-22 20:16
20216,completed,2025-07-12 18:11
20217,completed,2025-10-18 23:51
20218,completed,2025-03-22 00:26
20219,completed,2025-04-29 10:32
20220,completed,2025-01-29 17:01
20221,completed,2025-09-10 19:19
20222,completed,2025-10-10 07:03
20223,completed,2025-10-10 05:33
20224,completed,2025-09-07 16:29
20225,completed,2025-11-21 23:26
20226,completed,2025-05-06 05:06
20227,completed,2025-07-05 10:12
20228,completed,2025-02-12 21:26
20229,completed,2025-09-19 04:59
20230,completed,2025-10-14 14:49
20231,completed,2025-05-09 19:08
20232,completed,2025-04-24 01:21
20233,completed,2025-11-15 05:38
20234,completed,2025-11-13 22:08
20235,completed,2025-02-11 12:40
20236,completed,2025-10-19 01:22
20237,completed,2025-06-10 18:17
20238,completed,2025-05-15 02:47
20239,completed,2025-09-11 17:36
20240,completed,2024-12-16 06:08
20241,completed,2025-10-15 03:38
20242,completed,2025-02-03 23:37
20243,completed,2025-04-03 06:47
20244,completed,2025-07-12 21:08
20245,completed,2025-09-21 18:11
20246,completed,2025-07-29 14:21
20247,completed,2025-10-21 06:56
20248,completed,2025-11-01 15:51
20249,completed,2025-03-03 10:00
20250,completed,2024-12-11 23:32
20251,completed,2025-07-05 01:48
20252,completed,2025-04-10 18:59
20253,completed,2025-10-05 18:22
20254,completed,2024-12-15 09:00
20255,completed,2025-05-02 06:28
20256,completed,2025-01-21 20:07
20257,completed,2025-06-11 13:29
20258,completed,2025-06-17 02:34
20259,completed,2025-01-28 21:58
20260,completed,2025-11-11 10:47
20261,completed,2025-05-26 15:14
20262,completed,2025-03-21 21:43
20263,completed,2025-02-18 10:01
20264,completed,2025-12-04 00:09
20265,completed,2025-04-03 22:58
20266,completed,2025-08-09 03:17
20267,completed,2025-08-21 23:55
20268,completed,2025-09-13 07:41
20269,completed,2024-12-13 13:48
20270,completed,2025-09-01 19:36
20271,completed,2024-12-23 00:46
20272,completed,2025-07-18 00:22
20273,completed,2025-02-08 06:48
20274,completed,2025-01-28 11:03
20275,completed,2025-11-18 20:43
20276,completed,2025-04-28 02:46
20277,completed,2025-04-29 04:46
20278,completed,2025-02-15 18:01
20279,completed,2024-12-26 06:11
20280,completed,2025-06-11 14:30
20281,completed,2025-01-15 07:28
20282,completed,2025-12-01 10:36
20283,completed,2025-10-14 12:29
20284,completed,2025-05-29 00:41
20285,completed,2025-11-10 02:24
20286,completed,2025-11-19 23:29
20287,completed,2024-12-16 10:59
20288,completed,2025-01-11 15:50
20289,completed,2025-10-28 16:34
20290,completed,2025-05-26 04:42
20291,completed,2025-03-15 04:52
20292,completed,2025-07-19 23:10
20293,completed,2025-03-07 14:43
20294,completed,2025-10-30 02:06
20295,completed,2025-07-07 16:52
20296,completed,2025-01-31 04:24
20297,completed,2025-11-24 16:30
20298,completed,2025-10-24 21:40
20299,completed,2025-04-30 08:31
20300,completed,2025-05-21 04:15
20301,completed,2025-08-16 18:41
20302,completed,2025-04-11 09:59
20303,completed,2025-06-03 23:43
20304,completed,2025-09-03 13:52
20305,completed,2025-08-14 12:21
20306,completed,2025-07-20 10:24
20307,completed,2025-11-28 02:24
20308,completed,2024-12-24 20:57
20309,completed,2025-04-28 22:38
20310,completed,2025-04-20 08:48
20311,completed,2025-10-19 11:56
20312,completed,2025-03-25 03:24
20313,completed,2025-10-17 03:44
20314,completed,2025-07-10 06:35
20315,completed,2025-08-30 17:22
20316,completed,2025-11-20 12:50
20317,completed,2025-07-08 06:41
20318,completed,2025-09-16 20:27
20319,completed,2025-04-26 08:50
20320,completed,2025-11-02 02:33
20321,completed,2025-04-08 13:58
20322,completed,2025-02-17 13:31
20323,completed,2025-01-27 16:25
20324,completed,2025-11-01 00:51
20325,completed,2024-12-07 16:18
20326,completed,2025-03-15 02:17
20327,completed,2025-11-07 00:50
20328,completed,2025-05-23 03:32
20329,completed,2025-06-24 15:51
20330,completed,2025-03-16 20:16
20331,completed,2025-10-05 11:24
20332,completed,2025-03-20 09:40
20333,completed,2025-05-06 06:52
20334,completed,2025-03-14 08:05
20335,completed,2025-10-10 06:56
20336,completed,2025-05-22 00:18
20337,completed,2025-01-12 12:24
20338,completed,2025-07-29 17:20
20339,completed,2024-12-21 09:46
20340,completed,2025-02-25 07:00
20341,completed,2025-03-26 06:22
20342,completed,2025-01-28 09:04
20343,completed,2025-06-16 23:16
20344,completed,2025-06-29 04:43
20345,completed,2025-04-23 04:36
20346,completed,2025-07-28 20:09
20347,completed,2025-12-05 20:35
20348,completed,2024-12-18 07:37
20349,completed,2025-07-20 01:51
20350,completed,2025-10-07 21:07
20351,completed,2024-12-30 09:14
20352,completed,2025-03-06 04:28
20353,completed,2025-06-12 06:45
20354,completed,2025-11-03 06:55
20355,completed,2025-06-16 19:29
20356,completed,2025-11-01 16:49
20357,completed,2025-06-21 09:21
20358,completed,2025-01-26 06:03
20359,completed,2025-10-05 20:54
20360,completed,2025-11-24 06:09
20361,completed,2025-10-14 02:06
20362,completed,2025-06-06 16:58
20363,completed,2025-03-08 12:46
20364,completed,2025-08-28 15:08
20365,completed,2025-02-14 11:48
20366,completed,2025-01-22 19:46
20367,completed,2025-04-11 07:58
20368,completed,2025-06-26 08:11
20369,completed,2025-05-14 07:56
20370,completed,2025-03-14 06:59
20371,completed,2025-11-08 21:16
20372,completed,2025-01-07 11:19
20373,completed,2024-12-31 13:31
20374,completed,2025-07-30 13:05
20375,completed,2025-11-09 06:53
20376,completed,2024-12-17 11:35
20377,completed,2025-01-21 08:39
20378,completed,2025-02-25 17:34
20379,completed,2025-03-03 20:30
20380,completed,2025-04-15 16:00
20381,completed,2025-01-09 22:21
20382,completed,2024-12-27 19:15
20383,completed,2025-04-22 13:18
20384,completed,2025-11-19 00:10
20385,completed,2025-06-17 14:51
20386,completed,2025-11-13 14:57
20387,completed,2025-09-11 02:51
20388,completed,2025-04-19 10:48
20389,completed,2025-05-03 01:17
20390,completed,2025-12-06 11:21
20391,completed,2025-08-17 03:45
20392,completed,2025-09-12 04:19
20393,completed,2025-04-25 06:04
20394,completed,2025-04-29 01:22
20395,completed,2025-04-06 12:39
20396,completed,2025-06-12 23:38
20397,completed,2025-02-25 23:24
20398,completed,2025-05-09 10:12
20399,completed,2025-01-19 13:05
20400,completed,2025-04-10 01:31
20401,completed,2025-04-29 06:32
20402,completed,2025-08-15 21:18
20403,completed,2025-11-28 14:55
20404,completed,2025-06-30 04:24
20405,completed,2025-04-01 08:03
20406,completed,2025-04-26 05:18
20407,completed,2025-04-25 16:34
20408,completed,2025-03-06 08:00
20409,completed,2025-09-20 20:49
20410,completed,2025-09-23 12:09
20411,completed,2025-03-16 20:42
20412,completed,2025-11-22 12:51
20413,completed,2025-11-08 22:43
20414,completed,2025-01-13 11:10
20415,completed,2025-01-01 22:59
20416,completed,2025-04-11 07:44
20417,completed,2025-02-21 08:21
20418,completed,2025-02-09 15:32
20419,completed,2025-06-01 09:58
20420,completed,2025-11-19 16:00
20421,completed,2025-09-26 23:00
20422,completed,2025-02-22 16:06
20423,completed,2025-10-11 19:02
20424,completed,2025-03-23 12:30
20425,completed,2025-04-14 10:02
20426,completed,2025-02-19 13:00
20427,completed,2025-06-02 02:44
20428,completed,2024-12-09 17:48
20429,completed,2025-07-07 22:55
20430,completed,2025-06-07 20:30
20431,completed,2025-03-26 20:11
20432,completed,2025-10-26 07:09
20433,completed,2025-03-20 06:48
20434,completed,2025-05-30 12:07
20435,completed,2025-12-02 13:31
20436,completed,2025-05-14 19:04
20437,completed,2025-04-18 01:26
20438,completed,2025-05-17 18:26
20439,completed,2025-08-27 12:27
20440,completed,2025-07-30 00:48
20441,completed,2025-11-16 13:35
20442,completed,2025-08-17 11:06
20443,completed,2025-10-25 01:32
20444,completed,2024-12-25 17:20
20445,completed,2025-08-25 15:02
20446,completed,2025-08-01 20:45
20447,completed,2025-03-11 14:05
20448,completed,2025-06-16 18:10
20449,completed,2025-05-09 11:05
20450,completed,2024-12-25 21:03
20451,completed,2025-05-29 00:56
20452,completed,2025-03-26 19:49
20453,completed,2025-05-03 04:38
20454,completed,2025-03-14 23:32
20455,completed,2025-03-30 20:19
20456,completed,2025-06-07 10:05
20457,completed,2024-12-10 21:37
20458,completed,2025-10-03 05:33
20459,completed,2025-04-27 23:00
20460,completed,2025-07-31 23:34
20461,completed,2025-01-22 19:37
20462,completed,2025-07-27 21:54
20463,completed,2025-04-27 07:38
20464,completed,2025-03-01 20:09
20465,completed,2025-10-09 23:18
20466,completed,2025-06-13 20:06
20467,completed,2025-07-18 22:07
20468,completed,2025-11-27 08:27
20469,completed,2025-07-05 05:44
20470,completed,2025-03-13 01:59
20471,completed,2025-02-12 11:29
20472,completed,2025-07-22 00:15
20473,completed,2025-11-17 22:13
20474,completed,2025-01-06 17:36
20475,completed,2025-05-10 07:40
20476,completed,2025-01-28 15:11
20477,completed,2025-08-13 18:33
20478,completed,2025-08-08 10:22
20479,completed,2025-09-22 07:43
20480,completed,2024-12-29 15:38
20481,completed,2025-05-03 17:51
20482,completed,2025-07-23 19:23
20483,completed,2025-02-02 19:56
20484,completed,2024-12-24 21:13
20485,completed,2025-09-04 17:09
20486,completed,2025-02-07 13:35
20487,completed,2025-09-13 05:40
20488,completed,2025-06-11 19:08
20489,completed,2025-07-30 07:58
20490,completed,2025-03-05 17:30
20491,completed,2025-08-26 06:16
20492,completed,2025-02-16 08:59
20493,completed,2025-07-07 00:36
20494,completed,2025-03-04 01:38
20495,completed,2025-11-22 19:08
20496,completed,2025-05-26 16:25
20497,completed,2025-08-17 23:55
20498,completed,2025-08-29 12:27
20499,completed,2025-06-18 17:17
20500,completed,2025-09-28 03:39
20501,completed,2025-10-18 20:54
20502,completed,2025-09-12 14:42
20503,completed,2025-10-11 01:27
20504,completed,2025-09-28 07:59
20505,completed,2025-07-11 12:34
20506,completed,2025-10-05 06:38
20507,completed,2025-10-12 21:57
20508,completed,2025-05-31 00:49
20509,completed,2025-07-12 09:12
20510,completed,2025-07-02 14:24
20511,completed,2025-05-03 11:21
20512,completed,2025-02-03 20:43
20513,completed,2025-05-11 13:54
20514,completed,2025-06-26 14:14
20515,completed,2025-06-04 18:43
20516,completed,2025-01-07 19:50
20517,completed,2025-01-12 23:21
20518,completed,2025-05-29 04:38
20519,completed,2025-01-07 00:17
20520,completed,2025-02-21 18:27
20521,completed,2025-11-13 16:10
20522,completed,2025-04-20 18:03
20523,completed,2025-05-13 11:15
20524,completed,2025-05-31 04:31
20525,completed,2024-12-15 10:45
20526,completed,2025-04-28 03:14
20527,completed,2025-07-27 03:39
20528,completed,2025-03-02 11:42
20529,completed,2025-03-16 06:48
20530,completed,2025-06-07 04:38
20531,completed,2025-12-03 20:36
20532,completed,2025-08-18 12:32
20533,completed,2025-09-03 14:48
20534,completed,2025-03-13 23:56
20535,completed,2025-03-17 10:03
20536,completed,2025-10-12 23:06
20537,completed,2025-08-20 13:57
20538,completed,2025-11-10 19:53
20539,completed,2025-09-12 19:03
20540,completed,2024-12-25 13:39
20541,completed,2025-02-12 03:08
20542,completed,2025-08-12 18:48
20543,completed,2024-12-13 05:26
20544,completed,2025-02-08 09:13
20545,completed,2025-10-04 07:35
20546,completed,2025-03-29 18:10
20547,completed,2025-01-25 17:54
20548,completed,2024-12-21 08:17
20549,completed,2025-03-11 03:05
20550,completed,2025-06-17 16:57
20551,completed,2025-08-02 04:04
20552,completed,2024-12-24 02:00
20553,completed,2025-06-07 17:26
20554,completed,2025-06-13 18:04
20555,completed,2025-10-20 07:23
20556,completed,2025-05-30 21:52
20557,completed,2025-09-17 20:55
20558,completed,2025-07-12 10:37
20559,completed,2025-06-05 05:44
20560,completed,2025-08-28 13:04
20561,completed,2025-03-04 11:45
20562,completed,2025-05-15 10:09
20563,completed,2025-11-06 03:02
20564,completed,2024-12-19 12:52
20565,completed,2025-06-09 22:44
20566,completed,2025-07-09 06:24
20567,completed,2025-01-14 22:42
20568,completed,2025-11-22 02:56
20569,completed,2024-12-24 03:17
20570,completed,2025-08-09 16:26
20571,completed,2025-03-07 11:46
20572,completed,2025-06-12 00:23
20573,completed,2025-06-24 23:49
20574,completed,2025-10-07 01:56
20575,completed,2025-03-13 14:36
20576,completed,2025-09-04 11:17
20577,completed,2025-10-11 09:27
20578,completed,2024-12-30 13:31
20579,completed,2024-12-12 20:30
20580,completed,2025-09-05 20:39
20581,completed,2025-03-07 07:28
20582,completed,2024-12-10 00:28
20583,completed,2025-07-22 17:50
20584,completed,2025-08-12 19:09
20585,completed,2024-12-11 00:15
20586,completed,2025-07-05 23:34
20587,completed,2025-07-08 04:56
20588,completed,2025-04-07 01:23
20589,completed,2025-03-19 09:07
20590,completed,2025-10-04 13:21
20591,completed,2025-01-27 23:06
20592,completed,2025-11-04 14:02
20593,completed,2025-11-20 09:17
20594,completed,2025-09-29 06:01
20595,completed,2025-11-30 14:49
20596,completed,2025-06-16 08:12
20597,completed,2025-09-01 22:07
20598,completed,2025-01-19 11:27
20599,completed,2025-09-13 20:30
20600,completed,2025-03-08 15:41
20601,completed,2025-11-17 10:37
20602,completed,2024-12-11 18:15
20603,completed,2025-10-27 20:08
20604,completed,2025-11-09 21:22
20605,completed,2025-09-27 12:55
20606,completed,2024-12-11 17:11
20607,completed,2025-08-25 10:02
20608,completed,2025-01-18 14:31
20609,completed,2025-06-04 18:33
20610,completed,2025-03-17 14:59
20611,completed,2025-10-01 14:23
20612,completed,2025-04-18 18:59
20613,completed,2025-03-22 19:22
20614,completed,2025-05-19 08:50
20615,completed,2025-12-02 15:04
20616,completed,2025-05-28 11:05
20617,completed,2025-06-27 23:47
20618,completed,2025-09-07 16:38
20619,completed,2025-07-22 13:10
20620,completed,2024-12-17 08:38
20621,completed,2025-02-24 03:53
20622,completed,2025-06-10 20:01
20623,completed,2025-11-17 21:30
20624,completed,2025-08-23 13:06
20625,completed,2025-02-22 15:20
20626,completed,2025-02-19 10:20
20627,completed,2025-01-05 22:22
20628,completed,2025-05-15 14:37
20629,completed,2024-12-08 13:50
20630,completed,2025-10-12 00:46
20631,completed,2025-04-19 17:38
20632,completed,2025-02-14 22:35
20633,completed,2025-06-01 15:54
20634,completed,2025-01-08 06:37
20635,completed,2025-11-27 12:55
20636,completed,2025-03-24 18:35
20637,completed,2025-05-10 16:02
20638,completed,2025-05-15 04:11
20639,completed,2025-06-12 11:18
20640,completed,2025-04-13 14:04
20641,completed,2025-02-16 20:59
20642,completed,2025-04-11 19:13
20643,completed,2024-12-30 09:07
20644,completed,2025-03-05 13:15
20645,completed,2024-12-07 23:12
20646,completed,2024-12-11 13:14
20647,completed,2025-05-21 07:30
20648,completed,2025-09-11 13:52
20649,completed,2025-03-14 05:57
20650,completed,2025-07-27 00:57
20651,completed,2025-02-21 21:27
20652,completed,2025-08-04 10:09
20653,completed,2025-11-17 17:14
20654,completed,2025-08-28 23:22
20655,completed,2025-06-14 18:02
20656,completed,2025-11-24 23:49
20657,completed,2025-01-09 22:53
20658,completed,2025-03-26 10:39
20659,completed,2025-01-17 04:11
20660,completed,2025-01-10 13:34
20661,completed,2025-08-17 09:14
20662,completed,2025-08-04 08:51
20663,completed,2024-12-18 08:09
20664,completed,2025-11-04 06:19
20665,completed,2025-04-04 18:35
20666,completed,2025-08-17 10:37
20667,completed,2025-08-28 05:31
20668,completed,2024-12-19 05:06
20669,completed,2025-10-11 18:08
20670,completed,2025-06-02 05:43
20671,completed,2025-07-04 18:15
20672,completed,2025-07-20 21:31
20673,completed,2025-11-10 19:07
20674,completed,2025-09-08 03:19
20675,completed,2025-09-09 05:56
20676,completed,2025-04-29 22:04
20677,completed,2025-06-25 20:15
20678,completed,2025-02-14 17:31
20679,completed,2024-12-21 22:57
20680,completed,2025-12-03 17:56
20681,completed,2025-08-25 22:17
20682,completed,2025-11-28 13:21
20683,completed,2025-10-25 21:25
20684,completed,2025-05-06 14:27
20685,completed,2025-08-03 10:32
20686,completed,2025-07-05 07:32
20687,completed,2025-01-11 09:50
20688,completed,2024-12-10 09:26
20689,completed,2025-01-08 07:15
20690,completed,2025-01-26 01:39
20691,completed,2025-05-10 08:15
20692,completed,2025-01-14 04:28
20693,completed,2025-04-27 22:53
20694,completed,2025-07-06 21:15
20695,completed,2025-10-07 13:17
20696,completed,2025-02-02 01:32
20697,completed,2025-08-23 01:27
20698,completed,2025-08-24 05:46
20699,completed,2025-05-03 02:44
20700,completed,2025-07-27 02:26
20701,completed,2025-02-14 09:26
20702,completed,2025-01-19 06:04
20703,completed,2025-08-05 21:58
20704,completed,2025-07-25 13:33
20705,completed,2025-05-30 04:40
20706,completed,2025-08-30 01:31
20707,completed,2025-11-19 15:28
20708,completed,2025-03-22 14:56
20709,completed,2025-12-02 02:56
20710,completed,2025-11-22 13:22
20711,completed,2025-01-29 22:26
20712,completed,2025-03-17 18:34
20713,completed,2025-03-23 23:10
20714,completed,2025-07-31 13:46
20715,completed,2025-06-03 10:34
20716,completed,2025-03-02 15:27
20717,completed,2025-05-21 18:29
20718,completed,2025-05-15 06:49
20719,completed,2025-10-06 23:34
20720,completed,2025-05-06 03:16
20721,completed,2024-12-27 03:57
20722,completed,2025-05-10 07:24
20723,completed,2025-09-30 13:02
20724,completed,2025-09-22 06:37
20725,completed,2025-10-26 12:07
20726,completed,2025-04-16 12:28
20727,completed,2025-11-26 11:58
20728,completed,2024-12-26 16:50
20729,completed,2025-06-23 17:08
20730,completed,2025-11-13 12:17
20731,completed,2025-07-25 11:37
20732,completed,2024-12-11 20:57
20733,completed,2025-08-14 22:27
20734,completed,2025-05-06 22:53
20735,completed,2024-12-07 02:31
20736,completed,2025-06-27 01:34
20737,completed,2025-10-10 18:39
20738,completed,2025-04-20 15:29
20739,completed,2025-07-10 15:50
20740,completed,2025-05-30 11:47
20741,completed,2025-10-17 01:45
20742,completed,2025-08-05 18:28
20743,completed,2025-10-05 23:39
20744,completed,2025-03-26 15:58
20745,completed,2025-06-27 08:36
20746,completed,2025-08-25 15:50
20747,completed,2024-12-21 07:51
20748,completed,2024-12-31 07:58
20749,completed,2025-07-11 14:03
20750,completed,2025-04-14 16:25
20751,completed,2025-10-04 23:01
20752,completed,2025-03-22 01:09
20753,completed,2024-12-20 08:40
20754,completed,2025-10-29 17:35
20755,completed,2025-03-09 22:37
20756,completed,2025-10-19 17:05
20757,completed,2025-11-10 08:48
20758,completed,2025-11-07 10:04
20759,completed,2025-09-15 11:46
20760,completed,2025-02-27 04:26
20761,completed,2025-01-01 05:54
20762,completed,2025-04-02 00:48
20763,completed,2025-10-10 13:44
20764,completed,2025-03-28 03:49
20765,completed,2025-08-06 18:29
20766,completed,2025-11-29 08:01
20767,completed,2025-02-21 15:14
20768,completed,2025-09-15 10:40
20769,completed,2025-08-20 00:18
20770,completed,2025-02-10 23:11
20771,completed,2025-03-04 02:58
20772,completed,2025-11-29 19:22
20773,completed,2025-01-09 13:34
20774,completed,2025-09-07 21:41
20775,completed,2025-04-24 09:59
20776,completed,2024-12-26 08:42
20777,completed,2025-01-04 23:43
20778,completed,2025-07-07 16:48
20779,completed,2025-01-22 17:07
20780,completed,2025-05-21 05:09
20781,completed,2025-04-06 15:23
20782,completed,2025-07-06 03:39
20783,completed,2025-01-01 16:04
20784,completed,2024-12-27 22:14
20785,completed,2025-06-29 07:46
20786,completed,2025-01-20 18:04
20787,completed,2025-04-15 10:15
20788,completed,2025-08-20 06:02
20789,completed,2025-07-29 12:50
20790,completed,2025-05-27 15:46
20791,completed,2025-06-17 00:40
20792,completed,2025-06-03 04:16
20793,completed,2025-01-14 14:27
20794,completed,2025-02-23 06:33
20795,completed,2025-11-10 12:04
20796,completed,2025-04-03 03:05
20797,completed,2025-04-12 04:11
20798,completed,2024-12-14 12:30
20799,completed,2025-02-11 19:27
20800,completed,2025-06-01 12:56
20801,completed,2025-03-01 09:19
20802,completed,2025-02-04 23:49
20803,completed,2025-12-01 06:31
20804,completed,2025-11-19 20:43
20805,completed,2025-06-27 06:07
20806,completed,2024-12-08 01:06
20807,completed,2025-07-18 23:30
20808,completed,2025-04-28 15:55
20809,completed,2025-03-09 17:01
20810,completed,2025-10-06 08:14
20811,completed,2025-11-05 08:33
20812,completed,2025-08-12 02:47
20813,completed,2025-02-12 18:11
20814,completed,2025-07-04 16:54
20815,completed,2025-04-14 14:21
20816,completed,2025-09-17 23:20
20817,completed,2025-11-01 02:04
20818,completed,2025-03-08 07:00
20819,completed,2024-12-13 12:43
20820,completed,2025-08-14 22:52
20821,completed,2025-04-27 21:52
20822,completed,2025-08-07 01:12
20823,completed,2025-10-21 20:50
20824,completed,2025-08-22 08:21
20825,completed,2025-04-04 03:20
20826,completed,2025-02-23 06:17
20827,completed,2025-01-17 01:15
20828,completed,2025-10-31 19:42
20829,completed,2025-06-18 11:59
20830,completed,2025-12-04 15:30
20831,completed,2025-11-05 18:10
20832,completed,2025-10-14 04:11
20833,completed,2025-05-23 03:01
20834,completed,2024-12-10 23:46
20835,completed,2025-06-17 14:07
20836,completed,2025-04-10 18:08
20837,completed,2025-06-02 06:29
20838,completed,2024-12-07 04:46
20839,completed,2025-03-27 13:44
20840,completed,2025-12-05 16:37
20841,completed,2025-10-21 15:32
20842,completed,2025-01-04 07:13
20843,completed,2024-12-07 21:32
20844,completed,2024-12-13 02:58
20845,completed,2025-02-03 22:31
20846,completed,2025-04-03 11:12
20847,completed,2024-12-31 18:48
20848,completed,2025-05-02 19:52
20849,completed,2025-05-31 07:38
20850,completed,2025-03-15 05:56
20851,completed,2025-06-15 03:07
20852,completed,2025-05-13 05:44
20853,completed,2025-05-28 04:22
20854,completed,2025-11-06 04:41
20855,completed,2025-12-02 22:22
20856,completed,2025-06-06 15:05
20857,completed,2025-11-11 19:18
20858,completed,2025-02-24 03:36
20859,completed,2025-09-21 04:46
20860,completed,2025-06-01 13:12
20861,completed,2025-04-26 04:32
20862,completed,2024-12-26 09:44
20863,completed,2025-02-01 03:49
20864,completed,2025-08-17 15:42
20865,completed,2025-09-27 02:25
20866,completed,2025-04-08 08:57
20867,completed,2025-07-08 19:21
20868,completed,2025-07-09 04:10
20869,completed,2025-03-08 09:40
20870,completed,2025-02-19 18:31
20871,completed,2025-05-11 20:42
20872,completed,2025-06-20 12:42
20873,completed,2025-04-18 13:42
20874,completed,2024-12-23 11:16
20875,completed,2025-07-29 00:33
20876,completed,2025-01-14 05:33
20877,completed,2025-03-21 23:42
20878,completed,2025-03-18 12:56
20879,completed,2025-03-08 06:05
20880,completed,2025-02-10 12:57
20881,completed,2025-10-12 23:32
20882,completed,2025-06-15 12:16
20883,completed,2025-03-11 21:22
20884,completed,2025-07-28 12:31
20885,completed,2025-01-31 18:44
20886,completed,2025-01-08 07:15
20887,completed,2025-05-02 14:20
20888,completed,2025-11-26 09:07
20889,completed,2025-05-07 10:22
20890,completed,2024-12-29 02:03
20891,completed,2025-05-21 20:50
20892,completed,2025-11-05 21:06
20893,completed,2025-10-26 02:49
20894,completed,2025-11-17 04:44
20895,completed,2025-03-07 06:14
20896,completed,2025-06-01 18:53
20897,completed,2025-09-30 00:23
20898,completed,2025-11-10 22:53
20899,completed,2025-03-24 03:21
20900,completed,2025-10-12 23:31
20901,completed,2024-12-14 20:30
20902,completed,2025-07-01 16:17
20903,completed,2025-11-10 11:27
20904,completed,2025-04-23 06:30
20905,completed,2025-08-13 14:26
20906,completed,2025-05-01 15:45
20907,completed,2025-10-02 18:05
20908,completed,2025-01-09 20:57
20909,completed,2025-04-26 06:21
20910,completed,2025-05-26 05:50
20911,completed,2025-03-23 07:44
20912,completed,2024-12-27 06:54
20913,completed,2025-11-26 23:54
20914,completed,2025-04-01 20:07
20915,completed,2025-01-06 01:59
20916,completed,2025-12-05 19:50
20917,completed,2025-05-12 14:11
20918,completed,2025-08-26 19:50
20919,completed,2025-02-20 22:51
20920,completed,2025-09-13 10:30
20921,completed,2025-06-28 13:10
20922,completed,2024-12-14 02:19
20923,completed,2025-04-03 16:21
20924,completed,2025-09-07 18:35
20925,completed,2025-01-06 05:38
20926,completed,2025-04-06 18:55
20927,completed,2025-03-19 20:46
20928,completed,2025-04-16 16:45
20929,completed,2025-08-20 03:29
20930,completed,2025-03-04 10:51
20931,completed,2025-01-19 15:42
20932,completed,2025-02-24 18:20
20933,completed,2024-12-16 09:25
20934,completed,2025-09-13 17:29
20935,completed,2025-03-10 00:07
20936,completed,2025-07-30 23:06
20937,completed,2025-07-12 15:06
20938,completed,2025-11-22 18:53
20939,completed,2025-04-14 05:25
20940,completed,2025-02-17 08:26
20941,completed,2025-03-14 11:46
20942,completed,2025-04-04 23:06
20943,completed,2025-09-07 05:52
20944,completed,2025-02-25 16:11
20945,completed,2025-07-19 16:57
20946,completed,2025-11-09 06:22
20947,completed,2025-08-03 18:01
20948,completed,2025-11-03 17:28
20949,completed,2025-01-14 02:50
20950,completed,2025-04-04 03:49
20951,completed,2025-08-03 20:06
20952,completed,2025-01-02 22:06
20953,completed,2024-12-22 08:26
20954,completed,2025-05-14 21:18
20955,completed,2025-10-06 10:45
20956,completed,2025-02-12 10:06
20957,completed,2025-06-30 10:09
20958,completed,2025-10-17 12:34
20959,completed,2025-07-03 02:10
20960,completed,2025-10-20 07:42
20961,completed,2025-04-29 18:42
20962,completed,2024-12-13 15:30
20963,completed,2025-03-12 17:00
20964,completed,2025-06-20 18:02
20965,completed,2025-08-27 14:50
20966,completed,2025-05-28 22:02
20967,completed,2025-08-30 20:07
20968,completed,2025-03-20 21:30
20969,completed,2025-04-13 12:12
20970,completed,2025-07-10 18:14
20971,completed,2025-11-30 15:18
20972,completed,2025-03-29 07:52
20973,completed,2025-08-20 08:02
20974,completed,2025-03-12 23:33
20975,completed,2025-07-27 11:32
20976,completed,2025-06-15 00:29
20977,completed,2025-04-24 16:02
20978,completed,2025-07-23 15:39
20979,completed,2025-10-10 09:56
20980,completed,2025-12-05 17:16
20981,completed,2025-01-31 12:14
20982,completed,2025-09-12 22:24
20983,completed,2025-11-07 17:15
20984,completed,2025-03-14 04:17
20985,completed,2025-09-20 13:00
20986,completed,2025-03-09 19:59
20987,completed,2025-05-05 09:15
20988,completed,2025-05-25 05:47
20989,completed,2024-12-07 05:44
20990,completed,2024-12-27 11:58
20991,completed,2025-03-14 11:08
20992,completed,2025-12-02 12:29
20993,completed,2025-03-02 00:56
20994,completed,2025-02-12 01:03
20995,completed,2025-04-18 10:18
20996,completed,2025-02-04 16:58
20997,completed,2024-12-18 10:59
20998,completed,2025-01-26 10:29
20999,completed,2025-06-22 06:40
21000,completed,2025-01-05 14:54
21001,completed,2025-05-14 01:06
21002,completed,2025-03-08 00:19
21003,completed,2025-03-11 01:47
21004,completed,2025-01-29 07:19
21005,completed,2025-04-25 09:02
21006,completed,2025-03-07 05:12
21007,completed,2025-08-28 12:27
21008,completed,2025-09-22 19:38
21009,completed,2025-04-29 02:15
21010,completed,2025-08-20 16:47
21011,completed,2025-06-28 21:51
21012,completed,2025-05-10 16:18
21013,completed,2025-05-05 03:10
21014,completed,2025-01-15 08:35
21015,completed,2025-01-03 03:19
21016,completed,2025-07-06 07:41
21017,completed,2025-10-25 15:00
21018,completed,2025-03-14 19:27
21019,completed,2025-06-26 00:00
21020,completed,2024-12-19 21:27
21021,completed,2025-06-17 19:39
21022,completed,2024-12-29 10:48
21023,completed,2025-03-01 15:24
21024,completed,2025-01-16 11:23
21025,completed,2025-04-03 15:54
21026,completed,2025-02-15 11:38
21027,completed,2025-08-22 04:47
21028,completed,2025-01-25 05:52
21029,completed,2024-12-13 22:05
21030,completed,2025-09-18 03:01
21031,completed,2025-01-15 16:27
21032,completed,2024-12-17 22:59
21033,completed,2025-10-12 02:14
21034,completed,2025-05-08 15:12
21035,completed,2025-04-05 09:50
21036,completed,2025-10-03 09:23
21037,completed,2025-12-05 10:55
21038,completed,2025-10-10 00:19
21039,completed,2025-02-19 06:05
21040,completed,2025-05-22 11:34
21041,completed,2025-07-30 01:31
21042,completed,2025-03-16 16:09
21043,completed,2025-05-25 07:33
21044,completed,2025-04-27 20:07
21045,completed,2024-12-18 00:05
21046,completed,2025-06-16 08:00
21047,completed,2024-12-17 07:35
21048,completed,2025-01-18 15:56
21049,completed,2025-02-22 02:39
21050,completed,2025-01-03 06:01
21051,completed,2025-10-13 15:43
21052,completed,2025-09-30 19:22
21053,completed,2024-12-11 15:55
21054,completed,2025-09-02 15:13
21055,completed,2025-08-10 17:08
21056,completed,2025-10-27 22:04
21057,completed,2025-07-13 15:33
21058,completed,2025-11-12 03:05
21059,completed,2025-05-23 16:35
21060,completed,2025-08-18 17:02
21061,completed,2025-04-14 01:31
21062,completed,2025-01-09 07:48
21063,completed,2025-01-04 11:53
21064,completed,2025-09-27 13:42
21065,completed,2025-04-02 18:23
21066,completed,2025-11-23 05:09
21067,completed,2025-08-28 20:12
21068,completed,2025-09-12 03:25
21069,completed,2025-03-24 10:59
21070,completed,2025-07-15 18:34
21071,completed,2025-03-05 05:57
21072,completed,2025-08-22 00:39
21073,completed,2025-05-02 11:04
21074,completed,2025-10-12 22:28
21075,completed,2025-06-05 06:05
21076,completed,2025-05-31 13:37
21077,completed,2025-05-26 18:20
21078,completed,2025-07-19 23:17
21079,completed,2025-01-07 02:02
21080,completed,2025-01-19 22:23
21081,completed,2025-10-20 07:11
21082,completed,2025-07-26 07:31
21083,completed,2025-10-23 09:56
21084,completed,2025-01-07 19:54
21085,completed,2025-01-31 11:18
21086,completed,2025-02-19 03:41
21087,completed,2025-12-04 12:02
21088,completed,2025-08-11 17:02
21089,completed,2025-10-10 05:22
21090,completed,2025-01-13 03:48
21091,completed,2025-05-02 11:24
21092,completed,2025-07-03 11:36
21093,completed,2025-09-15 01:38
21094,completed,2025-04-20 20:43
21095,completed,2025-03-13 12:41
21096,completed,2025-01-02 17:58
21097,completed,2025-10-15 06:52
21098,completed,2025-09-14 21:25
21099,completed,2025-09-06 19:59
21100,completed,2025-07-06 13:05
21101,completed,2025-04-17 10:32
21102,completed,2025-05-16 05:40
21103,completed,2025-08-09 16:49
21104,completed,2025-04-22 14:33
21105,completed,2025-03-25 10:51
21106,completed,2024-12-27 14:13
21107,completed,2025-11-09 03:48
21108,completed,2025-11-24 03:01
21109,completed,2025-02-28 15:52
21110,completed,2025-04-28 04:24
21111,completed,2025-04-12 05:59
21112,completed,2025-08-07 06:14
21113,completed,2025-10-28 14:16
21114,completed,2025-01-20 11:40
21115,completed,2025-06-17 06:17
21116,completed,2025-08-10 12:40
21117,completed,2025-11-21 09:57
21118,completed,2025-11-05 07:36
21119,completed,2024-12-23 12:29
21120,completed,2025-11-05 18:32
21121,completed,2025-08-19 08:11
21122,completed,2025-11-13 10:18
21123,completed,2025-08-27 04:52
21124,completed,2025-05-29 23:44
21125,completed,2025-10-25 11:43
21126,completed,2025-09-19 12:32
21127,completed,2025-03-09 00:10
21128,completed,2025-01-14 01:09
21129,completed,2025-02-16 04:22
21130,completed,2025-08-22 18:31
21131,completed,2025-01-09 16:08
21132,completed,2025-08-25 04:11
21133,completed,2025-08-09 05:54
21134,completed,2025-04-11 09:07
21135,completed,2025-05-29 07:46
21136,completed,2025-01-25 19:12
21137,completed,2025-03-18 17:36
21138,completed,2025-05-14 19:20
21139,completed,2025-05-05 17:40
21140,completed,2025-06-09 03:11
21141,completed,2025-03-03 02:30
21142,completed,2025-10-03 18:33
21143,completed,2025-11-28 19:39
21144,completed,2025-08-22 05:40
21145,completed,2024-12-22 15:46
21146,completed,2025-02-03 02:50
21147,completed,2025-03-21 17:28
21148,completed,2025-06-12 12:16
21149,completed,2025-09-13 14:55
21150,completed,2025-01-01 15:32
21151,completed,2025-03-09 04:49
21152,completed,2025-01-25 01:57
21153,completed,2025-02-18 07:59
21154,completed,2025-01-27 23:10
21155,completed,2025-07-30 20:20
21156,completed,2025-09-15 17:06
21157,completed,2024-12-31 14:27
21158,completed,2025-10-11 08:52
21159,completed,2025-12-06 15:59
21160,completed,2025-10-23 10:08
21161,completed,2025-02-26 03:24
21162,completed,2025-10-24 18:26
21163,completed,2025-10-14 17:40
21164,completed,2025-06-06 22:11
21165,completed,2025-04-11 15:03
21166,completed,2025-02-10 14:30
21167,completed,2025-09-15 22:30
21168,completed,2025-04-22 10:30
21169,completed,2024-12-17 11:53
21170,completed,2025-02-08 02:18
21171,completed,2025-10-09 04:19
21172,completed,2025-10-08 16:27
21173,completed,2025-05-24 05:39
21174,completed,2025-10-20 17:01
21175,completed,2025-11-07 15:48
21176,completed,2025-06-01 14:52
21177,completed,2025-08-03 04:56
21178,completed,2025-11-28 08:43
21179,completed,2024-12-13 10:28
21180,completed,2025-09-09 17:43
21181,completed,2025-01-27 20:22
21182,completed,2025-09-20 20:16
21183,completed,2025-03-27 14:55
21184,completed,2025-05-23 19:15
21185,completed,2025-05-03 15:16
21186,completed,2024-12-21 08:14
21187,completed,2025-02-28 01:11
21188,completed,2025-03-21 23:59
21189,completed,2025-01-29 10:15
21190,completed,2025-11-05 11:51
21191,completed,2025-07-20 21:36
21192,completed,2025-05-24 05:01
21193,completed,2025-11-16 11:07
21194,completed,2025-07-27 13:59
21195,completed,2025-06-01 10:06
21196,completed,2024-12-26 09:33
21197,completed,2025-11-01 04:01
21198,completed,2025-01-18 08:08
21199,completed,2025-09-29 16:36
21200,completed,2025-03-06 02:20
21201,completed,2025-01-26 19:13
21202,completed,2024-12-18 19:47
21203,completed,2025-06-22 17:05
21204,completed,2025-05-27 17:52
21205,completed,2025-09-16 14:53
21206,completed,2025-09-30 13:09
21207,completed,2025-11-14 16:22
21208,completed,2025-09-18 01:36
21209,completed,2025-02-08 02:19
21210,completed,2025-08-14 16:53
21211,completed,2025-09-12 04:30
21212,completed,2025-11-15 13:10
21213,completed,2025-02-03 15:43
21214,completed,2025-03-24 06:02
21215,completed,2025-07-11 15:19
21216,completed,2025-09-02 18:54
21217,completed,2025-01-06 08:39
21218,completed,2025-05-13 01:25
21219,completed,2025-11-27 03:12
21220,completed,2025-01-17 15:34
21221,completed,2025-10-01 16:14
21222,completed,2025-04-10 03:36
21223,completed,2024-12-29 09:44
21224,completed,2024-12-19 07:38
21225,completed,2025-05-22 23:37
21226,completed,2025-05-28 06:32
21227,completed,2025-03-01 01:06
21228,completed,2025-03-31 01:09
21229,completed,2025-09-10 15:52
21230,completed,2025-06-23 06:00
21231,completed,2025-04-11 05:25
21232,completed,2025-02-24 08:28
21233,completed,2024-12-09 06:03
21234,completed,2025-11-20 02:03
21235,completed,2025-03-17 11:53
21236,completed,2025-07-30 02:50
21237,completed,2025-02-19 13:21
21238,completed,2025-01-13 15:44
21239,completed,2025-08-24 22:43
21240,completed,2025-01-06 09:13
21241,completed,2025-10-29 20:02
21242,completed,2025-01-07 11:14
21243,completed,2025-06-25 12:38
21244,completed,2025-09-27 03:11
21245,completed,2024-12-29 16:22
21246,completed,2025-07-15 05:14
21247,completed,2025-01-15 18:15
21248,completed,2025-03-09 13:38
21249,completed,2024-12-18 16:53
21250,completed,2025-06-01 00:47
21251,completed,2025-01-27 23:24
21252,completed,2025-08-24 22:43
21253,completed,2025-01-01 21:22
21254,completed,2025-07-20 01:07
21255,completed,2025-11-16 14:04
21256,completed,2025-06-21 17:20
21257,completed,2025-08-04 03:56
21258,completed,2025-08-15 08:03
21259,completed,2025-04-13 18:20
21260,completed,2025-05-06 00:04
21261,completed,2025-08-31 01:38
21262,completed,2025-01-12 20:50
21263,completed,2025-02-03 21:09
21264,completed,2025-02-14 23:21
21265,completed,2025-11-07 00:25
21266,completed,2025-03-24 12:53
21267,completed,2025-04-08 23:49
21268,completed,2024-12-14 11:06
21269,completed,2025-11-14 23:48
21270,completed,2025-02-16 03:30
21271,completed,2025-05-22 21:49
21272,completed,2025-10-10 03:42
21273,completed,2025-09-28 20:16
21274,completed,2025-01-21 00:04
21275,completed,2025-09-12 05:35
21276,completed,2025-01-07 08:57
21277,completed,2025-02-27 19:08
21278,completed,2024-12-15 10:22
21279,completed,2025-02-10 03:04
21280,completed,2025-05-16 21:05
21281,completed,2025-08-21 15:34
21282,completed,2024-12-25 23:19
21283,completed,2025-09-28 11:23
21284,completed,2025-04-10 06:14
21285,completed,2025-10-19 01:21
21286,completed,2025-11-06 23:03
21287,completed,2025-09-27 00:54
21288,completed,2025-06-01 20:24
21289,completed,2025-11-05 08:51
21290,completed,2025-09-04 03:33
21291,completed,2025-08-21 03:37
21292,completed,2025-03-22 09:08
21293,completed,2025-03-28 12:49
21294,completed,2025-03-02 21:09
21295,completed,2025-06-02 16:18
21296,completed,2025-04-16 19:34
21297,completed,2024-12-26 15:17
21298,completed,2025-02-10 00:51
21299,completed,2025-03-16 22:24
21300,completed,2024-12-10 05:35
21301,completed,2025-07-29 08:01
21302,completed,2025-03-22 03:35
21303,completed,2025-09-07 02:12
21304,completed,2025-08-03 09:10
21305,completed,2025-01-20 10:38
21306,completed,2025-04-21 11:59
21307,completed,2025-10-31 03:58
21308,completed,2025-05-08 02:08
21309,completed,2025-06-11 17:08
21310,completed,2025-01-17 18:51
21311,completed,2025-12-03 20:56
21312,completed,2025-09-12 19:53
21313,completed,2025-04-19 15:00
21314,completed,2025-02-25 14:13
21315,completed,2025-07-12 03:14
21316,completed,2025-04-02 19:57
21317,completed,2025-10-23 08:59
21318,completed,2025-08-25 02:47
21319,completed,2025-04-01 07:22
21320,completed,2025-05-29 01:45
21321,completed,2025-03-13 10:00
21322,completed,2025-05-29 03:35
21323,completed,2024-12-07 09:57
21324,completed,2025-09-30 18:51
21325,completed,2025-12-01 06:05
21326,completed,2025-08-13 15:08
21327,completed,2025-09-05 10:50
21328,completed,2025-06-09 16:26
21329,completed,2025-07-24 21:05
21330,completed,2025-08-11 07:32
21331,completed,2025-08-15 21:28
21332,completed,2024-12-26 02:38
21333,completed,2025-01-17 23:24
21334,completed,2025-05-02 13:27
21335,completed,2025-03-25 04:09
21336,completed,2025-07-01 16:47
21337,completed,2025-11-24 02:05
21338,completed,2025-01-15 07:55
21339,completed,2025-04-09 05:06
21340,completed,2025-08-28 11:20
21341,completed,2025-11-21 01:07
21342,completed,2025-07-10 20:05
21343,completed,2025-10-04 14:45
21344,completed,2025-08-04 00:43
21345,completed,2025-06-30 13:22
21346,completed,2025-02-17 10:53
21347,completed,2025-07-14 15:43
21348,completed,2025-09-18 18:39
21349,completed,2025-04-21 13:38
21350,completed,2025-10-11 05:48
21351,completed,2024-12-25 22:24
21352,completed,2025-07-05 11:12
21353,completed,2025-11-06 07:30
21354,completed,2025-06-02 16:43
21355,completed,2025-04-12 01:57
21356,completed,2024-12-12 14:36
21357,completed,2025-11-30 03:01
21358,completed,2025-08-16 13:11
21359,completed,2025-11-02 07:04
21360,completed,2024-12-08 09:51
21361,completed,2025-07-19 11:14
21362,completed,2025-01-04 21:05
21363,completed,2025-07-07 05:24
21364,completed,2025-10-02 19:24
21365,completed,2025-02-07 19:18
21366,completed,2025-04-18 07:01
21367,completed,2024-12-09 17:46
21368,completed,2025-02-15 10:03
21369,completed,2025-04-27 13:48
21370,completed,2024-12-08 14:09
21371,completed,2025-09-16 07:44
21372,completed,2025-09-09 19:36
21373,completed,2025-05-21 16:45
21374,completed,2025-11-02 11:42
21375,completed,2025-09-06 04:45
21376,completed,2025-11-13 11:47
21377,completed,2025-04-13 10:14
21378,completed,2025-06-08 03:43
21379,completed,2025-07-21 18:32
21380,completed,2025-02-14 18:28
21381,completed,2025-10-07 15:39
21382,completed,2025-05-31 09:25
21383,completed,2025-03-31 14:00
21384,completed,2025-05-16 15:50
21385,completed,2025-01-16 10:18
21386,completed,2025-06-09 17:41
21387,completed,2025-05-16 11:58
21388,completed,2025-01-02 20:22
21389,completed,2025-09-01 21:02
21390,completed,2025-05-17 20:37
21391,completed,2025-11-23 23:46
21392,completed,2024-12-10 05:44
21393,completed,2025-02-09 10:16
21394,completed,2025-05-25 18:25
21395,completed,2025-09-25 14:27
21396,completed,2025-04-30 08:04
21397,completed,2025-09-10 18:36
21398,completed,2025-04-29 21:46
21399,completed,2025-11-17 13:36
21400,completed,2025-01-15 09:10
21401,completed,2024-12-10 23:07
21402,completed,2025-11-16 06:48
21403,completed,2025-10-03 19:39
21404,completed,2025-11-25 01:02
21405,completed,2025-09-09 23:04
21406,completed,2024-12-20 06:46
21407,completed,2025-04-24 14:08
21408,completed,2025-01-03 15:26
21409,completed,2025-10-05 04:38
21410,completed,2024-12-28 16:56
21411,completed,2025-03-28 00:06
21412,completed,2025-09-18 18:48
21413,completed,2025-04-07 18:33
21414,completed,2025-03-26 23:53
21415,completed,2025-08-24 04:18
21416,completed,2025-02-19 08:16
21417,completed,2025-01-19 10:13
21418,completed,2024-12-10 13:30
21419,completed,2025-06-26 21:11
21420,completed,2025-05-12 22:17
21421,completed,2025-02-21 14:17
21422,completed,2025-08-11 03:39
21423,completed,2025-10-23 21:01
21424,completed,2025-08-07 09:59
21425,completed,2025-10-15 09:01
21426,completed,2025-07-27 10:56
21427,completed,2025-10-13 12:44
21428,completed,2025-09-13 12:17
21429,completed,2025-09-24 18:46
21430,completed,2025-10-06 11:34
21431,completed,2024-12-11 10:31
21432,completed,2025-06-14 16:52
21433,completed,2025-06-01 04:49
21434,completed,2025-04-20 08:10
21435,completed,2024-12-26 18:58
21436,completed,2025-02-23 03:39
21437,completed,2024-12-09 20:49
21438,completed,2024-12-17 10:47
21439,completed,2025-02-12 15:55
21440,completed,2025-08-12 21:41
21441,completed,2025-05-24 10:14
21442,completed,2025-05-19 12:47
21443,completed,2025-07-07 05:32
21444,completed,2025-05-09 07:29
21445,completed,2025-09-25 08:54
21446,completed,2025-11-11 13:16
21447,completed,2025-03-12 10:59
21448,completed,2025-04-06 07:48
21449,completed,2025-10-19 10:42
21450,completed,2025-06-01 06:18
21451,completed,2025-06-05 04:28
21452,completed,2025-01-18 10:38
21453,completed,2025-01-04 16:56
21454,completed,2025-09-28 05:46
21455,completed,2025-10-27 05:00
21456,completed,2025-08-27 06:26
21457,completed,2025-05-07 19:14
21458,completed,2025-08-03 12:34
21459,completed,2025-11-18 14:16
21460,completed,2025-01-28 20:16
21461,completed,2025-03-23 17:54
21462,completed,2025-05-06 11:52
21463,completed,2025-10-13 02:24
21464,completed,2025-03-14 04:32
21465,completed,2025-08-24 18:14
21466,completed,2025-04-14 08:22
21467,completed,2025-10-19 18:38
21468,completed,2025-08-12 11:21
21469,completed,2025-02-23 06:40
21470,completed,2025-08-05 14:04
21471,completed,2025-08-09 01:48
21472,completed,2025-12-02 20:58
21473,completed,2025-05-01 01:26
21474,completed,2025-09-05 17:22
21475,completed,2025-07-29 04:12
21476,completed,2025-06-13 04:58
21477,completed,2025-09-25 08:04
21478,completed,2025-01-29 14:40
21479,completed,2025-07-26 10:54
21480,completed,2025-09-12 22:48
21481,completed,2025-03-01 20:41
21482,completed,2025-04-25 23:07
21483,completed,2025-03-24 00:01
21484,completed,2025-02-15 11:07
21485,completed,2025-06-12 10:57
21486,completed,2025-08-10 06:00
21487,completed,2025-10-04 14:17
21488,completed,2025-07-07 07:42
21489,completed,2025-02-23 11:50
21490,completed,2025-03-07 23:21
21491,completed,2025-06-20 06:01
21492,completed,2025-01-03 13:57
21493,completed,2025-10-26 19:50
21494,completed,2025-04-29 19:25
21495,completed,2025-10-31 02:21
21496,completed,2025-10-11 21:02
21497,completed,2025-11-22 05:03
21498,completed,2024-12-16 23:36
21499,completed,2025-01-11 03:12
21500,completed,2025-09-28 23:34
21501,completed,2025-01-02 12:19
21502,completed,2025-01-28 22:41
21503,completed,2025-06-20 05:50
21504,completed,2025-07-21 14:20
21505,completed,2025-10-07 05:48
21506,completed,2025-11-28 16:58
21507,completed,2025-01-23 06:33
21508,completed,2024-12-07 04:08
21509,completed,2025-07-04 10:15
21510,completed,2025-01-01 18:53
21511,completed,2024-12-17 03:50
21512,completed,2025-09-26 06:12
21513,completed,2025-08-15 09:00
21514,completed,2025-03-17 11:37
21515,completed,2025-11-18 02:48
21516,completed,2025-05-07 23:16
21517,completed,2025-10-26 08:37
21518,completed,2025-03-30 16:07
21519,completed,2025-09-04 04:22
21520,completed,2025-10-31 20:28
21521,completed,2025-04-26 07:54
21522,completed,2025-01-19 10:16
21523,completed,2025-02-05 18:57
21524,completed,2025-05-24 04:42
21525,completed,2025-01-29 09:16
21526,completed,2025-11-19 05:14
21527,completed,2025-02-10 03:50
21528,completed,2025-01-03 15:36
21529,completed,2025-08-28 23:31
21530,completed,2025-02-19 05:55
21531,completed,2025-03-26 18:03
21532,completed,2025-08-12 14:08
21533,completed,2025-10-10 05:44
21534,completed,2025-04-06 22:37
21535,completed,2025-08-16 02:24
21536,completed,2025-10-22 07:11
21537,completed,2024-12-16 04:41
21538,completed,2025-08-30 11:57
21539,completed,2025-01-25 00:01
21540,completed,2025-09-05 21:58
21541,completed,2025-08-11 14:52
21542,completed,2025-06-23 04:10
21543,completed,2025-11-14 19:59
21544,completed,2025-10-11 13:40
21545,completed,2025-01-12 00:48
21546,completed,2025-03-18 07:48
21547,completed,2025-06-16 11:17
21548,completed,2025-02-04 08:56
21549,completed,2025-09-01 01:04
21550,completed,2024-12-17 12:25
21551,completed,2025-01-20 02:00
21552,completed,2025-10-11 21:11
21553,completed,2025-08-03 23:58
21554,completed,2024-12-24 00:20
21555,completed,2025-08-05 06:24
21556,completed,2025-02-20 21:55
21557,completed,2025-05-14 09:56
21558,completed,2025-05-29 19:48
21559,completed,2025-08-10 11:55
21560,completed,2025-04-11 05:58
21561,completed,2025-03-09 23:07
21562,completed,2025-11-22 17:34
21563,completed,2025-12-03 22:02
21564,completed,2025-01-10 07:10
21565,completed,2024-12-20 17:33
21566,completed,2025-07-06 04:21
21567,completed,2024-12-28 05:13
21568,completed,2025-07-19 14:26
21569,completed,2025-06-09 10:50
21570,completed,2025-07-03 13:13
21571,completed,2025-01-27 08:56
21572,completed,2025-04-01 12:24
21573,completed,2025-03-14 12:55
21574,completed,2025-05-21 10:46
21575,completed,2025-09-08 06:07
21576,completed,2024-12-19 21:23
21577,completed,2025-01-11 01:02
21578,completed,2025-10-09 04:42
21579,completed,2025-01-29 23:09
21580,completed,2025-11-10 17:52
21581,completed,2025-11-21 13:18
21582,completed,2025-10-31 21:00
21583,completed,2025-11-24 17:59
21584,completed,2025-09-01 17:53
21585,completed,2024-12-14 16:23
21586,completed,2025-10-03 01:38
21587,completed,2025-03-03 11:28
21588,completed,2025-04-07 15:19
21589,completed,2025-08-09 13:10
21590,completed,2025-07-10 18:20
21591,completed,2025-08-06 01:15
21592,completed,2025-04-22 11:59
21593,completed,2025-02-06 14:08
21594,completed,2025-01-14 08:40
21595,completed,2025-01-30 10:30
21596,completed,2025-01-22 19:44
21597,completed,2025-01-22 15:57
21598,completed,2025-01-30 12:11
21599,completed,2025-11-10 02:17
21600,completed,2025-08-17 00:26
21601,completed,2025-05-14 03:40
21602,completed,2025-01-04 10:06
21603,completed,2025-02-12 20:35
21604,completed,2025-07-31 22:23
21605,completed,2024-12-21 13:28
21606,completed,2025-12-06 16:43
21607,completed,2025-08-19 04:26
21608,completed,2024-12-20 05:48
21609,completed,2025-08-22 13:22
21610,completed,2025-09-24 21:45
21611,completed,2025-09-01 21:45
21612,completed,2025-03-13 11:22
21613,completed,2025-07-25 05:44
21614,completed,2025-07-01 19:46
21615,completed,2025-05-12 18:50
21616,completed,2025-08-08 20:33
21617,completed,2025-03-12 00:50
21618,completed,2025-06-30 14:33
21619,completed,2025-09-20 00:00
21620,completed,2025-09-28 10:33
21621,completed,2025-11-22 23:30
21622,completed,2025-06-06 11:34
21623,completed,2025-06-06 17:15
21624,completed,2025-08-11 07:04
21625,completed,2025-03-21 00:40
21626,completed,2025-03-24 22:47
21627,completed,2024-12-26 16:42
21628,completed,2025-04-04 01:34
21629,completed,2025-08-03 18:53
21630,completed,2025-03-10 01:33
21631,completed,2025-11-29 08:18
21632,completed,2025-03-02 01:52
21633,completed,2025-07-08 12:44
21634,completed,2025-11-10 22:28
21635,completed,2024-12-14 12:55
21636,completed,2025-05-25 12:41
21637,completed,2025-05-31 21:33
21638,completed,2025-11-18 13:52
21639,completed,2025-08-08 17:06
21640,completed,2025-06-03 18:57
21641,completed,2025-06-25 07:57
21642,completed,2025-07-26 06:37
21643,completed,2025-06-06 07:24
21644,completed,2025-03-26 20:46
21645,completed,2025-06-01 10:20
21646,completed,2025-01-20 09:47
21647,completed,2024-12-25 13:01
21648,completed,2025-05-28 02:53
21649,completed,2025-06-23 12:54
21650,completed,2025-02-06 16:18
21651,completed,2025-02-02 08:08
21652,completed,2025-05-10 11:48
21653,completed,2025-03-15 18:34
21654,completed,2025-11-24 21:22
21655,completed,2025-07-01 19:45
21656,completed,2024-12-18 15:40
21657,completed,2024-12-22 04:14
21658,completed,2025-07-14 14:34
21659,completed,2025-07-13 18:17
21660,completed,2025-01-25 09:30
21661,completed,2025-01-28 05:00
21662,completed,2025-10-25 11:05
21663,completed,2025-05-24 20:39
21664,completed,2025-10-07 08:06
21665,completed,2025-10-02 14:22
21666,completed,2024-12-19 01:09
21667,completed,2025-06-27 05:26
21668,completed,2025-01-09 16:56
21669,completed,2025-02-01 03:43
21670,completed,2025-04-01 23:30
21671,completed,2025-05-10 16:09
21672,completed,2025-03-22 20:34
21673,completed,2025-06-28 18:04
21674,completed,2025-08-19 10:01
21675,completed,2025-03-08 17:54
21676,completed,2025-04-13 22:58
21677,completed,2025-01-10 15:55
21678,completed,2025-06-04 06:04
21679,completed,2025-05-18 07:44
21680,completed,2025-01-06 21:37
21681,completed,2025-11-08 09:41
21682,completed,2025-03-17 02:01
21683,completed,2025-08-16 01:55
21684,completed,2025-02-27 21:36
21685,completed,2025-07-04 23:30
21686,completed,2025-04-18 02:22
21687,completed,2025-09-21 03:34
21688,completed,2025-01-25 23:16
21689,completed,2025-10-13 12:20
21690,completed,2025-03-18 22:25
21691,completed,2025-03-14 22:04
21692,completed,2025-02-15 15:45
21693,completed,2025-11-16 19:12
21694,completed,2025-11-18 18:24
21695,completed,2025-02-14 13:07
21696,completed,2025-08-03 22:41
21697,completed,2024-12-26 09:11
21698,completed,2025-10-04 09:49
21699,completed,2025-07-27 11:27
21700,completed,2025-02-13 09:50
21701,completed,2025-06-20 09:40
21702,completed,2025-10-22 22:29
21703,completed,2025-09-25 12:41
21704,completed,2025-06-03 19:27
21705,completed,2025-11-22 10:09
21706,completed,2025-04-30 12:05
21707,completed,2024-12-26 03:07
21708,completed,2025-11-15 18:40
21709,completed,2025-01-08 16:12
21710,completed,2025-05-06 17:35
21711,completed,2025-09-22 10:15
21712,completed,2025-10-04 12:34
21713,completed,2024-12-12 19:20
21714,completed,2025-06-17 13:12
21715,completed,2025-10-22 05:09
21716,completed,2025-11-25 21:32
21717,completed,2025-04-04 03:21
21718,completed,2025-11-22 03:05
21719,completed,2025-02-23 01:37
21720,completed,2025-01-17 23:39
21721,completed,2025-05-18 22:12
21722,completed,2025-09-01 09:48
21723,completed,2025-04-05 08:30
21724,completed,2025-02-19 09:20
21725,completed,2024-12-18 13:21
21726,completed,2025-01-27 04:47
21727,completed,2025-06-03 11:41
21728,completed,2025-03-31 14:28
21729,completed,2025-01-22 20:07
21730,completed,2025-11-01 17:18
21731,completed,2025-05-11 11:02
21732,completed,2025-11-23 21:21
21733,completed,2025-03-18 12:50
21734,completed,2025-10-03 15:36
21735,completed,2025-03-19 04:23
21736,completed,2025-09-01 11:20
21737,completed,2025-08-23 20:28
21738,completed,2025-10-07 11:46
21739,completed,2025-10-06 04:05
21740,completed,2024-12-14 07:28
21741,completed,2025-08-07 12:28
21742,completed,2025-03-24 00:11
21743,completed,2025-11-09 02:53
21744,completed,2025-01-25 07:22
21745,completed,2025-05-10 14:05
21746,completed,2025-09-06 12:14
21747,completed,2025-03-18 08:28
21748,completed,2025-11-03 09:22
21749,completed,2025-10-26 00:01
21750,completed,2025-02-14 21:32
21751,completed,2025-04-14 00:45
21752,completed,2025-07-27 08:35
21753,completed,2025-03-12 05:02
21754,completed,2025-05-29 10:01
21755,completed,2025-06-08 05:30
21756,completed,2025-06-29 04:42
21757,completed,2025-10-21 01:24
21758,completed,2025-11-16 18:30
21759,completed,2025-03-11 16:55
21760,completed,2025-07-06 05:04
21761,completed,2025-05-30 01:15
21762,completed,2024-12-20 14:38
21763,completed,2025-01-31 10:43
21764,completed,2025-07-16 19:35
21765,completed,2025-04-05 22:25
21766,completed,2025-03-01 17:12
21767,completed,2025-05-28 14:21
21768,completed,2025-06-11 17:43
21769,completed,2025-06-19 07:55
21770,completed,2025-03-28 13:45
21771,completed,2025-10-20 22:56
21772,completed,2025-09-13 05:55
21773,completed,2025-08-30 11:28
21774,completed,2025-08-05 22:12
21775,completed,2025-02-24 04:17
21776,completed,2025-05-13 21:20
21777,completed,2025-11-06 16:47
21778,completed,2025-07-14 09:30
21779,completed,2025-03-08 00:29
21780,completed,2025-10-24 01:58
21781,completed,2025-11-21 03:37
21782,completed,2025-08-21 10:38
21783,completed,2025-11-02 22:32
21784,completed,2025-05-16 05:35
21785,completed,2025-06-05 20:20
21786,completed,2024-12-26 12:57
21787,completed,2025-07-08 17:15
21788,completed,2025-05-20 12:17
21789,completed,2025-02-22 20:31
21790,completed,2025-05-15 10:34
21791,completed,2025-10-19 22:00
21792,completed,2025-10-16 16:33
21793,completed,2025-07-16 19:58
21794,completed,2025-05-03 19:15
21795,completed,2025-01-31 07:02
21796,completed,2025-09-20 02:19
21797,completed,2025-09-29 08:38
21798,completed,2025-11-26 00:27
21799,completed,2025-01-22 16:06
21800,completed,2025-10-12 15:57
21801,completed,2025-02-06 14:45
21802,completed,2024-12-20 18:07
21803,completed,2024-12-28 10:50
21804,completed,2025-02-21 02:08
21805,completed,2024-12-10 05:03
21806,completed,2025-10-29 00:42
21807,completed,2025-05-08 20:50
21808,completed,2025-11-27 00:09
21809,completed,2025-04-04 23:04
21810,completed,2025-09-11 09:07
21811,completed,2025-03-25 03:06
21812,completed,2025-05-14 19:05
21813,completed,2025-05-29 01:11
21814,completed,2025-10-02 01:49
21815,completed,2025-02-04 18:53
21816,completed,2025-03-30 16:47
21817,completed,2025-06-05 08:38
21818,completed,2025-02-13 22:02
21819,completed,2025-10-29 22:12
21820,completed,2025-07-07 16:28
21821,completed,2025-10-27 10:12
21822,completed,2025-08-19 00:04
21823,completed,2025-02-12 04:04
21824,completed,2025-03-10 21:00
21825,completed,2025-01-13 09:29
21826,completed,2025-02-10 06:11
21827,completed,2025-08-15 06:08
21828,completed,2025-01-07 05:17
21829,completed,2025-08-31 15:07
21830,completed,2025-06-11 15:42
21831,completed,2024-12-26 21:46
21832,completed,2025-06-02 12:23
21833,completed,2025-02-12 21:22
21834,completed,2025-07-26 18:49
21835,completed,2025-10-29 20:08
21836,completed,2024-12-22 19:46
21837,completed,2024-12-23 07:58
21838,completed,2025-11-28 04:01
21839,completed,2025-03-23 03:13
21840,completed,2025-04-24 14:15
21841,completed,2025-03-15 08:15
21842,completed,2025-05-21 07:24
21843,completed,2025-05-06 06:47
21844,completed,2024-12-14 23:30
21845,completed,2025-04-04 16:56
21846,completed,2025-10-21 09:51
21847,completed,2025-01-30 09:21
21848,completed,2025-07-14 17:37
21849,completed,2025-03-25 20:17
21850,completed,2025-03-24 08:14
21851,completed,2025-04-27 07:48
21852,completed,2025-04-30 14:35
21853,completed,2025-09-04 12:37
21854,completed,2025-07-17 14:31
21855,completed,2025-10-16 01:16
21856,completed,2025-09-23 00:02
21857,completed,2025-02-11 12:13
21858,completed,2025-01-21 13:12
21859,completed,2025-05-02 11:51
21860,completed,2025-09-12 05:55
21861,completed,2025-04-30 13:09
21862,completed,2025-07-30 21:34
21863,completed,2025-03-25 12:10
21864,completed,2025-02-22 20:45
21865,completed,2025-07-21 22:03
21866,completed,2025-08-30 16:02
21867,completed,2025-09-26 10:13
21868,completed,2025-04-24 05:11
21869,completed,2025-05-17 15:07
21870,completed,2025-04-27 18:07
21871,completed,2025-08-20 18:13
21872,completed,2025-05-05 10:59
21873,completed,2025-02-26 01:06
21874,completed,2025-08-11 19:41
21875,completed,2025-08-14 00:30
21876,completed,2025-07-25 20:09
21877,completed,2025-10-30 09:57
21878,completed,2025-05-10 08:17
21879,completed,2025-11-14 12:24
21880,completed,2025-10-28 16:04
21881,completed,2025-05-20 21:29
21882,completed,2025-06-11 17:07
21883,completed,2025-01-14 08:34
21884,completed,2025-03-20 21:22
21885,completed,2025-11-15 13:43
21886,completed,2025-09-16 15:28
21887,completed,2025-09-23 15:57
21888,completed,2025-03-28 15:33
21889,completed,2025-08-21 09:41
21890,completed,2025-08-31 21:56
21891,completed,2025-06-11 14:29
21892,completed,2025-02-13 15:54
21893,completed,2025-11-21 19:31
21894,completed,2025-04-04 00:58
21895,completed,2025-09-25 03:08
21896,completed,2025-04-29 23:04
21897,completed,2025-11-30 17:45
21898,completed,2025-01-06 21:01
21899,completed,2025-06-13 15:18
21900,completed,2025-08-10 02:27
21901,completed,2025-10-31 17:48
21902,completed,2025-11-29 21:23
21903,completed,2025-02-17 15:51
21904,completed,2025-11-08 01:16
21905,completed,2025-05-27 14:52
21906,completed,2025-03-23 19:33
21907,completed,2025-11-25 21:16
21908,completed,2025-10-18 13:04
21909,completed,2025-06-22 16:07
21910,completed,2025-12-04 23:15
21911,completed,2025-04-16 02:49
21912,completed,2025-02-04 21:28
21913,completed,2025-09-25 16:00
21914,completed,2025-09-09 04:49
21915,completed,2025-05-07 06:36
21916,completed,2025-06-21 00:24
21917,completed,2025-11-02 05:06
21918,completed,2025-11-16 19:44
21919,completed,2025-10-12 00:51
21920,completed,2025-08-22 15:05
21921,completed,2025-03-28 06:55
21922,completed,2025-07-03 20:29
21923,completed,2025-04-20 23:54
21924,completed,2025-02-26 15:19
21925,completed,2025-07-07 08:06
21926,completed,2025-09-04 04:40
21927,completed,2025-10-14 03:49
21928,completed,2025-05-29 08:07
21929,completed,2025-01-27 15:40
21930,completed,2025-09-14 07:29
21931,completed,2024-12-18 01:21
21932,completed,2024-12-17 04:21
21933,completed,2025-10-13 00:22
21934,completed,2025-05-01 08:45
21935,completed,2024-12-19 00:05
21936,completed,2025-10-17 20:27
21937,completed,2025-12-06 20:24
21938,completed,2025-10-03 02:34
21939,completed,2025-11-12 15:25
21940,completed,2025-11-19 00:19
21941,completed,2025-09-25 13:23
21942,completed,2025-10-25 03:55
21943,completed,2024-12-31 08:25
21944,completed,2025-10-15 05:07
21945,completed,2025-10-01 06:07
21946,completed,2025-01-31 12:30
21947,completed,2025-06-09 06:25
21948,completed,2025-10-26 14:32
21949,completed,2025-03-02 06:19
21950,completed,2025-08-30 18:03
21951,completed,2025-09-13 22:57
21952,completed,2025-05-21 07:17
21953,completed,2025-01-28 02:08
21954,completed,2025-08-03 13:19
21955,completed,2025-05-16 19:46
21956,completed,2025-02-03 02:11
21957,completed,2025-01-01 14:14
21958,completed,2025-06-18 12:59
21959,completed,2025-01-19 21:46
21960,completed,2025-06-28 02:22
21961,completed,2025-07-12 13:03
21962,completed,2025-02-17 13:31
21963,completed,2024-12-14 09:59
21964,completed,2025-05-05 17:49
21965,completed,2024-12-16 10:13
21966,completed,2025-04-07 23:11
21967,completed,2024-12-23 16:06
21968,completed,2025-11-05 04:34
21969,completed,2025-06-21 17:42
21970,completed,2025-12-05 14:02
21971,completed,2025-06-10 22:51
21972,completed,2025-10-07 17:01
21973,completed,2025-06-17 11:39
21974,completed,2025-01-22 13:51
21975,completed,2025-06-05 01:47
21976,completed,2024-12-21 02:47
21977,completed,2025-06-06 02:21
21978,completed,2025-01-07 07:25
21979,completed,2025-04-05 22:12
21980,completed,2025-04-12 17:00
21981,completed,2025-11-30 04:47
21982,completed,2025-08-22 09:47
21983,completed,2025-02-22 08:02
21984,completed,2025-11-28 21:28
21985,completed,2024-12-14 09:19
21986,completed,2025-06-29 07:33
21987,completed,2025-03-05 08:27
21988,completed,2025-04-02 16:54
21989,completed,2025-10-01 18:33
21990,completed,2025-03-07 12:09
21991,completed,2025-06-01 17:35
21992,completed,2025-08-13 09:33
21993,completed,2025-10-01 16:05
21994,completed,2025-06-01 06:35
21995,completed,2025-06-28 03:53
21996,completed,2025-11-14 22:00
21997,completed,2025-06-24 06:57
21998,completed,2025-11-16 05:57
21999,completed,2025-11-04 12:38
22000,completed,2025-03-06 05:00
22001,completed,2025-07-13 12:48
22002,completed,2025-07-18 02:00
22003,completed,2025-08-06 20:40
22004,completed,2025-09-19 19:00
22005,completed,2025-09-15 13:03
22006,completed,2025-06-21 10:39
22007,completed,2025-07-19 05:20
22008,completed,2025-03-02 23:57
22009,completed,2025-11-13 06:14
22010,completed,2025-07-14 14:56
22011,completed,2024-12-15 06:54
22012,completed,2025-10-23 16:44
22013,completed,2024-12-24 10:58
22014,completed,2025-05-18 03:47
22015,completed,2025-04-08 07:31
22016,completed,2025-11-03 13:38
22017,completed,2025-06-28 03:26
22018,completed,2025-07-23 01:16
22019,completed,2025-02-15 03:33
22020,completed,2025-09-06 04:57
22021,completed,2025-02-04 02:32
22022,completed,2025-04-18 02:02
22023,completed,2025-08-03 11:02
22024,completed,2025-04-29 18:17
22025,completed,2025-02-12 11:46
22026,completed,2025-08-05 07:01
22027,completed,2025-07-14 23:31
22028,completed,2025-05-15 03:43
22029,completed,2025-07-31 07:49
22030,completed,2025-06-27 21:57
22031,completed,2025-07-12 01:05
22032,completed,2025-10-16 23:30
22033,completed,2025-04-20 06:32
22034,completed,2024-12-13 01:23
22035,completed,2025-01-07 13:22
22036,completed,2025-10-10 06:38
22037,completed,2025-02-05 10:33
22038,completed,2025-08-01 20:42
22039,completed,2025-03-16 13:03
22040,completed,2025-02-18 09:07
22041,completed,2025-08-19 22:13
22042,completed,2025-06-09 06:00
22043,completed,2025-10-10 20:10
22044,completed,2025-02-03 15:45
22045,completed,2025-09-26 12:44
22046,completed,2025-07-31 14:09
22047,completed,2025-01-30 07:15
22048,completed,2025-02-26 02:37
22049,completed,2025-06-22 07:20
22050,completed,2025-09-06 11:59
22051,completed,2025-08-19 17:27
22052,completed,2025-09-01 20:16
22053,completed,2025-06-30 21:43
22054,completed,2025-06-21 10:55
22055,completed,2025-08-07 16:20
22056,completed,2025-03-06 15:19
22057,completed,2025-10-07 08:36
22058,completed,2025-10-02 15:45
22059,completed,2025-05-21 22:21
22060,completed,2024-12-19 19:37
22061,completed,2025-01-05 21:54
22062,completed,2025-11-17 00:16
22063,completed,2025-04-17 05:44
22064,completed,2025-05-30 21:45
22065,completed,2025-03-02 14:01
22066,completed,2025-10-14 23:06
22067,completed,2025-10-20 02:33
22068,completed,2025-07-17 23:59
22069,completed,2025-06-27 19:33
22070,completed,2025-05-29 20:39
22071,completed,2025-01-03 16:20
22072,completed,2025-07-16 16:02
22073,completed,2024-12-11 12:11
22074,completed,2025-02-18 00:18
22075,completed,2025-07-10 17:58
22076,completed,2025-02-07 19:12
22077,completed,2025-03-06 14:46
22078,completed,2025-07-08 06:50
22079,completed,2025-08-15 14:28
22080,completed,2025-11-29 09:55
22081,completed,2024-12-16 02:27
22082,completed,2025-01-25 00:46
22083,completed,2025-07-03 07:27
22084,completed,2025-01-14 06:08
22085,completed,2025-01-07 21:58
22086,completed,2025-09-19 01:41
22087,completed,2025-02-03 17:53
22088,completed,2025-02-10 16:42
22089,completed,2025-10-17 01:06
22090,completed,2025-07-04 17:50
22091,completed,2025-06-05 16:43
22092,completed,2025-04-03 01:24
22093,completed,2025-01-14 02:49
22094,completed,2025-12-05 18:00
22095,completed,2024-12-25 20:57
22096,completed,2024-12-09 09:27
22097,completed,2024-12-18 07:23
22098,completed,2025-08-31 02:32
22099,completed,2025-03-05 21:37
22100,completed,2024-12-08 16:07
22101,completed,2025-01-07 21:13
22102,completed,2025-11-03 09:55
22103,completed,2025-11-16 18:40
22104,completed,2025-09-28 04:51
22105,completed,2025-06-18 18:31
22106,completed,2025-08-10 10:24
22107,completed,2025-04-21 18:23
22108,completed,2025-03-29 20:44
22109,completed,2025-11-14 17:23
22110,completed,2025-07-11 21:35
22111,completed,2025-11-10 14:32
22112,completed,2025-05-27 00:19
22113,completed,2025-07-18 16:34
22114,completed,2025-04-16 10:25
22115,completed,2025-03-28 23:57
22116,completed,2025-03-17 01:10
22117,completed,2024-12-08 19:09
22118,completed,2025-02-23 01:29
22119,completed,2025-11-25 13:02
22120,completed,2025-06-19 18:04
22121,completed,2025-03-02 18:42
22122,completed,2025-06-11 14:17
22123,completed,2025-09-28 10:19
22124,completed,2025-11-25 08:35
22125,completed,2025-11-08 16:51
22126,completed,2025-06-10 18:32
22127,completed,2025-07-20 19:34
22128,completed,2025-05-21 22:02
22129,completed,2025-09-01 02:40
22130,completed,2025-05-11 04:19
22131,completed,2025-02-01 00:47
22132,completed,2025-06-03 11:45
22133,completed,2025-06-07 14:40
22134,completed,2025-08-27 06:58
22135,completed,2025-08-26 10:10
22136,completed,2025-02-24 04:28
22137,completed,2025-10-18 10:04
22138,completed,2025-04-10 16:50
22139,completed,2025-05-01 05:15
22140,completed,2025-09-23 21:06
22141,completed,2025-03-30 22:45
22142,completed,2025-03-26 23:57
22143,completed,2025-05-04 08:34
22144,completed,2025-01-21 06:04
22145,completed,2024-12-11 04:16
22146,completed,2025-09-17 05:24
22147,completed,2025-06-12 03:04
22148,completed,2025-09-06 01:45
22149,completed,2025-09-29 01:55
22150,completed,2025-02-10 00:01
22151,completed,2025-07-23 16:41
22152,completed,2025-03-22 14:42
22153,completed,2025-07-22 20:13
22154,completed,2025-11-06 21:30
22155,completed,2025-06-27 13:09
22156,completed,2024-12-14 18:57
22157,completed,2025-05-26 11:19
22158,completed,2025-02-22 15:01
22159,completed,2025-10-08 16:42
22160,completed,2025-11-30 21:49
22161,completed,2025-10-15 23:01
22162,completed,2025-02-20 06:24
22163,completed,2025-05-28 02:14
22164,completed,2025-04-25 09:35
22165,completed,2025-06-06 09:54
22166,completed,2025-05-11 07:55
22167,completed,2025-04-16 09:34
22168,completed,2025-09-11 23:25
22169,completed,2025-02-08 14:08
22170,completed,2024-12-14 04:33
22171,completed,2025-06-09 04:56
22172,completed,2025-08-16 22:49
22173,completed,2025-03-25 07:58
22174,completed,2025-04-08 18:24
22175,completed,2025-04-29 03:13
22176,completed,2025-11-21 01:41
22177,completed,2025-06-09 19:34
22178,completed,2024-12-13 10:14
22179,completed,2025-11-01 14:08
22180,completed,2025-07-29 04:22
22181,completed,2025-06-23 04:51
22182,completed,2025-10-09 01:54
22183,completed,2025-02-08 09:19
22184,completed,2025-01-31 06:24
22185,completed,2025-01-03 20:30
22186,completed,2025-10-12 19:46
22187,completed,2025-08-16 01:58
22188,completed,2025-08-08 09:35
22189,completed,2025-01-13 08:04
22190,completed,2025-10-03 23:17
22191,completed,2025-07-17 06:31
22192,completed,2025-05-30 21:39
22193,completed,2025-06-21 15:25
22194,completed,2025-04-10 16:17
22195,completed,2025-05-20 14:38
22196,completed,2025-02-02 07:07
22197,completed,2025-07-13 18:58
22198,completed,2025-09-21 16:01
22199,completed,2025-11-03 15:32
22200,completed,2025-04-21 03:32
22201,completed,2025-01-04 12:32
22202,completed,2024-12-09 22:15
22203,completed,2025-03-19 14:17
22204,completed,2025-06-04 03:15
22205,completed,2025-02-22 08:57
22206,completed,2025-06-08 04:46
22207,completed,2025-08-29 18:42
22208,completed,2025-01-04 13:15
22209,completed,2025-03-15 08:23
22210,completed,2025-02-21 14:55
22211,completed,2025-07-26 08:29
22212,completed,2025-04-19 08:13
22213,completed,2025-07-24 17:12
22214,completed,2025-05-02 06:56
22215,completed,2025-10-16 10:29
22216,completed,2025-03-31 15:09
22217,completed,2025-06-08 09:52
22218,completed,2025-05-17 03:49
22219,completed,2025-02-10 15:53
22220,completed,2025-06-02 10:42
22221,completed,2025-01-06 10:48
22222,completed,2025-03-13 05:58
22223,completed,2025-02-27 03:50
22224,completed,2025-02-26 19:17
22225,completed,2025-01-06 14:49
22226,completed,2025-02-14 10:46
22227,completed,2025-10-21 13:54
22228,completed,2025-06-17 22:38
22229,completed,2025-07-02 20:52
22230,completed,2024-12-20 21:54
22231,completed,2025-08-31 08:01
22232,completed,2025-10-25 01:08
22233,completed,2025-05-07 19:41
22234,completed,2025-03-31 16:34
22235,completed,2025-02-26 05:41
22236,completed,2025-01-11 08:35
22237,completed,2025-02-04 12:11
22238,completed,2025-11-20 23:39
22239,completed,2025-01-15 03:43
22240,completed,2025-06-29 13:32
22241,completed,2025-11-01 19:06
22242,completed,2025-08-12 02:48
22243,completed,2025-03-11 10:57
22244,completed,2025-07-06 22:53
22245,completed,2025-08-16 00:12
22246,completed,2025-10-31 07:06
22247,completed,2025-03-20 02:15
22248,completed,2025-08-26 07:31
22249,completed,2025-09-02 12:59
22250,completed,2025-03-28 15:58
22251,completed,2025-09-18 13:26
22252,completed,2024-12-27 02:17
22253,completed,2024-12-24 21:26
22254,completed,2025-06-12 23:42
22255,completed,2025-06-28 13:45
22256,completed,2025-06-11 10:50
22257,completed,2025-05-08 14:45
22258,completed,2025-10-12 21:40
22259,completed,2024-12-25 11:01
22260,completed,2025-05-23 16:45
22261,completed,2025-04-22 14:50
22262,completed,2025-05-02 05:29
22263,completed,2025-07-30 03:21
22264,completed,2025-11-25 13:23
22265,completed,2025-07-31 18:04
22266,completed,2025-02-02 19:58
22267,completed,2025-01-29 07:26
22268,completed,2025-08-14 17:34
22269,completed,2025-08-09 10:53
22270,completed,2025-04-02 13:01
22271,completed,2025-10-25 02:47
22272,completed,2025-05-24 16:53
22273,completed,2025-04-21 10:44
22274,completed,2025-10-16 02:04
22275,completed,2025-07-12 05:14
22276,completed,2025-01-24 10:11
22277,completed,2025-08-12 15:21
22278,completed,2025-04-03 04:09
22279,completed,2024-12-10 00:50
22280,completed,2025-02-26 10:21
22281,completed,2025-09-04 18:58
22282,completed,2024-12-09 01:01
22283,completed,2025-09-10 04:30
22284,completed,2025-07-03 01:14
22285,completed,2025-02-23 17:19
22286,completed,2025-09-27 13:06
22287,completed,2025-06-08 23:40
22288,completed,2024-12-21 08:29
22289,completed,2025-01-07 17:44
22290,completed,2025-05-31 09:04
22291,completed,2025-10-26 01:00
22292,completed,2025-06-11 06:03
22293,completed,2024-12-21 18:20
22294,completed,2025-11-14 07:23
22295,completed,2025-06-22 03:08
22296,completed,2025-01-22 08:43
22297,completed,2025-08-13 23:03
22298,completed,2025-09-24 00:12
22299,completed,2025-11-10 19:59
22300,completed,2025-08-23 11:40
22301,completed,2025-01-16 19:20
22302,completed,2025-08-28 06:20
22303,completed,2025-03-05 01:36
22304,completed,2025-03-27 22:22
22305,completed,2025-05-26 19:40
22306,completed,2025-03-29 19:20
22307,completed,2025-04-12 09:43
22308,completed,2025-03-14 11:28
22309,completed,2025-09-13 00:07
22310,completed,2025-08-22 22:46
22311,completed,2025-01-22 15:55
22312,completed,2025-08-30 16:21
22313,completed,2025-10-14 01:49
22314,completed,2025-10-08 03:57
22315,completed,2025-08-16 01:34
22316,completed,2025-02-09 07:24
22317,completed,2025-02-10 03:16
22318,completed,2025-03-26 22:50
22319,completed,2025-09-17 16:25
22320,completed,2025-03-17 23:14
22321,completed,2025-01-08 10:50
22322,completed,2025-02-03 15:14
22323,completed,2025-10-17 08:17
22324,completed,2025-10-05 02:44
22325,completed,2025-06-20 01:49
22326,completed,2025-06-04 17:46
22327,completed,2025-01-19 07:44
22328,completed,2025-03-24 05:54
22329,completed,2025-03-24 23:12
22330,completed,2025-05-06 11:13
22331,completed,2025-08-07 02:43
22332,completed,2025-06-29 15:06
22333,completed,2025-11-13 04:54
22334,completed,2025-10-14 15:48
22335,completed,2025-01-11 23:17
22336,completed,2025-10-21 20:12
22337,completed,2025-06-19 17:24
22338,completed,2025-03-10 14:24
22339,completed,2025-09-15 16:04
22340,completed,2024-12-20 09:36
22341,completed,2024-12-30 12:10
22342,completed,2024-12-20 16:48
22343,completed,2025-01-04 04:19
22344,completed,2025-10-19 23:17
22345,completed,2025-04-04 10:57
22346,completed,2025-10-19 04:40
22347,completed,2025-06-29 03:13
22348,completed,2025-03-27 02:52
22349,completed,2025-07-05 01:26
22350,completed,2025-04-16 21:00
22351,completed,2025-06-27 07:15
22352,completed,2025-07-27 20:02
22353,completed,2025-12-01 03:57
22354,completed,2025-04-13 01:25
22355,completed,2025-08-29 14:24
22356,completed,2025-10-19 12:40
22357,completed,2025-02-05 00:32
22358,completed,2025-02-13 15:09
22359,completed,2025-01-20 09:37
22360,completed,2025-09-19 18:25
22361,completed,2025-09-18 18:26
22362,completed,2025-08-01 19:11
22363,completed,2025-09-27 06:24
22364,completed,2025-08-16 15:08
22365,completed,2025-01-16 14:37
22366,completed,2025-05-28 00:24
22367,completed,2025-02-05 04:47
22368,completed,2025-04-01 20:31
22369,completed,2025-05-19 13:29
22370,completed,2025-04-30 07:01
22371,completed,2025-03-04 15:41
22372,completed,2025-12-03 21:59
22373,completed,2025-08-25 14:32
22374,completed,2025-02-14 10:01
22375,completed,2025-12-01 06:48
22376,completed,2025-08-09 06:29
22377,completed,2025-02-10 16:03
22378,completed,2025-03-26 21:02
22379,completed,2025-05-07 09:00
22380,completed,2025-04-11 03:38
22381,completed,2025-05-21 14:45
22382,completed,2025-11-24 09:37
22383,completed,2025-03-16 08:27
22384,completed,2025-09-16 16:27
22385,completed,2025-07-22 18:50
22386,completed,2025-01-04 22:42
22387,completed,2025-01-13 10:54
22388,completed,2025-10-15 20:31
22389,completed,2024-12-09 15:23
22390,completed,2025-09-19 20:33
22391,completed,2025-11-20 13:05
22392,completed,2025-09-14 15:27
22393,completed,2025-07-26 18:01
22394,completed,2025-07-04 21:46
22395,completed,2025-06-21 15:11
22396,completed,2025-03-06 11:10
22397,completed,2025-10-29 05:54
22398,completed,2025-12-02 04:35
22399,completed,2025-01-14 21:37
22400,completed,2025-03-29 20:08
22401,completed,2025-03-04 15:52
22402,completed,2025-05-22 08:51
22403,completed,2025-02-18 20:21
22404,completed,2025-02-12 06:18
22405,completed,2025-11-23 14:59
22406,completed,2025-04-03 03:59
22407,completed,2024-12-19 11:08
22408,completed,2025-01-08 23:24
22409,completed,2025-04-25 14:25
22410,completed,2025-10-14 18:32
22411,completed,2025-01-27 16:41
22412,completed,2025-05-14 07:29
22413,completed,2025-11-17 17:22
22414,completed,2025-05-12 02:30
22415,completed,2025-11-06 07:14
22416,completed,2025-10-22 07:49
22417,completed,2025-03-20 01:40
22418,completed,2025-04-16 00:31
22419,completed,2025-01-13 04:15
22420,completed,2025-09-14 21:15
22421,completed,2025-02-03 00:34
22422,completed,2025-03-13 22:18
22423,completed,2025-09-29 18:50
22424,completed,2025-02-20 09:12
22425,completed,2025-09-08 23:48
22426,completed,2025-07-21 17:59
22427,completed,2025-03-28 21:25
22428,completed,2025-09-19 11:31
22429,completed,2025-02-25 00:10
22430,completed,2025-05-27 16:14
22431,completed,2025-06-22 11:29
22432,completed,2025-01-23 13:45
22433,completed,2025-06-24 08:57
22434,completed,2025-01-26 07:07
22435,completed,2025-01-06 01:49
22436,completed,2025-06-20 13:22
22437,completed,2025-04-29 02:57
22438,completed,2025-02-02 01:38
22439,completed,2025-08-05 03:35
22440,completed,2025-10-17 00:31
22441,completed,2025-05-22 15:24
22442,completed,2025-01-31 04:57
22443,completed,2025-02-19 22:41
22444,completed,2025-05-04 09:04
22445,completed,2025-10-03 22:21
22446,completed,2025-04-18 00:56
22447,completed,2025-06-12 18:01
22448,completed,2024-12-09 18:20
22449,completed,2025-11-11 17:20
22450,completed,2025-02-20 10:53
22451,completed,2025-05-16 19:35
22452,completed,2025-04-28 05:43
22453,completed,2025-02-10 19:32
22454,completed,2024-12-11 06:58
22455,completed,2025-08-30 03:28
22456,completed,2025-03-12 15:55
22457,completed,2024-12-29 06:11
22458,completed,2025-11-06 16:38
22459,completed,2025-08-08 00:49
22460,completed,2025-09-23 14:51
22461,completed,2025-07-05 11:41
22462,completed,2025-07-08 02:42
22463,completed,2025-01-17 08:22
22464,completed,2025-07-02 10:55
22465,completed,2025-07-09 10:48
22466,completed,2025-03-04 01:18
22467,completed,2025-07-13 22:10
22468,completed,2025-10-15 08:58
22469,completed,2025-01-15 17:13
22470,completed,2025-05-01 18:02
22471,completed,2024-12-12 05:33
22472,completed,2025-03-24 02:31
22473,completed,2025-03-09 16:00
22474,completed,2025-01-22 14:19
22475,completed,2025-03-22 13:35
22476,completed,2025-07-05 00:42
22477,completed,2025-01-20 17:50
22478,completed,2025-10-16 09:36
22479,completed,2025-04-19 12:47
22480,completed,2025-03-04 14:47
22481,completed,2025-05-08 11:44
22482,completed,2025-09-14 06:45
22483,completed,2024-12-13 13:43
22484,completed,2025-01-20 19:15
22485,completed,2025-01-03 00:52
22486,completed,2025-02-06 23:34
22487,completed,2025-02-22 12:07
22488,completed,2025-05-05 09:49
22489,completed,2025-03-23 04:39
22490,completed,2025-10-26 05:29
22491,completed,2025-05-09 16:31
22492,completed,2025-03-01 09:01
22493,completed,2025-05-23 11:23
22494,completed,2025-08-23 13:35
22495,completed,2025-03-15 23:55
22496,completed,2025-11-06 23:49
22497,completed,2025-09-26 18:32
22498,completed,2025-09-16 15:13
22499,completed,2025-10-23 23:12
22500,completed,2025-08-26 02:40
22501,completed,2025-01-27 05:14
22502,completed,2025-07-08 10:49
22503,completed,2025-09-06 20:10
22504,completed,2025-04-30 21:20
22505,completed,2025-07-20 04:52
22506,completed,2025-05-30 16:38
22507,completed,2025-12-02 00:57
22508,completed,2025-03-01 02:12
22509,completed,2025-01-29 23:20
22510,completed,2025-04-03 05:23
22511,completed,2025-03-16 19:55
22512,completed,2025-11-11 23:11
22513,completed,2025-01-21 02:35
22514,completed,2025-10-28 08:54
22515,completed,2025-02-11 06:06
22516,completed,2025-09-22 00:48
22517,completed,2025-08-29 12:01
22518,completed,2025-08-16 06:11
22519,completed,2025-05-23 15:26
22520,completed,2024-12-24 06:04
22521,completed,2025-11-29 15:00
22522,completed,2025-06-06 04:38
22523,completed,2025-01-15 01:09
22524,completed,2025-01-25 21:54
22525,completed,2025-09-30 02:36
22526,completed,2025-05-31 11:02
22527,completed,2025-03-14 19:12
22528,completed,2025-08-16 11:25
22529,completed,2025-08-03 20:20
22530,completed,2025-01-13 12:47
22531,completed,2025-05-21 06:51
22532,completed,2025-01-18 00:27
22533,completed,2025-07-04 03:38
22534,completed,2025-07-03 23:17
22535,completed,2025-10-01 18:43
22536,completed,2025-03-01 03:07
22537,completed,2025-08-21 04:34
22538,completed,2025-03-25 17:20
22539,completed,2025-09-12 06:18
22540,completed,2025-09-16 02:09
22541,completed,2025-02-11 12:18
22542,completed,2025-07-15 15:08
22543,completed,2025-05-20 06:06
22544,completed,2025-04-22 22:10
22545,completed,2025-07-31 10:29
22546,completed,2025-09-02 17:21
22547,completed,2025-09-13 20:34
22548,completed,2025-06-20 12:05
22549,completed,2025-08-06 10:02
22550,completed,2025-02-15 14:28
22551,completed,2025-02-05 11:08
22552,completed,2024-12-16 11:00
22553,completed,2024-12-17 19:08
22554,completed,2025-08-31 05:04
22555,completed,2025-03-25 18:35
22556,completed,2025-07-01 11:06
22557,completed,2025-02-27 01:50
22558,completed,2025-07-27 05:23
22559,completed,2025-04-07 19:43
22560,completed,2025-01-16 20:15
22561,completed,2025-05-24 05:05
22562,completed,2025-04-13 12:37
22563,completed,2025-09-28 00:00
22564,completed,2025-03-19 06:36
22565,completed,2025-11-23 14:13
22566,completed,2025-07-25 18:10
22567,completed,2025-09-26 10:15
22568,completed,2025-08-20 09:30
22569,completed,2025-11-16 17:42
22570,completed,2025-07-23 13:36
22571,completed,2025-06-13 07:51
22572,completed,2025-01-21 11:49
22573,completed,2025-05-29 17:42
22574,completed,2025-06-19 03:51
22575,completed,2025-09-14 07:56
22576,completed,2025-02-01 20:13
22577,completed,2025-03-06 07:20
22578,completed,2025-08-17 01:29
22579,completed,2025-07-14 19:56
22580,completed,2025-10-07 23:28
22581,completed,2025-07-29 20:48
22582,completed,2025-03-04 16:58
22583,completed,2025-06-15 10:51
22584,completed,2024-12-30 10:04
22585,completed,2025-05-21 19:33
22586,completed,2025-03-23 22:57
22587,completed,2025-09-12 11:24
22588,completed,2024-12-30 06:24
22589,completed,2025-06-09 12:21
22590,completed,2025-08-14 14:36
22591,completed,2025-06-30 21:33
22592,completed,2025-09-21 06:15
22593,completed,2025-07-26 18:28
22594,completed,2025-08-12 21:05
22595,completed,2025-02-16 23:52
22596,completed,2025-09-15 19:29
22597,completed,2024-12-08 01:25
22598,completed,2025-02-10 03:36
22599,completed,2025-10-24 22:58
22600,completed,2025-08-10 12:40
22601,completed,2025-09-06 12:16
22602,completed,2024-12-21 07:04
22603,completed,2025-02-28 06:51
22604,completed,2025-11-12 05:34
22605,completed,2025-10-01 21:48
22606,completed,2025-11-16 16:51
22607,completed,2025-05-28 06:19
22608,completed,2025-06-11 23:16
22609,completed,2024-12-23 01:31
22610,completed,2025-03-03 08:09
22611,completed,2025-04-03 07:02
22612,completed,2024-12-13 03:33
22613,completed,2025-03-26 16:22
22614,completed,2025-03-02 21:24
22615,completed,2025-04-24 15:41
22616,completed,2025-08-27 07:44
22617,completed,2025-01-27 11:08
22618,completed,2025-04-15 07:23
22619,completed,2025-08-08 02:01
22620,completed,2025-09-24 02:37
22621,completed,2025-03-07 21:05
22622,completed,2025-05-25 19:09
22623,completed,2025-07-09 06:30
22624,completed,2025-03-29 01:17
22625,completed,2025-08-26 00:18
22626,completed,2025-03-10 01:18
22627,completed,2025-03-14 18:58
22628,completed,2025-09-09 01:56
22629,completed,2025-01-13 02:55
22630,completed,2025-04-18 16:28
22631,completed,2025-05-28 10:27
22632,completed,2025-09-04 21:57
22633,completed,2025-05-30 18:00
22634,completed,2025-11-09 04:10
22635,completed,2025-03-07 18:28
22636,completed,2025-09-05 00:33
22637,completed,2025-04-17 21:59
22638,completed,2025-11-10 18:35
22639,completed,2025-05-29 21:04
22640,completed,2025-02-13 15:30
22641,completed,2025-03-12 03:00
22642,completed,2025-11-24 04:39
22643,completed,2025-08-19 18:37
22644,completed,2024-12-23 17:31
22645,completed,2025-06-26 04:52
22646,completed,2025-05-27 17:03
22647,completed,2025-10-30 08:44
22648,completed,2025-11-06 22:46
22649,completed,2025-04-30 12:40
22650,completed,2025-02-01 03:21
22651,completed,2025-03-19 09:53
22652,completed,2025-11-08 03:45
22653,completed,2025-11-19 19:40
22654,completed,2025-11-26 07:27
22655,completed,2025-06-21 22:14
22656,completed,2025-07-02 13:39
22657,completed,2025-11-01 22:59
22658,completed,2025-04-07 18:11
22659,completed,2025-02-11 04:22
22660,completed,2025-07-31 07:10
22661,completed,2025-12-06 21:01
22662,completed,2025-04-04 02:24
22663,completed,2025-06-23 07:39
22664,completed,2025-09-10 15:29
22665,completed,2025-02-25 19:05
22666,completed,2025-03-03 18:58
22667,completed,2025-09-28 12:32
22668,completed,2024-12-07 01:37
22669,completed,2025-01-13 12:17
22670,completed,2025-05-20 00:11
22671,completed,2025-02-06 18:40
22672,completed,2025-01-26 06:20
22673,completed,2025-01-17 17:07
22674,completed,2025-12-03 00:31
22675,completed,2025-04-07 10:49
22676,completed,2025-07-18 18:59
22677,completed,2024-12-18 00:51
22678,completed,2025-06-11 08:56
22679,completed,2025-07-27 15:23
22680,completed,2025-08-22 17:42
22681,completed,2025-06-05 04:27
22682,completed,2025-02-16 11:58
22683,completed,2025-04-07 12:23
22684,completed,2025-08-15 21:21
22685,completed,2024-12-12 22:05
22686,completed,2025-09-01 01:12
22687,completed,2025-08-22 06:01
22688,completed,2025-05-14 04:25
22689,completed,2025-02-17 01:35
22690,completed,2025-08-23 11:40
22691,completed,2025-10-26 18:51
22692,completed,2025-06-15 07:04
22693,completed,2025-08-08 00:12
22694,completed,2025-03-05 10:57
22695,completed,2025-04-25 19:05
22696,completed,2025-06-04 17:43
22697,completed,2025-05-14 20:32
22698,completed,2025-11-26 23:50
22699,completed,2025-02-13 14:54
22700,completed,2025-05-01 12:34
22701,completed,2025-07-25 16:29
22702,completed,2025-04-04 09:35
22703,completed,2025-02-06 14:50
22704,completed,2025-04-29 02:10
22705,completed,2025-05-12 03:48
22706,completed,2025-06-05 00:04
22707,completed,2025-04-04 21:15
22708,completed,2025-01-10 12:50
22709,completed,2025-10-29 07:23
22710,completed,2025-11-14 15:19
22711,completed,2025-10-24 07:38
22712,completed,2025-11-02 18:20
22713,completed,2025-07-30 10:42
22714,completed,2025-10-17 15:55
22715,completed,2025-03-01 01:27
22716,completed,2025-04-11 15:00
22717,completed,2024-12-24 14:48
22718,completed,2025-12-02 21:00
22719,completed,2025-03-30 04:50
22720,completed,2025-05-13 23:50
22721,completed,2025-10-30 21:19
22722,completed,2025-10-06 03:18
22723,completed,2025-07-12 18:38
22724,completed,2024-12-17 19:57
22725,completed,2025-08-22 16:34
22726,completed,2025-09-30 06:53
22727,completed,2025-04-28 07:35
22728,completed,2025-05-04 10:41
22729,completed,2025-11-13 06:53
22730,completed,2025-03-05 16:33
22731,completed,2024-12-31 08:37
22732,completed,2025-01-25 15:37
22733,completed,2024-12-21 14:05
22734,completed,2025-07-28 08:07
22735,completed,2025-02-01 03:11
22736,completed,2025-09-14 00:32
22737,completed,2025-07-27 03:43
22738,completed,2025-11-15 21:07
22739,completed,2025-05-05 14:21
22740,completed,2025-08-24 06:33
22741,completed,2025-02-04 23:28
22742,completed,2025-02-08 20:49
22743,completed,2025-11-09 02:17
22744,completed,2024-12-18 10:38
22745,completed,2025-04-05 14:22
22746,completed,2025-04-15 13:58
22747,completed,2025-05-05 07:16
22748,completed,2025-02-17 01:01
22749,completed,2025-09-20 04:11
22750,completed,2025-09-03 00:26
22751,completed,2025-07-13 11:45
22752,completed,2025-10-06 00:01
22753,completed,2025-10-20 10:05
22754,completed,2025-05-04 11:53
22755,completed,2024-12-14 10:23
22756,completed,2025-01-26 01:52
22757,completed,2025-07-28 13:07
22758,completed,2025-02-27 12:48
22759,completed,2025-11-11 05:22
22760,completed,2025-07-01 16:01
22761,completed,2025-02-23 03:59
22762,completed,2025-02-13 12:16
22763,completed,2025-01-04 08:57
22764,completed,2025-09-17 11:49
22765,completed,2025-08-08 15:22
22766,completed,2024-12-25 07:52
22767,completed,2025-03-09 17:40
22768,completed,2025-04-17 10:08
22769,completed,2025-10-24 06:01
22770,completed,2025-11-08 05:39
22771,completed,2025-07-02 18:38
22772,completed,2025-09-13 10:02
22773,completed,2025-07-11 20:42
22774,completed,2025-01-22 09:28
22775,completed,2025-07-27 18:48
22776,completed,2025-03-01 03:31
22777,completed,2025-09-09 18:07
22778,completed,2025-09-01 13:55
22779,completed,2025-11-05 14:39
22780,completed,2025-08-05 19:22
22781,completed,2025-08-20 18:32
22782,completed,2025-07-11 01:29
22783,completed,2025-09-12 09:09
22784,completed,2025-03-13 03:41
22785,completed,2025-03-01 00:52
22786,completed,2025-01-18 15:34
22787,completed,2025-09-15 19:04
22788,completed,2025-02-26 09:17
22789,completed,2025-02-05 06:05
22790,completed,2025-09-26 01:23
22791,completed,2025-03-17 08:45
22792,completed,2025-04-14 14:57
22793,completed,2025-11-14 05:12
22794,completed,2025-06-29 15:34
22795,completed,2025-10-09 17:48
22796,completed,2025-01-13 06:05
22797,completed,2025-07-03 21:06
22798,completed,2025-04-16 16:01
22799,completed,2025-10-20 21:08
22800,completed,2025-03-26 14:11
22801,completed,2025-08-22 03:25
22802,completed,2025-06-19 12:31
22803,completed,2025-03-18 23:19
22804,completed,2025-05-16 07:43
22805,completed,2025-08-23 00:49
22806,completed,2025-01-25 00:47
22807,completed,2025-02-05 16:46
22808,completed,2025-06-03 22:07
22809,completed,2025-02-12 00:20
22810,completed,2025-01-03 10:37
22811,completed,2025-02-16 08:54
22812,completed,2025-07-08 04:15
22813,completed,2025-03-06 01:46
22814,completed,2025-02-20 12:12
22815,completed,2024-12-21 01:52
22816,completed,2025-03-25 12:03
22817,completed,2024-12-22 13:32
22818,completed,2025-01-26 04:36
22819,completed,2025-11-20 07:38
22820,completed,2025-11-19 12:13
22821,completed,2025-08-01 14:13
22822,completed,2025-08-26 16:50
22823,completed,2025-08-25 05:09
22824,completed,2025-01-01 11:41
22825,completed,2025-08-27 13:29
22826,completed,2025-04-16 14:04
22827,completed,2025-07-07 07:57
22828,completed,2025-07-09 08:58
22829,completed,2025-06-16 00:47
22830,completed,2025-10-21 19:42
22831,completed,2025-08-31 06:02
22832,completed,2025-05-11 08:58
22833,completed,2025-04-22 20:10
22834,completed,2024-12-08 13:12
22835,completed,2025-02-23 03:14
22836,completed,2025-12-02 03:46
22837,completed,2025-03-09 11:30
22838,completed,2025-11-30 08:14
22839,completed,2025-09-18 17:11
22840,completed,2024-12-07 20:30
22841,completed,2025-03-18 23:05
22842,completed,2025-06-12 07:03
22843,completed,2025-03-31 09:53
22844,completed,2025-09-03 13:51
22845,completed,2024-12-08 19:04
22846,completed,2025-07-01 22:58
22847,completed,2025-06-07 15:46
22848,completed,2025-04-24 10:30
22849,completed,2025-04-04 18:01
22850,completed,2025-04-29 05:38
22851,completed,2025-11-27 02:30
22852,completed,2024-12-25 14:24
22853,completed,2025-06-17 21:37
22854,completed,2024-12-20 17:25
22855,completed,2025-10-26 08:52
22856,completed,2025-04-10 12:29
22857,completed,2025-04-20 22:58
22858,completed,2025-08-03 04:16
22859,completed,2025-11-15 21:01
22860,completed,2025-10-30 21:43
22861,completed,2025-06-18 21:14
22862,completed,2024-12-30 04:22
22863,completed,2025-08-02 08:59
22864,completed,2025-12-03 21:48
22865,completed,2025-08-26 09:20
22866,completed,2025-02-24 16:40
22867,completed,2025-11-24 22:39
22868,completed,2025-07-19 14:04
22869,completed,2025-05-13 23:37
22870,completed,2025-02-15 23:47
22871,completed,2025-08-13 06:29
22872,completed,2025-05-08 22:50
22873,completed,2025-04-01 07:59
22874,completed,2025-04-29 05:11
22875,completed,2025-07-07 11:39
22876,completed,2025-09-24 03:16
22877,completed,2025-02-15 23:34
22878,completed,2025-11-19 22:59
22879,completed,2025-12-04 08:14
22880,completed,2025-03-19 22:43
22881,completed,2025-06-29 18:11
22882,completed,2025-05-20 11:47
22883,completed,2024-12-17 21:28
22884,completed,2025-07-11 16:08
22885,completed,2025-11-07 00:04
22886,completed,2025-08-09 13:05
22887,completed,2025-01-13 18:09
22888,completed,2025-02-14 01:32
22889,completed,2025-09-12 10:50
22890,completed,2025-01-12 05:17
22891,completed,2025-02-20 09:44
22892,completed,2025-07-28 08:22
22893,completed,2025-04-28 08:10
22894,completed,2025-03-25 04:33
22895,completed,2025-11-14 02:37
22896,completed,2024-12-17 03:18
22897,completed,2025-07-14 07:51
22898,completed,2025-01-10 01:54
22899,completed,2025-08-12 14:27
22900,completed,2025-08-02 16:01
22901,completed,2025-09-10 00:47
22902,completed,2025-09-18 00:02
22903,completed,2025-10-23 06:14
22904,completed,2025-10-01 16:01
22905,completed,2025-03-22 04:22
22906,completed,2025-04-02 02:32
22907,completed,2025-03-10 19:27
22908,completed,2025-04-04 05:17
22909,completed,2025-03-20 08:34
22910,completed,2024-12-27 14:23
22911,completed,2025-09-09 11:31
22912,completed,2025-02-02 14:05
22913,completed,2024-12-18 17:25
22914,completed,2025-08-07 02:02
22915,completed,2025-08-31 22:39
22916,completed,2025-01-05 09:20
22917,completed,2025-10-14 10:13
22918,completed,2025-11-27 06:02
22919,completed,2025-09-26 03:14
22920,completed,2024-12-28 00:34
22921,completed,2024-12-14 17:07
22922,completed,2025-03-18 17:40
22923,completed,2025-04-23 18:53
22924,completed,2025-08-02 22:55
22925,completed,2025-02-27 05:32
22926,completed,2025-02-22 18:19
22927,completed,2025-03-01 04:52
22928,completed,2025-10-31 05:48
22929,completed,2024-12-22 11:16
22930,completed,2025-09-19 12:16
22931,completed,2025-07-22 17:38
22932,completed,2025-05-30 08:42
22933,completed,2025-04-23 05:29
22934,completed,2025-02-18 11:16
22935,completed,2024-12-23 19:21
22936,completed,2025-10-01 15:12
22937,completed,2025-04-05 16:24
22938,completed,2025-11-16 23:34
22939,completed,2025-06-11 00:55
22940,completed,2025-03-24 15:07
22941,completed,2024-12-07 23:54
22942,completed,2025-08-06 21:54
22943,completed,2025-11-09 16:32
22944,completed,2025-11-12 02:51
22945,completed,2025-03-28 02:04
22946,completed,2025-03-30 18:43
22947,completed,2025-03-06 02:19
22948,completed,2025-10-01 00:43
22949,completed,2025-11-08 23:30
22950,completed,2025-06-16 09:15
22951,completed,2025-02-08 04:19
22952,completed,2025-10-25 00:04
22953,completed,2025-07-08 04:57
22954,completed,2025-11-04 06:10
22955,completed,2024-12-09 07:45
22956,completed,2025-01-08 11:16
22957,completed,2025-07-23 21:43
22958,completed,2024-12-24 08:53
22959,completed,2025-10-15 00:16
22960,completed,2025-09-21 19:12
22961,completed,2025-01-13 07:44
22962,completed,2025-03-09 08:42
22963,completed,2025-10-09 16:04
22964,completed,2025-10-03 05:18
22965,completed,2025-09-07 22:55
22966,completed,2025-02-06 14:58
22967,completed,2025-01-11 13:40
22968,completed,2025-10-31 23:07
22969,completed,2025-07-23 11:29
22970,completed,2025-09-01 16:11
22971,completed,2025-03-30 02:37
22972,completed,2025-08-14 02:27
22973,completed,2025-09-09 08:30
22974,completed,2025-01-07 09:51
22975,completed,2025-11-29 12:48
22976,completed,2025-08-05 09:55
22977,completed,2025-02-25 06:43
22978,completed,2025-07-30 18:29
22979,completed,2025-04-19 08:57
22980,completed,2025-11-15 01:00
22981,completed,2025-08-06 11:23
22982,completed,2025-11-07 00:00
22983,completed,2025-08-03 19:53
22984,completed,2025-08-18 00:03
22985,completed,2025-10-28 12:50
22986,completed,2025-06-12 09:02
22987,completed,2025-06-23 23:35
22988,completed,2025-01-18 06:42
22989,completed,2025-06-09 18:06
22990,completed,2025-07-16 13:08
22991,completed,2025-02-07 06:36
22992,completed,2025-09-16 08:22
22993,completed,2024-12-15 20:29
22994,completed,2025-06-27 21:06
22995,completed,2025-08-23 12:56
22996,completed,2025-04-13 13:47
22997,completed,2025-05-11 06:06
22998,completed,2025-07-03 06:14
22999,completed,2025-06-17 05:04
23000,completed,2025-03-13 13:10
23001,completed,2025-10-03 12:58
23002,completed,2025-06-07 23:13
23003,completed,2025-08-24 08:24
23004,completed,2025-04-20 03:10
23005,completed,2025-03-09 10:38
23006,completed,2025-06-09 09:11
23007,completed,2025-01-31 23:40
23008,completed,2025-01-09 18:55
23009,completed,2025-11-25 01:11
23010,completed,2025-01-27 17:33
23011,completed,2025-01-16 05:02
23012,completed,2025-07-30 22:16
23013,completed,2025-11-01 04:37
23014,completed,2025-10-06 14:39
23015,completed,2024-12-20 01:11
23016,completed,2025-03-20 21:38
23017,completed,2025-10-24 10:15
23018,completed,2025-07-09 11:14
23019,completed,2025-10-22 05:17
23020,completed,2025-10-14 14:26
23021,completed,2025-06-13 02:42
23022,completed,2025-03-26 08:21
23023,completed,2025-10-16 23:52
23024,completed,2025-07-25 03:07
23025,completed,2025-08-14 04:53
23026,completed,2025-01-26 09:14
23027,completed,2025-06-19 18:41
23028,completed,2025-01-12 22:55
23029,completed,2025-08-25 02:29
23030,completed,2025-07-27 16:26
23031,completed,2025-05-24 18:47
23032,completed,2025-06-10 17:41
23033,completed,2025-11-04 10:32
23034,completed,2025-02-16 18:26
23035,completed,2025-09-10 19:54
23036,completed,2025-02-02 15:01
23037,completed,2025-01-03 04:49
23038,completed,2025-08-27 09:12
23039,completed,2025-08-08 23:43
23040,completed,2025-03-11 03:18
23041,completed,2025-10-22 02:53
23042,completed,2025-11-21 01:24
23043,completed,2025-06-01 05:54
23044,completed,2025-07-14 15:39
23045,completed,2025-11-26 05:47
23046,completed,2025-02-17 07:47
23047,completed,2025-08-09 06:57
23048,completed,2025-08-18 15:29
23049,completed,2025-11-03 15:58
23050,completed,2025-09-28 15:42
23051,completed,2025-06-19 03:53
23052,completed,2025-02-25 07:04
23053,completed,2025-03-12 01:27
23054,completed,2025-06-11 23:42
23055,completed,2025-09-04 21:43
23056,completed,2025-03-01 00:14
23057,completed,2025-09-24 10:11
23058,completed,2025-02-14 17:09
23059,completed,2025-09-25 03:46
23060,completed,2025-10-25 07:51
23061,completed,2025-09-07 06:26
23062,completed,2025-03-05 13:08
23063,completed,2024-12-25 23:56
23064,completed,2025-05-14 07:37
23065,completed,2025-04-03 01:17
23066,completed,2025-09-17 04:54
23067,completed,2025-05-09 16:39
23068,completed,2025-09-08 22:18
23069,completed,2024-12-13 02:28
23070,completed,2025-07-13 22:57
23071,completed,2025-03-29 18:48
23072,completed,2025-08-22 18:57
23073,completed,2025-04-10 10:57
23074,completed,2025-07-09 09:41
23075,completed,2025-09-01 09:59
23076,completed,2025-03-29 04:18
23077,completed,2025-07-17 06:14
23078,completed,2025-02-06 16:28
23079,completed,2025-02-18 22:04
23080,completed,2025-08-03 18:26
23081,completed,2025-07-13 17:34
23082,completed,2025-11-07 00:34
23083,completed,2025-03-25 09:10
23084,completed,2025-10-23 06:26
23085,completed,2025-03-19 17:18
23086,completed,2024-12-22 06:22
23087,completed,2025-03-03 14:09
23088,completed,2025-09-30 08:54
23089,completed,2025-10-08 01:53
23090,completed,2025-07-05 03:40
23091,completed,2025-03-05 16:17
23092,completed,2024-12-19 19:47
23093,completed,2025-06-03 08:42
23094,completed,2025-01-29 22:59
23095,completed,2025-02-17 07:59
23096,completed,2025-09-12 22:56
23097,completed,2025-08-16 09:22
23098,completed,2025-04-01 08:48
23099,completed,2025-02-26 13:37
23100,completed,2025-02-02 13:50
23101,completed,2025-10-12 00:44
23102,completed,2025-06-28 03:45
23103,completed,2025-08-25 19:40
23104,completed,2025-07-17 03:31
23105,completed,2025-04-12 14:20
23106,completed,2025-07-24 21:22
23107,completed,2025-04-07 01:05
23108,completed,2025-06-01 03:20
23109,completed,2025-01-31 21:04
23110,completed,2025-05-25 14:22
23111,completed,2025-03-07 15:35
23112,completed,2025-12-04 02:37
23113,completed,2025-03-31 01:55
23114,completed,2025-08-11 09:50
23115,completed,2025-02-26 13:44
23116,completed,2025-06-29 16:02
23117,completed,2025-08-20 13:09
23118,completed,2025-05-20 22:14
23119,completed,2025-06-23 20:03
23120,completed,2025-10-22 18:37
23121,completed,2025-03-17 03:41
23122,completed,2025-07-04 20:41
23123,completed,2025-05-29 15:56
23124,completed,2025-10-21 08:54
23125,completed,2025-11-10 06:20
23126,completed,2024-12-21 04:36
23127,completed,2025-08-18 10:38
23128,completed,2025-10-01 07:49
23129,completed,2025-09-26 15:35
23130,completed,2025-09-15 16:53
23131,completed,2025-02-15 17:23
23132,completed,2025-12-03 06:42
23133,completed,2025-11-19 02:38
23134,completed,2025-02-08 23:27
23135,completed,2025-10-05 18:28
23136,completed,2025-07-15 05:44
23137,completed,2025-02-24 03:30
23138,completed,2025-04-18 22:54
23139,completed,2025-05-21 03:39
23140,completed,2025-09-22 19:09
23141,completed,2025-09-22 16:31
23142,completed,2025-01-02 19:40
23143,completed,2025-07-07 12:45
23144,completed,2025-05-07 17:51
23145,completed,2025-06-18 00:49
23146,completed,2025-08-17 08:22
23147,completed,2025-02-04 00:49
23148,completed,2025-06-16 18:54
23149,completed,2025-08-25 10:36
23150,completed,2025-08-06 22:24
23151,completed,2025-11-10 17:55
23152,completed,2025-11-11 10:08
23153,completed,2025-03-24 01:26
23154,completed,2025-05-10 16:03
23155,completed,2025-05-17 22:15
23156,completed,2025-04-03 18:37
23157,completed,2025-01-19 15:26
23158,completed,2025-03-23 07:36
23159,completed,2025-10-05 23:34
23160,completed,2025-07-14 16:16
23161,completed,2025-09-05 22:08
23162,completed,2025-05-20 06:00
23163,completed,2025-11-30 07:22
23164,completed,2025-04-11 04:47
23165,completed,2025-09-13 02:54
23166,completed,2025-07-29 15:59
23167,completed,2025-06-15 18:07
23168,completed,2025-09-16 18:27
23169,completed,2024-12-19 16:34
23170,completed,2025-02-24 14:18
23171,completed,2025-03-08 07:55
23172,completed,2025-11-28 00:37
23173,completed,2025-09-20 23:12
23174,completed,2025-02-01 04:09
23175,completed,2025-06-22 08:13
23176,completed,2025-06-06 22:43
23177,completed,2025-08-03 11:55
23178,completed,2025-01-30 21:44
23179,completed,2025-06-09 14:27
23180,completed,2025-11-04 18:21
23181,completed,2025-04-15 05:22
23182,completed,2025-08-17 16:31
23183,completed,2025-11-16 10:43
23184,completed,2025-01-06 02:46
23185,completed,2025-11-02 23:46
23186,completed,2025-04-06 13:08
23187,completed,2025-11-28 17:12
23188,completed,2025-01-30 05:09
23189,completed,2025-08-03 23:06
23190,completed,2025-05-28 14:33
23191,completed,2025-10-05 04:55
23192,completed,2025-06-04 21:18
23193,completed,2025-04-28 06:49
23194,completed,2025-01-15 16:53
23195,completed,2025-07-10 19:52
23196,completed,2025-01-28 01:59
23197,completed,2025-05-16 15:50
23198,completed,2025-01-14 08:54
23199,completed,2025-01-02 23:50
23200,completed,2025-11-22 04:57
23201,completed,2025-02-04 20:07
23202,completed,2025-01-28 11:12
23203,completed,2025-07-31 12:54
23204,completed,2025-09-18 15:35
23205,completed,2025-03-08 14:52
23206,completed,2024-12-10 23:32
23207,completed,2025-04-08 13:37
23208,completed,2025-10-17 13:27
23209,completed,2025-08-15 20:10
23210,completed,2025-08-13 10:06
23211,completed,2025-06-05 23:43
23212,completed,2025-09-30 12:20
23213,completed,2025-11-10 02:53
23214,completed,2025-10-29 01:52
23215,completed,2024-12-13 16:05
23216,completed,2025-09-30 11:37
23217,completed,2024-12-26 02:21
23218,completed,2025-09-21 23:08
23219,completed,2025-05-29 01:17
23220,completed,2025-08-12 07:59
23221,completed,2025-01-26 12:39
23222,completed,2025-10-23 00:03
23223,completed,2025-02-21 11:15
23224,completed,2025-03-04 17:01
23225,completed,2025-04-04 03:45
23226,completed,2025-05-29 02:27
23227,completed,2025-08-05 12:18
23228,completed,2025-06-02 00:05
23229,completed,2025-06-24 21:47
23230,completed,2025-04-11 21:38
23231,completed,2025-10-16 23:04
23232,completed,2025-04-19 09:43
23233,completed,2025-03-13 21:32
23234,completed,2025-02-18 06:58
23235,completed,2025-06-09 10:22
23236,completed,2025-06-23 10:18
23237,completed,2025-01-09 19:21
23238,completed,2025-11-06 16:39
23239,completed,2025-02-02 09:03
23240,completed,2025-06-19 07:15
23241,completed,2025-07-09 12:23
23242,completed,2025-10-16 02:18
23243,completed,2025-05-21 00:48
23244,completed,2025-07-01 21:01
23245,completed,2025-07-25 10:57
23246,completed,2025-01-16 15:57
23247,completed,2024-12-21 02:11
23248,completed,2025-11-07 02:48
23249,completed,2025-03-19 20:00
23250,completed,2025-07-16 21:49
23251,completed,2025-03-12 13:45
23252,completed,2025-07-23 08:15
23253,completed,2025-11-17 04:44
23254,completed,2025-02-14 19:57
23255,completed,2025-03-29 06:12
23256,completed,2025-06-26 15:33
23257,completed,2025-05-23 09:16
23258,completed,2025-05-24 10:30
23259,completed,2025-05-23 10:02
23260,completed,2025-09-17 07:01
23261,completed,2025-05-12 08:44
23262,completed,2025-09-25 05:37
23263,completed,2024-12-12 21:55
23264,completed,2024-12-17 07:08
23265,completed,2025-10-08 05:19
23266,completed,2025-03-05 00:07
23267,completed,2025-01-09 21:08
23268,completed,2025-11-09 22:25
23269,completed,2025-07-07 12:32
23270,completed,2025-07-04 20:18
23271,completed,2025-06-28 11:00
23272,completed,2025-03-22 06:07
23273,completed,2025-11-26 06:45
23274,completed,2025-10-28 02:41
23275,completed,2025-08-02 05:51
23276,completed,2025-08-08 08:00
23277,completed,2025-03-25 16:21
23278,completed,2025-03-12 12:26
23279,completed,2025-06-14 14:08
23280,completed,2025-05-26 05:26
23281,completed,2025-10-11 08:01
23282,completed,2025-06-22 05:31
23283,completed,2024-12-11 05:47
23284,completed,2025-04-11 15:06
23285,completed,2025-11-14 21:41
23286,completed,2025-04-01 18:22
23287,completed,2025-01-12 15:32
23288,completed,2025-12-01 08:06
23289,completed,2025-08-27 21:30
23290,completed,2025-02-10 17:57
23291,completed,2024-12-24 19:07
23292,completed,2025-03-26 02:55
23293,completed,2025-08-16 19:38
23294,completed,2025-03-15 11:47
23295,completed,2025-02-05 14:28
23296,completed,2025-10-03 19:09
23297,completed,2025-10-12 20:54
23298,completed,2025-02-06 20:59
23299,completed,2025-08-17 15:29
23300,completed,2025-02-01 13:27
23301,completed,2025-05-29 00:39
23302,completed,2025-05-24 05:00
23303,completed,2025-05-23 16:22
23304,completed,2025-10-17 02:51
23305,completed,2025-02-19 04:43
23306,completed,2025-04-02 11:54
23307,completed,2025-06-30 11:07
23308,completed,2025-03-03 11:07
23309,completed,2024-12-16 21:01
23310,completed,2025-02-03 21:25
23311,completed,2025-03-29 20:42
23312,completed,2025-07-30 19:26
23313,completed,2025-10-12 06:12
23314,completed,2025-09-05 15:55
23315,completed,2025-06-28 07:02
23316,completed,2025-09-16 00:00
23317,completed,2025-11-16 14:38
23318,completed,2025-04-15 03:28
23319,completed,2025-11-12 09:05
23320,completed,2025-11-27 00:47
23321,completed,2024-12-10 08:26
23322,completed,2025-11-11 19:36
23323,completed,2025-08-11 06:25
23324,completed,2025-01-03 09:51
23325,completed,2025-04-09 05:33
23326,completed,2025-06-02 04:43
23327,completed,2025-02-12 09:28
23328,completed,2025-08-07 21:23
23329,completed,2025-01-23 18:39
23330,completed,2025-09-01 01:05
23331,completed,2025-05-07 16:19
23332,completed,2025-04-05 14:57
23333,completed,2025-02-19 16:16
23334,completed,2025-07-16 04:01
23335,completed,2025-06-15 07:01
23336,completed,2025-05-19 13:49
23337,completed,2025-02-04 15:38
23338,completed,2025-04-01 20:42
23339,completed,2025-01-05 08:55
23340,completed,2025-07-16 01:42
23341,completed,2025-07-16 11:46
23342,completed,2025-11-17 15:53
23343,completed,2025-03-29 06:54
23344,completed,2025-09-04 04:49
23345,completed,2025-06-27 18:13
23346,completed,2025-07-27 10:18
23347,completed,2025-07-01 10:19
23348,completed,2024-12-13 10:11
23349,completed,2025-09-09 15:15
23350,completed,2025-10-15 16:37
23351,completed,2025-07-23 21:47
23352,completed,2025-09-08 00:09
23353,completed,2025-07-13 03:28
23354,completed,2025-03-11 20:16
23355,completed,2025-09-12 05:16
23356,completed,2025-04-07 03:01
23357,completed,2025-07-16 11:30
23358,completed,2025-03-31 14:57
23359,completed,2025-03-19 10:55
23360,completed,2025-05-05 22:01
23361,completed,2025-10-03 07:04
23362,completed,2025-10-12 14:03
23363,completed,2025-03-19 12:40
23364,completed,2025-09-22 17:30
23365,completed,2025-09-28 17:01
23366,completed,2025-07-15 06:20
23367,completed,2025-06-19 22:32
23368,completed,2025-07-13 21:11
23369,completed,2025-09-15 23:50
23370,completed,2025-02-08 20:45
23371,completed,2025-03-17 23:09
23372,completed,2025-04-30 20:52
23373,completed,2025-11-19 18:06
23374,completed,2025-05-17 17:12
23375,completed,2025-08-01 03:47
23376,completed,2025-09-16 04:04
23377,completed,2025-05-20 18:52
23378,completed,2025-05-25 08:03
23379,completed,2025-04-24 14:03
23380,completed,2025-07-16 21:59
23381,completed,2025-05-20 03:13
23382,completed,2024-12-13 03:18
23383,completed,2025-06-27 06:13
23384,completed,2025-08-11 23:59
23385,completed,2025-02-18 21:53
23386,completed,2025-08-30 02:02
23387,completed,2025-08-26 10:56
23388,completed,2025-08-22 07:52
23389,completed,2025-07-17 04:34
23390,completed,2025-06-05 10:01
23391,completed,2025-11-07 08:36
23392,completed,2025-02-16 04:52
23393,completed,2025-02-17 11:15
23394,completed,2025-01-04 10:12
23395,completed,2025-08-20 15:57
23396,completed,2024-12-28 07:44
23397,completed,2025-11-28 10:16
23398,completed,2025-10-28 23:59
23399,completed,2025-08-24 22:45
23400,completed,2025-09-08 19:50
23401,completed,2025-06-22 07:04
23402,completed,2025-06-02 20:27
23403,completed,2025-11-26 00:21
23404,completed,2025-06-30 03:18
23405,completed,2025-09-07 09:33
23406,completed,2025-01-11 08:24
23407,completed,2025-05-21 15:53
23408,completed,2025-04-29 11:20
23409,completed,2025-09-28 14:20
23410,completed,2025-07-17 00:15
23411,completed,2025-07-14 06:48
23412,completed,2025-04-19 22:34
23413,completed,2025-11-11 20:16
23414,completed,2025-10-26 19:53
23415,completed,2025-01-27 12:22
23416,completed,2025-01-10 13:29
23417,completed,2025-09-29 00:52
23418,completed,2024-12-14 01:38
23419,completed,2025-02-24 03:36
23420,completed,2025-05-08 16:25
23421,completed,2025-01-31 15:41
23422,completed,2024-12-08 15:39
23423,completed,2025-01-14 04:35
23424,completed,2025-11-17 08:17
23425,completed,2025-09-30 14:15
23426,completed,2025-05-16 14:02
23427,completed,2025-02-23 04:22
23428,completed,2025-08-24 09:45
23429,completed,2025-01-07 00:17
23430,completed,2025-03-08 11:29
23431,completed,2025-10-14 20:33
23432,completed,2025-07-11 06:55
23433,completed,2024-12-20 20:44
23434,completed,2025-07-28 05:39
23435,completed,2025-08-12 14:52
23436,completed,2024-12-17 23:30
23437,completed,2025-06-22 05:12
23438,completed,2025-08-30 21:05
23439,completed,2025-01-14 11:47
23440,completed,2025-10-17 15:45
23441,completed,2025-08-04 10:51
23442,completed,2024-12-21 17:37
23443,completed,2025-03-07 07:30
23444,completed,2025-11-07 03:31
23445,completed,2025-09-10 07:10
23446,completed,2025-02-05 08:53
23447,completed,2025-05-12 23:12
23448,completed,2025-06-16 04:08
23449,completed,2025-08-16 00:44
23450,completed,2024-12-26 14:36
23451,completed,2025-11-21 02:00
23452,completed,2025-06-26 20:18
23453,completed,2025-05-02 08:12
23454,completed,2025-09-22 14:07
23455,completed,2025-11-21 15:49
23456,completed,2024-12-24 18:12
23457,completed,2025-04-07 03:30
23458,completed,2025-10-20 13:01
23459,completed,2025-01-05 06:13
23460,completed,2025-06-18 16:25
23461,completed,2025-06-21 11:26
23462,completed,2025-02-09 08:02
23463,completed,2024-12-08 10:22
23464,completed,2025-07-03 21:47
23465,completed,2025-06-28 13:16
23466,completed,2025-03-22 18:46
23467,completed,2024-12-27 02:42
23468,completed,2025-09-04 23:02
23469,completed,2025-08-19 20:48
23470,completed,2025-02-22 04:09
23471,completed,2025-06-30 06:00
23472,completed,2024-12-21 12:29
23473,completed,2025-06-28 01:00
23474,completed,2025-05-07 22:48
23475,completed,2025-09-13 10:20
23476,completed,2025-06-18 14:39
23477,completed,2025-02-07 08:13
23478,completed,2025-05-05 06:40
23479,completed,2025-08-09 09:30
23480,completed,2025-06-23 09:03
23481,completed,2025-02-01 13:45
23482,completed,2025-11-01 10:40
23483,completed,2025-10-11 14:38
23484,completed,2025-09-25 11:17
23485,completed,2025-09-06 11:25
23486,completed,2025-09-01 15:38
23487,completed,2025-11-22 16:30
23488,completed,2025-06-23 19:32
23489,completed,2025-05-04 23:06
23490,completed,2025-07-21 12:25
23491,completed,2025-06-24 18:58
23492,completed,2025-05-12 15:55
23493,completed,2025-02-04 04:10
23494,completed,2025-02-02 11:27
23495,completed,2025-02-18 05:14
23496,completed,2025-06-28 09:08
23497,completed,2025-01-02 20:18
23498,completed,2025-08-03 23:19
23499,completed,2025-08-11 01:22
23500,completed,2025-03-09 17:46
23501,completed,2025-06-13 15:32
23502,completed,2025-08-31 17:05
23503,completed,2025-04-14 23:43
23504,completed,2025-01-18 11:18
23505,completed,2025-07-20 06:40
23506,completed,2025-01-21 15:47
23507,completed,2025-07-03 16:58
23508,completed,2025-08-16 06:00
23509,completed,2025-04-13 08:44
23510,completed,2025-04-10 21:11
23511,completed,2025-03-06 20:12
23512,completed,2025-04-15 17:04
23513,completed,2025-08-22 17:24
23514,completed,2025-11-04 05:47
23515,completed,2025-05-24 07:12
23516,completed,2025-11-30 07:43
23517,completed,2024-12-25 22:41
23518,completed,2025-05-06 21:05
23519,completed,2025-12-05 17:17
23520,completed,2025-05-05 08:06
23521,completed,2025-01-05 03:34
23522,completed,2025-06-03 04:21
23523,completed,2025-08-24 19:21
23524,completed,2024-12-18 16:55
23525,completed,2025-03-23 11:25
23526,completed,2025-10-25 16:18
23527,completed,2025-10-08 00:00
23528,completed,2025-09-26 09:58
23529,completed,2025-08-04 09:32
23530,completed,2025-09-07 10:56
23531,completed,2025-01-20 23:48
23532,completed,2025-09-30 05:57
23533,completed,2025-03-26 14:29
23534,completed,2025-05-30 05:06
23535,completed,2025-03-05 12:03
23536,completed,2025-11-28 07:12
23537,completed,2025-03-16 07:52
23538,completed,2025-03-18 08:01
23539,completed,2024-12-24 21:13
23540,completed,2025-04-05 06:40
23541,completed,2025-05-22 07:52
23542,completed,2025-06-03 15:29
23543,completed,2025-03-30 20:11
23544,completed,2025-11-20 22:07
23545,completed,2024-12-28 22:18
23546,completed,2025-07-14 08:56
23547,completed,2024-12-14 08:03
23548,completed,2025-08-16 16:31
23549,completed,2025-09-17 11:54
23550,completed,2025-06-21 18:43
23551,completed,2025-01-19 17:34
23552,completed,2025-07-09 10:45
23553,completed,2025-06-29 21:42
23554,completed,2025-04-27 15:06
23555,completed,2025-08-24 23:18
23556,completed,2025-02-24 16:52
23557,completed,2025-04-22 07:26
23558,completed,2025-03-26 21:01
23559,completed,2025-01-15 01:31
23560,completed,2025-08-22 02:49
23561,completed,2025-07-04 18:36
23562,completed,2025-09-11 02:04
23563,completed,2025-08-24 22:25
23564,completed,2025-01-10 19:11
23565,completed,2025-05-08 14:54
23566,completed,2025-07-27 07:29
23567,completed,2025-05-20 04:17
23568,completed,2025-07-04 03:20
23569,completed,2025-08-24 05:22
23570,completed,2025-01-16 21:34
23571,completed,2025-09-05 09:25
23572,completed,2025-01-28 14:03
23573,completed,2025-08-14 00:29
23574,completed,2025-09-08 18:49
23575,completed,2025-01-22 12:10
23576,completed,2025-05-19 19:48
23577,completed,2025-08-04 20:38
23578,completed,2025-10-10 11:02
23579,completed,2025-06-14 22:26
23580,completed,2025-10-31 17:53
23581,completed,2025-10-20 22:18
23582,completed,2025-04-04 20:18
23583,completed,2025-01-28 01:32
23584,completed,2025-05-22 00:58
23585,completed,2025-02-10 02:38
23586,completed,2025-07-03 18:27
23587,completed,2025-05-27 22:39
23588,completed,2025-03-01 10:53
23589,completed,2024-12-30 15:28
23590,completed,2025-06-27 19:20
23591,completed,2024-12-18 15:22
23592,completed,2024-12-15 05:25
23593,completed,2024-12-08 22:02
23594,completed,2025-04-28 20:01
23595,completed,2025-02-19 14:56
23596,completed,2025-03-15 08:05
23597,completed,2025-06-18 12:50
23598,completed,2025-01-14 18:24
23599,completed,2025-07-22 11:08
23600,completed,2025-10-06 17:03
23601,completed,2025-07-19 03:06
23602,completed,2025-05-21 03:08
23603,completed,2025-08-09 13:20
23604,completed,2025-06-03 23:31
23605,completed,2025-11-23 05:30
23606,completed,2025-06-05 10:53
23607,completed,2025-05-02 21:38
23608,completed,2025-05-28 23:27
23609,completed,2024-12-20 16:02
23610,completed,2025-01-03 07:54
23611,completed,2025-05-29 00:30
23612,completed,2025-02-02 16:20
23613,completed,2025-01-04 06:15
23614,completed,2025-03-04 22:05
23615,completed,2024-12-22 21:00
23616,completed,2025-08-11 00:04
23617,completed,2025-10-23 02:40
23618,completed,2024-12-11 22:19
23619,completed,2025-08-27 10:15
23620,completed,2025-05-27 03:10
23621,completed,2025-11-06 01:26
23622,completed,2025-04-30 02:28
23623,completed,2025-09-09 15:19
23624,completed,2025-08-14 14:17
23625,completed,2025-07-22 01:58
23626,completed,2025-04-18 13:48
23627,completed,2024-12-09 07:24
23628,completed,2025-01-15 15:26
23629,completed,2025-06-16 19:20
23630,completed,2025-10-29 11:19
23631,completed,2025-01-09 10:40
23632,completed,2025-10-20 15:28
23633,completed,2025-05-01 17:04
23634,completed,2025-12-02 02:08
23635,completed,2025-11-30 04:27
23636,completed,2025-10-12 06:58
23637,completed,2025-11-18 08:46
23638,completed,2025-05-02 06:18
23639,completed,2025-09-10 08:24
23640,completed,2025-10-21 01:16
23641,completed,2025-02-01 08:34
23642,completed,2025-03-09 16:04
23643,completed,2025-01-25 15:07
23644,completed,2024-12-30 14:59
23645,completed,2025-12-04 21:31
23646,completed,2025-04-15 09:42
23647,completed,2025-01-27 19:32
23648,completed,2025-11-06 19:15
23649,completed,2025-09-30 03:08
23650,completed,2025-03-06 17:08
23651,completed,2025-07-11 23:05
23652,completed,2025-10-16 00:08
23653,completed,2025-04-30 13:39
23654,completed,2024-12-07 12:41
23655,completed,2025-04-28 14:23
23656,completed,2025-08-12 23:50
23657,completed,2025-05-10 19:01
23658,completed,2025-01-23 09:43
23659,completed,2025-07-17 07:48
23660,completed,2025-03-18 00:07
23661,completed,2025-09-26 18:47
23662,completed,2025-03-11 10:45
23663,completed,2025-11-02 10:53
23664,completed,2025-04-24 00:38
23665,completed,2025-04-15 18:47
23666,completed,2025-05-20 05:09
23667,completed,2025-10-23 12:15
23668,completed,2025-05-15 20:03
23669,completed,2025-04-20 18:25
23670,completed,2025-10-31 15:27
23671,completed,2025-10-15 19:50
23672,completed,2025-07-13 09:33
23673,completed,2025-04-01 12:38
23674,completed,2025-05-06 20:07
23675,completed,2025-05-23 10:47
23676,completed,2025-06-03 17:11
23677,completed,2025-02-20 16:39
23678,completed,2025-02-06 17:20
23679,completed,2025-11-23 15:52
23680,completed,2025-07-14 10:23
23681,completed,2025-02-28 20:43
23682,completed,2025-09-26 05:23
23683,completed,2025-11-24 23:02
23684,completed,2025-03-18 11:24
23685,completed,2024-12-23 15:14
23686,completed,2025-08-25 18:41
23687,completed,2025-06-22 12:27
23688,completed,2025-05-29 05:35
23689,completed,2025-01-08 19:21
23690,completed,2025-08-09 17:19
23691,completed,2025-04-25 11:39
23692,completed,2025-08-25 23:21
23693,completed,2025-07-13 05:40
23694,completed,2025-12-01 20:46
23695,completed,2025-01-22 07:42
23696,completed,2025-08-25 13:12
23697,completed,2025-04-21 19:00
23698,completed,2025-11-10 10:18
23699,completed,2025-02-13 13:20
23700,completed,2025-03-11 17:10
23701,completed,2025-06-23 15:57
23702,completed,2025-01-10 08:03
23703,completed,2025-07-09 07:27
23704,completed,2025-05-27 10:19
23705,completed,2025-11-15 08:22
23706,completed,2025-08-13 23:10
23707,completed,2025-03-09 12:45
23708,completed,2025-11-29 04:21
23709,completed,2025-08-29 13:35
23710,completed,2024-12-25 23:08
23711,completed,2025-11-26 05:25
23712,completed,2025-07-08 16:03
23713,completed,2025-01-08 10:22
23714,completed,2025-05-29 19:26
23715,completed,2025-03-22 01:52
23716,completed,2025-03-21 05:36
23717,completed,2025-07-09 22:58
23718,completed,2025-07-28 05:58
23719,completed,2025-09-13 18:37
23720,completed,2025-11-26 08:23
23721,completed,2025-04-25 22:21
23722,completed,2025-04-01 21:29
23723,completed,2025-03-26 08:05
23724,completed,2025-06-09 00:27
23725,completed,2025-01-06 07:23
23726,completed,2025-01-06 03:11
23727,completed,2025-03-19 19:21
23728,completed,2025-11-25 04:47
23729,completed,2025-06-18 04:31
23730,completed,2025-09-18 23:25
23731,completed,2025-03-01 14:50
23732,completed,2024-12-29 08:41
23733,completed,2025-10-03 01:14
23734,completed,2025-05-27 03:37
23735,completed,2025-05-29 08:01
23736,completed,2025-10-28 12:37
23737,completed,2024-12-22 13:45
23738,completed,2024-12-18 07:36
23739,completed,2025-09-05 17:01
23740,completed,2025-09-02 01:11
23741,completed,2025-03-06 14:09
23742,completed,2024-12-21 13:52
23743,completed,2025-06-14 04:35
23744,completed,2025-08-08 09:00
23745,completed,2025-08-14 19:43
23746,completed,2025-04-04 12:05
23747,completed,2025-11-29 15:32
23748,completed,2025-06-21 23:28
23749,completed,2025-07-23 18:13
23750,completed,2025-09-09 21:18
23751,completed,2025-08-10 19:14
23752,completed,2025-01-08 09:09
23753,completed,2025-02-13 12:59
23754,completed,2025-02-10 11:43
23755,completed,2024-12-22 15:04
23756,completed,2025-10-13 02:02
23757,completed,2025-06-09 11:45
23758,completed,2025-06-22 00:49
23759,completed,2025-05-06 02:04
23760,completed,2025-09-18 13:53
23761,completed,2025-03-19 16:50
23762,completed,2025-06-01 02:44
23763,completed,2025-04-28 03:53
23764,completed,2025-03-04 11:26
23765,completed,2025-09-01 09:38
23766,completed,2024-12-20 04:42
23767,completed,2025-11-08 20:52
23768,completed,2025-03-10 14:43
23769,completed,2025-01-20 14:15
23770,completed,2025-08-25 05:33
23771,completed,2025-12-06 23:53
23772,completed,2025-01-13 23:31
23773,completed,2025-06-28 18:59
23774,completed,2025-11-29 02:00
23775,completed,2025-10-07 06:28
23776,completed,2024-12-12 06:16
23777,completed,2025-03-29 13:26
23778,completed,2025-02-16 00:02
23779,completed,2024-12-13 09:33
23780,completed,2025-10-17 08:31
23781,completed,2025-04-07 02:29
23782,completed,2025-02-05 01:07
23783,completed,2025-02-18 17:18
23784,completed,2025-03-19 14:04
23785,completed,2025-08-18 02:16
23786,completed,2025-04-12 10:33
23787,completed,2025-02-11 15:51
23788,completed,2025-10-26 13:33
23789,completed,2025-02-15 08:10
23790,completed,2025-03-14 05:11
23791,completed,2025-10-16 12:21
23792,completed,2025-08-26 10:32
23793,completed,2025-02-16 18:05
23794,completed,2025-03-21 08:23
23795,completed,2025-03-15 23:29
23796,completed,2025-01-12 15:38
23797,completed,2025-05-21 23:05
23798,completed,2025-02-22 04:19
23799,completed,2025-10-03 02:14
23800,completed,2025-07-23 03:39
23801,completed,2025-04-15 07:52
23802,completed,2025-09-01 08:41
23803,completed,2025-10-31 19:19
23804,completed,2025-04-01 06:02
23805,completed,2025-05-31 03:28
23806,completed,2025-05-14 09:38
23807,completed,2025-01-14 06:24
23808,completed,2025-01-01 16:36
23809,completed,2025-11-27 09:59
23810,completed,2025-09-17 02:53
23811,completed,2025-12-06 02:35
23812,completed,2025-05-22 22:26
23813,completed,2025-02-13 10:20
23814,completed,2025-07-09 02:03
23815,completed,2025-02-26 19:22
23816,completed,2025-01-26 15:48
23817,completed,2025-05-17 18:09
23818,completed,2025-07-04 07:46
23819,completed,2025-05-15 21:39
23820,completed,2025-01-12 05:50
23821,completed,2024-12-11 20:04
23822,completed,2025-09-28 12:13
23823,completed,2025-02-09 17:50
23824,completed,2025-01-06 17:18
23825,completed,2025-01-16 16:38
23826,completed,2025-01-31 15:26
23827,completed,2025-09-19 10:46
23828,completed,2024-12-15 07:10
23829,completed,2025-02-20 16:50
23830,completed,2025-11-23 12:30
23831,completed,2025-02-11 01:05
23832,completed,2025-09-03 07:28
23833,completed,2024-12-30 23:45
23834,completed,2025-11-28 18:02
23835,completed,2025-02-11 20:31
23836,completed,2024-12-09 18:41
23837,completed,2025-04-26 02:43
23838,completed,2025-08-01 18:22
23839,completed,2025-07-12 12:18
23840,completed,2025-03-20 23:13
23841,completed,2025-01-03 22:07
23842,completed,2025-01-24 07:59
23843,completed,2024-12-11 20:17
23844,completed,2025-09-28 10:13
23845,completed,2025-04-19 15:29
23846,completed,2025-03-06 05:09
23847,completed,2025-09-01 04:23
23848,completed,2025-11-05 19:25
23849,completed,2025-12-02 23:21
23850,completed,2025-11-18 01:57
23851,completed,2025-11-29 02:52
23852,completed,2025-02-04 19:17
23853,completed,2025-09-13 18:27
23854,completed,2025-03-28 21:01
23855,completed,2025-05-15 09:07
23856,completed,2025-07-19 05:36
23857,completed,2024-12-08 08:32
23858,completed,2025-05-04 14:59
23859,completed,2025-06-18 15:29
23860,completed,2025-09-16 06:43
23861,completed,2025-08-23 22:43
23862,completed,2025-09-08 12:00
23863,completed,2025-09-19 02:48
23864,completed,2025-09-29 03:37
23865,completed,2025-10-28 09:08
23866,completed,2025-08-26 08:25
23867,completed,2025-06-11 13:14
23868,completed,2025-05-23 05:22
23869,completed,2025-08-02 07:48
23870,completed,2025-03-12 01:27
23871,completed,2025-02-24 23:27
23872,completed,2025-06-22 07:26
23873,completed,2025-11-19 23:47
23874,completed,2025-09-05 06:28
23875,completed,2025-07-25 09:09
23876,completed,2025-09-25 15:22
23877,completed,2024-12-09 19:38
23878,completed,2025-09-01 23:48
23879,completed,2025-08-09 02:26
23880,completed,2025-01-13 07:23
23881,completed,2025-09-11 02:25
23882,completed,2025-07-11 11:37
23883,completed,2025-03-08 12:55
23884,completed,2025-10-17 05:29
23885,completed,2025-10-05 01:38
23886,completed,2025-10-23 23:15
23887,completed,2025-07-26 21:02
23888,completed,2025-06-11 03:05
23889,completed,2025-01-02 15:05
23890,completed,2025-05-05 01:25
23891,completed,2025-07-09 05:09
23892,completed,2025-07-27 13:10
23893,completed,2025-06-15 02:20
23894,completed,2025-10-10 16:17
23895,completed,2025-11-24 00:14
23896,completed,2025-02-09 05:16
23897,completed,2025-11-15 13:00
23898,completed,2025-03-29 11:01
23899,completed,2025-05-25 05:02
23900,completed,2025-09-05 10:51
23901,completed,2025-04-30 23:23
23902,completed,2025-01-11 03:54
23903,completed,2025-11-17 16:57
23904,completed,2025-10-03 15:43
23905,completed,2025-05-31 01:30
23906,completed,2025-06-09 14:35
23907,completed,2024-12-21 04:43
23908,completed,2025-05-15 13:22
23909,completed,2025-08-09 07:15
23910,completed,2025-09-14 01:57
23911,completed,2025-12-03 06:34
23912,completed,2025-09-25 20:53
23913,completed,2025-04-08 17:23
23914,completed,2025-06-25 00:14
23915,completed,2025-01-30 11:05
23916,completed,2025-03-10 04:11
23917,completed,2025-04-06 22:58
23918,completed,2025-11-29 20:31
23919,completed,2025-06-22 12:43
23920,completed,2025-01-31 09:05
23921,completed,2025-07-09 01:17
23922,completed,2025-07-31 14:03
23923,completed,2025-03-19 13:38
23924,completed,2024-12-07 20:27
23925,completed,2024-12-09 05:54
23926,completed,2025-07-31 17:54
23927,completed,2025-05-12 19:14
23928,completed,2025-03-04 01:49
23929,completed,2025-01-10 15:19
23930,completed,2025-05-09 22:51
23931,completed,2025-08-22 09:19
23932,completed,2025-05-23 19:48
23933,completed,2024-12-16 05:24
23934,completed,2025-05-16 13:38
23935,completed,2025-10-12 08:13
23936,completed,2024-12-23 02:46
23937,completed,2025-04-23 01:37
23938,completed,2025-01-28 23:49
23939,completed,2025-01-09 17:22
23940,completed,2025-05-03 20:02
23941,completed,2025-01-06 15:13
23942,completed,2025-04-27 14:39
23943,completed,2025-01-09 00:57
23944,completed,2024-12-27 13:52
23945,completed,2025-02-01 07:06
23946,completed,2025-07-26 22:00
23947,completed,2024-12-28 17:25
23948,completed,2025-11-21 01:21
23949,completed,2025-09-22 08:56
23950,completed,2025-08-30 15:13
23951,completed,2025-08-24 16:43
23952,completed,2025-02-09 05:12
23953,completed,2025-11-28 18:28
23954,completed,2025-04-28 02:21
23955,completed,2024-12-13 22:09
23956,completed,2024-12-20 19:17
23957,completed,2025-12-06 03:38
23958,completed,2025-05-12 10:53
23959,completed,2025-03-13 06:11
23960,completed,2025-10-29 04:16
23961,completed,2025-02-14 14:59
23962,completed,2025-03-11 21:12
23963,completed,2025-02-14 21:07
23964,completed,2025-05-30 00:39
23965,completed,2025-05-06 19:43
23966,completed,2025-01-25 10:49
23967,completed,2025-07-08 02:31
23968,completed,2025-01-09 21:52
23969,completed,2025-06-04 10:17
23970,completed,2025-09-29 03:52
23971,completed,2025-04-05 01:25
23972,completed,2025-08-11 21:23
23973,completed,2025-06-10 11:40
23974,completed,2024-12-12 15:49
23975,completed,2024-12-13 08:02
23976,completed,2025-11-05 14:19
23977,completed,2025-07-01 09:02
23978,completed,2025-10-22 23:07
23979,completed,2024-12-09 15:44
23980,completed,2025-01-20 18:03
23981,completed,2025-09-17 16:24
23982,completed,2025-03-08 12:17
23983,completed,2025-10-09 15:21
23984,completed,2025-02-14 17:08
23985,completed,2025-10-25 04:42
23986,completed,2025-07-30 11:18
23987,completed,2025-07-14 13:47
23988,completed,2025-01-26 23:43
23989,completed,2025-09-15 22:54
23990,completed,2024-12-18 19:00
23991,completed,2025-04-24 23:10
23992,completed,2025-06-21 02:03
23993,completed,2025-04-03 22:40
23994,completed,2025-01-01 16:22
23995,completed,2025-07-06 02:43
23996,completed,2025-08-28 20:55
23997,completed,2025-03-24 21:49
23998,completed,2025-01-02 20:50
23999,completed,2025-09-09 00:53
24000,completed,2025-01-21 11:04
24001,completed,2025-05-12 15:05
24002,completed,2025-01-13 09:11
24003,completed,2025-10-06 05:54
24004,completed,2025-10-08 04:30
24005,completed,2025-01-17 22:29
24006,completed,2025-07-11 15:37
24007,completed,2024-12-14 21:54
24008,completed,2025-04-23 05:26
24009,completed,2025-07-05 13:01
24010,completed,2025-01-26 05:48
24011,completed,2024-12-09 08:53
24012,completed,2025-02-02 06:24
24013,completed,2024-12-28 21:41
24014,completed,2025-05-29 16:40
24015,completed,2025-07-16 17:28
24016,completed,2025-10-23 01:30
24017,completed,2025-02-05 06:16
24018,completed,2025-01-02 16:00
24019,completed,2024-12-16 07:43
24020,completed,2025-05-29 13:48
24021,completed,2025-01-17 19:28
24022,completed,2025-03-08 09:33
24023,completed,2025-04-04 17:33
24024,completed,2025-08-17 23:18
24025,completed,2024-12-14 00:40
24026,completed,2025-11-24 07:22
24027,completed,2025-03-17 07:08
24028,completed,2025-06-26 16:29
24029,completed,2025-09-17 02:46
24030,completed,2025-03-09 06:58
24031,completed,2025-06-20 23:48
24032,completed,2025-07-21 10:42
24033,completed,2025-10-23 23:13
24034,completed,2025-04-08 09:59
24035,completed,2025-08-14 10:24
24036,completed,2025-11-05 03:05
24037,completed,2025-11-13 10:13
24038,completed,2025-02-09 00:04
24039,completed,2024-12-20 19:58
24040,completed,2025-06-29 00:56
24041,completed,2024-12-14 22:55
24042,completed,2025-08-25 10:32
24043,completed,2025-06-27 23:40
24044,completed,2025-09-24 05:09
24045,completed,2025-04-23 08:02
24046,completed,2025-08-06 08:15
24047,completed,2025-03-16 03:00
24048,completed,2025-07-02 17:00
24049,completed,2025-05-08 17:05
24050,completed,2025-03-07 18:37
24051,completed,2025-07-06 01:16
24052,completed,2025-09-06 06:08
24053,completed,2025-06-05 23:10
24054,completed,2025-06-22 10:10
24055,completed,2025-02-03 11:25
24056,completed,2025-07-22 03:25
24057,completed,2025-08-01 01:54
24058,completed,2025-01-07 17:31
24059,completed,2025-07-19 12:10
24060,completed,2025-02-16 02:23
24061,completed,2025-06-28 05:02
24062,completed,2025-07-08 19:43
24063,completed,2025-04-11 00:58
24064,completed,2024-12-20 14:31
24065,completed,2024-12-07 22:13
24066,completed,2025-03-08 06:04
24067,completed,2024-12-12 19:36
24068,completed,2025-06-15 09:20
24069,completed,2025-01-26 08:51
24070,completed,2025-03-02 17:40
24071,completed,2025-04-19 23:15
24072,completed,2025-10-25 21:41
24073,completed,2025-04-28 16:39
24074,completed,2025-09-18 01:04
24075,completed,2025-01-24 10:29
24076,completed,2025-10-04 20:36
24077,completed,2025-04-07 17:07
24078,completed,2025-02-28 21:43
24079,completed,2025-04-20 12:27
24080,completed,2025-07-20 20:58
24081,completed,2025-06-05 11:17
24082,completed,2025-07-27 11:31
24083,completed,2025-01-04 08:42
24084,completed,2025-07-09 20:57
24085,completed,2025-05-15 23:07
24086,completed,2025-05-15 11:27
24087,completed,2025-10-14 17:30
24088,completed,2025-06-14 10:18
24089,completed,2025-09-17 04:28
24090,completed,2025-06-05 01:37
24091,completed,2025-03-24 09:08
24092,completed,2025-01-12 10:37
24093,completed,2025-03-18 16:57
24094,completed,2025-09-24 09:49
24095,completed,2025-03-28 19:38
24096,completed,2025-04-23 20:53
24097,completed,2025-11-27 09:46
24098,completed,2025-07-13 14:29
24099,completed,2025-05-19 16:50
24100,completed,2025-01-01 17:02
24101,completed,2025-10-29 04:59
24102,completed,2025-08-08 23:29
24103,completed,2025-01-28 04:17
24104,completed,2025-06-27 04:02
24105,completed,2025-02-17 09:39
24106,completed,2025-01-13 14:28
24107,completed,2025-11-17 06:55
24108,completed,2025-08-07 15:47
24109,completed,2025-04-01 09:58
24110,completed,2025-06-30 02:36
24111,completed,2025-06-26 02:46
24112,completed,2025-08-22 23:05
24113,completed,2025-01-23 15:39
24114,completed,2025-08-11 07:50
24115,completed,2025-02-06 12:05
24116,completed,2025-03-13 08:48
24117,completed,2025-03-09 15:19
24118,completed,2025-11-22 02:40
24119,completed,2025-10-09 23:25
24120,completed,2025-08-17 05:15
24121,completed,2025-02-26 21:34
24122,completed,2025-10-20 12:32
24123,completed,2025-08-03 09:12
24124,completed,2024-12-31 00:25
24125,completed,2025-07-09 04:34
24126,completed,2025-09-09 23:45
24127,completed,2025-05-14 09:21
24128,completed,2025-04-10 18:57
24129,completed,2025-06-18 21:46
24130,completed,2025-11-22 23:33
24131,completed,2025-05-13 15:40
24132,completed,2025-06-25 09:00
24133,completed,2025-07-25 09:31
24134,completed,2025-05-05 01:26
24135,completed,2025-07-31 05:56
24136,completed,2025-06-01 05:20
24137,completed,2025-07-19 12:27
24138,completed,2025-04-02 02:27
24139,completed,2025-07-21 03:28
24140,completed,2025-04-04 21:55
24141,completed,2025-02-27 02:12
24142,completed,2025-02-16 03:14
24143,completed,2025-06-30 08:27
24144,completed,2025-07-12 03:03
24145,completed,2025-06-16 05:43
24146,completed,2025-07-01 00:59
24147,completed,2025-06-20 21:30
24148,completed,2025-08-28 03:44
24149,completed,2025-09-04 22:25
24150,completed,2025-06-15 11:47
24151,completed,2025-08-06 22:04
24152,completed,2025-08-04 22:33
24153,completed,2025-01-20 00:30
24154,completed,2024-12-12 22:27
24155,completed,2025-03-07 06:09
24156,completed,2025-12-04 10:28
24157,completed,2025-11-30 16:45
24158,completed,2025-06-16 16:09
24159,completed,2025-04-09 18:19
24160,completed,2025-02-17 16:21
24161,completed,2025-04-20 05:45
24162,completed,2025-03-02 12:01
24163,completed,2025-10-21 17:14
24164,completed,2025-09-02 14:42
24165,completed,2025-04-13 19:47
24166,completed,2025-04-29 11:39
24167,completed,2025-05-14 17:03
24168,completed,2025-05-31 14:03
24169,completed,2025-04-09 06:49
24170,completed,2024-12-15 09:39
24171,completed,2025-04-23 20:30
24172,completed,2025-03-09 07:39
24173,completed,2025-10-08 15:07
24174,completed,2025-11-28 13:13
24175,completed,2025-03-31 19:03
24176,completed,2025-10-29 16:18
24177,completed,2025-05-28 12:47
24178,completed,2025-03-02 05:18
24179,completed,2025-03-25 21:56
24180,completed,2024-12-16 16:20
24181,completed,2025-11-12 19:34
24182,completed,2025-03-04 14:54
24183,completed,2025-06-28 09:09
24184,completed,2025-03-13 20:26
24185,completed,2025-09-09 21:44
24186,completed,2025-01-16 15:05
24187,completed,2025-06-12 18:42
24188,completed,2025-03-19 21:58
24189,completed,2025-06-21 22:05
24190,completed,2025-04-05 13:09
24191,completed,2025-08-14 14:18
24192,completed,2025-05-03 16:37
24193,completed,2025-11-18 09:30
24194,completed,2025-04-24 20:44
24195,completed,2025-08-21 09:00
24196,completed,2025-04-06 19:34
24197,completed,2025-07-08 09:04
24198,completed,2025-11-27 03:10
24199,completed,2025-01-13 17:54
24200,completed,2025-06-01 19:32
24201,completed,2025-04-29 13:22
24202,completed,2025-05-22 04:50
24203,completed,2025-06-02 00:27
24204,completed,2025-10-18 06:31
24205,completed,2025-07-04 03:39
24206,completed,2025-01-06 06:41
24207,completed,2025-02-24 21:25
24208,completed,2025-03-28 14:03
24209,completed,2025-05-04 07:20
24210,completed,2025-05-08 05:17
24211,completed,2025-01-12 07:06
24212,completed,2024-12-19 10:33
24213,completed,2025-06-11 07:56
24214,completed,2025-11-20 04:49
24215,completed,2025-04-13 20:48
24216,completed,2025-09-14 01:23
24217,completed,2025-02-07 23:16
24218,completed,2025-05-01 20:17
24219,completed,2025-09-01 16:12
24220,completed,2025-10-18 08:58
24221,completed,2025-06-04 12:13
24222,completed,2025-07-06 22:51
24223,completed,2025-07-06 15:47
24224,completed,2025-03-29 12:15
24225,completed,2024-12-12 11:41
24226,completed,2025-09-27 05:33
24227,completed,2025-01-22 14:35
24228,completed,2025-10-06 07:37
24229,completed,2025-09-06 17:13
24230,completed,2025-01-07 08:57
24231,completed,2025-02-17 15:58
24232,completed,2025-04-24 04:36
24233,completed,2025-09-30 19:15
24234,completed,2025-03-13 02:27
24235,completed,2025-11-11 01:07
24236,completed,2025-05-24 02:40
24237,completed,2025-03-16 10:18
24238,completed,2025-04-22 08:58
24239,completed,2025-10-03 15:46
24240,completed,2025-10-14 10:10
24241,completed,2025-04-22 16:53
24242,completed,2025-09-26 11:20
24243,completed,2025-02-27 18:04
24244,completed,2025-06-08 09:51
24245,completed,2025-04-24 04:18
24246,completed,2025-09-20 18:58
24247,completed,2025-04-22 17:30
24248,completed,2025-07-16 23:38
24249,completed,2025-08-29 02:24
24250,completed,2025-02-02 06:29
24251,completed,2025-06-18 06:43
24252,completed,2025-01-01 16:05
24253,completed,2025-09-13 05:35
24254,completed,2024-12-15 02:34
24255,completed,2025-05-03 20:54
24256,completed,2025-04-19 05:45
24257,completed,2025-03-19 18:30
24258,completed,2025-07-12 10:10
24259,completed,2025-01-20 06:26
24260,completed,2025-04-10 16:50
24261,completed,2025-02-03 03:20
24262,completed,2025-04-22 20:22
24263,completed,2025-04-30 13:11
24264,completed,2025-08-14 20:03
24265,completed,2025-10-12 12:38
24266,completed,2025-11-05 08:24
24267,completed,2025-10-19 22:47
24268,completed,2025-08-20 04:43
24269,completed,2024-12-08 05:56
24270,completed,2024-12-16 10:26
24271,completed,2024-12-29 01:23
24272,completed,2025-06-02 04:33
24273,completed,2025-01-10 11:48
24274,completed,2025-02-07 04:43
24275,completed,2025-10-11 11:34
24276,completed,2024-12-25 09:17
24277,completed,2025-09-02 15:03
24278,completed,2025-08-01 08:13
24279,completed,2025-10-25 12:04
24280,completed,2025-03-18 23:58
24281,completed,2025-12-04 14:05
24282,completed,2025-10-16 09:52
24283,completed,2025-03-06 13:27
24284,completed,2025-04-13 13:54
24285,completed,2025-04-14 13:02
24286,completed,2025-05-19 12:10
24287,completed,2025-09-21 14:31
24288,completed,2025-08-18 10:52
24289,completed,2025-12-02 05:26
24290,completed,2025-04-23 10:42
24291,completed,2025-01-17 03:43
24292,completed,2025-05-01 22:07
24293,completed,2025-09-22 20:49
24294,completed,2025-06-26 13:51
24295,completed,2025-07-21 10:07
24296,completed,2025-04-29 10:31
24297,completed,2025-04-26 22:42
24298,completed,2025-04-05 03:01
24299,completed,2025-10-17 21:16
24300,completed,2025-07-24 00:38
24301,completed,2025-07-05 16:36
24302,completed,2025-07-30 19:13
24303,completed,2025-04-28 05:10
24304,completed,2025-11-29 11:08
24305,completed,2025-05-08 17:19
24306,completed,2025-04-15 04:44
24307,completed,2025-04-18 22:20
24308,completed,2025-02-01 12:10
24309,completed,2025-03-31 19:45
24310,completed,2025-07-06 18:43
24311,completed,2025-05-17 16:57
24312,completed,2024-12-24 19:22
24313,completed,2025-01-27 13:02
24314,completed,2025-08-29 14:30
24315,completed,2025-07-23 11:15
24316,completed,2025-04-28 21:36
24317,completed,2025-10-06 16:20
24318,completed,2025-09-06 02:55
24319,completed,2025-06-12 05:58
24320,completed,2025-01-26 15:03
24321,completed,2025-08-01 11:54
24322,completed,2025-09-19 08:58
24323,completed,2025-05-07 16:27
24324,completed,2025-03-01 18:30
24325,completed,2025-04-25 21:07
24326,completed,2024-12-15 06:12
24327,completed,2025-07-20 20:13
24328,completed,2025-06-28 23:18
24329,completed,2025-10-03 11:11
24330,completed,2025-10-26 15:37
24331,completed,2025-02-04 16:01
24332,completed,2025-05-28 19:07
24333,completed,2025-01-31 06:50
24334,completed,2025-06-15 17:23
24335,completed,2025-03-04 01:43
24336,completed,2025-07-01 18:52
24337,completed,2025-11-06 11:38
24338,completed,2025-11-15 16:31
24339,completed,2025-09-13 13:27
24340,completed,2025-01-11 07:00
24341,completed,2025-02-11 07:02
24342,completed,2024-12-23 17:53
24343,completed,2024-12-10 08:21
24344,completed,2025-12-02 11:30
24345,completed,2025-07-03 04:18
24346,completed,2025-08-24 14:03
24347,completed,2025-10-05 22:13
24348,completed,2025-09-21 20:33
24349,completed,2025-11-25 14:38
24350,completed,2025-01-10 23:59
24351,completed,2025-11-29 23:05
24352,completed,2025-09-26 14:00
24353,completed,2025-11-13 04:19
24354,completed,2025-11-11 03:35
24355,completed,2024-12-23 03:06
24356,completed,2025-10-14 20:20
24357,completed,2025-08-13 12:08
24358,completed,2025-10-19 00:41
24359,completed,2025-06-29 04:41
24360,completed,2025-08-23 10:21
24361,completed,2025-05-02 23:01
24362,completed,2025-03-06 18:56
24363,completed,2025-09-30 08:34
24364,completed,2025-07-30 14:50
24365,completed,2025-02-09 10:42
24366,completed,2025-06-10 22:31
24367,completed,2025-05-27 08:18
24368,completed,2025-06-29 19:39
24369,completed,2025-02-09 17:30
24370,completed,2025-01-20 21:57
24371,completed,2024-12-17 02:40
24372,completed,2025-03-07 07:25
24373,completed,2025-09-26 05:16
24374,completed,2025-06-18 03:40
24375,completed,2025-10-07 08:21
24376,completed,2025-05-04 02:10
24377,completed,2025-05-22 17:39
24378,completed,2025-07-05 06:45
24379,completed,2025-01-31 20:29
24380,completed,2024-12-20 08:25
24381,completed,2025-04-14 05:49
24382,completed,2025-05-26 05:01
24383,completed,2025-02-19 19:12
24384,completed,2025-04-19 19:27
24385,completed,2025-05-25 08:53
24386,completed,2025-08-25 18:38
24387,completed,2025-03-11 14:21
24388,completed,2025-08-31 20:25
24389,completed,2025-06-25 18:50
24390,completed,2025-02-02 23:08
24391,completed,2025-04-04 17:38
24392,completed,2025-06-24 14:23
24393,completed,2025-08-20 21:52
24394,completed,2025-02-04 03:29
24395,completed,2025-08-13 11:33
24396,completed,2025-08-01 23:38
24397,completed,2025-06-24 19:19
24398,completed,2025-01-29 05:55
24399,completed,2024-12-07 20:35
24400,completed,2025-06-23 13:21
24401,completed,2025-06-23 19:11
24402,completed,2024-12-12 22:23
24403,completed,2025-06-22 08:01
24404,completed,2024-12-13 09:22
24405,completed,2025-06-14 04:49
24406,completed,2025-10-11 11:55
24407,completed,2025-05-31 11:35
24408,completed,2025-03-13 18:19
24409,completed,2025-09-29 05:31
24410,completed,2025-11-08 00:20
24411,completed,2025-04-09 18:09
24412,completed,2025-10-11 02:44
24413,completed,2025-06-09 08:12
24414,completed,2025-09-30 22:23
24415,completed,2025-10-12 23:40
24416,completed,2025-10-17 02:22
24417,completed,2025-05-08 19:37
24418,completed,2025-02-14 04:16
24419,completed,2025-01-17 02:42
24420,completed,2025-05-08 01:13
24421,completed,2025-10-21 05:22
24422,completed,2025-07-05 20:45
24423,completed,2025-06-30 05:22
24424,completed,2025-05-26 22:32
24425,completed,2025-09-18 17:24
24426,completed,2025-03-14 21:56
24427,completed,2025-10-16 03:21
24428,completed,2025-09-13 14:26
24429,completed,2025-01-26 00:40
24430,completed,2025-01-15 07:19
24431,completed,2025-02-13 20:39
24432,completed,2025-04-14 13:11
24433,completed,2025-08-27 14:22
24434,completed,2025-03-07 02:37
24435,completed,2025-06-08 20:59
24436,completed,2025-03-12 16:31
24437,completed,2025-04-20 23:07
24438,completed,2025-03-20 16:21
24439,completed,2025-09-30 21:21
24440,completed,2025-11-03 21:48
24441,completed,2025-01-21 21:27
24442,completed,2025-05-21 10:07
24443,completed,2025-10-01 13:09
24444,completed,2025-07-24 10:12
24445,completed,2025-05-04 19:21
24446,completed,2025-03-26 07:43
24447,completed,2025-05-09 23:43
24448,completed,2025-10-29 15:58
24449,completed,2025-07-09 07:30
24450,completed,2025-11-09 09:53
24451,completed,2025-08-09 08:31
24452,completed,2025-02-18 17:11
24453,completed,2025-06-27 09:33
24454,completed,2025-05-13 01:13
24455,completed,2025-05-04 02:20
24456,completed,2025-11-19 08:22
24457,completed,2025-11-15 19:05
24458,completed,2025-03-15 18:14
24459,completed,2025-11-22 21:17
24460,completed,2025-11-16 06:20
24461,completed,2025-11-07 15:32
24462,completed,2025-10-13 13:15
24463,completed,2025-03-23 15:13
24464,completed,2024-12-29 05:33
24465,completed,2025-01-30 14:08
24466,completed,2025-04-27 22:20
24467,completed,2025-07-13 07:14
24468,completed,2025-11-28 22:27
24469,completed,2025-12-01 18:33
24470,completed,2025-09-02 15:14
24471,completed,2024-12-22 20:54
24472,completed,2025-08-10 05:22
24473,completed,2025-08-22 04:45
24474,completed,2025-09-16 12:29
24475,completed,2025-06-28 17:35
24476,completed,2025-08-04 23:18
24477,completed,2025-10-04 00:21
24478,completed,2024-12-30 02:49
24479,completed,2025-08-15 08:12
24480,completed,2025-03-19 21:41
24481,completed,2025-08-24 19:28
24482,completed,2025-11-02 08:09
24483,completed,2025-06-10 12:24
24484,completed,2025-03-28 00:23
24485,completed,2025-09-14 21:31
24486,completed,2025-09-03 11:52
24487,completed,2025-02-07 09:57
24488,completed,2025-06-22 18:44
24489,completed,2025-03-18 15:13
24490,completed,2025-11-16 20:28
24491,completed,2025-04-21 12:15
24492,completed,2025-10-26 12:39
24493,completed,2025-06-23 03:43
24494,completed,2025-09-20 16:56
24495,completed,2025-03-24 05:12
24496,completed,2025-11-20 16:05
24497,completed,2025-08-25 22:38
24498,completed,2025-06-05 13:19
24499,completed,2025-06-21 06:16
24500,completed,2025-02-08 22:48
24501,completed,2025-05-13 08:38
24502,completed,2025-01-15 06:20
24503,completed,2025-10-30 18:19
24504,completed,2025-10-12 03:45
24505,completed,2025-04-04 23:32
24506,completed,2025-09-09 04:06
24507,completed,2025-03-14 13:09
24508,completed,2025-10-13 20:38
24509,completed,2025-05-27 08:33
24510,completed,2025-07-06 04:24
24511,completed,2025-11-03 15:23
24512,completed,2025-01-26 19:04
24513,completed,2025-10-06 11:45
24514,completed,2025-11-30 14:30
24515,completed,2025-01-09 07:37
24516,completed,2025-06-11 10:13
24517,completed,2025-10-10 16:11
24518,completed,2025-04-11 07:27
24519,completed,2025-08-03 12:07
24520,completed,2025-08-29 16:05
24521,completed,2025-04-15 10:40
24522,completed,2025-07-02 16:45
24523,completed,2024-12-07 09:07
24524,completed,2025-08-22 14:46
24525,completed,2025-09-06 23:40
24526,completed,2025-05-24 04:58
24527,completed,2025-06-22 18:53
24528,completed,2025-03-23 14:12
24529,completed,2025-04-05 04:39
24530,completed,2025-04-29 04:24
24531,completed,2025-06-14 08:04
24532,completed,2025-02-21 03:29
24533,completed,2025-06-05 04:43
24534,completed,2025-06-17 20:20
24535,completed,2025-11-04 14:01
24536,completed,2025-07-15 08:58
24537,completed,2025-07-17 05:23
24538,completed,2025-10-13 00:03
24539,completed,2025-09-20 05:40
24540,completed,2025-11-27 16:46
24541,completed,2024-12-11 12:28
24542,completed,2025-09-01 17:18
24543,completed,2025-07-08 06:05
24544,completed,2025-02-20 15:48
24545,completed,2025-04-28 15:18
24546,completed,2025-05-31 18:26
24547,completed,2025-01-18 04:10
24548,completed,2025-01-13 17:59
24549,completed,2025-08-17 06:37
24550,completed,2025-01-10 00:27
24551,completed,2025-11-15 03:08
24552,completed,2025-08-11 17:53
24553,completed,2025-10-20 07:11
24554,completed,2025-06-04 17:58
24555,completed,2025-08-15 01:48
24556,completed,2025-07-05 23:38
24557,completed,2025-04-06 22:16
24558,completed,2025-03-28 04:54
24559,completed,2025-03-19 11:51
24560,completed,2025-03-09 13:11
24561,completed,2025-08-16 22:41
24562,completed,2025-09-30 00:45
24563,completed,2025-02-12 02:45
24564,completed,2025-06-29 22:47
24565,completed,2025-03-07 10:05
24566,completed,2025-02-04 17:15
24567,completed,2025-03-12 15:15
24568,completed,2025-11-16 14:54
24569,completed,2025-05-14 08:36
24570,completed,2025-03-01 13:29
24571,completed,2025-06-07 07:58
24572,completed,2025-01-06 17:08
24573,completed,2025-03-03 13:42
24574,completed,2025-10-05 10:59
24575,completed,2025-01-22 22:39
24576,completed,2025-08-29 04:51
24577,completed,2025-09-03 16:28
24578,completed,2025-09-01 21:46
24579,completed,2025-09-13 22:24
24580,completed,2024-12-23 16:02
24581,completed,2025-10-30 06:31
24582,completed,2025-10-08 19:52
24583,completed,2025-08-23 02:14
24584,completed,2025-09-07 18:45
24585,completed,2025-01-23 23:48
24586,completed,2025-01-14 23:47
24587,completed,2025-11-27 00:31
24588,completed,2024-12-11 08:38
24589,completed,2025-10-11 12:58
24590,completed,2025-11-13 18:41
24591,completed,2025-05-16 20:26
24592,completed,2025-07-07 03:17
24593,completed,2025-09-05 04:12
24594,completed,2025-02-03 05:35
24595,completed,2025-09-07 04:05
24596,completed,2025-12-06 00:19
24597,completed,2024-12-28 06:42
24598,completed,2025-05-02 03:21
24599,completed,2025-02-04 14:05
24600,completed,2025-04-04 03:53
24601,completed,2025-06-19 13:15
24602,completed,2025-03-18 11:25
24603,completed,2025-07-21 07:10
24604,completed,2025-11-21 16:29
24605,completed,2025-01-26 06:37
24606,completed,2025-01-26 03:17
24607,completed,2025-12-01 02:54
24608,completed,2025-08-14 16:53
24609,completed,2025-11-21 03:18
24610,completed,2025-03-19 15:29
24611,completed,2025-11-15 12:22
24612,completed,2025-08-29 12:29
24613,completed,2025-10-29 16:55
24614,completed,2025-10-23 15:47
24615,completed,2025-11-27 06:36
24616,completed,2025-11-15 20:50
24617,completed,2025-03-26 16:31
24618,completed,2025-01-17 09:01
24619,completed,2025-09-18 18:56
24620,completed,2025-03-06 15:05
24621,completed,2025-02-01 12:56
24622,completed,2025-11-27 20:33
24623,completed,2025-07-06 10:49
24624,completed,2025-05-26 07:21
24625,completed,2025-04-01 11:22
24626,completed,2024-12-18 01:46
24627,completed,2025-01-24 20:50
24628,completed,2025-05-26 07:54
24629,completed,2025-07-13 11:07
24630,completed,2025-04-04 01:23
24631,completed,2025-10-08 18:34
24632,completed,2025-04-08 23:52
24633,completed,2025-01-07 06:01
24634,completed,2025-04-18 02:07
24635,completed,2025-02-10 15:10
24636,completed,2025-02-28 23:56
24637,completed,2025-05-16 16:33
24638,completed,2025-05-29 11:56
24639,completed,2025-08-30 12:26
24640,completed,2025-11-14 13:32
24641,completed,2025-02-19 05:32
24642,completed,2024-12-12 19:15
24643,completed,2025-05-23 03:51
24644,completed,2025-08-14 20:08
24645,completed,2025-04-19 13:08
24646,completed,2025-05-26 21:54
24647,completed,2025-07-28 23:30
24648,completed,2025-06-10 22:28
24649,completed,2025-04-13 13:15
24650,completed,2025-11-14 05:01
24651,completed,2025-10-08 19:39
24652,completed,2025-04-05 23:22
24653,completed,2025-11-24 12:14
24654,completed,2025-10-13 04:22
24655,completed,2025-01-09 03:00
24656,completed,2025-06-26 15:31
24657,completed,2025-03-16 07:48
24658,completed,2025-09-05 06:51
24659,completed,2025-10-15 07:35
24660,completed,2025-05-08 18:49
24661,completed,2025-07-23 13:33
24662,completed,2025-02-07 23:19
24663,completed,2025-09-05 17:36
24664,completed,2025-11-04 10:04
24665,completed,2025-07-25 16:28
24666,completed,2025-09-25 00:08
24667,completed,2025-03-30 23:44
24668,completed,2025-11-12 07:08
24669,completed,2025-01-08 14:23
24670,completed,2025-02-09 14:18
24671,completed,2025-09-14 16:14
24672,completed,2025-10-14 15:36
24673,completed,2025-04-16 11:20
24674,completed,2025-12-04 04:43
24675,completed,2025-08-15 03:11
24676,completed,2025-10-21 20:42
24677,completed,2025-11-24 13:55
24678,completed,2025-08-04 18:24
24679,completed,2025-03-29 21:53
24680,completed,2025-07-16 21:22
24681,completed,2025-10-11 06:22
24682,completed,2025-06-09 09:05
24683,completed,2025-07-03 19:17
24684,completed,2025-05-23 08:28
24685,completed,2025-07-29 22:20
24686,completed,2025-01-23 07:03
24687,completed,2025-06-17 07:06
24688,completed,2025-06-04 06:38
24689,completed,2025-07-21 12:20
24690,completed,2025-10-05 11:20
24691,completed,2025-06-03 02:55
24692,completed,2025-09-28 22:36
24693,completed,2025-07-14 22:16
24694,completed,2025-04-29 00:37
24695,completed,2025-07-08 10:50
24696,completed,2025-05-18 20:22
24697,completed,2025-02-27 05:01
24698,completed,2025-05-10 13:30
24699,completed,2025-04-12 11:05
24700,completed,2025-06-23 19:31
24701,completed,2025-02-02 20:04
24702,completed,2025-06-07 07:31
24703,completed,2025-05-27 18:32
24704,completed,2025-06-07 05:09
24705,completed,2025-08-16 11:08
24706,completed,2025-01-28 00:07
24707,completed,2025-07-18 11:22
24708,completed,2025-10-31 00:47
24709,completed,2025-04-19 18:28
24710,completed,2025-09-17 05:08
24711,completed,2025-04-22 08:00
24712,completed,2025-11-21 11:44
24713,completed,2025-08-11 04:18
24714,completed,2025-04-15 07:45
24715,completed,2025-09-13 11:14
24716,completed,2025-02-17 02:40
24717,completed,2025-06-01 10:08
24718,completed,2025-02-20 23:22
24719,completed,2025-06-18 14:23
24720,completed,2025-09-24 04:56
24721,completed,2025-03-04 17:26
24722,completed,2025-04-23 03:20
24723,completed,2024-12-20 18:53
24724,completed,2024-12-09 15:51
24725,completed,2025-02-11 15:49
24726,completed,2025-02-04 10:06
24727,completed,2025-01-22 00:54
24728,completed,2025-06-17 19:33
24729,completed,2025-09-04 09:35
24730,completed,2025-09-05 13:44
24731,completed,2025-08-26 15:38
24732,completed,2025-07-27 23:59
24733,completed,2025-04-13 19:28
24734,completed,2025-05-29 05:28
24735,completed,2025-04-03 01:20
24736,completed,2025-05-03 06:32
24737,completed,2025-06-29 14:58
24738,completed,2025-01-03 22:35
24739,completed,2025-08-01 15:49
24740,completed,2025-09-05 14:24
24741,completed,2025-01-23 04:46
24742,completed,2025-05-31 13:59
24743,completed,2025-07-25 12:18
24744,completed,2025-04-26 20:42
24745,completed,2025-04-17 15:01
24746,completed,2024-12-17 01:53
24747,completed,2025-03-10 11:02
24748,completed,2025-08-30 16:17
24749,completed,2025-04-21 08:21
24750,completed,2025-02-28 12:15
24751,completed,2025-01-05 11:29
24752,completed,2025-01-16 04:20
24753,completed,2025-05-27 04:53
24754,completed,2025-07-29 09:31
24755,completed,2025-05-14 09:31
24756,completed,2025-08-10 05:32
24757,completed,2025-04-18 01:39
24758,completed,2025-03-06 19:39
24759,completed,2025-01-17 05:52
24760,completed,2025-09-23 13:30
24761,completed,2025-03-10 02:11
24762,completed,2025-01-14 12:54
24763,completed,2025-02-10 06:47
24764,completed,2025-09-15 00:38
24765,completed,2025-07-31 08:10
24766,completed,2025-08-15 04:32
24767,completed,2025-08-01 18:28
24768,completed,2025-04-02 09:11
24769,completed,2025-01-15 10:29
24770,completed,2025-04-06 06:30
24771,completed,2025-02-23 20:35
24772,completed,2024-12-17 04:24
24773,completed,2025-07-03 07:31
24774,completed,2025-04-17 23:08
24775,completed,2024-12-16 09:09
24776,completed,2024-12-10 19:08
24777,completed,2025-05-09 18:10
24778,completed,2025-09-23 06:33
24779,completed,2025-04-01 02:09
24780,completed,2025-06-13 18:48
24781,completed,2025-03-01 22:26
24782,completed,2025-07-05 06:33
24783,completed,2025-01-05 14:07
24784,completed,2025-02-20 03:06
24785,completed,2025-07-23 15:33
24786,completed,2025-03-06 12:49
24787,completed,2025-02-03 11:55
24788,completed,2025-07-13 12:18
24789,completed,2025-09-11 04:01
24790,completed,2025-06-27 08:50
24791,completed,2025-12-03 23:03
24792,completed,2024-12-13 13:59
24793,completed,2024-12-09 23:16
24794,completed,2025-12-02 15:05
24795,completed,2024-12-13 05:49
24796,completed,2025-06-23 17:17
24797,completed,2025-03-27 18:44
24798,completed,2025-08-07 22:12
24799,completed,2025-03-31 15:24
24800,completed,2025-07-13 00:37
24801,completed,2025-08-20 09:09
24802,completed,2025-06-10 03:57
24803,completed,2025-02-14 21:57
24804,completed,2025-01-11 00:11
24805,completed,2025-09-23 20:22
24806,completed,2025-01-25 01:46
24807,completed,2025-03-20 03:07
24808,completed,2025-06-30 21:33
24809,completed,2025-11-02 02:54
24810,completed,2025-11-23 11:38
24811,completed,2025-02-01 14:36
24812,completed,2025-11-25 10:03
24813,completed,2025-04-19 06:07
24814,completed,2025-01-09 19:01
24815,completed,2024-12-24 14:20
24816,completed,2025-08-19 07:45
24817,completed,2025-05-13 22:17
24818,completed,2025-11-22 02:55
24819,completed,2025-11-27 17:47
24820,completed,2025-10-26 17:22
24821,completed,2025-05-09 08:42
24822,completed,2025-02-04 15:14
24823,completed,2024-12-25 01:17
24824,completed,2024-12-28 09:18
24825,completed,2025-11-20 12:51
24826,completed,2025-08-31 17:10
24827,completed,2025-11-07 07:40
24828,completed,2025-05-03 21:02
24829,completed,2025-01-27 02:34
24830,completed,2025-11-21 02:06
24831,completed,2025-05-31 03:11
24832,completed,2025-06-02 08:52
24833,completed,2024-12-18 14:38
24834,completed,2025-01-16 21:15
24835,completed,2025-03-22 00:18
24836,completed,2025-08-04 18:28
24837,completed,2025-02-22 07:53
24838,completed,2025-07-05 02:18
24839,completed,2025-11-29 23:28
24840,completed,2025-07-02 04:23
24841,completed,2025-11-07 18:30
24842,completed,2025-01-11 17:35
24843,completed,2025-06-28 14:35
24844,completed,2025-03-26 00:47
24845,completed,2025-11-21 05:46
24846,completed,2025-09-08 05:07
24847,completed,2025-10-14 18:41
24848,completed,2024-12-13 15:53
24849,completed,2025-01-24 05:57
24850,completed,2025-12-04 18:57
24851,completed,2025-10-08 23:29
24852,completed,2025-09-03 18:31
24853,completed,2025-06-06 12:12
24854,completed,2025-03-27 11:52
24855,completed,2025-02-08 05:10
24856,completed,2025-03-30 10:27
24857,completed,2025-03-03 16:00
24858,completed,2025-10-17 05:36
24859,completed,2025-05-21 06:05
24860,completed,2025-02-07 07:00
24861,completed,2025-02-22 23:51
24862,completed,2025-01-16 10:22
24863,completed,2025-08-20 06:26
24864,completed,2025-08-23 06:28
24865,completed,2025-06-22 05:29
24866,completed,2025-09-25 17:15
24867,completed,2025-11-29 12:32
24868,completed,2025-04-01 00:25
24869,completed,2025-01-21 16:18
24870,completed,2025-07-07 08:58
24871,completed,2025-01-17 18:28
24872,completed,2025-09-23 12:19
24873,completed,2025-08-12 20:02
24874,completed,2025-06-17 14:59
24875,completed,2024-12-10 13:59
24876,completed,2025-02-09 07:11
24877,completed,2025-06-08 06:34
24878,completed,2025-05-19 11:45
24879,completed,2025-05-27 11:12
24880,completed,2025-09-14 15:37
24881,completed,2025-01-24 08:31
24882,completed,2025-04-28 06:02
24883,completed,2024-12-18 11:36
24884,completed,2025-05-12 12:23
24885,completed,2025-07-01 01:29
24886,completed,2024-12-20 19:11
24887,completed,2025-06-30 01:03
24888,completed,2025-08-31 04:26
24889,completed,2024-12-13 14:00
24890,completed,2025-11-12 19:05
24891,completed,2025-07-20 06:28
24892,completed,2025-07-29 09:32
24893,completed,2025-07-24 10:24
24894,completed,2025-07-11 10:13
24895,completed,2025-11-26 13:36
24896,completed,2025-05-19 19:35
24897,completed,2025-04-18 04:20
24898,completed,2025-03-18 16:01
24899,completed,2025-08-01 01:48
24900,completed,2025-02-05 01:22
24901,completed,2025-03-17 06:53
24902,completed,2025-08-07 17:46
24903,completed,2025-04-01 23:09
24904,completed,2025-09-18 10:59
24905,completed,2025-01-05 21:05
24906,completed,2025-01-06 23:00
24907,completed,2025-11-25 16:23
24908,completed,2025-11-22 08:47
24909,completed,2025-05-14 17:18
24910,completed,2024-12-20 06:34
24911,completed,2025-02-27 15:38
24912,completed,2025-06-29 21:07
24913,completed,2025-10-02 15:41
24914,completed,2025-06-08 10:48
24915,completed,2025-08-10 22:12
24916,completed,2025-04-07 03:35
24917,completed,2025-02-27 15:49
24918,completed,2025-12-02 02:40
24919,completed,2025-01-01 16:29
24920,completed,2025-06-23 22:08
24921,completed,2025-04-15 10:38
24922,completed,2025-07-25 00:23
24923,completed,2025-05-18 17:21
24924,completed,2025-01-25 18:30
24925,completed,2025-07-09 19:22
24926,completed,2025-11-26 09:35
24927,completed,2025-04-03 00:48
24928,completed,2025-05-31 08:50
24929,completed,2025-07-24 09:37
24930,completed,2025-11-03 03:31
24931,completed,2025-01-20 10:52
24932,completed,2025-11-11 02:58
24933,completed,2025-06-30 20:38
24934,completed,2024-12-07 06:47
24935,completed,2025-01-18 10:51
24936,completed,2025-10-11 11:08
24937,completed,2025-11-05 12:07
24938,completed,2025-10-03 19:51
24939,completed,2025-02-09 04:58
24940,completed,2025-08-11 16:15
24941,completed,2025-10-07 04:59
24942,completed,2025-03-02 14:10
24943,completed,2025-06-16 21:00
24944,completed,2025-09-23 10:33
24945,completed,2025-05-17 05:13
24946,completed,2025-01-08 07:40
24947,completed,2025-02-15 11:53
24948,completed,2025-05-09 12:25
24949,completed,2025-12-01 10:05
24950,completed,2025-04-13 11:19
24951,completed,2025-09-29 18:03
24952,completed,2025-11-07 02:57
24953,completed,2025-08-31 05:16
24954,completed,2025-11-06 02:37
24955,completed,2025-02-19 14:49
24956,completed,2025-12-03 11:47
24957,completed,2025-07-22 15:43
24958,completed,2025-10-16 18:18
24959,completed,2024-12-12 05:17
24960,completed,2025-08-12 21:20
24961,completed,2025-10-26 17:49
24962,completed,2025-06-04 23:22
24963,completed,2025-02-25 13:12
24964,completed,2025-05-06 11:51
24965,completed,2025-10-23 20:22
24966,completed,2025-07-20 13:59
24967,completed,2025-02-05 07:51
24968,completed,2025-06-22 20:17
24969,completed,2025-01-11 05:44
24970,completed,2025-02-27 10:18
24971,completed,2025-11-02 11:50
24972,completed,2025-11-06 02:41
24973,completed,2025-08-07 02:42
24974,completed,2025-09-05 21:02
24975,completed,2024-12-19 06:22
24976,completed,2025-02-17 13:51
24977,completed,2025-03-28 18:40
24978,completed,2025-02-13 05:15
24979,completed,2024-12-23 04:14
24980,completed,2025-05-10 03:26
24981,completed,2025-06-19 17:45
24982,completed,2025-10-31 14:11
24983,completed,2025-04-29 21:06
24984,completed,2025-08-12 19:04
24985,completed,2025-01-08 02:52
24986,completed,2025-11-17 16:00
24987,completed,2025-08-07 13:42
24988,completed,2025-09-28 21:46
24989,completed,2025-08-31 04:55
24990,completed,2025-10-31 00:59
24991,completed,2025-01-21 09:52
24992,completed,2025-11-21 19:50
24993,completed,2025-09-10 08:46
24994,completed,2025-10-19 03:01
24995,completed,2025-07-26 22:39
24996,completed,2025-06-19 16:33
24997,completed,2025-11-07 20:00
24998,completed,2025-03-13 04:41
24999,completed,2025-08-26 01:19
25000,completed,2025-09-17 09:26
25001,completed,2025-01-27 14:47
25002,completed,2025-07-02 05:10
25003,completed,2025-07-12 07:50
25004,completed,2025-10-17 15:21
25005,completed,2025-01-10 19:14
25006,completed,2025-01-09 20:05
25007,completed,2025-07-02 10:46
25008,completed,2025-06-08 21:30
25009,completed,2025-11-27 17:08
25010,completed,2025-05-23 20:14
25011,completed,2025-01-01 04:11
25012,completed,2025-01-20 21:27
25013,completed,2025-06-05 17:40
25014,completed,2025-02-22 07:50
25015,completed,2025-06-19 22:03
25016,completed,2025-12-03 21:54
25017,completed,2025-06-03 06:33
25018,completed,2025-03-07 15:21
25019,completed,2025-10-02 16:41
25020,completed,2025-07-08 07:33
25021,completed,2025-04-14 23:38
25022,completed,2025-11-07 16:45
25023,completed,2025-11-17 02:12
25024,completed,2025-09-20 17:02
25025,completed,2025-04-13 12:00
25026,completed,2024-12-07 21:52
25027,completed,2025-04-17 12:33
25028,completed,2025-05-25 17:40
25029,completed,2024-12-24 21:48
25030,completed,2025-06-29 06:23
25031,completed,2025-08-30 01:19
25032,completed,2025-08-12 10:49
25033,completed,2025-07-01 06:45
25034,completed,2025-01-01 08:06
25035,completed,2025-08-21 00:28
25036,completed,2025-09-20 02:16
25037,completed,2025-03-27 14:35
25038,completed,2025-11-01 14:52
25039,completed,2025-10-15 10:09
25040,completed,2025-11-26 23:49
25041,completed,2025-03-20 16:25
25042,completed,2025-10-29 10:11
25043,completed,2025-07-08 12:37
25044,completed,2025-05-26 06:34
25045,completed,2025-10-12 00:31
25046,completed,2025-06-20 09:13
25047,completed,2025-10-28 06:05
25048,completed,2024-12-12 04:23
25049,completed,2025-09-22 17:59
25050,completed,2025-01-02 01:44
25051,completed,2025-10-12 03:17
25052,completed,2025-04-28 12:34
25053,completed,2025-09-15 15:57
25054,completed,2025-08-15 12:38
25055,completed,2025-09-09 20:20
25056,completed,2025-11-05 23:53
25057,completed,2025-08-24 21:37
25058,completed,2025-01-04 03:26
25059,completed,2025-01-08 11:26
25060,completed,2025-10-11 13:33
25061,completed,2025-01-11 00:29
25062,completed,2025-01-03 00:04
25063,completed,2025-02-26 23:39
25064,completed,2024-12-16 20:11
25065,completed,2025-05-04 10:54
25066,completed,2025-05-04 05:47
25067,completed,2025-02-21 00:46
25068,completed,2025-02-03 10:15
25069,completed,2025-02-11 00:30
25070,completed,2025-01-04 06:14
25071,completed,2025-07-14 12:42
25072,completed,2025-09-07 15:05
25073,completed,2025-02-12 01:49
25074,completed,2025-10-24 15:55
25075,completed,2025-05-07 16:50
25076,completed,2025-01-17 18:54
25077,completed,2025-02-05 17:21
25078,completed,2025-07-27 19:30
25079,completed,2025-03-02 02:09
25080,completed,2025-03-08 02:34
25081,completed,2025-05-17 20:11
25082,completed,2025-09-29 07:50
25083,completed,2025-09-01 22:15
25084,completed,2025-10-17 20:41
25085,completed,2025-10-31 14:31
25086,completed,2025-11-02 02:23
25087,completed,2025-07-27 05:58
25088,completed,2025-03-18 07:53
25089,completed,2025-09-25 05:29
25090,completed,2025-04-17 00:04
25091,completed,2025-01-09 15:09
25092,completed,2025-05-29 18:19
25093,completed,2025-03-08 21:08
25094,completed,2025-08-03 05:02
25095,completed,2025-01-10 07:41
25096,completed,2025-09-27 23:32
25097,completed,2025-03-24 22:28
25098,completed,2025-07-26 03:26
25099,completed,2025-06-28 03:04
25100,completed,2025-03-26 23:24
25101,completed,2025-10-10 14:32
25102,completed,2025-11-11 16:52
25103,completed,2025-04-15 01:11
25104,completed,2025-09-23 18:12
25105,completed,2025-09-22 23:31
25106,completed,2025-08-29 11:40
25107,completed,2025-07-24 17:02
25108,completed,2025-04-12 21:12
25109,completed,2025-02-14 06:31
25110,completed,2025-01-25 12:36
25111,completed,2025-05-02 23:49
25112,completed,2025-01-09 08:18
25113,completed,2025-08-18 18:53
25114,completed,2025-02-15 11:11
25115,completed,2025-08-24 01:44
25116,completed,2025-03-02 04:56
25117,completed,2025-05-11 07:50
25118,completed,2025-06-11 08:33
25119,completed,2025-07-27 02:43
25120,completed,2025-09-16 05:51
25121,completed,2025-08-21 20:02
25122,completed,2024-12-30 22:57
25123,completed,2025-09-06 18:37
25124,completed,2025-04-08 10:04
25125,completed,2025-02-05 14:51
25126,completed,2024-12-16 10:21
25127,completed,2025-05-28 14:32
25128,completed,2025-02-24 13:16
25129,completed,2025-03-12 21:26
25130,completed,2025-04-17 05:01
25131,completed,2025-02-12 11:58
25132,completed,2025-09-27 14:31
25133,completed,2025-02-11 01:39
25134,completed,2024-12-26 13:29
25135,completed,2024-12-22 10:49
25136,completed,2025-02-17 00:55
25137,completed,2025-06-08 15:40
25138,completed,2025-02-03 01:49
25139,completed,2025-06-06 03:08
25140,completed,2025-11-22 09:52
25141,completed,2025-04-20 15:24
25142,completed,2025-12-03 00:37
25143,completed,2025-06-13 05:14
25144,completed,2025-09-18 12:26
25145,completed,2025-07-12 23:17
25146,completed,2025-10-04 07:39
25147,completed,2025-09-21 04:50
25148,completed,2025-06-10 11:39
25149,completed,2025-01-02 20:05
25150,completed,2025-05-25 13:49
25151,completed,2025-05-10 21:13
25152,completed,2025-06-28 07:56
25153,completed,2025-01-11 15:22
25154,completed,2025-07-30 21:56
25155,completed,2025-10-24 17:38
25156,completed,2025-04-12 05:53
25157,completed,2025-05-19 15:30
25158,completed,2025-10-30 01:09
25159,completed,2025-09-19 02:00
25160,completed,2025-05-22 11:01
25161,completed,2024-12-29 15:32
25162,completed,2025-06-11 15:22
25163,completed,2025-06-05 22:25
25164,completed,2025-11-21 16:57
25165,completed,2024-12-30 11:00
25166,completed,2025-06-18 12:44
25167,completed,2025-08-15 09:31
25168,completed,2025-05-12 22:03
25169,completed,2025-01-08 03:10
25170,completed,2025-01-16 19:41
25171,completed,2025-11-08 05:04
25172,completed,2025-02-07 04:15
25173,completed,2025-02-08 00:38
25174,completed,2025-01-23 03:02
25175,completed,2024-12-18 05:34
25176,completed,2025-04-02 12:47
25177,completed,2025-08-06 23:39
25178,completed,2025-03-11 10:46
25179,completed,2025-02-25 07:00
25180,completed,2024-12-12 22:52
25181,completed,2025-01-23 17:35
25182,completed,2025-09-17 02:57
25183,completed,2025-02-06 18:18
25184,completed,2025-07-03 23:12
25185,completed,2025-06-13 01:49
25186,completed,2024-12-18 02:46
25187,completed,2025-04-24 02:31
25188,completed,2025-01-06 15:32
25189,completed,2025-05-07 02:30
25190,completed,2024-12-18 17:43
25191,completed,2025-10-01 01:21
25192,completed,2025-06-14 23:03
25193,completed,2025-05-20 12:26
25194,completed,2024-12-22 03:41
25195,completed,2025-08-26 04:13
25196,completed,2025-08-05 09:28
25197,completed,2025-08-21 15:51
25198,completed,2025-04-08 10:44
25199,completed,2025-06-17 23:32
25200,completed,2025-03-07 20:24
25201,completed,2025-01-05 07:28
25202,completed,2025-05-19 10:39
25203,completed,2025-09-24 11:44
25204,completed,2025-11-15 01:52
25205,completed,2025-08-09 22:49
25206,completed,2025-02-11 04:37
25207,completed,2025-08-16 01:30
25208,completed,2025-05-31 21:55
25209,completed,2025-05-15 18:13
25210,completed,2025-05-24 01:58
25211,completed,2025-05-18 04:05
25212,completed,2025-09-25 10:21
25213,completed,2025-10-12 01:08
25214,completed,2025-08-09 13:09
25215,completed,2025-02-09 11:08
25216,completed,2025-04-25 06:15
25217,completed,2025-05-23 17:19
25218,completed,2025-10-30 20:18
25219,completed,2025-11-05 06:47
25220,completed,2025-02-19 03:15
25221,completed,2025-02-25 07:31
25222,completed,2025-06-30 08:12
25223,completed,2025-06-12 17:37
25224,completed,2024-12-21 22:54
25225,completed,2025-07-06 18:39
25226,completed,2025-04-14 15:15
25227,completed,2025-08-04 15:26
25228,completed,2025-01-20 22:04
25229,completed,2025-09-18 15:02
25230,completed,2025-05-02 05:12
25231,completed,2025-10-02 05:49
25232,completed,2025-02-23 08:57
25233,completed,2025-01-03 06:51
25234,completed,2025-03-03 00:51
25235,completed,2025-11-25 10:02
25236,completed,2025-02-24 02:24
25237,completed,2025-07-29 21:29
25238,completed,2025-01-02 18:33
25239,completed,2025-08-27 23:15
25240,completed,2025-07-22 20:15
25241,completed,2025-05-27 18:00
25242,completed,2025-11-18 23:11
25243,completed,2025-05-10 04:02
25244,completed,2025-11-24 18:26
25245,completed,2025-07-01 18:13
25246,completed,2025-08-17 23:12
25247,completed,2025-01-21 09:23
25248,completed,2024-12-25 10:18
25249,completed,2025-03-24 02:58
25250,completed,2024-12-24 23:59
25251,completed,2025-11-25 21:18
25252,completed,2024-12-31 22:46
25253,completed,2025-04-13 09:10
25254,completed,2025-10-07 01:02
25255,completed,2025-05-24 19:38
25256,completed,2025-05-03 19:08
25257,completed,2024-12-09 11:48
25258,completed,2025-07-19 06:28
25259,completed,2025-11-12 12:14
25260,completed,2025-08-29 14:40
25261,completed,2025-03-20 23:14
25262,completed,2025-11-25 17:02
25263,completed,2025-02-01 07:14
25264,completed,2025-11-08 05:06
25265,completed,2025-01-19 17:40
25266,completed,2025-04-30 11:01
25267,completed,2025-06-20 14:40
25268,completed,2025-02-28 03:22
25269,completed,2025-11-28 03:16
25270,completed,2024-12-15 12:11
25271,completed,2025-03-27 02:00
25272,completed,2025-10-27 17:17
25273,completed,2025-02-25 01:28
25274,completed,2025-09-16 00:26
25275,completed,2025-09-02 11:49
25276,completed,2024-12-09 22:27
25277,completed,2025-11-14 07:54
25278,completed,2024-12-27 11:45
25279,completed,2025-11-01 04:18
25280,completed,2025-03-07 17:51
25281,completed,2025-03-18 01:28
25282,completed,2025-02-14 05:06
25283,completed,2025-11-02 11:14
25284,completed,2025-05-14 00:22
25285,completed,2025-10-12 08:55
25286,completed,2025-06-09 20:54
25287,completed,2025-01-23 19:06
25288,completed,2025-01-26 14:22
25289,completed,2025-01-26 11:00
25290,completed,2025-06-01 23:32
25291,completed,2024-12-31 02:52
25292,completed,2025-10-27 06:50
25293,completed,2025-10-04 23:03
25294,completed,2025-02-07 22:53
25295,completed,2025-10-11 03:44
25296,completed,2025-01-14 09:51
25297,completed,2025-08-24 23:06
25298,completed,2025-09-08 07:36
25299,completed,2025-04-30 21:49
25300,completed,2025-03-07 20:11
25301,completed,2025-08-07 05:27
25302,completed,2025-08-06 02:55
25303,completed,2025-06-06 05:18
25304,completed,2025-11-18 23:01
25305,completed,2025-08-09 18:56
25306,completed,2025-08-24 10:53
25307,completed,2025-03-17 06:13
25308,completed,2025-10-01 05:55
25309,completed,2025-06-02 17:31
25310,completed,2025-11-06 19:01
25311,completed,2024-12-24 22:04
25312,completed,2024-12-31 12:36
25313,completed,2025-11-04 02:40
25314,completed,2025-11-30 18:34
25315,completed,2025-07-23 18:08
25316,completed,2024-12-21 03:36
25317,completed,2024-12-29 06:39
25318,completed,2025-05-19 18:25
25319,completed,2025-02-15 20:33
25320,completed,2025-03-19 12:49
25321,completed,2025-09-11 16:28
25322,completed,2025-07-14 05:59
25323,completed,2025-06-27 02:47
25324,completed,2025-03-22 08:54
25325,completed,2025-03-06 10:59
25326,completed,2025-11-12 19:28
25327,completed,2025-08-08 22:04
25328,completed,2025-03-26 19:28
25329,completed,2025-07-08 02:01
25330,completed,2025-04-17 11:45
25331,completed,2025-11-01 02:25
25332,completed,2025-07-29 16:09
25333,completed,2024-12-18 19:14
25334,completed,2025-04-27 11:45
25335,completed,2024-12-27 08:15
25336,completed,2025-06-29 07:48
25337,completed,2025-09-15 22:32
25338,completed,2025-01-12 01:09
25339,completed,2025-08-19 20:56
25340,completed,2025-07-19 09:06
25341,completed,2024-12-10 18:05
25342,completed,2025-05-22 04:02
25343,completed,2025-09-06 14:22
25344,completed,2025-04-07 10:47
25345,completed,2025-08-29 02:42
25346,completed,2025-04-09 10:16
25347,completed,2024-12-19 19:34
25348,completed,2024-12-09 06:50
25349,completed,2025-03-28 12:13
25350,completed,2025-08-04 23:00
25351,completed,2025-06-17 19:56
25352,completed,2025-10-21 04:10
25353,completed,2025-09-13 23:51
25354,completed,2025-06-08 20:09
25355,completed,2025-08-17 12:18
25356,completed,2025-01-31 04:57
25357,completed,2025-10-04 02:45
25358,completed,2025-11-18 12:25
25359,completed,2025-05-31 03:23
25360,completed,2025-01-30 02:02
25361,completed,2025-11-20 13:30
25362,completed,2025-09-01 11:52
25363,completed,2025-04-06 07:26
25364,completed,2025-08-06 15:35
25365,completed,2025-07-14 00:28
25366,completed,2025-05-06 09:24
25367,completed,2025-07-24 03:59
25368,completed,2025-04-09 19:17
25369,completed,2025-08-13 08:24
25370,completed,2024-12-18 11:08
25371,completed,2025-07-16 08:27
25372,completed,2025-01-04 11:45
25373,completed,2025-11-14 14:14
25374,completed,2025-09-13 15:02
25375,completed,2025-08-25 11:01
25376,completed,2025-11-06 16:58
25377,completed,2025-05-29 12:10
25378,completed,2025-06-30 19:58
25379,completed,2025-01-18 09:09
25380,completed,2025-05-23 14:23
25381,completed,2025-03-19 02:19
25382,completed,2025-08-22 04:42
25383,completed,2025-03-17 08:27
25384,completed,2025-04-27 18:50
25385,completed,2025-04-02 10:30
25386,completed,2025-09-24 14:56
25387,completed,2025-08-15 15:17
25388,completed,2025-08-18 01:31
25389,completed,2025-02-04 19:20
25390,completed,2025-02-20 13:28
25391,completed,2025-07-25 22:09
25392,completed,2025-03-10 14:11
25393,completed,2025-05-11 17:57
25394,completed,2025-05-13 18:54
25395,completed,2025-08-11 12:08
25396,completed,2025-01-31 11:24
25397,completed,2025-06-06 04:50
25398,completed,2025-03-16 22:01
25399,completed,2025-07-19 07:04
25400,completed,2025-06-18 23:44
25401,completed,2025-01-29 04:25
25402,completed,2025-06-11 11:51
25403,completed,2025-09-11 17:17
25404,completed,2025-08-25 21:59
25405,completed,2025-10-13 02:54
25406,completed,2025-04-19 11:23
25407,completed,2025-09-25 09:54
25408,completed,2025-05-21 20:20
25409,completed,2025-03-09 09:30
25410,completed,2025-12-04 04:24
25411,completed,2025-09-13 03:40
25412,completed,2025-11-01 08:29
25413,completed,2024-12-25 22:01
25414,completed,2025-09-18 02:08
25415,completed,2025-05-25 02:12
25416,completed,2025-08-09 06:28
25417,completed,2025-01-28 10:14
25418,completed,2025-03-29 02:51
25419,completed,2025-06-25 00:45
25420,completed,2025-09-09 07:02
25421,completed,2025-01-18 15:25
25422,completed,2024-12-13 10:56
25423,completed,2025-02-03 10:59
25424,completed,2024-12-15 04:25
25425,completed,2025-02-04 15:35
25426,completed,2025-03-28 08:00
25427,completed,2025-06-18 19:56
25428,completed,2025-08-16 12:55
25429,completed,2025-05-04 03:45
25430,completed,2025-04-08 18:56
25431,completed,2025-05-12 02:37
25432,completed,2025-05-29 09:01
25433,completed,2025-06-03 04:03
25434,completed,2025-11-09 22:54
25435,completed,2025-11-07 06:10
25436,completed,2025-08-16 07:50
25437,completed,2025-10-08 01:29
25438,completed,2025-03-02 03:45
25439,completed,2025-10-13 20:56
25440,completed,2025-04-04 23:49
25441,completed,2025-05-03 11:45
25442,completed,2025-04-19 21:50
25443,completed,2025-02-01 00:05
25444,completed,2025-02-02 02:31
25445,completed,2025-03-17 08:59
25446,completed,2025-03-03 04:30
25447,completed,2025-08-20 16:11
25448,completed,2025-02-22 13:08
25449,completed,2025-06-07 10:04
25450,completed,2025-04-08 21:05
25451,completed,2025-02-04 05:19
25452,completed,2025-05-27 22:25
25453,completed,2025-10-20 15:49
25454,completed,2025-10-19 09:01
25455,completed,2025-01-10 10:29
25456,completed,2025-07-16 10:05
25457,completed,2025-08-29 22:33
25458,completed,2025-04-30 00:35
25459,completed,2025-05-26 14:50
25460,completed,2025-09-30 19:50
25461,completed,2025-08-13 06:46
25462,completed,2024-12-16 04:53
25463,completed,2025-07-03 02:51
25464,completed,2025-10-25 07:01
25465,completed,2025-09-08 04:29
25466,completed,2025-12-01 19:13
25467,completed,2025-01-01 02:23
25468,completed,2025-11-02 01:09
25469,completed,2025-08-25 08:16
25470,completed,2024-12-30 17:17
25471,completed,2025-07-18 09:20
25472,completed,2025-12-01 13:26
25473,completed,2025-10-20 12:33
25474,completed,2025-06-08 18:33
25475,completed,2025-06-29 12:06
25476,completed,2025-11-10 23:24
25477,completed,2025-07-04 19:05
25478,completed,2025-11-23 11:05
25479,completed,2025-07-22 09:05
25480,completed,2025-10-06 10:18
25481,completed,2025-06-29 05:14
25482,completed,2025-02-18 08:54
25483,completed,2025-02-14 23:54
25484,completed,2025-04-04 21:29
25485,completed,2025-09-26 02:28
25486,completed,2025-05-18 11:05
25487,completed,2025-01-23 17:31
25488,completed,2025-01-15 06:09
25489,completed,2024-12-17 10:13
25490,completed,2025-12-06 06:34
25491,completed,2025-05-22 17:27
25492,completed,2025-05-03 11:14
25493,completed,2025-05-02 22:19
25494,completed,2025-12-05 15:26
25495,completed,2025-11-13 22:27
25496,completed,2025-10-01 17:46
25497,completed,2025-05-18 11:59
25498,completed,2025-06-12 03:57
25499,completed,2025-11-21 02:31
25500,completed,2025-09-19 20:49
25501,completed,2025-09-16 23:40
25502,completed,2024-12-09 21:40
25503,completed,2025-03-17 08:11
25504,completed,2025-08-30 13:42
25505,completed,2025-10-04 03:16
25506,completed,2025-10-09 16:02
25507,completed,2025-11-25 17:34
25508,completed,2025-05-29 17:27
25509,completed,2025-01-14 04:04
25510,completed,2025-03-12 09:22
25511,completed,2025-03-12 19:58
25512,completed,2025-10-04 15:09
25513,completed,2025-06-10 14:54
25514,completed,2025-02-08 19:28
25515,completed,2025-05-02 22:54
25516,completed,2025-09-16 12:38
25517,completed,2025-01-06 13:13
25518,completed,2025-11-06 16:33
25519,completed,2024-12-30 09:30
25520,completed,2025-09-07 19:52
25521,completed,2025-09-08 15:41
25522,completed,2025-10-18 23:39
25523,completed,2025-08-21 12:32
25524,completed,2025-02-14 15:02
25525,completed,2025-01-09 03:30
25526,completed,2025-06-23 17:50
25527,completed,2025-02-17 05:57
25528,completed,2025-05-10 00:23
25529,completed,2025-06-07 16:57
25530,completed,2025-05-02 04:10
25531,completed,2025-04-11 00:33
25532,completed,2025-10-18 12:42
25533,completed,2025-04-28 12:14
25534,completed,2025-10-19 06:01
25535,completed,2025-11-04 22:14
25536,completed,2025-10-20 00:41
25537,completed,2025-06-02 02:37
25538,completed,2025-01-09 15:36
25539,completed,2025-11-16 09:05
25540,completed,2025-03-24 09:27
25541,completed,2024-12-19 05:36
25542,completed,2025-10-12 13:38
25543,completed,2025-11-29 20:19
25544,completed,2025-03-09 23:47
25545,completed,2025-05-21 16:59
25546,completed,2025-04-05 11:42
25547,completed,2025-01-07 14:20
25548,completed,2025-02-17 15:26
25549,completed,2025-08-14 13:01
25550,completed,2025-02-21 01:53
25551,completed,2025-09-13 08:04
25552,completed,2025-09-06 20:21
25553,completed,2025-03-06 17:47
25554,completed,2025-07-14 17:20
25555,completed,2025-07-20 00:11
25556,completed,2025-04-10 07:47
25557,completed,2025-10-13 07:34
25558,completed,2025-08-04 00:24
25559,completed,2025-07-14 13:47
25560,completed,2025-03-09 14:05
25561,completed,2025-04-10 03:21
25562,completed,2024-12-22 05:29
25563,completed,2024-12-07 21:45
25564,completed,2025-02-16 13:31
25565,completed,2025-09-11 23:29
25566,completed,2025-06-14 05:19
25567,completed,2025-06-03 11:04
25568,completed,2025-11-01 05:42
25569,completed,2025-05-17 22:13
25570,completed,2025-03-16 10:15
25571,completed,2025-03-01 15:17
25572,completed,2025-01-26 19:09
25573,completed,2024-12-07 05:00
25574,completed,2025-04-22 00:05
25575,completed,2025-05-16 04:54
25576,completed,2025-10-21 03:32
25577,completed,2025-01-03 04:09
25578,completed,2025-07-10 09:15
25579,completed,2025-09-29 16:11
25580,completed,2025-02-14 11:01
25581,completed,2024-12-13 17:38
25582,completed,2025-10-16 06:06
25583,completed,2025-03-25 18:02
25584,completed,2025-10-23 18:29
25585,completed,2025-10-15 19:17
25586,completed,2025-02-24 15:16
25587,completed,2025-04-10 04:25
25588,completed,2025-12-04 14:56
25589,completed,2025-11-13 11:09
25590,completed,2025-11-02 12:10
25591,completed,2025-08-27 12:51
25592,completed,2025-08-03 18:14
25593,completed,2025-11-29 04:09
25594,completed,2025-09-04 02:25
25595,completed,2025-04-07 08:42
25596,completed,2025-06-13 08:04
25597,completed,2025-06-14 13:08
25598,completed,2025-08-25 21:32
25599,completed,2025-01-16 14:32
25600,completed,2025-11-13 17:48
25601,completed,2025-07-09 22:26
25602,completed,2025-05-26 18:19
25603,completed,2025-08-02 12:59
25604,completed,2025-11-09 22:24
25605,completed,2025-10-10 05:28
25606,completed,2025-01-08 13:05
25607,completed,2025-01-10 21:09
25608,completed,2025-10-27 14:37
25609,completed,2025-12-01 03:58
25610,completed,2025-05-27 00:50
25611,completed,2025-08-25 21:17
25612,completed,2025-08-20 14:56
25613,completed,2025-11-11 03:25
25614,completed,2025-02-22 16:14
25615,completed,2025-06-11 05:37
25616,completed,2025-08-22 06:53
25617,completed,2025-03-06 23:55
25618,completed,2025-07-22 05:10
25619,completed,2025-11-11 20:52
25620,completed,2025-11-08 21:44
25621,completed,2025-05-10 04:07
25622,completed,2024-12-29 18:52
25623,completed,2025-03-11 09:58
25624,completed,2025-08-31 11:38
25625,completed,2025-07-07 23:04
25626,completed,2025-06-01 06:28
25627,completed,2025-07-16 08:15
25628,completed,2025-01-09 02:09
25629,completed,2025-08-03 10:50
25630,completed,2025-05-31 20:53
25631,completed,2025-07-21 22:17
25632,completed,2025-04-02 04:27
25633,completed,2025-07-05 00:55
25634,completed,2025-09-07 07:52
25635,completed,2025-01-06 16:50
25636,completed,2025-11-19 10:50
25637,completed,2025-10-10 11:09
25638,completed,2025-04-11 19:35
25639,completed,2025-02-01 02:54
25640,completed,2025-11-03 00:13
25641,completed,2025-04-21 11:22
25642,completed,2025-04-29 14:55
25643,completed,2024-12-30 11:31
25644,completed,2025-03-13 03:37
25645,completed,2025-07-11 06:08
25646,completed,2025-11-17 18:01
25647,completed,2025-01-04 04:48
25648,completed,2025-01-27 23:28
25649,completed,2025-07-26 18:45
25650,completed,2025-02-15 15:56
25651,completed,2025-01-30 15:42
25652,completed,2025-06-30 17:20
25653,completed,2025-09-03 17:51
25654,completed,2025-02-07 14:24
25655,completed,2025-04-03 07:15
25656,completed,2025-09-22 00:01
25657,completed,2025-08-11 05:24
25658,completed,2025-11-06 16:58
25659,completed,2025-11-05 09:24
25660,completed,2025-02-10 22:56
25661,completed,2025-11-03 20:23
25662,completed,2024-12-12 19:49
25663,completed,2025-03-07 11:39
25664,completed,2025-06-01 08:55
25665,completed,2025-11-11 15:03
25666,completed,2025-03-22 06:26
25667,completed,2024-12-15 14:16
25668,completed,2025-08-09 21:09
25669,completed,2025-05-11 23:36
25670,completed,2025-10-31 16:33
25671,completed,2025-03-21 23:42
25672,completed,2025-02-14 09:10
25673,completed,2025-05-10 21:52
25674,completed,2025-10-20 05:51
25675,completed,2025-05-24 01:40
25676,completed,2024-12-10 01:50
25677,completed,2025-02-03 05:42
25678,completed,2025-03-04 13:32
25679,completed,2025-01-20 00:23
25680,completed,2025-11-29 07:03
25681,completed,2025-04-01 16:13
25682,completed,2025-07-06 05:39
25683,completed,2025-01-31 14:38
25684,completed,2025-08-04 04:18
25685,completed,2025-11-26 15:02
25686,completed,2025-08-02 00:14
25687,completed,2025-05-15 02:07
25688,completed,2025-06-06 10:59
25689,completed,2025-01-24 19:38
25690,completed,2025-01-12 02:13
25691,completed,2024-12-19 21:05
25692,completed,2025-06-23 22:34
25693,completed,2025-04-05 12:42
25694,completed,2025-09-03 04:54
25695,completed,2025-09-17 06:26
25696,completed,2025-05-31 05:25
25697,completed,2025-08-08 12:11
25698,completed,2025-03-30 03:13
25699,completed,2025-11-04 21:50
25700,completed,2025-01-05 02:13
25701,completed,2025-11-17 05:18
25702,completed,2025-04-16 10:28
25703,completed,2025-07-30 14:12
25704,completed,2025-08-27 23:30
25705,completed,2025-04-09 21:39
25706,completed,2025-01-02 15:52
25707,completed,2025-10-28 07:42
25708,completed,2025-01-13 07:59
25709,completed,2024-12-25 16:45
25710,completed,2025-09-01 10:52
25711,completed,2025-01-22 15:42
25712,completed,2025-03-27 15:44
25713,completed,2024-12-12 23:59
25714,completed,2025-08-07 10:43
25715,completed,2025-05-18 14:36
25716,completed,2025-05-30 01:37
25717,completed,2025-11-21 07:41
25718,completed,2025-11-30 09:42
25719,completed,2025-03-28 17:37
25720,completed,2025-04-23 04:50
25721,completed,2025-05-02 09:14
25722,completed,2025-02-04 15:30
25723,completed,2025-01-13 10:41
25724,completed,2025-06-01 22:51
25725,completed,2025-06-26 20:54
25726,completed,2025-10-03 04:46
25727,completed,2025-07-22 12:39
25728,completed,2025-06-19 05:16
25729,completed,2025-03-17 17:01
25730,completed,2025-01-18 00:07
25731,completed,2025-06-06 14:39
25732,completed,2024-12-28 19:09
25733,completed,2025-06-09 15:54
25734,completed,2025-03-22 13:02
25735,completed,2025-09-13 02:20
25736,completed,2025-05-18 23:29
25737,completed,2025-07-21 01:59
25738,completed,2025-03-26 06:02
25739,completed,2025-06-19 21:06
25740,completed,2025-09-17 03:39
25741,completed,2025-03-31 07:19
25742,completed,2024-12-16 02:29
25743,completed,2025-09-29 14:29
25744,completed,2025-06-11 07:14
25745,completed,2025-08-18 02:24
25746,completed,2025-06-28 08:59
25747,completed,2025-06-12 18:07
25748,completed,2025-11-14 02:15
25749,completed,2025-11-05 20:24
25750,completed,2025-11-19 14:49
25751,completed,2025-11-10 10:32
25752,completed,2025-11-01 21:03
25753,completed,2025-07-20 01:11
25754,completed,2025-01-04 20:48
25755,completed,2025-06-27 13:08
25756,completed,2025-11-15 04:46
25757,completed,2025-10-08 02:44
25758,completed,2025-01-10 13:11
25759,completed,2025-03-06 00:48
25760,completed,2025-10-01 04:54
25761,completed,2025-06-17 23:44
25762,completed,2024-12-21 19:18
25763,completed,2025-10-03 13:44
25764,completed,2025-08-14 10:20
25765,completed,2025-03-05 03:30
25766,completed,2025-10-22 23:06
25767,completed,2024-12-18 20:02
25768,completed,2025-08-22 03:36
25769,completed,2025-01-12 19:21
25770,completed,2025-05-10 02:06
25771,completed,2025-04-29 10:11
25772,completed,2025-03-07 18:48
25773,completed,2025-05-12 18:20
25774,completed,2025-07-12 03:28
25775,completed,2025-09-05 04:06
25776,completed,2025-07-16 19:37
25777,completed,2025-08-31 05:36
25778,completed,2025-01-01 21:00
25779,completed,2025-07-10 16:06
25780,completed,2025-11-03 07:11
25781,completed,2025-03-21 10:43
25782,completed,2025-01-25 23:05
25783,completed,2025-11-14 01:06
25784,completed,2025-10-21 20:04
25785,completed,2025-02-07 19:52
25786,completed,2025-11-01 16:59
25787,completed,2025-09-07 04:59
25788,completed,2025-10-10 18:58
25789,completed,2024-12-27 14:07
25790,completed,2025-04-22 23:18
25791,completed,2025-09-22 13:14
25792,completed,2025-11-15 09:36
25793,completed,2025-03-07 11:25
25794,completed,2025-08-26 09:08
25795,completed,2025-06-27 09:52
25796,completed,2025-02-11 12:52
25797,completed,2025-07-31 10:01
25798,completed,2025-10-03 10:55
25799,completed,2024-12-27 10:23
25800,completed,2025-11-18 17:13
25801,completed,2025-06-08 14:28
25802,completed,2025-03-04 20:01
25803,completed,2025-05-07 06:00
25804,completed,2024-12-15 21:23
25805,completed,2024-12-20 21:53
25806,completed,2025-05-19 13:32
25807,completed,2025-09-02 07:09
25808,completed,2025-10-08 22:44
25809,completed,2025-01-22 13:37
25810,completed,2025-04-05 09:24
25811,completed,2025-06-09 05:17
25812,completed,2025-06-19 21:46
25813,completed,2025-03-26 03:32
25814,completed,2025-02-17 04:29
25815,completed,2025-03-27 16:08
25816,completed,2024-12-18 03:42
25817,completed,2025-07-19 19:10
25818,completed,2025-09-03 05:55
25819,completed,2025-03-17 14:34
25820,completed,2025-07-11 12:55
25821,completed,2025-07-09 10:52
25822,completed,2025-01-03 21:33
25823,completed,2025-03-03 23:34
25824,completed,2024-12-12 12:59
25825,completed,2024-12-25 21:45
25826,completed,2025-08-21 10:45
25827,completed,2025-09-17 05:08
25828,completed,2025-06-02 23:45
25829,completed,2025-11-19 02:42
25830,completed,2025-05-04 15:04
25831,completed,2025-02-12 11:26
25832,completed,2025-04-11 17:14
25833,completed,2025-03-08 19:48
25834,completed,2025-02-01 08:44
25835,completed,2025-04-17 05:23
25836,completed,2025-08-21 15:37
25837,completed,2025-02-03 21:44
25838,completed,2025-09-25 21:03
25839,completed,2025-05-31 16:38
25840,completed,2025-06-04 10:21
25841,completed,2025-07-09 03:43
25842,completed,2025-04-18 18:06
25843,completed,2025-09-06 11:38
25844,completed,2025-03-10 13:16
25845,completed,2025-06-11 23:24
25846,completed,2025-03-17 20:11
25847,completed,2025-01-17 11:42
25848,completed,2025-10-24 02:12
25849,completed,2025-03-31 10:09
25850,completed,2025-01-28 05:01
25851,completed,2025-08-18 04:06
25852,completed,2025-10-03 17:45
25853,completed,2025-09-29 18:44
25854,completed,2024-12-18 12:42
25855,completed,2025-09-07 02:57
25856,completed,2025-02-13 02:30
25857,completed,2025-08-01 00:23
25858,completed,2025-10-16 15:23
25859,completed,2025-10-31 05:44
25860,completed,2025-10-31 08:00
25861,completed,2025-08-22 09:41
25862,completed,2025-11-21 04:11
25863,completed,2025-01-10 12:06
25864,completed,2025-02-10 13:57
25865,completed,2025-06-30 15:45
25866,completed,2025-11-27 08:12
25867,completed,2025-10-26 12:52
25868,completed,2024-12-07 23:44
25869,completed,2025-01-10 10:32
25870,completed,2025-07-01 21:39
25871,completed,2025-03-23 11:12
25872,completed,2025-09-21 17:26
25873,completed,2025-04-11 18:19
25874,completed,2025-02-20 12:57
25875,completed,2025-04-02 00:12
25876,completed,2025-01-02 05:50
25877,completed,2024-12-11 11:23
25878,completed,2025-11-10 04:13
25879,completed,2025-03-10 23:05
25880,completed,2025-06-16 04:46
25881,completed,2025-05-27 02:34
25882,completed,2024-12-24 13:48
25883,completed,2024-12-13 06:57
25884,completed,2025-11-02 17:21
25885,completed,2025-01-03 15:23
25886,completed,2025-10-06 09:17
25887,completed,2025-11-13 00:38
25888,completed,2025-05-17 11:39
25889,completed,2025-09-27 20:16
25890,completed,2025-05-28 09:08
25891,completed,2025-08-11 18:06
25892,completed,2025-08-27 03:23
25893,completed,2025-04-16 03:05
25894,completed,2025-04-24 18:51
25895,completed,2025-07-07 07:52
25896,completed,2025-01-07 23:11
25897,completed,2025-04-24 03:19
25898,completed,2025-03-19 02:19
25899,completed,2025-08-19 03:53
25900,completed,2025-04-30 13:36
25901,completed,2025-09-25 08:52
25902,completed,2025-11-24 14:25
25903,completed,2025-07-02 04:41
25904,completed,2025-01-25 12:31
25905,completed,2025-11-16 05:22
25906,completed,2025-04-09 18:35
25907,completed,2025-08-04 21:53
25908,completed,2025-11-04 10:52
25909,completed,2025-07-18 22:01
25910,completed,2025-02-26 00:35
25911,completed,2025-07-29 04:47
25912,completed,2025-03-23 23:13
25913,completed,2024-12-24 10:01
25914,completed,2025-03-05 00:25
25915,completed,2025-04-27 18:47
25916,completed,2024-12-24 01:33
25917,completed,2025-02-07 21:44
25918,completed,2025-01-04 16:25
25919,completed,2025-11-19 09:06
25920,completed,2025-11-10 00:34
25921,completed,2025-02-24 04:05
25922,completed,2025-11-16 12:52
25923,completed,2025-09-28 01:09
25924,completed,2025-08-04 23:04
25925,completed,2025-02-27 20:44
25926,completed,2025-06-14 06:53
25927,completed,2025-07-09 07:48
25928,completed,2025-06-28 09:53
25929,completed,2025-11-24 12:40
25930,completed,2025-01-27 19:43
25931,completed,2025-07-15 20:50
25932,completed,2025-04-30 07:41
25933,completed,2025-05-30 14:44
25934,completed,2025-01-04 13:30
25935,completed,2025-07-26 13:25
25936,completed,2025-08-23 20:23
25937,completed,2025-01-24 12:00
25938,completed,2025-05-06 04:42
25939,completed,2025-07-02 11:30
25940,completed,2025-08-03 21:53
25941,completed,2025-10-27 20:49
25942,completed,2025-05-07 14:01
25943,completed,2025-05-12 20:01
25944,completed,2025-11-08 18:31
25945,completed,2025-04-29 17:38
25946,completed,2025-05-21 00:25
25947,completed,2025-02-25 02:40
25948,completed,2025-11-14 10:19
25949,completed,2025-08-07 15:11
25950,completed,2025-12-01 10:52
25951,completed,2025-11-24 13:17
25952,completed,2024-12-11 07:36
25953,completed,2025-01-25 13:28
25954,completed,2025-09-12 19:12
25955,completed,2025-03-01 04:16
25956,completed,2025-01-14 06:51
25957,completed,2025-04-15 11:39
25958,completed,2025-09-11 20:53
25959,completed,2025-11-27 03:22
25960,completed,2025-02-13 23:56
25961,completed,2025-09-27 12:13
25962,completed,2025-05-31 15:28
25963,completed,2025-03-28 09:42
25964,completed,2025-02-08 07:24
25965,completed,2025-01-06 19:47
25966,completed,2025-11-17 13:55
25967,completed,2025-08-05 01:32
25968,completed,2025-10-22 08:09
25969,completed,2025-11-11 20:26
25970,completed,2025-03-03 04:51
25971,completed,2025-01-18 20:01
25972,completed,2025-01-03 00:35
25973,completed,2025-07-16 21:09
25974,completed,2025-11-18 03:25
25975,completed,2025-01-26 08:07
25976,completed,2025-09-21 03:21
25977,completed,2025-09-23 18:35
25978,completed,2025-09-20 07:42
25979,completed,2025-07-06 20:54
25980,completed,2025-11-19 03:51
25981,completed,2025-04-15 23:17
25982,completed,2025-09-19 01:11
25983,completed,2025-03-25 09:12
25984,completed,2025-11-12 08:22
25985,completed,2025-09-24 00:30
25986,completed,2025-03-22 12:26
25987,completed,2025-04-10 13:18
25988,completed,2025-12-01 11:38
25989,completed,2025-08-24 17:37
25990,completed,2025-11-04 15:25
25991,completed,2025-09-19 08:16
25992,completed,2025-11-10 11:42
25993,completed,2025-09-08 08:23
25994,completed,2025-02-21 02:26
25995,completed,2025-11-19 13:16
25996,completed,2025-01-24 00:37
25997,completed,2025-02-28 01:49
25998,completed,2025-04-17 00:19
25999,completed,2025-04-04 19:07
26000,completed,2024-12-31 22:55
26001,completed,2025-03-24 05:11
26002,completed,2025-01-04 04:19
26003,completed,2025-06-06 00:01
26004,completed,2025-04-10 08:00
26005,completed,2025-02-27 17:05
26006,completed,2025-11-10 11:20
26007,completed,2024-12-18 13:09
26008,completed,2025-05-11 14:52
26009,completed,2025-06-05 10:45
26010,completed,2025-06-25 03:17
26011,completed,2025-04-26 16:41
26012,completed,2025-11-10 13:10
26013,completed,2025-03-02 23:26
26014,completed,2025-04-19 17:53
26015,completed,2025-01-04 22:48
26016,completed,2025-07-31 07:15
26017,completed,2025-04-07 21:12
26018,completed,2025-05-08 04:12
26019,completed,2025-03-14 11:07
26020,completed,2025-04-06 13:55
26021,completed,2025-01-04 01:34
26022,completed,2025-03-29 16:04
26023,completed,2025-05-30 16:10
26024,completed,2025-02-28 18:13
26025,completed,2025-04-17 06:47
26026,completed,2025-10-04 04:17
26027,completed,2025-05-17 01:14
26028,completed,2025-01-24 23:38
26029,completed,2025-07-08 16:57
26030,completed,2025-08-14 13:45
26031,completed,2025-05-05 13:57
26032,completed,2025-05-17 03:14
26033,completed,2025-03-13 21:06
26034,completed,2025-08-18 16:51
26035,completed,2025-02-03 16:44
26036,completed,2025-09-12 05:41
26037,completed,2025-06-09 11:18
26038,completed,2025-10-30 12:48
26039,completed,2025-06-14 04:05
26040,completed,2025-08-25 05:47
26041,completed,2025-02-25 21:53
26042,completed,2025-08-19 13:41
26043,completed,2025-07-16 00:50
26044,completed,2025-06-04 05:50
26045,completed,2025-09-27 18:57
26046,completed,2025-06-17 01:24
26047,completed,2025-04-29 11:04
26048,completed,2025-04-25 02:09
26049,completed,2025-05-02 22:22
26050,completed,2025-07-28 14:36
26051,completed,2025-09-26 11:20
26052,completed,2025-11-06 15:16
26053,completed,2025-04-05 05:32
26054,completed,2025-09-05 12:42
26055,completed,2025-05-19 16:38
26056,completed,2025-06-15 00:42
26057,completed,2025-01-17 08:59
26058,completed,2025-05-12 09:31
26059,completed,2024-12-20 10:07
26060,completed,2025-05-22 22:41
26061,completed,2025-06-29 23:24
26062,completed,2025-01-02 00:40
26063,completed,2025-06-08 15:38
26064,completed,2025-06-03 18:01
26065,completed,2025-04-05 10:15
26066,completed,2025-02-12 14:59
26067,completed,2025-03-03 13:04
26068,completed,2025-10-06 01:12
26069,completed,2025-08-29 03:11
26070,completed,2025-04-02 13:27
26071,completed,2025-09-15 01:15
26072,completed,2025-10-12 13:17
26073,completed,2024-12-22 03:47
26074,completed,2025-04-05 21:56
26075,completed,2025-04-07 15:17
26076,completed,2025-04-27 04:18
26077,completed,2025-06-11 05:02
26078,completed,2025-10-27 07:30
26079,completed,2025-03-02 12:44
26080,completed,2025-08-01 16:58
26081,completed,2025-10-08 20:03
26082,completed,2025-02-23 22:19
26083,completed,2025-06-08 12:59
26084,completed,2025-10-29 18:50
26085,completed,2025-08-10 11:38
26086,completed,2025-10-08 08:04
26087,completed,2025-02-15 18:34
26088,completed,2025-04-10 03:40
26089,completed,2025-01-23 16:07
26090,completed,2024-12-09 23:57
26091,completed,2025-10-20 05:35
26092,completed,2025-11-06 20:59
26093,completed,2025-03-20 15:07
26094,completed,2025-09-24 22:54
26095,completed,2025-09-23 11:02
26096,completed,2025-03-13 00:46
26097,completed,2025-01-28 05:36
26098,completed,2025-03-15 04:09
26099,completed,2025-10-09 03:38
26100,completed,2025-10-24 19:57
26101,completed,2025-06-15 14:22
26102,completed,2024-12-16 09:36
26103,completed,2025-10-29 13:43
26104,completed,2025-10-18 18:04
26105,completed,2024-12-27 19:04
26106,completed,2025-05-31 23:23
26107,completed,2025-09-23 22:44
26108,completed,2025-10-16 08:22
26109,completed,2025-09-20 22:32
26110,completed,2025-10-11 16:13
26111,completed,2025-10-10 15:16
26112,completed,2025-04-24 18:05
26113,completed,2025-08-14 04:41
26114,completed,2025-06-05 07:10
26115,completed,2025-05-28 09:49
26116,completed,2025-07-28 04:37
26117,completed,2025-10-06 15:59
26118,completed,2025-10-19 00:28
26119,completed,2025-04-17 10:45
26120,completed,2025-10-04 09:08
26121,completed,2025-07-20 13:38
26122,completed,2025-09-18 19:57
26123,completed,2025-06-08 04:24
26124,completed,2025-05-22 21:12
26125,completed,2025-01-23 15:05
26126,completed,2025-03-28 20:12
26127,completed,2025-03-03 04:51
26128,completed,2024-12-19 13:02
26129,completed,2025-05-21 11:15
26130,completed,2025-11-15 12:10
26131,completed,2025-02-22 19:28
26132,completed,2025-09-08 06:07
26133,completed,2025-06-12 10:21
26134,completed,2025-07-16 06:35
26135,completed,2024-12-07 05:45
26136,completed,2025-06-22 15:16
26137,completed,2025-08-07 09:59
26138,completed,2025-03-18 23:37
26139,completed,2025-11-18 08:44
26140,completed,2025-08-20 16:11
26141,completed,2025-11-21 16:22
26142,completed,2025-01-20 19:18
26143,completed,2025-03-17 00:27
26144,completed,2025-04-12 02:57
26145,completed,2025-05-27 19:10
26146,completed,2025-10-02 13:28
26147,completed,2025-11-27 19:19
26148,completed,2025-02-09 07:08
26149,completed,2025-11-23 21:49
26150,completed,2025-02-01 12:18
26151,completed,2025-01-12 05:26
26152,completed,2025-03-07 01:13
26153,completed,2025-10-02 03:57
26154,completed,2025-11-13 12:47
26155,completed,2024-12-10 03:58
26156,completed,2025-07-07 02:08
26157,completed,2025-10-15 18:10
26158,completed,2024-12-11 14:24
26159,completed,2025-08-10 17:54
26160,completed,2025-03-02 19:53
26161,completed,2025-02-11 18:50
26162,completed,2025-03-30 20:25
26163,completed,2025-05-13 11:56
26164,completed,2025-02-07 13:52
26165,completed,2025-10-26 13:18
26166,completed,2025-05-02 06:06
26167,completed,2025-05-29 05:05
26168,completed,2025-05-25 22:24
26169,completed,2025-10-16 22:55
26170,completed,2025-03-13 05:42
26171,completed,2025-09-15 09:55
26172,completed,2025-05-13 16:25
26173,completed,2025-03-16 20:57
26174,completed,2025-05-31 06:05
26175,completed,2025-11-13 09:10
26176,completed,2025-01-10 08:33
26177,completed,2025-01-28 08:16
26178,completed,2024-12-25 13:43
26179,completed,2025-10-29 06:40
26180,completed,2025-07-05 19:06
26181,completed,2025-03-05 13:22
26182,completed,2025-05-24 18:21
26183,completed,2025-07-07 19:47
26184,completed,2025-04-21 18:16
26185,completed,2025-03-17 05:57
26186,completed,2025-10-11 18:09
26187,completed,2025-03-03 20:17
26188,completed,2025-02-16 04:45
26189,completed,2025-07-28 21:43
26190,completed,2025-07-20 09:16
26191,completed,2025-01-21 16:16
26192,completed,2025-01-26 17:45
26193,completed,2025-07-15 21:54
26194,completed,2025-04-29 05:24
26195,completed,2025-11-16 08:55
26196,completed,2025-07-09 18:02
26197,completed,2025-08-28 10:18
26198,completed,2025-01-19 20:24
26199,completed,2025-01-29 13:28
26200,completed,2025-05-11 12:29
26201,completed,2025-07-21 11:33
26202,completed,2025-03-15 16:45
26203,completed,2025-01-05 07:09
26204,completed,2025-11-11 10:25
26205,completed,2025-03-03 12:09
26206,completed,2025-05-03 04:52
26207,completed,2025-08-10 01:25
26208,completed,2024-12-17 03:04
26209,completed,2025-06-17 23:46
26210,completed,2025-11-11 08:46
26211,completed,2025-08-16 04:45
26212,completed,2025-04-26 05:50
26213,completed,2025-09-04 16:40
26214,completed,2024-12-17 17:56
26215,completed,2025-06-20 08:53
26216,completed,2025-09-11 00:06
26217,completed,2025-03-23 22:57
26218,completed,2025-09-08 22:51
26219,completed,2025-07-06 07:23
26220,completed,2025-03-03 15:10
26221,completed,2025-10-01 15:38
26222,completed,2025-04-22 15:45
26223,completed,2025-03-20 09:28
26224,completed,2024-12-10 19:42
26225,completed,2025-04-07 13:12
26226,completed,2025-05-22 01:46
26227,completed,2025-11-05 17:58
26228,completed,2025-03-19 23:43
26229,completed,2025-04-22 20:43
26230,completed,2024-12-08 14:23
26231,completed,2025-10-03 17:09
26232,completed,2025-08-29 15:20
26233,completed,2025-01-23 00:50
26234,completed,2025-08-25 04:48
26235,completed,2025-11-14 06:39
26236,completed,2025-08-24 02:57
26237,completed,2025-02-27 16:11
26238,completed,2024-12-14 15:43
26239,completed,2025-08-07 10:03
26240,completed,2025-07-22 15:06
26241,completed,2025-08-26 10:09
26242,completed,2025-07-26 10:11
26243,completed,2025-02-10 12:50
26244,completed,2025-01-30 21:04
26245,completed,2025-04-02 20:07
26246,completed,2025-10-25 18:31
26247,completed,2025-04-26 06:19
26248,completed,2025-03-21 19:20
26249,completed,2025-10-02 23:13
26250,completed,2025-04-24 23:53
26251,completed,2025-05-04 06:07
26252,completed,2025-11-02 18:07
26253,completed,2025-07-24 11:53
26254,completed,2025-06-06 18:29
26255,completed,2025-11-26 22:53
26256,completed,2025-08-03 01:36
26257,completed,2024-12-28 19:40
26258,completed,2024-12-26 18:53
26259,completed,2025-03-22 19:07
26260,completed,2025-11-23 05:48
26261,completed,2025-04-25 04:36
26262,completed,2024-12-19 19:33
26263,completed,2025-05-06 17:37
26264,completed,2025-08-06 04:51
26265,completed,2025-10-26 11:53
26266,completed,2025-03-16 03:37
26267,completed,2025-06-03 22:38
26268,completed,2025-11-23 21:18
26269,completed,2025-01-23 20:17
26270,completed,2025-03-22 04:55
26271,completed,2025-10-24 14:17
26272,completed,2024-12-17 08:19
26273,completed,2025-07-26 04:03
26274,completed,2025-03-11 22:51
26275,completed,2025-06-28 08:59
26276,completed,2025-08-06 07:25
26277,completed,2025-08-20 19:03
26278,completed,2025-03-01 15:35
26279,completed,2025-04-12 11:49
26280,completed,2025-03-05 04:15
26281,completed,2025-08-29 22:12
26282,completed,2025-06-18 10:19
26283,completed,2025-07-06 00:42
26284,completed,2025-08-16 11:27
26285,completed,2025-03-29 12:14
26286,completed,2025-05-15 07:48
26287,completed,2025-10-18 21:22
26288,completed,2025-04-29 13:05
26289,completed,2025-05-12 13:53
26290,completed,2025-05-12 19:27
26291,completed,2025-10-06 10:38
26292,completed,2025-08-22 18:59
26293,completed,2025-06-07 19:25
26294,completed,2025-03-02 18:13
26295,completed,2025-05-12 05:45
26296,completed,2025-06-19 09:41
26297,completed,2025-09-27 08:02
26298,completed,2025-11-07 21:29
26299,completed,2025-08-24 10:39
26300,completed,2025-08-14 22:30
26301,completed,2024-12-11 16:23
26302,completed,2025-11-22 04:49
26303,completed,2025-11-15 13:56
26304,completed,2025-07-01 06:46
26305,completed,2025-09-15 21:44
26306,completed,2025-05-10 03:14
26307,completed,2025-07-20 21:46
26308,completed,2025-03-08 22:51
26309,completed,2025-03-02 21:58
26310,completed,2025-05-03 11:20
26311,completed,2025-07-06 02:03
26312,completed,2025-06-28 01:30
26313,completed,2025-04-22 23:17
26314,completed,2025-07-21 03:32
26315,completed,2024-12-30 01:35
26316,completed,2025-04-16 01:21
26317,completed,2025-06-21 18:03
26318,completed,2025-02-12 09:24
26319,completed,2025-10-03 00:32
26320,completed,2025-03-22 19:49
26321,completed,2025-06-14 20:15
26322,completed,2025-09-15 20:17
26323,completed,2025-06-02 01:42
26324,completed,2025-09-03 01:01
26325,completed,2025-09-18 15:42
26326,completed,2025-01-15 22:17
26327,completed,2025-02-27 00:59
26328,completed,2025-10-18 19:30
26329,completed,2025-10-02 19:11
26330,completed,2025-07-16 11:02
26331,completed,2025-11-09 04:40
26332,completed,2025-04-29 03:00
26333,completed,2025-11-02 01:39
26334,completed,2025-04-30 23:00
26335,completed,2025-06-20 16:20
26336,completed,2025-07-25 16:28
26337,completed,2025-03-07 04:38
26338,completed,2025-06-05 16:54
26339,completed,2025-08-17 22:56
26340,completed,2025-09-02 11:55
26341,completed,2025-11-03 13:55
26342,completed,2024-12-21 19:24
26343,completed,2025-05-26 02:18
26344,completed,2025-05-26 13:16
26345,completed,2025-01-15 22:45
26346,completed,2025-01-31 13:42
26347,completed,2025-11-15 15:49
26348,completed,2025-06-02 01:53
26349,completed,2025-05-31 15:41
26350,completed,2025-09-02 09:19
26351,completed,2025-05-06 10:36
26352,completed,2025-11-17 05:59
26353,completed,2025-11-23 15:29
26354,completed,2025-05-28 18:40
26355,completed,2025-05-09 01:50
26356,completed,2025-10-13 02:53
26357,completed,2025-11-09 06:33
26358,completed,2025-07-29 03:01
26359,completed,2025-11-17 09:01
26360,completed,2024-12-16 12:19
26361,completed,2025-01-14 06:53
26362,completed,2025-07-25 15:34
26363,completed,2025-02-21 11:52
26364,completed,2025-11-02 11:33
26365,completed,2025-12-04 02:21
26366,completed,2025-05-16 18:08
26367,completed,2025-04-23 12:01
26368,completed,2025-05-24 06:42
26369,completed,2025-09-14 01:18
26370,completed,2025-09-30 20:55
26371,completed,2024-12-23 13:46
26372,completed,2025-11-11 01:21
26373,completed,2025-05-02 18:17
26374,completed,2025-05-04 20:41
26375,completed,2025-03-03 05:32
26376,completed,2025-09-29 01:10
26377,completed,2024-12-07 08:04
26378,completed,2025-08-19 18:02
26379,completed,2025-02-14 17:44
26380,completed,2025-03-11 23:27
26381,completed,2025-09-08 01:42
26382,completed,2025-04-04 11:31
26383,completed,2025-09-09 02:53
26384,completed,2024-12-07 20:03
26385,completed,2025-11-25 06:17
26386,completed,2025-07-11 17:25
26387,completed,2025-03-10 09:46
26388,completed,2025-07-06 10:19
26389,completed,2025-08-17 16:54
26390,completed,2024-12-29 19:52
26391,completed,2025-09-16 06:17
26392,completed,2025-02-28 23:26
26393,completed,2025-09-19 00:15
26394,completed,2025-04-13 13:05
26395,completed,2025-03-28 08:20
26396,completed,2025-05-25 03:30
26397,completed,2025-01-04 20:20
26398,completed,2025-02-23 13:28
26399,completed,2025-02-14 15:58
26400,completed,2025-08-06 07:50
26401,completed,2025-11-21 05:36
26402,completed,2025-05-14 15:48
26403,completed,2025-11-01 19:21
26404,completed,2025-04-06 12:31
26405,completed,2025-04-18 23:45
26406,completed,2025-03-10 21:58
26407,completed,2025-08-17 02:55
26408,completed,2025-08-27 08:07
26409,completed,2025-02-04 23:22
26410,completed,2025-03-06 18:22
26411,completed,2025-02-07 17:51
26412,completed,2025-07-23 20:49
26413,completed,2025-03-01 22:59
26414,completed,2025-11-05 03:57
26415,completed,2025-07-25 16:25
26416,completed,2025-04-28 04:56
26417,completed,2025-08-28 05:35
26418,completed,2025-05-01 01:18
26419,completed,2025-11-14 03:30
26420,completed,2025-12-01 02:27
26421,completed,2025-03-30 21:15
26422,completed,2025-08-18 18:14
26423,completed,2025-02-23 09:32
26424,completed,2025-11-20 02:04
26425,completed,2025-01-26 03:14
26426,completed,2025-04-14 13:59
26427,completed,2025-07-02 22:56
26428,completed,2025-03-29 08:12
26429,completed,2025-03-08 11:30
26430,completed,2025-05-31 06:43
26431,completed,2025-02-12 07:37
26432,completed,2025-11-29 21:56
26433,completed,2025-04-23 02:48
26434,completed,2025-06-11 20:38
26435,completed,2025-08-22 09:06
26436,completed,2025-06-17 11:17
26437,completed,2024-12-11 19:20
26438,completed,2025-10-05 18:08
26439,completed,2025-05-26 00:59
26440,completed,2025-07-01 02:59
26441,completed,2025-05-21 01:16
26442,completed,2025-02-14 02:37
26443,completed,2025-05-07 08:00
26444,completed,2025-10-25 23:42
26445,completed,2025-06-09 20:23
26446,completed,2025-10-25 16:51
26447,completed,2025-09-26 15:48
26448,completed,2025-10-24 02:32
26449,completed,2025-12-05 15:11
26450,completed,2025-07-19 02:05
26451,completed,2025-10-17 21:32
26452,completed,2025-04-15 12:30
26453,completed,2025-06-08 16:58
26454,completed,2025-01-25 00:48
26455,completed,2025-07-03 04:28
26456,completed,2025-03-11 22:29
26457,completed,2025-09-26 01:48
26458,completed,2024-12-09 04:58
26459,completed,2025-10-07 15:35
26460,completed,2025-11-20 07:14
26461,completed,2025-01-22 22:36
26462,completed,2025-04-15 17:25
26463,completed,2025-10-10 18:09
26464,completed,2025-07-06 10:33
26465,completed,2025-06-18 11:47
26466,completed,2025-09-05 12:51
26467,completed,2025-11-09 02:51
26468,completed,2025-10-06 19:37
26469,completed,2025-07-09 22:44
26470,completed,2025-07-11 18:43
26471,completed,2025-02-05 05:47
26472,completed,2025-04-01 15:38
26473,completed,2025-02-25 23:20
26474,completed,2025-04-27 02:16
26475,completed,2025-01-27 21:30
26476,completed,2025-04-23 09:57
26477,completed,2025-04-14 04:29
26478,completed,2025-06-05 07:16
26479,completed,2025-11-03 01:21
26480,completed,2025-04-22 13:43
26481,completed,2025-01-04 14:43
26482,completed,2025-01-11 02:07
26483,completed,2025-02-15 19:13
26484,completed,2025-11-29 19:58
26485,completed,2025-07-25 06:59
26486,completed,2025-01-29 12:02
26487,completed,2025-06-22 20:23
26488,completed,2025-01-12 11:11
26489,completed,2025-10-24 05:28
26490,completed,2025-09-07 13:22
26491,completed,2025-04-21 00:56
26492,completed,2025-10-20 08:18
26493,completed,2025-06-21 15:16
26494,completed,2025-01-27 00:42
26495,completed,2025-09-06 05:47
26496,completed,2025-09-17 19:54
26497,completed,2025-07-10 07:13
26498,completed,2025-10-21 02:55
26499,completed,2025-01-28 12:12
26500,completed,2025-10-02 08:41
26501,completed,2025-09-20 05:51
26502,completed,2025-01-07 02:03
26503,completed,2025-09-16 12:24
26504,completed,2025-10-30 05:01
26505,completed,2025-11-24 09:25
26506,completed,2025-04-13 14:19
26507,completed,2025-01-08 17:23
26508,completed,2025-01-03 20:38
26509,completed,2025-06-05 12:44
26510,completed,2025-08-13 07:38
26511,completed,2025-06-23 18:26
26512,completed,2025-02-23 01:25
26513,completed,2025-01-10 20:23
26514,completed,2025-02-27 20:35
26515,completed,2024-12-11 02:06
26516,completed,2025-08-18 17:00
26517,completed,2025-06-11 21:35
26518,completed,2025-09-14 19:42
26519,completed,2025-08-31 07:46
26520,completed,2024-12-13 16:32
26521,completed,2025-03-31 11:56
26522,completed,2025-09-20 03:26
26523,completed,2025-09-20 06:12
26524,completed,2024-12-12 00:06
26525,completed,2025-03-19 17:19
26526,completed,2024-12-15 17:34
26527,completed,2025-09-02 08:45
26528,completed,2025-08-26 09:56
26529,completed,2025-01-27 00:52
26530,completed,2025-04-22 14:55
26531,completed,2025-09-01 18:36
26532,completed,2025-02-20 08:20
26533,completed,2025-02-26 04:14
26534,completed,2025-08-09 11:08
26535,completed,2025-02-09 07:16
26536,completed,2025-03-25 03:43
26537,completed,2025-04-29 06:57
26538,completed,2025-09-26 07:56
26539,completed,2025-01-10 06:45
26540,completed,2025-10-15 10:49
26541,completed,2025-02-03 06:17
26542,completed,2025-01-31 05:12
26543,completed,2025-05-31 22:05
26544,completed,2025-09-09 02:57
26545,completed,2024-12-11 16:19
26546,completed,2025-10-11 21:20
26547,completed,2025-02-06 04:26
26548,completed,2025-09-21 02:13
26549,completed,2025-08-22 17:33
26550,completed,2025-06-16 03:29
26551,completed,2025-11-06 17:21
26552,completed,2025-04-09 05:56
26553,completed,2025-05-07 14:01
26554,completed,2025-11-16 11:03
26555,completed,2024-12-13 06:54
26556,completed,2025-01-08 13:51
26557,completed,2025-10-08 12:30
26558,completed,2025-03-08 23:16
26559,completed,2025-02-28 05:17
26560,completed,2025-03-06 15:59
26561,completed,2025-02-09 13:55
26562,completed,2025-01-26 15:03
26563,completed,2025-08-13 21:19
26564,completed,2025-02-22 09:53
26565,completed,2025-09-18 07:26
26566,completed,2025-11-20 10:46
26567,completed,2025-11-17 16:48
26568,completed,2025-06-01 22:54
26569,completed,2025-02-01 22:45
26570,completed,2025-10-31 00:50
26571,completed,2025-07-09 05:03
26572,completed,2025-09-16 17:45
26573,completed,2025-06-03 08:10
26574,completed,2025-06-04 23:18
26575,completed,2025-09-10 01:34
26576,completed,2025-09-01 05:54
26577,completed,2025-05-27 08:59
26578,completed,2025-06-06 00:08
26579,completed,2025-02-14 13:18
26580,completed,2025-11-26 15:19
26581,completed,2025-11-04 20:13
26582,completed,2025-12-01 11:13
26583,completed,2025-04-25 02:33
26584,completed,2025-08-05 17:07
26585,completed,2025-06-30 15:09
26586,completed,2025-07-04 18:12
26587,completed,2025-11-02 15:20
26588,completed,2025-09-14 21:19
26589,completed,2025-09-30 17:53
26590,completed,2025-02-11 11:42
26591,completed,2025-05-23 20:10
26592,completed,2025-09-19 10:31
26593,completed,2025-06-16 21:41
26594,completed,2025-02-08 17:43
26595,completed,2025-08-11 21:42
26596,completed,2025-11-01 04:34
26597,completed,2025-09-22 07:37
26598,completed,2025-07-19 12:39
26599,completed,2025-08-16 14:04
26600,completed,2025-11-19 08:42
26601,completed,2025-09-30 12:16
26602,completed,2025-02-23 22:49
26603,completed,2025-09-24 05:43
26604,completed,2025-05-04 10:27
26605,completed,2025-01-30 23:21
26606,completed,2025-02-10 13:08
26607,completed,2025-11-05 16:04
26608,completed,2025-01-13 11:13
26609,completed,2025-04-20 05:41
26610,completed,2025-08-15 05:05
26611,completed,2024-12-08 08:23
26612,completed,2025-03-23 06:16
26613,completed,2025-04-04 04:16
26614,completed,2025-05-11 21:38
26615,completed,2025-05-28 22:19
26616,completed,2025-08-20 16:25
26617,completed,2025-09-27 15:49
26618,completed,2025-03-25 21:47
26619,completed,2024-12-13 13:26
26620,completed,2025-02-06 23:35
26621,completed,2025-09-30 19:09
26622,completed,2025-03-11 12:43
26623,completed,2025-03-20 19:23
26624,completed,2025-02-27 23:33
26625,completed,2025-05-21 02:37
26626,completed,2025-12-02 04:35
26627,completed,2025-06-12 01:12
26628,completed,2025-10-28 19:37
26629,completed,2025-02-11 22:01
26630,completed,2025-01-03 18:42
26631,completed,2025-01-11 17:44
26632,completed,2025-10-13 17:28
26633,completed,2025-11-13 01:52
26634,completed,2025-12-07 00:36
26635,completed,2025-08-01 10:43
26636,completed,2025-01-05 18:33
26637,completed,2025-05-03 18:07
26638,completed,2025-05-04 16:07
26639,completed,2025-10-05 10:04
26640,completed,2025-11-23 20:33
26641,completed,2025-06-17 23:08
26642,completed,2025-11-19 11:11
26643,completed,2025-05-24 01:48
26644,completed,2025-10-18 02:54
26645,completed,2025-08-04 19:13
26646,completed,2025-03-25 10:14
26647,completed,2025-03-16 20:43
26648,completed,2025-03-16 21:05
26649,completed,2025-03-14 11:11
26650,completed,2025-08-14 19:28
26651,completed,2024-12-10 03:04
26652,completed,2025-07-06 10:49
26653,completed,2025-09-24 11:56
26654,completed,2025-10-16 10:46
26655,completed,2025-08-08 01:33
26656,completed,2024-12-16 14:19
26657,completed,2025-06-04 00:48
26658,completed,2025-11-22 23:15
26659,completed,2025-11-20 12:48
26660,completed,2025-06-20 07:27
26661,completed,2025-11-22 11:30
26662,completed,2025-01-03 05:38
26663,completed,2025-03-28 06:40
26664,completed,2025-01-26 13:00
26665,completed,2025-12-04 21:19
26666,completed,2025-11-03 06:01
26667,completed,2025-05-11 04:02
26668,completed,2025-01-23 06:31
26669,completed,2025-08-05 16:09
26670,completed,2025-08-14 17:53
26671,completed,2025-03-04 13:01
26672,completed,2024-12-13 01:54
26673,completed,2025-11-18 19:01
26674,completed,2024-12-16 11:06
26675,completed,2024-12-19 01:10
26676,completed,2024-12-07 18:45
26677,completed,2025-03-02 00:44
26678,completed,2025-10-07 15:11
26679,completed,2025-11-22 11:43
26680,completed,2025-01-12 23:23
26681,completed,2025-09-01 18:17
26682,completed,2024-12-20 03:17
26683,completed,2025-08-17 02:45
26684,completed,2025-03-26 19:20
26685,completed,2025-07-25 03:58
26686,completed,2025-04-13 17:02
26687,completed,2025-11-09 22:13
26688,completed,2025-02-02 20:26
26689,completed,2025-01-17 09:57
26690,completed,2025-09-06 02:58
26691,completed,2025-09-30 00:25
26692,completed,2025-11-24 01:08
26693,completed,2025-04-15 21:29
26694,completed,2025-05-22 21:04
26695,completed,2025-04-03 00:12
26696,completed,2025-06-26 00:14
26697,completed,2025-03-23 15:33
26698,completed,2025-09-11 05:39
26699,completed,2025-09-23 22:53
26700,completed,2025-07-25 13:06
26701,completed,2025-02-19 23:54
26702,completed,2025-06-11 10:25
26703,completed,2025-04-21 15:21
26704,completed,2025-08-02 17:55
26705,completed,2025-11-16 20:49
26706,completed,2025-08-04 07:48
26707,completed,2025-05-31 00:07
26708,completed,2025-08-19 16:39
26709,completed,2025-12-03 15:49
26710,completed,2025-04-19 03:44
26711,completed,2025-09-16 15:37
26712,completed,2025-10-16 04:08
26713,completed,2025-06-15 18:34
26714,completed,2025-04-24 06:56
26715,completed,2024-12-27 17:41
26716,completed,2025-03-14 13:12
26717,completed,2025-09-03 22:55
26718,completed,2025-08-06 14:53
26719,completed,2025-10-26 07:35
26720,completed,2025-05-03 07:57
26721,completed,2025-05-11 21:29
26722,completed,2025-12-05 07:01
26723,completed,2025-04-02 01:55
26724,completed,2025-01-20 20:49
26725,completed,2025-08-20 23:37
26726,completed,2025-09-02 00:13
26727,completed,2025-10-18 18:25
26728,completed,2025-06-14 06:40
26729,completed,2025-01-19 20:43
26730,completed,2025-10-12 05:46
26731,completed,2025-02-12 04:31
26732,completed,2025-04-11 12:19
26733,completed,2024-12-10 06:42
26734,completed,2025-06-06 21:08
26735,completed,2025-07-24 00:07
26736,completed,2025-04-20 06:56
26737,completed,2025-11-20 04:46
26738,completed,2025-03-29 21:46
26739,completed,2025-12-02 17:42
26740,completed,2025-05-01 05:18
26741,completed,2025-03-19 22:07
26742,completed,2025-07-17 04:28
26743,completed,2025-08-31 07:52
26744,completed,2025-09-09 12:09
26745,completed,2025-06-22 07:56
26746,completed,2025-02-05 10:38
26747,completed,2024-12-21 08:31
26748,completed,2025-01-17 20:02
26749,completed,2025-03-22 06:58
26750,completed,2025-09-11 08:52
26751,completed,2025-05-26 08:04
26752,completed,2025-09-19 00:10
26753,completed,2024-12-23 04:07
26754,completed,2025-01-10 20:54
26755,completed,2025-04-16 00:34
26756,completed,2025-11-04 21:33
26757,completed,2025-07-16 16:20
26758,completed,2025-04-23 17:19
26759,completed,2024-12-29 15:24
26760,completed,2025-10-31 18:14
26761,completed,2025-05-06 05:38
26762,completed,2025-11-11 19:57
26763,completed,2025-07-23 05:26
26764,completed,2025-10-20 02:43
26765,completed,2025-08-14 04:06
26766,completed,2025-07-25 23:47
26767,completed,2025-08-28 09:00
26768,completed,2025-07-05 23:12
26769,completed,2025-10-14 09:23
26770,completed,2025-08-23 19:09
26771,completed,2025-03-02 02:22
26772,completed,2025-01-27 17:28
26773,completed,2025-02-24 08:48
26774,completed,2025-02-04 23:54
26775,completed,2025-01-04 21:14
26776,completed,2025-11-02 17:21
26777,completed,2025-06-17 17:59
26778,completed,2025-11-16 20:23
26779,completed,2025-01-05 03:25
26780,completed,2025-07-04 12:52
26781,completed,2025-06-30 13:48
26782,completed,2025-06-01 10:41
26783,completed,2025-09-12 18:32
26784,completed,2025-04-21 20:48
26785,completed,2025-09-06 18:12
26786,completed,2025-08-01 02:13
26787,completed,2025-10-20 11:34
26788,completed,2025-12-02 03:02
26789,completed,2025-09-25 20:58
26790,completed,2024-12-30 07:44
26791,completed,2024-12-20 13:42
26792,completed,2025-07-28 06:33
26793,completed,2024-12-21 11:11
26794,completed,2025-09-02 02:06
26795,completed,2024-12-27 09:57
26796,completed,2024-12-15 03:13
26797,completed,2025-10-10 08:52
26798,completed,2025-01-04 12:04
26799,completed,2025-07-05 20:33
26800,completed,2025-09-21 11:39
26801,completed,2025-08-13 01:16
26802,completed,2025-04-04 19:05
26803,completed,2025-04-04 17:58
26804,completed,2025-06-16 15:31
26805,completed,2025-11-20 06:45
26806,completed,2025-04-06 05:12
26807,completed,2025-09-07 05:24
26808,completed,2025-03-17 13:22
26809,completed,2025-07-17 01:20
26810,completed,2025-01-15 16:56
26811,completed,2025-04-19 03:14
26812,completed,2025-03-22 21:36
26813,completed,2025-01-16 05:23
26814,completed,2025-07-02 20:56
26815,completed,2025-08-21 07:03
26816,completed,2024-12-23 03:37
26817,completed,2025-02-07 02:58
26818,completed,2025-02-02 05:54
26819,completed,2025-06-26 21:29
26820,completed,2025-04-08 19:47
26821,completed,2025-05-28 15:58
26822,completed,2025-07-27 08:49
26823,completed,2025-04-13 01:21
26824,completed,2025-06-21 04:24
26825,completed,2025-08-25 11:35
26826,completed,2025-07-24 20:23
26827,completed,2025-12-07 00:27
26828,completed,2025-05-18 00:46
26829,completed,2025-03-11 18:35
26830,completed,2025-04-13 01:07
26831,completed,2025-01-01 20:23
26832,completed,2025-06-11 04:07
26833,completed,2025-03-14 09:31
26834,completed,2025-02-17 02:09
26835,completed,2025-11-24 08:52
26836,completed,2025-02-11 17:30
26837,completed,2025-10-22 03:41
26838,completed,2025-04-22 11:16
26839,completed,2025-10-10 10:52
26840,completed,2025-10-30 15:57
26841,completed,2025-12-04 17:37
26842,completed,2025-06-08 15:02
26843,completed,2025-09-13 12:35
26844,completed,2025-09-02 05:39
26845,completed,2025-08-09 09:24
26846,completed,2025-10-24 17:11
26847,completed,2025-08-03 09:51
26848,completed,2025-03-06 06:11
26849,completed,2025-08-03 23:44
26850,completed,2024-12-12 15:04
26851,completed,2025-07-27 22:03
26852,completed,2025-05-04 13:05
26853,completed,2025-02-12 17:50
26854,completed,2025-10-19 04:15
26855,completed,2025-07-21 11:00
26856,completed,2025-02-23 19:47
26857,completed,2025-09-24 03:52
26858,completed,2025-08-04 14:10
26859,completed,2025-06-28 20:00
26860,completed,2025-06-15 09:34
26861,completed,2025-11-20 12:44
26862,completed,2025-10-24 01:27
26863,completed,2025-01-12 17:00
26864,completed,2025-11-08 16:21
26865,completed,2025-09-20 05:50
26866,completed,2025-10-13 03:59
26867,completed,2025-10-15 04:33
26868,completed,2025-11-03 14:10
26869,completed,2025-03-30 17:49
26870,completed,2025-08-09 11:40
26871,completed,2025-03-16 19:35
26872,completed,2025-06-14 17:48
26873,completed,2025-02-08 14:54
26874,completed,2025-03-07 16:01
26875,completed,2025-03-31 06:07
26876,completed,2025-10-07 13:18
26877,completed,2025-11-24 15:14
26878,completed,2025-11-14 14:37
26879,completed,2025-09-07 00:20
26880,completed,2025-10-19 00:36
26881,completed,2025-12-01 20:49
26882,completed,2025-07-02 13:43
26883,completed,2024-12-21 08:54
26884,completed,2025-01-31 15:43
26885,completed,2025-07-15 03:56
26886,completed,2025-07-24 07:51
26887,completed,2025-10-11 11:17
26888,completed,2025-07-27 20:25
26889,completed,2025-08-05 08:50
26890,completed,2025-04-04 00:12
26891,completed,2025-01-26 06:51
26892,completed,2025-04-07 14:40
26893,completed,2025-01-10 01:07
26894,completed,2025-09-24 15:28
26895,completed,2025-10-04 00:31
26896,completed,2025-10-12 14:11
26897,completed,2025-04-17 17:45
26898,completed,2025-07-25 22:25
26899,completed,2025-10-03 23:21
26900,completed,2025-05-20 05:01
26901,completed,2025-01-01 01:24
26902,completed,2025-10-11 01:30
26903,completed,2025-08-31 11:51
26904,completed,2025-04-29 04:17
26905,completed,2025-10-02 16:29
26906,completed,2025-08-01 14:10
26907,completed,2025-11-11 07:41
26908,completed,2025-08-20 18:49
