ID,CustomerID,EmployeeID,Total,Timestamp
5,1839,15,5.0,2025-04-18 20:29
6,769,8,30.0,2025-10-17 18:38
11,1601,9,22.0,2025-10-11 17:44
12,1575,9,9.5,2025-08-10 09:58
13,733,22,21.0,2025-05-13 22:51
14,814,4,19.0,2024-12-19 10:53
15,514,10,4.5,2025-08-27 01:00
16,623,25,27.0,2025-07-05 10:37
17,831,15,14.5,2025-01-04 10:37
18,2327,19,15.0,2025-07-17 09:17
19,213,7,20.0,2025-09-23 12:19
20,308,24,12.0,2025-10-03 12:13
21,2236,22,29.0,2025-02-28 00:26
22,979,8,17.5,2025-07-17 01:37
23,2398,19,4.5,2024-12-21 12:00
24,2243,3,22.5,2025-09-15 22:26
25,2179,11,11.0,2025-03-10 06:35
26,841,5,21.0,2025-02-28 16:55
27,1569,5,13.0,2025-01-11 08:29
28,2293,22,28.5,2025-10-28 07:03
29,1975,6,11.5,2025-08-04 21:04
30,258,5,20.5,2025-07-12 13:23
31,1814,19,11.0,2025-05-03 18:42
32,1127,8,4.5,2025-01-28 00:33
33,1939,20,35.0,2025-12-03 11:52
34,916,21,19.0,2025-04-09 13:11
35,2284,18,19.0,2025-03-07 20:06
36,2293,27,31.0,2025-01-26 11:43
37,2229,22,11.5,2025-01-28 17:25
38,72,10,18.0,2025-11-09 19:18
39,1855,16,9.5,2025-05-03 16:58
40,127,20,20.0,2025-03-19 09:15
41,1213,11,17.5,2024-12-29 20:59
42,36,8,24.0,2025-04-22 16:48
43,2491,19,29.0,2025-10-14 18:15
44,446,22,15.0,2025-10-08 03:47
45,834,12,23.5,2025-04-21 03:09
46,824,25,17.5,2025-08-17 17:58
47,2450,13,32.0,2025-05-05 18:10
48,1490,20,16.0,2024-12-21 09:31
49,541,7,17.5,2025-02-26 15:26
50,2336,15,9.5,2025-03-07 13:01
51,503,19,9.5,2025-11-16 20:23
52,118,24,36.5,2025-07-22 01:03
53,1393,11,18.5,2025-11-10 18:37
54,1535,18,24.5,2025-09-04 22:52
55,1976,15,34.0,2024-12-07 03:34
56,2035,8,30.0,2025-07-13 18:47
57,1678,20,32.0,2025-05-10 19:29
58,2184,11,28.5,2025-05-07 04:28
59,1689,27,29.5,2025-07-15 08:31
60,1128,14,5.0,2025-03-28 23:32
61,1447,7,14.5,2025-09-27 09:58
62,652,7,33.0,2025-01-04 02:29
63,2386,26,15.0,2024-12-17 03:16
64,864,19,5.0,2024-12-13 19:43
65,2390,22,26.0,2025-05-20 16:13
66,764,5,9.5,2025-02-09 12:54
67,2479,16,14.0,2025-01-22 06:56
68,2357,23,25.5,2024-12-22 05:39
69,48,8,9.5,2025-11-14 02:13
70,2048,23,15.0,2025-03-25 10:49
71,838,2,38.5,2025-06-02 07:31
72,1668,25,30.5,2025-10-25 04:44
73,394,16,11.0,2025-02-24 18:38
74,1347,22,21.0,2025-11-11 13:30
75,286,7,9.5,2025-06-10 02:20
76,2466,16,5.0,2025-03-12 01:34
77,1717,17,5.0,2025-02-16 01:53
78,737,14,27.0,2025-02-01 01:20
79,2444,25,15.0,2025-03-20 02:46
80,194,24,40.0,2025-11-15 16:22
81,1431,26,9.5,2025-11-23 16:47
82,1924,24,14.0,2025-11-10 08:49
83,1867,25,26.0,2025-07-10 19:16
84,2144,17,26.5,2025-04-27 02:38
85,616,13,21.5,2025-02-23 04:12
86,1218,13,35.0,2025-08-04 10:49
87,400,12,24.5,2025-04-09 03:09
88,992,12,23.5,2025-04-21 16:46
89,2404,3,14.0,2025-05-27 07:50
90,669,17,15.0,2025-02-01 10:59
91,1130,2,29.5,2025-01-20 20:31
92,2489,23,15.0,2025-07-03 16:42
93,647,24,24.0,2025-04-03 11:39
94,1211,14,39.0,2025-06-04 21:55
95,2346,3,27.5,2025-10-24 02:06
96,616,26,21.5,2025-09-15 20:09
97,1979,4,6.5,2025-03-30 08:33
98,126,24,29.5,2025-08-30 01:49
99,384,21,9.5,2025-02-22 04:45
100,774,14,11.5,2025-10-26 16:59
101,941,9,5.0,2025-06-29 21:17
102,245,2,5.0,2024-12-07 19:35
103,1512,6,20.0,2025-09-09 02:13
104,2227,2,4.5,2025-03-09 10:03
105,2116,9,10.0,2025-02-04 21:19
106,1865,5,34.0,2025-02-19 15:06
107,205,2,20.5,2025-09-12 18:53
108,2347,26,36.5,2025-04-29 16:51
109,1455,8,10.0,2025-09-10 07:24
110,1132,19,14.5,2025-05-10 04:19
111,2163,7,6.5,2025-10-18 12:50
112,1973,14,5.0,2025-11-26 20:13
113,2092,8,9.5,2025-11-30 20:05
114,1134,19,33.5,2025-02-23 18:11
115,237,5,30.5,2025-06-17 22:47
116,1788,27,19.0,2025-06-09 02:10
117,1393,10,33.0,2025-02-26 04:01
118,1740,21,9.5,2025-08-27 03:57
119,943,22,11.5,2025-09-19 10:02
120,1065,9,28.5,2025-03-27 07:08
121,2077,20,22.5,2025-05-03 08:26
122,1340,22,29.5,2025-11-14 05:58
123,2040,20,6.5,2025-08-01 04:14
124,215,14,34.5,2025-02-08 15:12
125,1286,19,9.5,2025-05-15 02:59
126,604,10,12.0,2025-01-16 18:39
127,110,19,33.0,2025-10-30 11:19
128,785,14,9.5,2025-01-08 15:24
129,1381,12,28.5,2025-03-05 10:17
130,1155,20,24.5,2025-09-30 00:11
131,446,13,4.5,2025-01-16 18:29
132,1227,24,6.5,2025-06-09 23:40
133,1824,17,25.5,2025-04-17 06:38
134,1159,26,27.0,2025-04-22 22:27
135,2048,8,27.0,2025-04-25 23:48
136,234,20,32.5,2025-06-03 07:25
137,2239,6,22.0,2025-08-15 01:10
138,2214,25,6.5,2025-02-16 11:35
139,1499,2,15.0,2025-06-01 07:15
140,1968,2,21.0,2025-03-28 07:04
141,2090,18,4.5,2025-10-12 16:49
142,733,7,5.0,2025-08-24 02:44
143,1465,5,16.0,2025-09-05 16:00
144,13,18,34.5,2025-05-29 21:44
145,1129,14,6.5,2025-08-23 06:08
146,1756,7,31.0,2025-03-18 19:49
147,1525,26,14.5,2024-12-17 14:38
148,394,1,5.0,2025-09-15 03:42
149,1791,9,5.5,2025-04-18 15:09
150,2054,14,31.0,2025-01-12 09:23
151,326,25,25.5,2024-12-14 11:24
152,1010,8,17.5,2025-09-10 16:25
153,2426,16,31.0,2025-09-11 11:38
154,1723,25,12.0,2025-12-03 15:37
155,2248,23,19.0,2025-09-05 04:26
156,483,20,30.0,2025-07-21 00:35
157,939,10,37.5,2025-03-30 22:17
158,1557,14,6.5,2025-11-04 09:13
159,1682,17,30.5,2025-04-07 00:32
160,2389,23,9.5,2025-08-31 12:44
161,2264,11,25.0,2025-06-10 15:24
162,1351,10,19.0,2025-01-19 23:14
163,1328,18,29.5,2024-12-21 16:31
164,2036,11,19.0,2025-08-24 18:31
165,1846,4,4.5,2025-11-11 10:56
166,1830,25,9.5,2025-04-29 10:01
167,526,20,29.0,2025-09-12 04:52
168,116,5,31.0,2025-10-07 10:28
169,964,16,5.5,2025-09-17 06:18
170,20,11,22.5,2025-08-05 15:14
171,301,16,35.5,2025-10-02 15:25
172,1394,12,31.0,2025-11-24 14:41
173,86,1,9.5,2025-04-22 21:26
174,1537,10,11.5,2025-08-20 12:23
175,2413,12,27.0,2025-01-18 20:10
176,2036,11,5.0,2025-02-03 06:25
177,2274,22,9.5,2025-06-06 04:22
178,2352,1,12.0,2025-07-25 16:14
179,1693,15,29.0,2025-02-17 23:42
180,2189,3,25.5,2025-10-19 01:32
181,2148,20,30.5,2025-10-07 08:41
182,1599,8,20.0,2025-11-21 10:25
183,1532,7,19.0,2025-05-24 16:45
184,1477,21,14.0,2025-11-05 02:52
185,2227,23,20.5,2025-07-16 05:58
186,1476,5,5.0,2025-09-24 13:26
187,191,22,26.0,2025-04-04 21:40
188,120,10,5.5,2025-02-15 08:43
189,265,9,14.5,2025-09-18 02:47
190,139,9,28.5,2025-04-20 02:40
191,1635,21,30.0,2025-05-06 09:27
192,1071,24,25.5,2025-11-29 06:27
193,364,10,19.0,2025-09-20 04:19
194,2055,24,11.5,2025-10-30 23:05
195,2115,4,34.5,2024-12-07 23:00
196,2141,1,6.5,2025-03-17 10:25
197,515,24,4.5,2025-05-30 16:05
198,168,1,29.5,2025-10-19 10:14
199,2017,5,26.5,2025-02-26 11:54
200,1429,17,30.0,2025-05-21 15:47
201,187,8,37.5,2025-01-18 18:09
202,1515,22,25.5,2025-05-19 02:30
203,2207,18,19.0,2024-12-11 03:58
204,1778,15,9.5,2025-10-15 13:29
205,1769,26,19.5,2025-05-26 16:00
206,1091,16,31.5,2025-06-11 19:38
207,91,26,34.5,2025-07-15 05:09
208,1444,10,23.0,2025-06-15 10:29
209,943,6,11.0,2025-01-09 05:43
210,1689,22,24.5,2025-12-05 10:33
211,1371,20,16.0,2025-05-31 00:28
212,2118,11,33.0,2025-08-29 12:54
213,2163,22,20.5,2025-11-05 05:14
214,1532,13,26.0,2025-11-30 15:39
215,1110,18,4.5,2025-08-11 23:14
216,60,22,4.5,2025-06-03 06:14
217,1648,16,9.5,2025-01-04 13:22
218,1242,3,29.5,2024-12-07 19:44
219,1968,11,10.5,2025-10-23 11:28
220,2065,26,30.5,2025-04-15 10:27
221,450,20,14.0,2025-02-06 16:00
222,1806,22,34.5,2025-07-16 13:55
223,636,23,10.0,2025-11-27 19:11
224,2030,23,21.5,2025-01-04 09:59
225,1199,21,9.5,2025-10-01 07:14
226,2221,13,25.0,2025-10-27 20:00
227,2460,20,5.5,2025-07-12 00:30
228,2134,1,20.5,2025-08-16 22:19
229,307,14,17.5,2025-11-28 01:09
230,1174,24,14.5,2025-01-03 15:33
231,1968,21,16.0,2025-02-25 18:42
232,1174,4,14.5,2025-06-20 00:57
233,1721,9,25.5,2024-12-27 04:11
234,996,25,10.5,2025-04-05 06:41
235,485,19,16.0,2025-11-18 00:44
236,260,26,9.5,2025-12-05 20:29
237,1703,8,14.0,2025-11-11 18:34
238,1715,23,19.0,2025-05-21 04:26
239,2207,12,34.5,2025-03-24 16:47
240,566,20,6.5,2024-12-26 13:10
241,692,16,14.5,2025-03-13 20:47
242,1480,20,14.0,2025-01-21 23:31
243,11,7,19.0,2025-10-10 05:40
244,1816,25,4.5,2025-09-21 21:19
245,1122,24,5.0,2025-03-19 01:46
246,1667,9,30.5,2025-06-21 04:06
247,369,24,16.5,2025-06-11 05:50
248,2007,2,19.0,2025-01-07 22:29
249,1068,11,31.0,2025-10-27 12:45
250,161,17,20.0,2025-09-05 01:18
251,2254,13,6.5,2025-06-05 03:08
252,576,22,11.5,2025-09-15 18:18
253,1541,14,23.0,2025-11-28 09:39
254,1696,18,19.0,2025-01-18 02:28
255,1892,20,18.0,2025-08-17 03:43
256,33,11,10.5,2025-12-04 01:31
257,530,9,19.5,2025-10-02 12:09
258,1468,1,36.5,2025-09-13 09:30
259,1891,3,28.0,2025-09-03 07:14
260,1207,6,26.0,2025-12-04 08:15
261,1140,23,5.5,2025-04-21 13:06
262,327,14,4.5,2024-12-21 16:45
263,1377,7,4.5,2025-01-08 10:17
264,448,17,35.5,2025-08-18 03:32
265,1380,6,33.5,2025-03-21 23:20
266,169,22,26.5,2025-07-09 13:40
267,498,8,33.5,2025-02-14 23:30
268,1219,9,27.0,2025-01-17 03:55
269,921,10,5.0,2025-06-27 12:54
270,2149,6,19.5,2025-06-17 10:13
271,247,26,19.5,2025-07-03 18:09
272,1630,9,10.0,2025-07-22 18:56
273,1722,9,20.5,2025-05-25 03:24
274,2303,14,4.5,2025-04-17 17:38
275,2031,16,15.0,2025-07-09 09:21
276,446,21,9.5,2025-06-05 07:47
277,1629,5,21.0,2025-09-27 14:05
278,2129,25,6.5,2025-09-03 03:33
279,1416,2,4.5,2025-04-05 06:19
280,1585,24,5.0,2025-10-14 02:01
281,2221,9,30.0,2025-05-21 01:42
282,1270,27,9.5,2025-11-08 20:49
283,90,7,9.5,2025-05-20 06:26
284,2139,4,10.5,2025-07-20 10:21
285,1879,27,19.5,2025-04-18 01:54
286,1597,12,19.0,2025-10-09 04:41
287,443,22,6.5,2025-04-16 06:18
288,1212,1,5.5,2025-01-20 15:01
289,819,4,9.5,2024-12-10 15:20
290,1790,2,10.0,2025-03-13 22:44
291,2057,20,10.0,2025-03-16 11:17
292,1912,6,15.5,2025-08-28 02:04
293,1910,22,11.5,2025-01-25 00:11
294,1740,16,15.5,2025-06-05 20:23
295,806,13,18.5,2025-02-23 09:36
296,1889,22,27.0,2025-11-05 14:29
297,1491,3,15.5,2025-04-01 03:15
298,1694,22,4.5,2025-02-27 13:15
299,861,26,10.5,2025-01-25 20:33
300,251,22,26.5,2025-04-15 02:12
301,2065,2,15.0,2025-06-22 01:45
302,1472,2,15.0,2025-02-17 22:43
303,665,19,14.5,2025-06-02 08:23
304,302,13,9.5,2025-08-14 08:24
305,1798,7,15.5,2025-05-09 19:48
306,606,27,33.0,2025-05-21 10:04
307,514,18,16.5,2025-04-26 09:37
308,1206,10,19.0,2025-07-10 17:37
309,2300,26,31.0,2025-09-08 17:56
310,1631,20,27.0,2025-05-09 08:58
311,1937,20,25.0,2025-06-25 04:09
312,2252,15,19.0,2025-06-15 14:15
313,235,22,26.5,2025-11-08 02:45
314,1930,6,5.5,2025-01-21 21:43
315,1548,18,10.5,2025-09-14 04:41
316,2470,17,19.0,2025-05-22 15:20
317,71,18,4.5,2025-11-16 07:36
318,2303,25,23.5,2025-11-13 20:10
319,1030,12,24.0,2025-10-21 10:44
320,2490,22,22.0,2025-02-28 05:24
321,243,13,13.0,2025-01-09 03:36
322,1277,15,9.5,2025-07-28 09:19
323,1137,6,10.0,2025-03-15 17:41
324,2233,13,21.0,2025-07-19 13:45
325,1436,22,23.0,2025-09-08 02:52
326,318,3,9.5,2025-11-21 05:18
327,130,2,33.5,2025-12-04 12:07
328,2194,7,21.0,2025-10-09 13:50
329,1581,17,19.5,2025-04-19 15:32
330,2068,4,5.5,2025-02-22 09:30
331,718,17,16.0,2025-06-13 14:53
332,1898,18,23.5,2025-05-08 12:44
333,955,1,4.5,2025-03-30 04:03
334,846,7,6.5,2025-11-29 22:30
335,276,15,31.5,2025-07-29 19:32
336,1180,20,6.5,2025-01-24 07:43
337,134,15,30.5,2025-04-18 04:52
338,164,21,20.0,2025-08-22 08:18
339,28,16,31.5,2025-05-30 14:32
340,510,19,5.5,2025-04-13 15:43
341,1153,17,34.0,2025-07-11 14:54
342,694,5,4.5,2025-06-29 08:24
343,78,16,22.5,2025-04-09 00:04
344,333,26,9.0,2025-03-09 19:08
345,1218,16,15.0,2025-10-29 08:06
346,2257,22,23.5,2025-07-07 20:26
347,1757,20,14.5,2025-06-05 08:11
348,1972,25,29.0,2025-08-02 00:08
349,895,11,24.5,2025-10-21 04:35
350,1295,24,16.5,2025-11-14 10:19
351,7,4,9.5,2025-10-27 14:24
352,1792,19,21.5,2025-05-18 06:26
353,1981,9,26.0,2025-03-03 14:17
354,2482,22,29.5,2025-10-04 05:40
355,1154,23,16.0,2025-10-18 23:01
356,100,4,14.5,2024-12-26 20:32
357,1493,19,36.5,2025-08-02 05:37
358,1708,2,26.5,2025-04-02 08:19
359,1728,22,15.0,2025-08-09 12:51
360,776,2,20.0,2025-06-07 21:19
361,1377,18,6.5,2025-03-16 18:29
362,1406,23,5.5,2025-04-09 13:00
363,2383,8,10.5,2025-09-12 08:55
364,520,14,25.0,2025-09-16 14:42
365,1900,15,29.0,2025-11-21 11:35
366,1812,17,9.5,2025-01-02 15:20
367,2180,9,4.5,2025-01-23 11:15
368,919,25,16.5,2025-05-30 08:56
369,2214,21,12.0,2025-08-20 16:49
370,118,2,26.5,2025-04-22 14:41
371,801,7,15.0,2025-11-22 22:03
372,1644,2,29.0,2025-01-22 17:24
373,1752,9,9.5,2024-12-12 02:47
374,695,24,22.5,2025-04-26 04:25
375,559,5,5.0,2025-08-12 16:28
376,391,14,33.0,2025-10-07 23:43
377,796,9,4.5,2025-03-11 06:41
378,2206,5,29.5,2025-06-05 21:29
379,262,22,14.5,2025-08-11 02:15
380,2233,2,14.0,2025-07-06 02:58
381,1445,14,14.5,2025-04-29 12:30
382,2364,3,30.0,2025-03-20 18:25
383,853,24,29.0,2025-06-04 23:35
384,1090,18,15.0,2025-06-30 13:46
385,462,15,33.5,2025-08-25 06:37
386,1282,25,20.0,2025-05-16 06:10
387,568,21,40.0,2025-02-23 12:12
388,2061,9,22.0,2025-07-22 22:17
389,2150,24,26.5,2025-01-02 09:25
390,1784,14,4.5,2025-09-01 07:43
391,1657,12,18.5,2025-03-16 04:14
392,527,22,39.5,2025-10-20 20:45
393,679,6,11.0,2025-11-28 10:59
394,1030,26,9.5,2025-04-29 02:29
395,812,26,32.5,2025-09-07 15:26
396,1018,2,19.5,2025-11-18 22:36
397,1597,11,24.5,2024-12-28 05:43
398,1738,25,32.0,2024-12-09 16:17
399,1342,21,6.5,2025-06-11 13:06
400,1469,22,39.5,2025-07-16 07:11
401,1899,14,5.5,2025-03-14 13:25
402,1804,20,27.0,2025-11-05 14:23
403,1406,25,5.0,2025-08-15 16:16
404,811,15,9.5,2025-07-16 11:59
405,2215,16,26.0,2025-05-10 23:24
406,1908,11,6.5,2025-02-27 09:21
407,2364,6,4.5,2025-08-02 01:47
408,1751,2,11.0,2025-01-26 10:03
409,1159,3,21.0,2025-06-30 07:34
410,1909,11,19.5,2025-11-25 11:03
411,922,11,5.0,2025-05-17 21:58
412,1481,13,26.0,2025-02-03 22:03
413,1063,22,19.5,2025-05-05 01:03
414,2365,4,16.0,2025-02-12 04:21
415,2405,18,9.5,2025-07-21 08:58
416,517,8,20.5,2025-07-10 18:16
417,1153,11,21.5,2025-02-03 08:22
418,335,23,17.0,2025-10-15 00:14
419,2306,3,5.5,2025-04-23 00:53
420,401,3,6.5,2025-05-11 22:49
421,276,8,19.5,2025-04-05 05:00
422,830,16,25.5,2025-03-30 12:59
423,610,23,5.5,2025-01-12 19:03
424,471,25,4.5,2025-09-17 01:41
425,443,12,24.0,2025-03-26 15:47
426,1590,6,27.0,2025-10-28 05:26
427,1857,5,30.0,2025-07-01 19:18
428,2386,15,12.0,2025-06-18 05:13
429,864,6,21.5,2024-12-14 15:48
430,1860,26,20.5,2025-05-16 09:59
431,909,4,5.0,2025-07-11 08:44
432,16,18,20.5,2025-01-28 06:28
433,1458,15,11.5,2025-01-07 12:44
434,1249,17,14.0,2025-03-09 19:46
435,2110,12,31.5,2025-06-19 09:03
436,1577,21,14.5,2025-07-10 12:18
437,2465,15,10.0,2025-02-06 20:53
438,112,18,5.0,2025-05-28 09:07
439,1578,14,19.5,2025-04-08 02:53
440,2261,14,30.0,2025-02-27 03:53
441,573,7,14.0,2024-12-23 07:43
442,733,19,34.5,2025-08-13 05:22
443,1139,6,21.5,2025-10-24 04:45
444,1499,20,31.5,2025-10-16 20:54
445,1196,12,6.5,2025-06-16 17:32
446,926,5,33.0,2025-03-14 08:19
447,1438,17,18.5,2024-12-31 08:36
448,160,27,36.0,2025-02-18 03:18
449,113,16,17.5,2025-12-04 22:07
450,2179,15,15.0,2025-02-10 16:42
451,1859,21,31.0,2025-07-10 22:20
452,932,17,15.0,2025-11-29 21:39
453,2481,14,19.0,2025-08-28 14:05
454,651,6,32.0,2025-11-03 07:33
455,2204,19,16.0,2025-02-04 19:56
456,481,6,25.5,2025-09-12 06:59
457,1989,27,6.5,2025-09-04 10:15
458,1600,17,33.5,2025-09-27 14:05
459,1396,12,4.5,2025-01-31 08:02
460,1123,3,17.0,2025-02-21 05:36
461,571,9,6.5,2025-02-12 01:02
462,2190,20,10.5,2025-09-12 18:55
463,1469,10,5.5,2025-04-20 23:55
464,2468,7,5.0,2025-04-11 15:00
465,187,17,24.0,2025-02-06 08:43
466,419,2,6.5,2025-01-15 03:34
467,635,13,24.0,2025-11-04 04:39
468,2123,17,16.5,2025-04-29 06:10
469,1100,1,11.5,2025-09-10 05:45
470,888,19,16.5,2025-12-03 14:46
471,634,19,12.0,2025-07-08 06:55
472,251,11,32.0,2024-12-18 08:01
473,2009,10,26.5,2025-05-09 14:13
474,721,26,9.5,2025-08-10 10:24
475,1712,20,30.0,2024-12-20 01:26
476,1662,5,10.0,2025-07-09 16:52
477,70,14,19.0,2025-10-12 00:23
478,1487,7,34.5,2025-08-21 13:20
479,1009,12,28.0,2025-02-20 03:38
480,376,8,34.0,2025-01-10 00:52
481,672,26,25.5,2025-09-23 15:52
482,2253,16,27.5,2025-06-03 20:10
483,2129,10,21.0,2025-03-16 16:01
484,979,10,20.0,2025-04-11 03:02
485,2279,4,9.5,2025-03-15 19:27
486,582,17,40.5,2025-07-19 07:41
487,1401,6,27.0,2025-10-12 03:03
488,1460,10,25.5,2025-11-06 09:32
489,856,5,6.5,2025-10-30 01:26
490,934,17,25.0,2025-09-14 23:32
491,461,24,33.5,2025-03-27 20:27
492,689,7,19.5,2025-05-01 19:23
493,1077,25,15.0,2025-08-30 23:32
494,2321,22,34.0,2025-05-05 08:40
495,1120,16,6.5,2025-02-15 19:42
496,1380,6,5.5,2025-02-03 21:46
497,2093,26,31.0,2025-07-23 18:56
498,729,6,4.5,2025-01-26 08:15
499,955,22,5.0,2025-09-02 05:01
500,568,2,10.0,2025-03-07 10:53
501,613,2,15.0,2025-02-14 16:05
502,71,6,17.5,2025-09-22 09:33
503,2480,11,30.5,2025-04-14 20:48
504,677,1,19.0,2025-05-07 07:01
505,1243,14,24.5,2025-12-05 18:28
506,2140,8,40.0,2025-02-15 09:06
507,2224,2,5.0,2025-04-01 19:16
508,535,3,10.0,2025-07-10 21:52
509,206,16,37.5,2025-11-17 01:25
510,1591,13,33.0,2025-04-16 06:51
511,1721,6,9.5,2025-04-01 02:36
512,679,8,4.5,2024-12-26 00:01
513,1106,18,29.5,2025-05-20 17:25
514,2085,6,24.5,2025-09-27 21:06
515,2250,1,31.5,2024-12-17 02:14
516,475,5,26.5,2025-04-07 13:54
517,728,7,35.0,2025-05-02 18:22
518,57,9,21.0,2025-11-08 23:30
519,296,11,9.5,2025-05-12 13:10
520,1748,12,10.0,2025-10-18 02:22
521,478,15,25.5,2025-09-20 05:43
522,868,24,5.0,2025-06-25 08:06
523,1763,3,30.0,2025-01-19 03:02
524,864,13,16.0,2025-03-21 11:06
525,1849,6,30.0,2025-03-31 10:43
526,630,17,23.0,2025-01-19 09:05
527,1874,10,5.0,2025-07-23 17:01
528,1506,20,4.5,2025-02-21 09:45
529,1018,21,6.5,2025-04-16 02:34
530,1951,18,6.5,2025-03-23 08:28
531,943,18,21.5,2025-10-30 00:16
532,998,11,6.5,2025-06-22 16:28
533,337,7,20.5,2024-12-25 05:12
534,2475,8,33.0,2025-01-15 10:37
535,1320,13,9.5,2025-03-01 12:20
536,1305,19,6.5,2025-09-25 16:17
537,120,8,21.5,2025-05-16 08:13
538,1101,25,4.5,2025-03-29 19:31
539,1032,5,31.0,2025-10-12 06:43
540,1189,9,31.5,2025-02-20 06:54
541,67,18,21.5,2025-09-10 07:06
542,1638,14,32.5,2025-07-08 15:01
543,449,10,17.5,2025-07-20 09:17
544,1412,8,5.0,2024-12-26 16:14
545,1388,5,4.5,2025-04-24 03:11
546,2198,3,20.0,2024-12-11 19:13
547,1812,27,31.0,2025-08-01 16:36
548,1578,6,11.0,2025-02-14 02:42
549,1586,7,5.5,2025-02-28 20:55
550,764,5,24.0,2025-07-03 03:34
551,1231,8,31.0,2025-05-09 23:03
552,58,4,12.0,2025-11-04 20:38
553,19,4,10.0,2025-02-15 00:06
554,1142,7,33.0,2025-04-20 05:43
555,1027,24,9.0,2025-05-18 10:44
556,1650,2,15.5,2025-08-03 00:53
557,2498,22,9.5,2025-11-19 17:00
558,1650,13,15.0,2025-04-05 14:10
559,1495,15,10.0,2025-11-03 10:56
560,2372,18,10.5,2025-08-21 16:19
561,104,26,19.5,2025-01-17 19:55
562,274,6,5.0,2025-02-22 22:06
563,2084,27,31.5,2025-11-23 14:00
564,464,11,9.5,2025-06-02 08:56
565,1787,14,20.0,2025-03-18 15:21
566,1215,3,16.0,2024-12-22 02:10
567,1127,21,5.0,2025-03-23 12:33
568,2198,15,24.0,2025-02-06 04:40
569,2318,18,9.5,2025-09-23 17:49
570,1989,22,22.5,2025-05-31 06:10
571,338,13,26.0,2025-05-24 17:20
572,1297,9,9.5,2025-03-15 13:33
573,1007,23,24.0,2025-07-22 14:27
574,536,16,32.5,2025-08-02 15:23
575,697,24,4.5,2024-12-19 18:33
576,1785,21,31.0,2025-07-20 03:46
577,1723,22,14.5,2025-08-26 20:09
578,1413,11,35.5,2025-07-13 11:34
579,901,4,23.0,2025-08-29 17:33
580,162,18,5.0,2025-11-13 08:07
581,2179,15,21.0,2025-05-23 02:00
582,1958,24,28.5,2025-05-16 19:48
583,2137,12,26.0,2025-01-03 10:31
584,1224,26,5.5,2025-04-09 07:21
585,1465,22,19.0,2025-05-04 12:59
586,1617,5,22.5,2025-11-09 16:14
587,1788,14,28.5,2025-05-17 08:21
588,2332,27,9.5,2024-12-15 01:21
589,2271,27,30.0,2025-10-23 03:45
590,284,7,22.0,2025-04-12 13:00
591,2494,26,25.5,2025-10-25 23:07
592,2475,10,9.5,2025-08-15 08:33
593,1495,20,4.5,2024-12-22 12:42
594,2333,26,24.5,2025-05-02 06:52
595,977,22,23.0,2025-10-07 10:33
596,536,18,19.5,2025-03-25 23:29
597,1584,15,6.5,2025-10-13 02:29
598,1034,12,5.0,2024-12-22 11:50
599,236,3,21.0,2025-11-07 18:21
600,1188,26,23.5,2025-09-06 00:44
601,872,19,5.5,2025-01-22 07:37
602,645,22,11.0,2025-05-17 21:48
603,2038,27,16.0,2025-08-22 19:20
604,1524,6,5.5,2025-08-16 06:59
605,1745,17,22.5,2025-02-16 07:16
606,1233,18,10.0,2025-01-25 14:34
607,2005,17,32.0,2025-06-13 02:16
608,730,25,16.0,2024-12-19 00:06
609,1520,5,18.0,2025-09-15 05:09
610,868,7,10.0,2025-12-01 21:13
611,805,12,5.0,2025-10-21 01:31
612,1948,18,9.5,2025-02-24 23:41
613,1225,5,31.0,2025-03-17 22:55
614,57,13,26.0,2025-08-29 20:00
615,1894,19,11.5,2025-09-09 04:07
616,210,3,33.0,2025-11-02 15:58
617,723,10,30.0,2025-04-10 17:16
618,1535,14,5.5,2025-04-24 04:46
619,1968,15,11.5,2025-01-03 08:41
620,675,17,33.5,2024-12-27 14:46
621,2229,2,20.5,2025-12-02 02:56
622,1670,20,15.0,2024-12-27 21:32
623,1472,7,16.0,2024-12-07 08:09
624,253,16,18.0,2025-11-06 16:37
625,2418,25,17.0,2025-02-25 00:21
626,229,10,33.0,2025-07-21 23:05
627,1269,16,10.0,2025-07-18 02:14
628,1666,12,5.0,2025-04-15 01:53
629,1763,9,29.5,2025-04-23 11:39
630,691,10,25.0,2024-12-09 12:41
631,2124,27,19.0,2025-09-18 10:32
632,120,17,21.0,2025-08-13 16:58
633,1034,6,27.5,2025-04-08 00:04
634,2294,20,29.5,2024-12-08 05:28
635,1442,6,21.0,2025-07-24 20:24
636,986,18,26.0,2024-12-15 07:32
637,2337,20,4.5,2025-07-08 08:41
638,264,11,23.5,2025-04-16 03:15
639,1129,26,40.5,2025-04-09 04:11
640,2346,13,26.5,2024-12-21 12:53
641,1190,9,36.5,2025-07-28 11:10
642,437,21,30.5,2025-03-11 06:42
643,1754,13,18.5,2025-02-05 05:26
644,1937,2,10.5,2025-10-12 11:37
645,1474,26,29.5,2025-05-27 03:42
646,895,14,19.5,2025-02-25 03:18
647,2328,8,11.0,2025-03-03 09:06
648,1634,13,24.0,2025-01-08 06:49
649,2097,12,11.0,2025-08-13 15:49
650,2338,26,6.5,2025-03-12 10:39
651,113,4,16.0,2025-05-21 09:21
652,1919,3,33.5,2025-05-10 05:32
653,1204,11,31.0,2025-06-21 23:43
654,975,20,9.5,2025-04-15 23:23
655,17,16,25.0,2025-10-20 00:52
656,1219,4,29.0,2024-12-14 05:41
657,2151,20,31.5,2024-12-10 16:13
658,592,9,30.5,2025-11-17 11:19
659,1253,17,5.0,2025-04-17 13:28
660,2289,20,9.5,2025-04-19 18:15
661,222,5,28.5,2025-01-17 09:14
662,2000,26,31.0,2025-02-19 17:03
663,547,18,35.5,2025-03-03 17:51
664,2265,10,29.0,2025-08-18 10:48
665,263,24,10.0,2025-10-10 11:26
666,673,8,5.0,2025-01-18 23:28
667,1810,22,20.5,2025-07-22 11:57
668,2303,10,38.5,2025-03-12 13:43
669,1720,19,14.0,2025-01-15 22:54
670,1627,7,5.0,2025-01-03 16:54
671,950,27,25.5,2025-10-19 12:13
672,2238,1,21.5,2025-03-26 15:35
673,2370,22,30.5,2025-08-11 01:02
674,2120,5,17.0,2025-07-13 07:05
675,2394,15,10.5,2025-07-22 18:19
676,1926,27,10.5,2025-01-07 23:44
677,2392,20,9.0,2025-10-03 16:03
678,1570,18,10.0,2025-04-22 04:16
679,2294,23,11.0,2025-09-12 11:10
680,545,5,34.5,2025-07-31 04:42
681,1760,16,17.5,2025-10-23 23:32
682,1053,24,4.5,2025-08-25 06:44
683,411,25,10.0,2024-12-08 06:10
684,281,21,9.5,2025-11-11 15:48
685,1193,3,25.5,2025-11-15 09:33
686,296,19,24.0,2025-08-02 22:15
687,407,5,10.0,2025-02-25 16:21
688,486,8,12.0,2025-06-18 11:52
689,2243,9,15.0,2025-09-30 07:27
690,2385,13,6.5,2025-11-05 20:09
691,41,9,4.5,2025-02-14 15:39
692,1651,26,24.5,2025-11-26 12:35
693,1958,1,12.0,2025-08-23 20:25
694,924,20,16.0,2025-06-07 14:37
695,1363,3,26.5,2025-11-15 19:54
696,2178,6,25.5,2025-01-17 09:40
697,1728,9,43.0,2025-01-02 01:29
698,348,11,34.0,2025-02-04 01:24
699,1350,9,28.5,2025-01-04 13:56
700,2199,27,6.5,2025-03-28 07:10
701,2315,12,5.5,2025-06-25 15:59
702,1602,8,11.5,2025-03-18 02:59
703,1990,26,21.5,2025-10-24 03:29
704,368,4,10.5,2025-04-20 10:40
705,503,4,21.5,2025-05-17 05:03
706,2422,2,22.5,2025-04-05 04:07
707,650,5,25.5,2025-05-17 12:14
708,688,19,26.5,2025-09-28 12:32
709,2222,19,36.5,2025-11-19 03:03
710,1192,6,11.5,2025-03-09 03:50
711,1877,24,6.5,2025-07-11 09:45
712,2480,11,5.5,2025-11-18 13:17
713,1749,6,28.5,2025-06-28 04:37
714,423,25,12.0,2025-02-19 18:47
715,66,8,11.0,2025-01-23 13:55
716,92,12,15.0,2025-06-16 17:58
717,2405,22,35.5,2025-05-01 05:37
718,2071,12,30.0,2025-11-30 17:44
719,723,3,15.5,2025-04-13 15:34
720,1768,15,33.5,2025-01-03 06:22
721,1638,15,29.0,2025-12-06 12:25
722,662,5,31.0,2025-09-04 10:37
723,273,16,11.0,2024-12-25 07:38
724,1611,12,30.5,2024-12-31 20:26
725,307,6,28.0,2025-05-20 16:50
726,2343,4,5.5,2025-02-15 06:16
727,442,18,6.5,2025-07-25 20:56
728,2315,10,16.0,2025-10-17 09:30
729,1111,15,31.0,2025-06-16 15:49
730,2181,21,9.0,2025-07-01 19:12
731,1833,24,15.5,2025-06-12 17:26
732,1461,13,26.5,2025-04-01 09:06
733,1023,5,11.0,2025-06-07 11:10
734,686,24,19.5,2025-04-30 14:38
735,2222,24,9.5,2025-04-26 21:08
736,620,6,5.5,2025-05-09 14:22
737,624,21,26.0,2025-04-03 02:46
738,1708,27,24.0,2025-10-03 07:57
739,1627,4,14.0,2025-04-17 12:35
740,342,14,27.5,2025-06-30 01:23
741,1845,7,10.0,2025-07-07 21:45
742,20,5,10.0,2025-07-02 17:51
743,2018,2,26.5,2025-09-09 16:07
744,719,14,11.0,2025-06-09 19:27
745,187,2,5.5,2025-10-11 18:34
746,1764,20,26.0,2025-01-25 16:54
747,1625,5,18.0,2025-01-04 17:50
748,2455,18,15.0,2025-06-19 23:52
749,2168,15,14.0,2025-07-14 15:40
750,1615,12,28.5,2024-12-15 17:40
751,1173,22,5.0,2024-12-20 23:02
752,1553,6,36.0,2025-09-01 01:09
753,244,25,5.0,2025-01-30 14:23
754,2181,6,35.0,2024-12-11 19:15
755,975,21,20.5,2025-08-23 06:40
756,2266,3,5.0,2025-02-05 01:37
757,1420,4,25.5,2025-07-21 03:59
758,42,12,10.0,2025-07-18 09:01
759,1023,17,36.5,2025-01-29 13:32
760,1228,17,23.0,2025-07-20 21:05
761,1035,27,31.0,2025-09-30 05:18
762,825,7,42.5,2025-08-19 18:37
763,712,10,29.0,2025-11-20 12:21
764,145,4,14.5,2025-03-08 22:44
765,2421,2,4.5,2025-01-07 22:34
766,1495,18,9.0,2025-11-03 11:28
767,1531,27,10.5,2025-11-22 22:20
768,1182,24,26.0,2025-02-10 06:26
769,584,19,9.5,2025-11-11 15:57
770,1025,25,22.0,2024-12-11 08:46
771,1961,16,15.0,2025-05-10 16:31
772,2291,12,11.5,2025-08-18 08:42
773,2002,12,26.5,2025-12-05 08:57
774,780,19,9.5,2025-12-03 01:56
775,364,12,9.5,2025-10-27 02:14
776,2448,7,11.0,2025-06-10 01:50
777,1962,2,21.0,2025-10-10 19:43
778,2480,13,5.5,2025-05-25 23:58
779,2466,20,29.0,2025-03-23 15:02
780,1771,15,4.5,2025-09-21 14:44
781,2054,8,24.5,2025-05-09 11:30
782,2030,2,18.5,2024-12-28 07:22
783,594,21,19.5,2025-03-17 11:45
784,2337,13,29.0,2025-11-14 00:09
785,1890,12,25.5,2025-01-13 16:01
786,355,8,4.5,2025-08-14 15:36
787,2075,5,11.0,2025-09-12 19:43
788,2408,11,15.5,2025-07-09 23:25
789,274,3,32.5,2025-04-24 14:22
790,2111,21,14.0,2025-01-03 01:29
791,925,16,5.0,2025-04-21 20:23
792,752,19,28.0,2025-03-01 21:10
793,1325,14,4.5,2025-10-28 01:10
794,2441,15,17.5,2025-11-16 17:03
795,2496,23,5.5,2025-02-19 07:57
796,2286,24,10.0,2025-06-23 05:13
797,1765,15,28.0,2025-06-30 09:15
798,808,4,27.0,2025-10-30 06:48
799,1256,3,26.5,2025-02-28 00:40
800,1000,22,30.0,2025-12-06 10:55
801,560,16,11.0,2025-07-12 22:55
802,219,3,24.5,2025-03-06 21:29
803,753,3,19.5,2025-01-15 09:17
804,463,15,23.5,2025-01-11 08:22
805,879,2,26.5,2025-04-21 00:58
806,244,26,17.0,2025-07-01 03:47
807,12,10,26.0,2025-10-09 08:19
808,2029,1,21.5,2025-02-17 20:57
809,805,10,15.0,2025-07-29 03:51
810,1725,8,16.0,2024-12-16 01:58
811,2279,16,5.5,2025-10-09 09:19
812,1981,16,30.5,2025-09-05 04:58
813,176,17,30.5,2025-06-04 03:23
814,2158,9,21.0,2025-06-25 22:55
815,1830,8,15.0,2025-05-30 17:45
816,448,25,26.0,2025-05-27 20:41
817,63,3,20.5,2025-11-16 01:47
818,71,26,25.0,2025-11-08 10:17
819,1237,16,5.0,2025-02-18 04:57
820,2090,20,19.0,2024-12-10 04:25
821,483,17,34.0,2025-01-18 10:00
822,305,2,24.0,2025-05-06 05:12
823,1897,15,21.5,2025-09-24 06:16
824,284,26,5.0,2025-10-02 13:18
825,312,15,25.0,2024-12-23 03:58
826,2272,14,21.5,2025-03-26 09:24
827,1508,2,29.0,2025-02-07 17:15
828,1954,18,20.0,2025-05-17 10:26
829,2045,14,22.5,2025-01-05 20:50
830,382,24,11.0,2025-02-21 22:32
831,1463,14,11.0,2025-10-27 14:59
832,2068,11,19.5,2025-11-06 19:59
833,1161,6,20.0,2025-01-01 03:26
834,1566,21,4.5,2025-07-23 05:16
835,605,16,4.5,2025-11-30 07:30
836,775,13,15.0,2025-04-11 18:18
837,1087,4,24.5,2025-04-30 14:35
838,141,4,21.0,2025-12-01 05:59
839,538,22,33.0,2025-04-03 15:32
840,1460,7,22.5,2025-09-10 16:48
841,2194,10,6.5,2024-12-23 18:20
842,2138,9,9.0,2025-02-07 07:00
843,1724,15,35.0,2025-03-13 21:51
844,2130,9,10.0,2025-05-26 22:38
845,911,2,24.5,2025-07-19 06:59
846,1851,11,29.0,2025-08-31 15:54
847,2114,2,14.5,2025-08-19 00:46
848,2426,21,27.5,2025-06-26 20:55
849,1503,6,9.5,2025-10-26 02:55
850,1227,23,23.0,2025-08-07 05:50
851,456,12,5.5,2025-02-20 14:37
852,2488,16,27.0,2025-06-22 03:26
853,1544,20,19.5,2025-07-28 11:47
854,864,15,13.5,2025-05-19 15:00
855,929,13,21.5,2025-04-29 00:48
856,1207,9,32.0,2024-12-31 18:38
857,1631,9,30.5,2025-01-20 15:34
858,425,19,15.0,2025-11-24 17:19
859,1717,10,6.5,2025-10-05 22:11
860,1966,20,26.0,2025-11-05 16:11
861,1018,18,17.5,2025-12-04 09:03
862,414,20,35.5,2024-12-29 10:37
863,43,10,21.0,2025-04-27 22:08
864,1468,9,15.5,2025-07-07 09:40
865,2092,12,6.5,2025-11-15 06:16
866,848,13,29.0,2025-09-15 09:43
867,1287,16,23.0,2024-12-29 02:02
868,138,10,13.0,2025-01-11 19:18
869,1514,26,19.0,2025-06-27 22:28
870,334,16,16.0,2025-09-02 06:50
871,1906,8,31.5,2024-12-08 21:11
872,1980,17,28.0,2025-08-14 03:36
873,1382,7,27.0,2025-11-14 04:11
874,1620,6,13.0,2025-02-19 21:55
875,2009,4,9.5,2025-03-15 06:21
876,719,17,16.0,2024-12-24 21:43
877,1614,25,15.0,2025-09-22 11:39
878,1982,18,24.0,2024-12-21 04:46
879,239,8,14.0,2025-10-08 13:10
880,1285,12,27.5,2025-03-03 00:44
881,201,24,16.0,2025-03-14 17:28
882,65,13,14.0,2025-07-29 06:20
883,2236,26,30.0,2025-09-15 07:55
884,430,12,32.0,2025-04-23 23:01
885,2093,4,24.5,2025-02-19 23:56
886,465,6,5.5,2025-03-02 14:52
887,1201,22,28.0,2025-01-07 14:08
888,1388,21,35.0,2025-01-16 08:49
889,1862,19,20.0,2025-04-16 22:08
890,1006,18,28.5,2025-03-26 01:40
891,348,23,20.5,2024-12-24 16:23
892,1048,18,11.5,2025-02-08 07:37
893,1039,21,31.5,2025-10-18 05:20
894,1807,12,6.5,2025-01-07 09:45
895,138,13,9.5,2025-10-25 00:07
896,2418,6,5.0,2025-05-26 02:41
897,809,8,6.5,2025-04-01 16:50
898,2072,17,6.5,2025-02-19 20:56
899,2063,15,19.5,2025-04-20 06:09
900,811,24,24.5,2024-12-31 08:51
901,1955,23,5.0,2025-06-28 05:09
902,888,26,6.5,2025-04-06 14:49
903,2038,1,5.0,2025-11-24 23:23
904,1117,22,5.5,2025-06-08 19:43
905,1409,6,21.0,2025-02-12 11:39
906,992,27,24.0,2025-11-17 21:47
907,542,17,9.5,2025-09-15 04:46
908,388,8,21.0,2025-03-18 23:16
909,1196,4,36.0,2025-04-29 23:32
910,56,18,11.0,2025-11-23 06:12
911,1545,23,5.5,2025-03-24 08:08
912,717,10,21.5,2025-06-29 04:01
913,1666,5,35.5,2025-02-07 10:50
914,1303,10,18.0,2025-03-14 06:14
915,267,24,4.5,2024-12-10 15:21
916,1369,3,20.5,2025-01-24 20:03
917,1703,2,9.5,2025-05-16 01:50
918,2458,10,37.0,2025-03-04 11:18
919,1687,13,21.5,2025-06-27 16:28
920,1515,24,11.0,2025-04-12 09:20
921,391,14,5.5,2025-01-30 03:37
922,1196,21,31.0,2025-06-11 11:56
923,1961,19,19.5,2025-08-31 16:55
924,1121,19,26.0,2025-04-14 11:26
925,1439,15,31.5,2025-05-23 12:06
926,2143,10,9.5,2025-11-14 06:55
927,1916,6,11.0,2025-09-04 12:03
928,2173,26,4.5,2024-12-11 15:34
929,966,23,26.5,2025-02-09 22:49
930,1756,24,4.5,2025-05-19 19:34
931,529,24,22.0,2024-12-19 00:16
932,522,19,9.5,2025-01-05 09:14
933,1253,12,11.5,2024-12-29 11:22
934,1050,10,28.5,2025-11-23 18:29
935,1183,21,5.0,2025-09-26 02:31
936,70,26,14.0,2024-12-21 09:24
937,178,27,6.5,2024-12-10 21:03
938,1006,15,16.0,2025-11-27 19:22
939,185,4,29.0,2025-04-30 22:31
940,26,25,16.0,2025-03-19 09:08
941,2247,8,35.5,2025-05-15 05:32
942,706,14,12.0,2025-04-05 03:12
943,392,12,16.0,2025-04-05 23:34
944,1093,18,10.0,2025-04-28 03:23
945,1756,25,10.5,2025-01-10 05:32
946,206,23,17.5,2025-09-06 08:38
947,998,3,29.5,2025-06-08 09:58
948,2369,16,30.0,2025-03-26 12:37
949,1335,20,11.5,2025-03-09 00:03
950,1883,8,23.5,2025-01-13 21:47
951,1350,18,19.0,2025-06-28 02:27
952,2417,6,16.0,2025-05-26 14:45
953,416,13,28.5,2025-08-14 11:11
954,1374,15,12.0,2025-05-16 10:41
955,1193,12,5.5,2024-12-28 15:56
956,1279,22,16.5,2025-09-02 11:39
957,1054,21,5.0,2025-06-14 09:18
958,211,19,5.0,2025-11-17 14:52
959,751,14,14.5,2025-03-21 02:43
960,1163,6,27.0,2025-04-28 18:24
961,2432,19,5.5,2025-03-16 23:03
962,885,19,21.0,2025-11-02 03:43
963,1058,23,9.0,2024-12-24 02:20
964,184,12,30.5,2025-07-31 09:18
965,2257,8,5.5,2025-07-12 04:35
966,1279,26,26.0,2025-07-16 14:58
967,1752,22,25.5,2025-09-05 16:32
968,1639,11,14.0,2025-09-24 19:50
969,1616,4,11.0,2025-09-28 18:48
970,2264,2,20.5,2025-05-26 02:30
971,2396,9,29.5,2025-01-07 20:16
972,268,23,19.0,2025-04-05 02:05
973,467,18,25.5,2025-02-12 00:09
974,1300,2,16.5,2025-06-05 16:07
975,1535,25,11.0,2025-09-03 20:08
976,2337,4,14.5,2025-03-20 04:10
977,465,11,20.0,2025-02-27 06:11
978,1429,11,26.0,2025-10-29 14:44
979,993,7,9.5,2025-07-20 04:00
980,2359,23,5.5,2025-11-24 15:03
981,1933,27,13.0,2025-07-22 18:38
982,2487,1,17.0,2025-06-02 07:11
983,525,9,34.5,2025-10-27 21:57
984,2317,16,5.0,2025-06-22 23:19
985,1674,10,16.0,2025-09-18 17:35
986,248,23,4.5,2025-07-14 02:29
987,2468,15,11.5,2025-07-19 08:02
988,1438,24,26.0,2025-04-02 13:19
989,1944,3,5.5,2025-04-11 12:40
990,904,6,29.0,2025-10-31 09:54
991,1204,22,5.0,2025-05-27 14:36
992,1369,20,29.0,2025-10-07 04:34
993,1075,16,5.5,2025-03-04 18:58
994,1663,14,5.5,2025-06-27 18:46
995,765,24,11.0,2025-03-08 06:02
996,2149,15,5.0,2025-10-30 00:54
997,2379,2,6.5,2025-07-13 00:39
998,1076,11,4.5,2025-08-03 17:20
999,920,11,6.5,2025-05-05 12:23
1000,2142,1,33.5,2025-04-19 04:13
1001,945,4,12.0,2025-11-26 12:25
1002,1889,24,6.5,2025-07-13 21:56
1003,1657,19,5.0,2025-01-28 15:05
1004,511,16,24.0,2025-12-02 03:02
1005,2194,17,20.5,2025-03-23 03:41
1006,3,21,14.0,2025-05-05 10:51
1007,1572,15,23.0,2024-12-08 12:58
1008,1036,27,25.5,2025-08-11 01:02
1009,596,23,25.5,2025-10-08 17:42
1010,146,8,19.5,2025-09-29 16:26
1011,554,27,16.0,2025-08-31 13:31
1012,835,25,10.5,2024-12-25 11:55
1013,1483,22,13.5,2025-08-16 15:18
1014,452,5,26.0,2025-05-26 17:23
1015,58,22,11.0,2025-01-26 00:03
1016,2360,21,10.5,2025-04-24 16:13
1017,947,4,27.0,2025-08-27 00:58
1018,1871,3,14.0,2024-12-27 05:56
1019,717,16,19.5,2024-12-17 10:20
1020,1746,5,30.0,2025-06-09 13:03
1021,237,26,20.5,2025-07-03 06:46
1022,1202,1,38.5,2025-07-09 01:54
1023,1077,21,9.5,2025-11-13 21:55
1024,1098,2,23.5,2025-01-09 23:45
1025,1642,14,9.5,2025-02-01 16:01
1026,2303,7,4.5,2025-01-13 07:48
1027,264,15,19.5,2025-07-05 11:22
1028,466,3,14.0,2025-01-28 07:11
1029,743,5,21.0,2025-08-13 18:43
1030,455,18,9.5,2025-03-06 12:25
1031,1547,26,31.5,2025-11-06 20:54
1032,213,13,15.5,2025-04-16 09:51
1033,1796,17,16.0,2025-11-01 04:54
1034,112,27,17.5,2025-11-18 18:00
1035,2442,19,14.5,2025-11-25 19:35
1036,2040,4,17.0,2025-03-21 15:39
1037,937,22,11.5,2025-11-29 09:05
1038,1837,6,4.5,2025-05-12 22:56
1039,182,23,20.5,2025-04-01 19:58
1040,2476,13,22.5,2025-01-06 21:02
1041,910,6,20.5,2025-03-14 01:51
1042,2063,25,9.5,2025-07-12 13:44
1043,1250,13,31.0,2025-06-04 13:17
1044,2373,26,24.0,2025-01-31 16:36
1045,1009,6,30.5,2025-08-30 14:57
1046,799,17,21.5,2025-05-02 06:51
1047,1321,19,16.5,2025-01-06 15:53
1048,2239,9,6.5,2025-10-19 21:57
1049,219,1,25.0,2025-01-22 07:28
1050,58,17,31.0,2025-03-02 08:54
1051,2312,26,11.0,2025-05-05 11:02
1052,320,19,21.0,2025-03-20 12:06
1053,1054,26,12.0,2025-10-28 06:26
1054,756,9,6.5,2025-06-02 18:09
1055,1293,23,19.5,2025-11-26 05:52
1056,2070,2,21.5,2025-04-21 21:05
1057,1146,10,14.5,2025-01-08 11:46
1058,1035,25,24.0,2025-05-27 07:07
1059,2136,2,10.5,2025-09-12 15:06
1060,2278,11,11.0,2025-07-12 07:24
1061,1768,6,6.5,2025-08-14 23:11
1062,929,17,30.5,2025-07-10 18:12
1063,57,8,9.5,2025-03-26 07:47
1064,756,5,22.5,2025-04-03 10:40
1065,753,11,26.5,2025-03-04 07:50
1066,461,1,24.0,2025-04-06 12:34
1067,1568,24,13.0,2025-05-11 23:54
1068,431,24,17.0,2025-04-02 18:35
1069,1597,19,5.5,2025-05-11 04:49
1070,14,17,26.0,2025-01-23 14:55
1071,2111,15,33.5,2025-08-03 00:43
1072,1368,19,17.0,2025-04-17 19:05
1073,1548,27,19.0,2025-07-13 02:22
1074,253,17,16.0,2025-07-17 06:23
1075,781,1,34.5,2024-12-31 12:30
1076,1696,18,29.0,2025-03-17 08:26
1077,821,27,26.5,2025-11-24 03:08
1078,2050,22,27.0,2025-05-05 12:16
1079,422,26,11.5,2025-04-21 18:56
1080,634,5,13.0,2025-01-19 11:21
1081,1173,13,25.5,2025-06-12 04:43
1082,1178,7,4.5,2025-10-16 19:42
1083,2000,15,28.5,2025-06-26 20:56
1084,1951,27,22.0,2025-12-02 11:18
1085,818,20,24.5,2025-08-27 03:34
1086,663,5,19.0,2025-03-14 14:50
1087,2291,6,21.5,2025-08-06 08:16
1088,2336,24,6.5,2025-02-15 20:45
1089,2358,13,29.0,2025-04-04 21:12
1090,326,1,23.0,2025-02-21 07:30
1091,2358,11,15.0,2025-08-23 11:00
1092,2474,27,19.5,2025-11-14 07:57
1093,632,6,9.5,2025-09-23 17:31
1094,1209,15,21.0,2025-03-13 16:30
1095,761,5,24.5,2025-08-20 08:54
1096,1898,13,17.5,2025-07-12 20:41
1097,1061,3,15.0,2025-07-18 22:37
1098,2185,20,6.5,2025-09-19 00:22
1099,1113,2,9.5,2025-09-17 02:09
1100,322,24,28.5,2025-12-02 02:32
1101,2376,9,4.5,2025-07-27 18:35
1102,1428,21,10.0,2025-03-06 21:14
1103,1641,22,14.5,2025-02-04 11:42
1104,1407,22,9.5,2025-04-29 00:30
1105,870,2,25.5,2025-05-22 19:52
1106,1840,24,5.0,2025-05-20 23:38
1107,746,20,25.5,2024-12-10 04:35
1108,1033,9,35.5,2025-06-14 05:53
1109,1239,23,12.0,2025-05-01 14:03
1110,1036,8,9.0,2025-11-12 13:38
1111,1268,6,21.0,2025-05-17 10:54
1112,566,21,12.0,2025-06-11 21:51
1113,1828,3,34.0,2025-08-21 00:58
1114,1473,4,15.5,2024-12-17 20:52
1115,543,14,14.0,2025-09-13 05:32
1116,745,3,9.5,2025-03-28 10:51
1117,2130,5,24.0,2025-05-10 22:53
1118,120,17,11.5,2025-03-09 20:12
1119,1866,4,5.0,2025-03-04 08:42
1120,1223,6,17.0,2025-01-22 14:01
1121,1233,16,12.0,2025-04-09 07:48
1122,791,26,16.5,2025-02-23 07:45
1123,2369,24,16.0,2025-09-07 17:58
1124,849,17,22.5,2025-06-09 09:23
1125,1484,13,15.0,2024-12-26 00:13
1126,158,11,20.0,2025-05-14 04:48
1127,656,12,27.0,2025-01-26 01:03
1128,1026,8,6.5,2025-04-22 11:44
1129,2206,23,5.0,2025-04-14 09:40
1130,1461,17,25.5,2025-03-07 19:43
1131,1163,1,27.5,2025-01-11 07:54
1132,877,17,14.0,2025-07-27 09:03
1133,315,22,5.5,2025-10-09 16:29
1134,2100,25,20.5,2025-05-14 11:16
1135,420,18,20.0,2025-06-25 08:25
1136,191,25,27.0,2025-06-26 19:24
1137,859,6,23.5,2025-07-23 11:59
1138,2309,18,10.0,2025-08-12 15:20
1139,316,9,15.0,2025-01-16 08:57
1140,1811,5,14.5,2025-01-18 06:10
1141,1250,7,27.0,2025-04-05 09:01
1142,2254,16,24.5,2025-04-20 20:41
1143,1145,1,14.5,2025-08-23 18:41
1144,2425,21,5.5,2025-10-19 22:54
1145,118,21,31.0,2025-10-04 08:51
1146,1099,16,26.0,2025-03-18 09:40
1147,1805,12,24.5,2025-05-28 07:50
1148,1135,15,14.5,2025-06-03 14:26
1149,92,12,26.5,2025-03-10 16:21
1150,1038,8,23.0,2025-08-18 13:42
1151,2131,22,34.5,2025-12-04 04:39
1152,1127,25,21.0,2025-07-08 21:56
1153,681,20,30.5,2025-01-31 09:16
1154,200,3,25.0,2024-12-25 19:24
1155,2300,19,20.0,2025-12-03 14:56
1156,2156,2,37.5,2025-06-06 06:37
1157,262,8,27.0,2025-01-24 17:31
1158,1769,14,11.5,2024-12-31 01:27
1159,1847,17,10.5,2025-02-16 06:56
1160,185,19,16.5,2025-04-28 01:37
1161,2446,12,23.0,2025-09-05 08:25
1162,755,26,14.0,2025-03-28 23:41
1163,1322,15,4.5,2025-07-16 21:44
1164,1807,6,18.5,2025-07-27 13:30
1165,651,20,20.5,2025-01-13 11:38
1166,1697,26,20.0,2025-05-13 12:21
1167,1231,1,34.0,2025-03-11 11:04
1168,1200,7,10.5,2025-10-19 03:06
1169,2155,2,4.5,2025-09-02 10:13
1170,1050,8,26.5,2025-08-11 10:38
1171,719,11,20.5,2025-12-06 14:52
1172,331,19,9.5,2025-08-20 23:56
1173,1278,6,34.5,2025-06-23 16:04
1174,663,13,12.0,2025-05-03 08:07
1175,2391,24,4.5,2025-07-04 22:31
1176,1398,11,30.0,2025-03-22 18:39
1177,1882,15,26.0,2025-12-01 12:55
1178,1562,23,15.5,2025-04-28 16:09
1179,2303,4,27.0,2025-06-25 00:00
1180,1230,10,17.5,2025-10-20 16:22
1181,303,9,21.0,2025-03-24 16:10
1182,651,4,6.5,2024-12-07 08:38
1183,1121,21,33.5,2025-07-13 10:13
1184,384,19,12.0,2025-11-06 05:54
1185,2438,8,9.5,2025-11-03 22:18
1186,1047,8,35.0,2025-04-15 12:11
1187,48,18,14.5,2025-02-12 10:19
1188,1817,23,5.5,2025-03-19 02:56
1189,961,9,5.0,2025-10-26 23:16
1190,2457,19,4.5,2025-07-19 14:35
1191,366,24,20.5,2024-12-24 19:59
1192,475,11,19.0,2025-04-03 23:03
1193,803,27,21.0,2025-08-24 17:32
1194,1373,27,5.5,2025-09-08 12:37
1195,1305,20,20.0,2025-01-07 14:35
1196,1559,7,14.5,2025-03-21 05:36
1197,994,19,19.0,2024-12-26 13:03
1198,1273,26,9.5,2025-03-30 09:20
1199,1001,7,15.0,2025-06-11 15:48
1200,1147,11,5.0,2025-04-07 04:24
1201,402,10,6.5,2025-09-01 16:44
1202,1850,9,12.0,2024-12-18 01:45
1203,907,6,25.5,2025-07-17 02:43
1204,2197,9,21.0,2025-01-16 12:57
1205,280,21,20.5,2025-07-22 19:19
1206,1768,13,6.5,2025-03-23 23:12
1207,1420,15,10.5,2025-05-18 21:04
1208,720,18,11.5,2025-02-03 23:17
1209,347,26,5.0,2025-04-26 05:53
1210,365,27,14.5,2025-06-06 00:49
1211,957,2,25.0,2025-10-24 19:37
1212,202,25,5.0,2025-09-08 10:04
1213,177,22,16.0,2025-11-28 03:19
1214,312,15,4.5,2024-12-15 06:44
1215,800,26,27.5,2025-11-24 20:36
1216,92,23,11.0,2025-02-19 06:22
1217,307,5,5.0,2025-11-13 09:59
1218,1367,24,31.5,2025-08-25 08:35
1219,2330,3,6.5,2025-05-27 12:58
1220,930,24,24.5,2025-04-15 20:30
1221,2368,21,14.5,2025-11-03 12:16
1222,563,26,10.5,2025-09-29 19:38
1223,2017,15,29.5,2025-01-12 07:09
1224,775,8,10.5,2025-09-25 07:42
1225,743,11,24.5,2025-03-30 15:42
1226,180,22,26.0,2025-10-13 08:34
1227,1133,16,21.0,2025-09-21 16:21
1228,956,22,16.0,2025-08-02 18:32
1229,2173,4,5.0,2025-05-01 20:06
1230,1981,24,30.5,2025-01-28 12:15
1231,908,27,31.0,2025-01-19 06:55
1232,936,18,21.5,2025-02-11 11:40
1233,1576,5,27.0,2025-07-30 04:12
1234,2075,18,6.5,2025-07-21 21:04
1235,2369,20,20.0,2025-11-18 08:17
1236,129,5,20.5,2025-01-30 20:13
1237,1323,9,19.5,2025-04-01 07:16
1238,2088,20,6.5,2025-07-20 12:31
1239,700,24,9.5,2025-03-30 15:57
1240,761,15,23.0,2025-10-04 17:05
1241,526,15,5.0,2024-12-21 03:00
1242,903,11,11.5,2025-04-18 06:25
1243,2023,8,17.5,2025-01-04 02:15
1244,709,10,35.0,2025-04-02 18:22
1245,946,20,15.0,2024-12-15 13:37
1246,2035,27,10.5,2025-11-11 01:23
1247,2401,7,4.5,2025-11-19 09:31
1248,1982,25,24.5,2025-08-21 16:41
1249,131,17,15.0,2025-06-23 16:24
1250,1627,11,13.5,2025-11-17 23:35
1251,104,15,6.5,2025-06-27 20:05
1252,1147,22,9.5,2025-11-19 01:00
1253,1949,16,4.5,2025-06-03 13:27
1254,2268,21,29.0,2025-02-27 18:03
1255,2085,14,9.5,2024-12-11 02:31
1256,694,8,20.0,2025-03-14 20:31
1257,1162,22,31.5,2025-09-26 12:38
1258,1948,15,4.5,2025-05-03 12:39
1259,1036,8,21.0,2025-04-02 04:11
1260,1875,18,18.0,2025-10-27 12:10
1261,915,8,5.0,2025-09-14 15:04
1262,2365,27,33.5,2025-04-19 02:27
1263,355,18,36.0,2025-04-14 06:50
1264,2393,10,29.0,2025-09-16 20:46
1265,1770,15,25.0,2025-02-14 20:39
1266,1967,12,29.0,2025-03-12 11:44
1267,519,20,20.5,2025-06-21 09:49
1268,1337,18,23.0,2025-01-13 18:44
1269,740,14,15.0,2025-07-15 19:18
1270,1509,16,16.0,2025-03-23 15:51
1271,1627,25,17.0,2024-12-09 11:41
1272,1674,12,4.5,2025-07-08 08:32
1273,1867,14,21.0,2025-05-09 13:02
1274,40,1,9.5,2025-02-10 10:15
1275,766,27,16.0,2025-03-18 16:17
1276,1458,8,9.5,2025-04-30 15:53
1277,1534,18,5.0,2025-09-16 08:41
1278,200,18,32.5,2025-04-23 05:12
1279,2194,12,23.5,2025-06-15 03:13
1280,729,25,15.5,2025-10-22 20:35
1281,2306,2,31.5,2025-08-20 13:23
1282,1365,11,15.5,2025-09-24 07:42
1283,1004,5,5.0,2025-02-20 07:09
1284,728,26,25.5,2025-03-21 04:11
1285,762,24,21.0,2025-10-25 19:04
1286,1562,14,5.5,2025-03-15 06:44
1287,457,7,20.5,2025-03-15 12:42
1288,618,6,20.0,2025-09-21 00:12
1289,202,25,5.5,2025-05-29 06:55
1290,1137,25,25.0,2025-05-29 23:00
1291,712,25,5.5,2025-05-29 18:27
1292,1224,3,9.5,2025-07-31 21:18
1293,85,7,22.0,2025-09-02 18:57
1294,1107,1,28.5,2024-12-18 07:03
1295,906,11,20.5,2025-05-12 18:09
1296,1084,21,16.0,2024-12-11 17:26
1297,1093,24,27.5,2025-10-22 15:35
1298,155,16,27.5,2025-07-24 07:51
1299,324,7,19.5,2024-12-28 14:07
1300,1842,20,16.5,2025-09-30 02:59
1301,935,14,11.0,2025-12-04 09:31
1302,1360,13,30.5,2025-11-27 22:49
1303,1363,1,24.0,2025-02-08 08:33
1304,145,3,22.0,2025-05-26 06:16
1305,1544,13,6.5,2025-04-01 04:45
1306,844,25,31.5,2025-01-11 11:43
1307,403,15,6.5,2025-04-27 16:09
1308,1638,17,21.5,2025-10-19 00:07
1309,1786,1,15.0,2025-03-08 02:11
1310,812,14,30.0,2025-07-13 04:38
1311,910,5,43.0,2025-03-29 06:33
1312,1300,21,26.5,2025-05-29 01:03
1313,1333,25,9.5,2025-11-08 09:48
1314,1330,9,32.5,2025-04-22 21:29
1315,1060,13,18.5,2025-01-04 19:27
1316,1335,11,35.5,2025-04-22 21:25
1317,339,18,6.5,2025-10-01 16:47
1318,790,6,5.0,2025-08-05 11:25
1319,1325,1,30.5,2025-01-19 17:50
1320,1073,24,4.5,2025-01-05 00:45
1321,939,17,9.5,2025-09-20 00:49
1322,444,20,30.5,2025-10-22 08:30
1323,1084,11,5.5,2025-02-09 15:16
1324,2229,24,5.0,2025-11-26 00:06
1325,2278,3,25.5,2025-05-24 15:21
1326,1124,19,22.5,2025-09-13 12:15
1327,1676,20,24.0,2025-11-10 04:13
1328,1135,5,34.5,2025-10-12 02:44
1329,427,7,22.5,2025-03-24 23:35
1330,159,18,22.0,2025-04-07 23:17
1331,1967,7,40.0,2025-05-26 01:30
1332,2222,1,22.5,2025-06-04 16:50
1333,2147,21,28.0,2024-12-23 22:19
1334,719,10,13.5,2025-10-07 05:46
1335,811,20,33.0,2024-12-25 02:14
1336,1206,20,11.0,2025-03-28 23:03
1337,1124,16,28.5,2025-06-15 11:09
1338,1058,13,19.0,2024-12-16 00:37
1339,450,20,16.5,2025-10-21 09:33
1340,1791,13,17.0,2025-09-27 15:40
1341,570,13,10.5,2025-04-04 09:03
1342,36,18,25.5,2025-10-11 01:17
1343,2488,17,16.5,2025-03-23 21:41
1344,597,2,29.0,2025-05-22 05:24
1345,278,14,11.5,2025-06-17 00:32
1346,408,11,35.5,2025-06-24 06:17
1347,2203,13,24.5,2025-02-16 16:55
1348,1052,15,16.0,2025-10-17 17:03
1349,1773,12,23.5,2025-10-30 23:36
1350,1855,11,14.5,2025-12-03 19:38
1351,65,10,16.5,2024-12-27 13:40
1352,2069,27,25.5,2025-08-21 01:18
1353,555,9,41.5,2025-07-26 03:02
1354,2145,23,30.5,2025-12-02 12:27
1355,1453,19,21.5,2025-03-23 06:44
1356,560,2,28.5,2025-06-27 05:20
1357,2142,17,19.5,2025-05-14 02:37
1358,888,14,14.0,2025-11-27 10:12
1359,30,1,24.0,2025-04-16 10:24
1360,2182,13,15.0,2025-05-07 11:44
1361,1557,11,30.5,2025-04-12 15:44
1362,280,26,20.5,2025-07-31 00:44
1363,925,9,21.5,2025-11-23 04:06
1364,1890,1,6.5,2025-02-22 23:50
1365,962,19,31.0,2025-02-05 08:20
1366,1817,15,17.0,2025-10-22 16:21
1367,871,2,11.5,2024-12-25 18:04
1368,584,17,24.0,2025-09-18 17:12
1369,921,1,12.0,2025-07-24 21:52
1370,474,23,5.0,2025-03-23 02:08
1371,424,4,14.0,2025-02-15 21:42
1372,678,4,14.5,2025-01-02 01:59
1373,956,10,10.5,2025-06-19 17:53
1374,1066,27,5.0,2025-09-09 12:47
1375,1564,9,19.5,2025-02-19 00:09
1376,121,2,25.5,2025-03-09 22:31
1377,1877,5,18.5,2025-10-21 11:44
1378,132,5,19.5,2025-07-10 21:24
1379,1279,13,23.5,2025-11-08 05:40
1380,1455,26,5.5,2025-10-05 20:49
1381,2082,21,35.5,2025-03-15 00:09
1382,880,5,12.0,2025-04-29 11:30
1383,172,18,16.0,2025-06-03 03:10
1384,1001,16,19.0,2025-10-20 16:49
1385,1459,17,6.5,2025-10-10 08:36
1386,1508,13,14.5,2025-01-26 20:13
1387,860,13,22.5,2025-04-24 18:00
1388,2449,14,10.0,2025-04-26 20:13
1389,735,2,33.5,2025-06-19 15:24
1390,426,5,19.5,2025-05-18 02:57
1391,781,24,29.0,2025-10-24 06:21
1392,2411,5,4.5,2025-07-01 17:31
1393,1240,14,9.5,2025-01-31 06:15
1394,797,15,4.5,2025-02-05 00:28
1395,1019,10,31.0,2025-04-23 15:15
1396,1798,23,24.5,2025-07-30 01:39
1397,1896,16,15.0,2025-10-18 00:55
1398,1371,22,25.0,2025-11-17 04:47
1399,406,1,19.5,2025-11-20 01:05
1400,2033,6,13.5,2025-06-19 17:53
1401,824,8,27.0,2025-09-23 22:57
1402,723,14,30.0,2025-08-03 11:01
1403,1389,5,10.0,2025-10-25 01:43
1404,2406,13,23.5,2025-10-07 06:09
1405,2337,17,14.5,2025-08-01 12:36
1406,1384,23,15.5,2025-10-28 15:41
1407,72,17,20.0,2025-06-24 07:30
1408,1713,13,31.5,2025-06-26 23:18
1409,114,27,17.0,2025-02-25 21:41
1410,2288,8,14.0,2025-01-16 03:06
1411,219,4,27.0,2025-03-06 03:17
1412,1150,16,5.5,2025-10-01 06:32
1413,2432,8,25.5,2025-06-19 08:30
1414,1945,25,30.0,2025-12-06 06:42
1415,625,24,9.5,2025-01-17 09:56
1416,1894,2,34.5,2025-09-09 21:17
1417,1173,11,25.5,2025-09-16 02:10
1418,1185,13,26.0,2024-12-31 21:47
1419,904,16,21.0,2025-07-09 22:10
1420,2077,7,15.5,2025-11-03 08:21
1421,999,1,5.0,2025-03-31 08:14
1422,1230,6,14.0,2024-12-11 16:55
1423,2397,6,41.5,2025-03-19 12:17
1424,1887,20,38.5,2025-07-11 04:10
1425,280,13,6.5,2025-04-30 15:16
1426,2106,11,14.0,2025-05-20 04:22
1427,1125,16,10.5,2025-07-12 08:53
1428,1064,17,21.0,2025-03-23 12:19
1429,528,19,14.5,2025-04-10 01:48
1430,610,17,23.5,2025-04-26 19:36
1431,175,23,11.5,2025-06-14 00:25
1432,2278,17,14.0,2025-11-17 16:57
1433,564,7,31.5,2025-05-20 05:10
1434,749,8,5.5,2025-06-19 07:31
1435,1964,22,28.5,2024-12-20 12:22
1436,1493,2,26.0,2025-08-01 11:57
1437,2319,14,25.0,2025-01-27 16:58
1438,534,24,20.0,2024-12-15 23:52
1439,128,19,10.0,2025-11-14 18:02
1440,1678,21,19.0,2025-11-30 08:23
1441,1044,20,15.0,2024-12-23 12:30
1442,1503,17,24.5,2025-11-06 11:38
1443,2185,24,33.0,2025-06-06 01:18
1444,1493,15,19.5,2025-04-28 11:15
1445,2309,27,10.0,2025-09-30 21:37
1446,1829,8,30.5,2025-06-04 16:50
1447,1609,1,22.0,2025-01-28 19:18
1448,2345,14,6.5,2025-10-01 11:43
1449,2267,6,10.0,2025-06-15 07:27
1450,1019,24,34.5,2025-02-27 01:28
1451,1253,2,31.5,2025-07-27 09:37
1452,83,21,13.0,2025-01-02 04:53
1453,91,10,4.5,2025-09-19 00:32
1454,2015,5,11.0,2025-03-04 11:03
1455,1000,5,6.5,2025-01-08 04:37
1456,1519,17,27.5,2025-03-15 22:33
1457,1009,16,16.0,2025-05-14 09:52
1458,531,16,15.0,2025-01-25 19:43
1459,1513,24,25.0,2025-08-26 11:42
1460,1897,2,12.0,2025-06-25 08:30
1461,1347,23,26.0,2025-02-23 16:09
1462,2236,15,22.5,2025-04-18 06:30
1463,1718,3,24.0,2025-02-03 10:25
1464,1856,25,20.5,2025-05-26 19:01
1465,2271,12,25.5,2025-10-19 13:34
1466,1470,15,6.5,2025-06-18 06:17
1467,2328,26,26.0,2025-11-25 03:02
1468,1464,22,35.5,2025-10-15 02:11
1469,507,13,5.0,2025-06-27 18:25
1470,259,16,27.0,2024-12-09 22:19
1471,116,10,11.0,2025-11-14 16:32
1472,2110,21,6.5,2025-03-17 16:49
1473,13,6,33.5,2025-06-01 22:36
1474,1302,2,22.5,2025-10-03 09:13
1475,2326,18,10.0,2025-06-22 05:23
1476,1415,24,9.5,2025-03-17 17:16
1477,1746,5,9.5,2025-09-20 01:15
1478,1721,26,6.5,2025-10-18 04:12
1479,626,19,21.5,2025-05-19 07:23
1480,1780,11,31.5,2025-07-28 12:00
1481,334,10,6.5,2025-08-01 16:43
1482,1971,11,18.5,2025-08-09 01:25
1483,2082,17,31.5,2025-07-04 20:39
1484,2425,10,24.0,2025-03-23 05:41
1485,192,22,11.0,2025-06-12 15:51
1486,849,22,16.5,2025-10-13 11:47
1487,1450,4,21.5,2025-10-26 22:41
1488,896,12,22.0,2025-10-23 02:43
1489,1868,17,24.5,2025-06-25 18:09
1490,2127,18,14.5,2025-07-17 22:00
1491,1470,20,25.0,2025-04-30 08:05
1492,1488,3,13.0,2025-04-10 19:17
1493,1054,9,5.0,2025-03-13 06:20
1494,2059,17,5.0,2025-02-15 07:38
1495,1668,2,14.0,2025-08-03 02:17
1496,1157,19,29.0,2025-06-01 17:43
1497,1121,7,5.0,2025-10-18 08:21
1498,580,9,9.5,2025-04-06 15:55
1499,714,21,17.0,2024-12-24 03:46
1500,357,2,5.0,2025-02-03 01:16
1501,1571,5,23.5,2025-06-23 12:26
1502,975,16,24.5,2025-10-19 08:53
1503,723,25,24.5,2025-05-15 11:39
1504,2483,12,25.5,2025-02-24 06:34
1505,207,2,10.5,2025-05-23 23:45
1506,1513,17,17.5,2025-07-03 23:24
1507,1514,4,19.5,2025-05-29 15:52
1508,1248,9,19.0,2025-11-21 16:55
1509,497,18,16.5,2024-12-15 09:18
1510,2409,22,31.5,2025-03-05 11:28
1511,2049,4,25.0,2025-06-18 22:42
1512,1839,20,9.5,2025-07-18 18:58
1513,481,11,20.5,2025-11-17 03:56
1514,789,21,9.0,2025-01-30 15:20
1515,2384,2,26.5,2025-01-02 12:58
1516,1726,26,13.0,2025-02-20 10:54
1517,12,9,30.5,2025-10-14 20:23
1518,23,1,4.5,2025-02-01 16:13
1519,1610,23,20.0,2025-01-19 16:35
1520,1034,15,6.5,2025-05-11 03:49
1521,2024,17,10.0,2025-03-15 03:30
1522,1361,8,9.5,2025-08-05 20:24
1523,677,13,33.0,2025-02-08 20:31
1524,76,10,6.5,2025-09-12 15:54
1525,1639,2,16.0,2025-11-23 19:57
1526,1375,18,17.5,2025-09-06 10:22
1527,1174,20,25.0,2025-03-14 13:52
1528,228,2,14.0,2024-12-28 22:20
1529,1932,14,36.5,2025-01-12 10:06
1530,2016,19,23.0,2025-11-27 16:38
1531,1389,7,5.0,2025-03-16 00:07
1532,831,23,4.5,2025-02-27 12:04
1533,31,4,16.5,2025-09-01 13:37
1534,376,17,9.5,2025-10-25 13:46
1535,2485,23,26.0,2025-08-17 21:24
1536,1625,13,16.0,2025-07-01 19:23
1537,1940,15,15.0,2025-06-11 01:16
1538,1998,16,16.5,2025-08-01 14:10
1539,46,6,10.0,2025-09-20 12:02
1540,1930,21,21.5,2025-11-11 05:13
1541,2247,6,29.5,2025-02-05 18:11
1542,377,22,19.5,2024-12-13 02:31
1543,202,16,24.0,2025-07-22 15:53
1544,1132,13,10.5,2025-05-27 20:00
1545,2480,20,26.5,2024-12-12 03:10
1546,866,2,34.0,2025-08-24 15:58
1547,281,25,21.5,2025-01-12 16:07
1548,159,25,16.0,2025-05-14 10:07
1549,983,24,24.0,2025-09-17 12:16
1550,2462,27,9.5,2025-10-02 22:25
1551,390,1,19.0,2024-12-07 08:05
1552,694,20,35.5,2024-12-20 14:50
1553,541,16,5.0,2025-03-08 06:57
1554,1243,22,26.0,2025-03-04 20:26
1555,1304,8,35.0,2024-12-18 07:18
1556,448,6,5.0,2025-04-08 03:55
1557,1382,3,16.0,2025-11-25 06:39
1558,1339,4,29.0,2024-12-24 20:42
1559,1823,17,19.5,2025-07-05 06:15
1560,1354,14,39.5,2025-12-07 01:07
1561,1524,3,11.5,2025-06-01 07:43
1562,1568,10,30.0,2025-01-23 14:00
1563,2443,5,21.5,2025-06-13 23:42
1564,226,12,16.0,2025-07-21 11:43
1565,291,22,36.0,2024-12-16 11:41
1566,2268,8,5.0,2025-10-02 17:24
1567,844,8,30.5,2025-07-17 21:32
1568,255,26,16.5,2025-08-28 02:33
1569,1925,13,24.5,2025-03-19 21:47
1570,1631,7,10.0,2025-03-06 10:59
1571,931,3,34.0,2025-10-31 18:47
1572,2226,17,25.5,2025-03-11 16:09
1573,2435,24,31.0,2025-07-21 05:13
1574,1594,4,12.0,2025-09-02 09:11
1575,924,14,15.0,2025-07-22 10:54
1576,2167,19,27.5,2025-06-13 11:50
1577,2491,1,5.0,2025-09-13 15:24
1578,1238,27,14.0,2025-03-23 08:19
1579,764,2,30.5,2025-04-07 22:52
1580,309,8,11.0,2025-05-30 13:07
1581,1201,9,5.0,2025-09-01 10:29
1582,415,8,4.5,2025-03-24 13:44
1583,2327,20,21.5,2025-08-21 18:12
1584,1922,5,38.5,2025-05-01 06:24
1585,2351,2,6.5,2025-05-14 13:12
1586,1806,8,19.5,2025-11-01 04:32
1587,1746,13,15.0,2025-09-06 23:10
1588,98,22,20.0,2025-02-01 17:01
1589,2419,11,26.0,2025-01-26 11:15
1590,1059,6,11.0,2025-08-24 15:49
1591,1496,3,5.0,2025-04-12 18:17
1592,1703,16,9.5,2025-10-01 04:41
1593,1599,15,31.5,2025-11-05 10:28
1594,353,22,15.0,2025-08-03 22:10
1595,241,27,24.5,2025-01-26 20:02
1596,916,2,26.5,2024-12-11 20:11
1597,1466,22,16.5,2024-12-25 06:32
1598,343,27,25.5,2025-09-08 05:55
1599,1575,1,29.0,2025-04-24 05:27
1600,502,22,16.0,2025-06-10 23:34
1601,434,16,13.0,2025-11-29 05:29
1602,1260,5,25.0,2025-11-25 06:35
1603,1406,10,24.5,2025-05-02 22:00
1604,102,8,28.5,2025-07-10 16:46
1605,1915,9,34.5,2025-11-13 03:02
1606,873,7,35.5,2025-11-07 17:21
1607,1533,5,33.0,2025-05-18 05:55
1608,626,16,5.5,2025-05-30 03:38
1609,2103,17,9.0,2025-11-10 03:52
1610,549,12,20.0,2025-09-01 21:30
1611,1691,24,16.5,2025-06-08 14:19
1612,1743,15,35.0,2025-05-08 13:41
1613,289,25,20.0,2025-06-03 20:45
1614,461,5,28.0,2025-06-15 14:21
1615,1326,22,17.0,2025-03-16 05:24
1616,858,26,6.5,2025-04-20 21:12
1617,2494,3,4.5,2024-12-12 18:37
1618,116,24,20.5,2025-10-07 19:12
1619,1435,12,16.0,2025-04-20 15:16
1620,1876,21,21.5,2025-03-11 23:29
1621,845,7,16.0,2025-01-10 04:21
1622,965,6,11.0,2025-02-24 12:47
1623,2086,19,23.0,2025-10-03 22:03
1624,634,16,19.0,2025-02-03 12:05
1625,768,11,34.5,2025-01-31 21:03
1626,1396,19,26.5,2025-07-17 16:51
1627,1227,2,22.0,2025-05-22 10:22
1628,1990,13,4.5,2025-09-03 06:52
1629,708,19,17.5,2025-01-12 17:48
1630,1244,19,5.5,2025-05-18 23:55
1631,357,12,15.5,2025-01-10 16:40
1632,588,14,5.0,2025-07-16 03:49
1633,276,20,24.0,2025-03-21 23:49
1634,1332,14,21.0,2025-06-19 18:53
1635,1038,21,5.5,2025-10-10 22:05
1636,1624,5,20.5,2025-03-27 17:19
1637,278,2,27.0,2025-04-19 02:26
1638,2400,17,21.5,2025-08-24 11:14
1639,490,12,13.5,2025-04-01 02:34
1640,2304,25,20.5,2025-11-08 23:40
1641,1762,27,5.0,2024-12-27 15:01
1642,2343,2,24.0,2025-04-19 08:07
1643,1552,17,6.5,2025-07-04 22:12
1644,2052,3,5.0,2025-01-19 16:39
1645,1631,19,12.0,2025-02-05 05:57
1646,1462,17,43.0,2024-12-21 15:33
1647,2271,6,9.5,2025-01-20 15:16
1648,1850,8,22.5,2025-08-12 19:52
1649,1841,18,29.0,2025-11-23 19:16
1650,1084,26,18.5,2025-02-05 20:57
1651,2126,15,6.5,2025-07-09 19:22
1652,188,13,14.0,2025-05-24 02:16
1653,82,20,5.0,2025-11-25 10:46
1654,100,18,19.0,2025-12-05 18:20
1655,2409,10,19.0,2025-06-22 21:01
1656,1982,21,5.5,2025-04-23 01:08
1657,762,10,13.5,2025-09-11 21:55
1658,207,24,10.5,2025-11-29 00:16
1659,1615,7,31.0,2025-04-24 08:56
1660,1774,26,19.5,2025-12-05 01:10
1661,300,9,5.5,2025-08-04 14:10
1662,617,1,14.0,2025-11-23 06:21
1663,1423,22,10.0,2025-06-19 22:10
1664,1961,1,14.0,2024-12-27 13:43
1665,8,7,31.5,2025-04-07 21:28
1666,2148,10,5.5,2025-02-27 22:40
1667,2108,1,5.0,2025-08-18 15:58
1668,2470,2,24.0,2025-01-30 09:49
1669,348,20,4.5,2025-01-27 12:25
1670,2029,3,15.0,2025-11-02 11:43
1671,409,27,14.0,2025-10-20 20:53
1672,1894,26,4.5,2025-03-27 01:54
1673,1287,27,17.0,2024-12-31 08:14
1674,2026,23,17.5,2025-04-04 19:29
1675,970,25,27.0,2025-11-08 17:08
1676,1831,6,17.5,2025-10-16 04:54
1677,1940,12,14.5,2025-01-04 09:53
1678,1254,7,29.0,2025-05-26 06:16
1679,85,3,34.5,2025-08-29 13:25
1680,858,4,10.0,2025-06-20 19:43
1681,1108,15,26.0,2025-06-12 04:31
1682,1790,16,26.0,2025-09-22 03:44
1683,1242,9,27.5,2025-06-27 16:02
1684,130,15,19.5,2025-05-18 02:23
1685,1615,10,25.5,2025-06-12 18:57
1686,1490,5,28.0,2025-04-05 01:44
1687,259,7,15.5,2025-11-05 06:04
1688,1725,13,34.0,2025-07-02 02:52
1689,1171,13,22.0,2025-01-14 11:49
1690,547,6,25.5,2025-07-19 19:05
1691,2303,12,11.5,2025-07-03 03:31
1692,531,9,4.5,2025-11-17 16:24
1693,1367,19,30.0,2025-07-11 00:28
1694,1598,8,39.5,2024-12-19 21:00
1695,1782,22,24.0,2025-09-29 06:06
1696,601,8,10.5,2025-03-06 05:33
1697,1704,15,25.0,2025-02-22 18:18
1698,1992,1,10.5,2025-10-03 21:33
1699,840,24,25.0,2025-10-16 16:32
1700,1222,13,26.5,2025-08-15 13:53
1701,1763,7,18.0,2025-03-19 15:54
1702,2124,20,15.0,2025-01-28 11:10
1703,1846,25,18.5,2025-10-13 07:38
1704,1974,25,27.0,2025-09-23 13:38
1705,1495,3,41.5,2024-12-08 08:31
1706,1899,27,23.5,2025-06-15 07:27
1707,1087,24,15.0,2025-08-12 02:33
1708,2057,4,10.0,2025-10-30 13:42
1709,367,7,11.5,2024-12-16 23:18
1710,1828,10,6.5,2025-02-03 01:25
1711,220,16,13.0,2025-10-23 02:13
1712,1800,4,21.5,2025-01-08 19:50
1713,911,25,15.0,2025-07-10 08:45
1714,1562,23,9.0,2025-01-18 03:37
1715,2188,9,22.5,2025-11-21 19:20
1716,231,11,6.5,2025-08-24 09:40
1717,1319,2,19.5,2025-10-17 16:01
1718,1473,13,23.0,2025-06-03 20:32
1719,900,26,29.5,2025-08-02 15:43
1720,290,26,30.5,2025-01-06 22:41
1721,1045,13,5.0,2025-02-05 03:58
1722,1136,7,4.5,2025-12-06 00:06
1723,1256,3,21.0,2025-08-19 03:26
1724,2392,20,21.5,2025-01-31 16:08
1725,2144,27,27.0,2024-12-26 01:02
1726,1420,22,6.5,2025-09-26 06:41
1727,881,20,24.5,2025-07-21 23:39
1728,147,22,30.0,2025-12-04 15:23
1729,2268,11,16.0,2025-05-29 10:08
1730,2222,23,16.0,2025-09-06 09:58
1731,205,11,10.0,2025-04-18 11:49
1732,2481,2,15.5,2025-11-06 19:53
1733,1222,4,31.0,2025-01-22 16:07
1734,1744,10,21.5,2025-02-21 15:41
1735,362,15,12.0,2025-04-29 01:54
1736,1639,18,27.5,2025-11-27 19:43
1737,1723,25,21.5,2025-03-14 05:44
1738,1254,13,5.5,2025-09-10 08:22
1739,275,24,36.0,2025-09-01 22:09
1740,393,13,32.5,2025-11-19 00:40
1741,2155,14,21.5,2025-01-02 02:09
1742,807,22,14.0,2025-03-30 10:07
1743,2431,4,22.5,2025-07-22 07:17
1744,920,26,29.0,2025-10-28 13:20
1745,215,16,5.0,2025-01-24 15:50
1746,296,8,23.0,2025-10-18 15:02
1747,1633,27,30.0,2024-12-14 05:10
1748,937,19,11.0,2025-03-24 06:22
1749,2472,7,32.0,2025-11-03 20:24
1750,2150,18,10.5,2025-06-11 22:24
1751,253,2,31.0,2025-04-24 13:14
1752,1658,22,24.0,2025-08-30 11:05
1753,1065,19,29.0,2024-12-29 20:04
1754,1372,15,28.0,2025-09-18 08:02
1755,1173,21,10.5,2025-06-30 03:42
1756,2470,17,20.5,2025-04-21 22:34
1757,469,24,6.5,2025-09-11 09:08
1758,390,14,10.0,2025-02-16 04:00
1759,952,1,30.5,2025-05-10 06:10
1760,233,23,19.0,2025-01-07 18:52
1761,1436,11,21.5,2025-12-06 19:22
1762,2344,23,12.0,2025-08-15 03:56
1763,1750,10,5.5,2025-03-24 07:52
1764,1428,5,35.0,2025-06-04 17:27
1765,2232,27,25.5,2025-09-13 07:57
1766,1874,14,26.5,2025-03-21 21:59
1767,469,10,16.0,2025-04-16 19:28
1768,716,9,22.5,2024-12-15 13:24
1769,1010,14,22.0,2025-03-06 15:36
1770,1061,5,6.5,2025-05-10 16:08
1771,2316,24,21.0,2025-11-07 20:02
1772,2223,15,37.0,2025-04-27 02:50
1773,1390,15,21.5,2025-06-19 07:18
1774,434,23,5.0,2025-01-07 02:11
1775,2271,19,15.5,2025-11-22 16:40
1776,380,5,13.0,2025-04-05 16:03
1777,1566,20,23.5,2024-12-31 19:02
1778,1549,18,20.5,2025-06-30 00:00
1779,1000,18,20.5,2025-06-05 04:19
1780,391,11,28.0,2025-07-06 17:01
1781,1042,25,16.0,2025-08-20 23:58
1782,2074,7,36.5,2025-04-25 07:09
1783,143,26,4.5,2025-06-25 17:03
1784,1612,24,35.0,2025-06-08 04:13
1785,18,10,23.0,2025-02-09 08:37
1786,2387,3,6.5,2025-08-01 13:10
1787,2002,23,20.5,2025-08-22 23:31
1788,771,12,31.5,2024-12-08 14:47
1789,1237,24,9.5,2025-06-10 12:12
1790,1163,1,29.0,2025-11-28 05:30
1791,1933,27,24.5,2025-01-09 09:09
1792,48,26,20.5,2025-06-19 03:39
1793,424,23,9.5,2025-07-31 19:12
1794,208,26,20.0,2025-01-22 16:08
1795,2399,5,39.5,2025-06-11 01:55
1796,1069,15,29.5,2025-08-22 20:02
1797,24,10,5.5,2025-07-27 05:09
1798,2163,19,21.5,2025-05-25 18:47
1799,2268,21,20.0,2025-07-03 14:46
1800,267,20,15.5,2025-05-16 15:30
1801,1602,26,9.5,2025-07-18 11:11
1802,1525,5,34.0,2025-05-19 22:01
1803,1727,25,30.0,2025-01-31 03:37
1804,904,26,30.0,2025-03-15 17:19
1805,1115,22,9.5,2025-04-01 09:07
1806,1574,15,5.5,2025-04-05 21:34
1807,390,14,6.5,2025-09-22 05:44
1808,1541,8,5.0,2025-01-01 23:36
1809,953,7,27.0,2025-07-30 12:31
1810,1184,16,5.0,2025-02-27 22:36
1811,2026,8,29.0,2025-01-09 22:59
1812,789,27,28.0,2025-10-25 21:38
1813,1192,21,32.5,2025-10-04 19:27
1814,1935,20,5.0,2025-08-25 08:07
1815,774,18,9.5,2025-08-10 18:42
1816,1969,15,20.5,2025-08-25 07:57
1817,543,9,28.0,2025-05-02 18:19
1818,346,7,28.0,2025-01-05 03:58
1819,1996,8,5.0,2025-03-20 01:29
1820,958,20,16.5,2025-10-08 12:24
1821,2059,5,20.5,2025-09-24 15:21
1822,618,5,17.5,2025-02-05 06:51
1823,945,24,22.5,2025-01-23 19:20
1824,1533,2,21.5,2025-08-25 01:47
1825,1639,7,33.5,2025-04-21 21:55
1826,1589,8,29.0,2025-03-17 08:29
1827,166,16,4.5,2025-03-10 13:31
1828,2217,20,32.0,2025-11-30 07:09
1829,1633,20,16.0,2025-02-02 12:51
1830,1903,25,38.5,2025-01-14 17:00
1831,2170,25,30.0,2025-10-06 15:42
1832,715,24,5.0,2025-09-17 13:40
1833,1512,7,21.0,2025-07-19 02:09
1834,808,6,14.5,2025-02-05 21:24
1835,788,16,5.0,2025-06-06 16:23
1836,207,6,14.5,2025-03-10 18:58
1837,645,5,36.0,2025-07-20 19:57
1838,442,1,29.5,2025-04-01 21:45
1839,2268,13,14.5,2025-08-31 23:17
1840,1749,7,21.5,2025-06-01 18:31
1841,360,5,4.5,2025-08-25 01:17
1842,173,26,22.5,2025-02-28 23:41
1843,1303,25,18.5,2024-12-18 09:16
1844,2106,25,34.5,2025-10-30 22:15
1845,167,1,35.0,2025-04-15 16:13
1846,2107,14,26.0,2025-06-16 23:47
1847,456,25,6.5,2025-04-21 21:06
1848,880,7,22.5,2025-07-09 07:39
1849,559,26,28.0,2025-07-08 16:26
1850,421,19,6.5,2025-09-20 12:26
1851,1550,23,26.5,2025-07-21 17:06
1852,693,14,18.5,2025-06-20 16:48
1853,1973,21,31.5,2025-03-22 02:12
1854,988,2,23.0,2025-02-11 14:15
1855,737,12,13.0,2024-12-15 18:05
1856,2269,5,5.0,2025-04-05 19:42
1857,455,17,26.0,2024-12-16 00:14
1858,2427,9,25.5,2025-06-15 19:00
1859,22,2,29.0,2025-08-23 06:26
1860,667,26,22.0,2025-10-08 05:23
1861,1697,18,14.5,2025-11-27 09:37
1862,666,23,25.5,2025-08-04 23:57
1863,1880,1,4.5,2025-04-20 15:48
1864,2391,15,23.0,2025-10-21 09:36
1865,1673,10,6.5,2025-03-17 16:57
1866,899,21,33.5,2025-04-02 10:23
1867,2378,25,29.5,2025-07-14 11:18
1868,783,1,15.0,2024-12-09 14:29
1869,394,20,26.0,2025-01-23 18:05
1870,2480,3,20.5,2025-01-01 15:34
1871,1625,7,17.5,2025-01-02 02:58
1872,2008,8,29.5,2025-09-12 17:45
1873,964,18,30.0,2025-07-19 06:57
1874,965,18,24.0,2025-01-09 14:20
1875,1993,19,11.0,2024-12-08 06:50
1876,1132,14,5.0,2025-04-05 07:25
1877,2162,18,18.0,2025-03-16 18:46
1878,2061,5,14.5,2025-08-15 21:54
1879,935,12,6.5,2025-07-27 18:00
1880,874,1,26.0,2025-04-17 08:10
1881,430,8,28.5,2025-02-07 22:27
1882,2004,21,5.0,2025-01-16 07:01
1883,1950,27,9.5,2025-03-06 00:21
1884,2101,27,4.5,2025-10-08 01:30
1885,843,2,27.0,2025-02-19 14:13
1886,1245,2,25.0,2025-06-17 17:48
1887,1868,2,23.0,2025-06-11 12:00
1888,1563,20,15.0,2025-03-30 12:40
1889,2111,17,6.5,2025-08-13 09:07
1890,673,13,11.5,2025-10-28 21:11
1891,254,18,33.5,2025-03-28 17:09
1892,1868,7,14.5,2025-03-01 13:15
1893,2041,10,6.5,2025-09-26 08:57
1894,2141,27,21.5,2025-02-07 08:22
1895,2347,19,9.5,2025-04-13 19:35
1896,2260,9,36.0,2025-08-12 09:20
1897,817,3,25.0,2025-05-26 04:02
1898,351,12,10.5,2025-10-27 11:19
1899,2419,6,13.0,2025-09-16 07:57
1900,1059,14,6.5,2025-10-16 14:21
1901,269,12,6.5,2025-04-13 10:49
1902,1705,9,6.5,2025-10-08 03:58
1903,558,4,37.0,2025-05-21 03:50
1904,1483,5,9.5,2025-08-29 18:22
1905,1029,22,20.5,2025-01-19 14:07
1906,627,27,19.5,2025-02-02 13:28
1907,872,22,32.5,2025-03-02 03:31
1908,2044,7,22.5,2024-12-12 04:00
1909,928,20,20.5,2025-05-20 02:26
1910,1307,2,28.5,2025-02-03 09:20
1911,1034,21,16.0,2025-01-20 10:48
1912,268,10,19.0,2025-08-12 01:16
1913,2010,9,10.5,2025-08-18 11:03
1914,1086,8,33.5,2025-12-01 02:37
1915,480,8,38.0,2025-05-01 06:20
1916,2223,14,36.5,2025-02-25 08:03
1917,1618,11,22.0,2025-09-06 16:37
1918,1451,17,19.0,2025-05-11 22:30
1919,2048,2,22.5,2025-07-30 05:25
1920,1358,22,23.0,2025-04-26 14:11
1921,1231,15,19.0,2025-04-03 19:39
1922,1560,7,15.5,2025-10-05 09:26
1923,85,10,15.5,2025-06-08 23:31
1924,2324,12,5.5,2025-05-26 10:41
1925,422,5,9.5,2025-11-27 16:54
1926,994,20,9.5,2025-08-12 02:28
1927,538,17,12.0,2025-06-07 01:16
1928,225,27,21.5,2025-08-20 17:14
1929,1109,22,21.5,2025-11-16 00:31
1930,2274,25,16.5,2025-08-15 04:11
1931,1301,26,28.5,2025-02-11 02:06
1932,876,12,20.5,2025-07-19 12:31
1933,647,18,29.0,2025-06-06 14:00
1934,2364,23,11.0,2025-05-28 14:24
1935,624,13,4.5,2025-10-09 04:31
1936,2131,24,11.0,2025-03-22 21:58
1937,772,2,16.0,2025-04-17 13:02
1938,1871,20,27.5,2025-01-03 10:18
1939,12,19,11.0,2025-11-18 10:24
1940,1479,6,19.5,2025-03-31 01:40
1941,707,14,5.0,2025-07-21 20:42
1942,622,9,21.0,2024-12-13 23:54
1943,196,1,22.0,2025-03-31 18:10
1944,2442,20,4.5,2025-10-20 01:07
1945,504,4,31.5,2025-03-28 07:57
1946,515,3,25.0,2025-12-05 06:30
1947,506,26,6.5,2024-12-18 06:11
1948,284,4,9.0,2025-04-30 11:48
1949,684,21,28.5,2025-07-15 06:31
1950,1730,10,17.5,2025-08-04 23:02
1951,968,11,29.0,2025-07-17 00:56
1952,1602,1,6.5,2025-11-09 05:02
1953,2129,9,34.5,2024-12-07 08:23
1954,1735,5,27.0,2025-01-28 12:23
1955,1935,8,24.0,2025-03-23 00:36
1956,1384,4,21.0,2025-08-17 17:34
1957,425,22,27.5,2025-08-05 03:55
1958,1049,7,21.5,2025-08-02 10:17
1959,1054,11,34.5,2025-06-14 05:29
1960,2099,25,30.5,2025-03-28 12:37
1961,1511,22,5.0,2025-04-26 20:23
1962,1773,9,19.0,2024-12-15 14:53
1963,385,26,30.5,2025-06-14 03:21
1964,1975,15,5.0,2024-12-21 18:19
1965,2322,6,19.0,2025-02-28 01:52
1966,1168,10,36.0,2025-11-26 21:48
1967,1571,11,28.5,2025-10-26 21:30
1968,1066,9,4.5,2025-09-30 18:42
1969,2111,27,17.5,2025-06-08 08:22
1970,1954,22,10.0,2025-06-15 16:52
1971,317,24,5.5,2025-03-29 20:29
1972,406,15,27.0,2025-08-09 19:39
1973,815,3,10.0,2025-05-10 23:10
1974,156,14,34.0,2025-07-16 13:29
1975,533,19,19.5,2025-10-08 11:03
1976,1440,8,20.0,2025-10-21 16:58
1977,544,22,5.5,2025-02-13 16:30
1978,93,6,6.5,2025-07-31 05:23
1979,2338,19,25.5,2025-06-20 14:55
1980,1730,17,6.5,2025-01-22 15:53
1981,907,2,19.5,2025-05-13 17:38
1982,1902,5,32.0,2025-06-27 06:53
1983,421,1,25.0,2025-01-28 05:14
1984,484,12,31.5,2025-09-27 11:19
1985,704,19,5.5,2024-12-20 11:54
1986,2016,8,5.0,2025-02-10 10:46
1987,2478,2,40.5,2025-05-20 12:53
1988,628,3,14.5,2025-09-05 07:29
1989,2032,9,10.5,2025-04-28 22:02
1990,1444,8,5.5,2025-08-08 22:02
1991,1385,24,29.0,2025-05-09 00:23
1992,1998,23,18.5,2025-08-19 03:17
1993,432,6,35.0,2025-01-23 04:35
1994,1344,17,14.5,2025-08-09 06:40
1995,1985,3,35.0,2025-09-27 06:58
1996,1328,10,21.0,2025-07-27 13:47
1997,107,12,4.5,2025-10-04 23:13
1998,319,8,13.0,2025-11-06 13:17
1999,601,5,25.0,2024-12-15 11:25
2000,1193,19,32.5,2025-06-15 17:12
2001,2500,9,24.0,2025-09-01 08:19
2002,1461,18,14.0,2025-08-26 00:10
2003,1192,27,15.5,2025-04-05 02:31
2004,52,6,14.0,2025-02-13 02:11
2005,2322,6,13.0,2025-06-10 02:14
2006,1329,12,25.5,2025-06-08 16:37
2007,251,13,30.5,2025-11-29 06:44
2008,1142,6,10.5,2025-11-29 23:27
2009,290,14,33.0,2025-08-15 06:52
2010,626,10,17.5,2024-12-13 06:14
2011,439,2,16.5,2025-02-11 08:31
2012,626,10,22.5,2025-09-30 16:04
2013,1196,14,29.0,2025-05-08 09:19
2014,1966,24,26.5,2024-12-26 00:25
2015,27,8,34.0,2025-01-21 16:44
2016,1317,14,15.5,2025-06-10 08:09
2017,1419,20,4.5,2025-07-04 16:38
2018,1724,8,16.0,2025-01-12 10:41
2019,1499,20,6.5,2025-08-02 11:42
2020,2013,20,27.0,2025-01-09 10:27
2021,1611,2,20.5,2025-03-28 09:52
2022,1284,13,29.0,2025-04-20 05:21
2023,2313,18,11.0,2025-09-04 08:47
2024,1856,23,16.5,2025-08-28 08:21
2025,807,22,31.0,2025-01-27 23:27
2026,1900,19,33.5,2025-09-05 11:42
2027,1033,12,10.5,2025-12-06 04:56
2028,7,26,5.0,2025-08-17 08:02
2029,2459,15,4.5,2025-12-02 08:24
2030,758,20,10.0,2025-01-01 19:05
2031,2424,6,24.0,2025-11-17 10:45
2032,549,25,17.0,2025-08-11 06:21
2033,2219,16,6.5,2025-01-18 05:42
2034,1065,5,26.0,2025-11-10 15:48
2035,2297,12,9.5,2025-05-04 16:28
2036,807,27,15.0,2025-07-16 20:36
2037,1276,26,31.5,2025-10-26 22:36
2038,644,4,26.0,2025-04-20 12:57
2039,1174,10,5.0,2024-12-28 19:03
2040,1385,19,18.5,2025-03-25 10:17
2041,187,17,5.5,2025-09-29 15:40
2042,2479,19,30.5,2025-09-09 17:13
2043,276,4,20.5,2025-05-01 17:38
2044,1920,19,11.0,2024-12-25 13:29
2045,1603,16,20.5,2025-06-06 02:37
2046,2483,3,20.5,2025-11-16 23:44
2047,1871,24,33.5,2025-06-20 11:48
2048,2108,23,19.0,2025-06-14 06:12
2049,798,10,14.0,2025-05-22 10:41
2050,2045,4,15.5,2024-12-15 21:55
2051,1039,16,14.0,2025-07-04 19:33
2052,2125,19,11.0,2025-09-02 09:35
2053,2207,8,16.0,2025-01-11 22:00
2054,1518,4,26.0,2025-10-18 19:34
2055,1624,16,14.5,2025-09-22 02:57
2056,1531,1,5.5,2025-08-16 17:36
2057,1256,3,14.5,2025-01-15 04:40
2058,1012,12,15.0,2025-06-06 15:23
2059,319,3,21.5,2025-09-09 14:25
2060,2015,8,28.0,2025-07-09 05:41
2061,1514,11,18.5,2025-08-02 19:30
2062,701,17,21.0,2025-03-23 09:47
2063,183,10,25.5,2025-03-17 06:11
2064,40,13,14.0,2025-09-20 07:33
2065,1259,9,15.5,2025-06-18 05:05
2066,306,3,5.5,2025-06-07 20:40
2067,1573,2,16.5,2025-03-23 15:02
2068,1857,12,16.5,2025-09-12 15:54
2069,1150,2,28.5,2025-04-12 03:31
2070,624,25,9.5,2025-08-20 13:34
2071,883,12,5.0,2025-04-18 18:30
2072,2116,21,28.0,2025-04-13 02:57
2073,953,11,14.5,2025-04-15 02:46
2074,1395,1,17.0,2025-11-02 14:00
2075,22,21,23.5,2025-09-21 05:14
2076,1949,21,26.0,2024-12-16 21:18
2077,1372,23,14.0,2025-10-11 02:46
2078,1365,24,25.0,2024-12-14 22:24
2079,302,26,19.0,2025-03-13 13:15
2080,1678,13,33.5,2025-07-01 21:50
2081,960,20,5.5,2025-01-28 02:24
2082,1357,12,17.5,2025-10-29 22:24
2083,2088,13,5.0,2025-09-01 03:09
2084,1022,22,35.5,2025-05-19 09:57
2085,2334,18,25.0,2025-01-15 20:03
2086,1040,15,5.0,2025-02-10 11:10
2087,1871,23,9.5,2025-08-15 22:45
2088,1997,21,4.5,2025-06-04 16:31
2089,1964,4,25.5,2025-11-27 03:45
2090,1396,2,20.5,2025-03-16 06:02
2091,2232,21,27.0,2024-12-08 17:06
2092,1261,2,24.5,2024-12-29 03:00
2093,1235,17,26.5,2025-08-30 06:33
2094,2059,5,10.0,2025-06-17 19:56
2095,104,2,23.0,2025-11-23 22:21
2096,1788,16,5.0,2025-08-08 06:56
2097,839,19,25.5,2025-05-17 19:04
2098,1479,2,16.0,2025-08-30 16:56
2099,78,13,11.0,2025-11-06 17:37
2100,464,26,4.5,2025-02-16 07:38
2101,369,3,20.0,2025-01-01 23:46
2102,609,17,23.0,2024-12-22 22:21
2103,2029,15,24.5,2025-12-04 10:55
2104,571,24,6.5,2025-05-12 03:45
2105,549,20,5.0,2025-09-01 19:21
2106,644,7,15.0,2025-04-16 10:28
2107,818,22,18.5,2025-01-29 22:06
2108,1512,27,33.5,2025-08-16 22:05
2109,685,9,14.0,2025-07-21 03:08
2110,2413,21,20.0,2025-11-07 16:14
2111,1329,10,28.5,2025-10-16 21:31
2112,1137,5,21.0,2025-09-24 07:00
2113,2178,6,14.5,2025-06-22 17:02
2114,2160,15,9.5,2025-09-29 20:55
2115,2206,14,6.5,2025-06-22 20:08
2116,1155,4,20.5,2025-08-04 23:14
2117,1188,15,4.5,2025-06-08 17:27
2118,1917,10,26.5,2025-07-09 00:39
2119,1687,15,19.5,2025-11-28 23:43
2120,1504,17,20.0,2025-04-01 14:03
2121,999,22,5.5,2025-09-24 15:33
2122,1642,12,29.5,2025-10-13 23:24
2123,1974,26,9.0,2024-12-11 16:56
2124,1697,9,6.5,2025-09-18 16:22
2125,1661,13,26.0,2025-11-24 01:17
2126,1156,3,5.0,2025-01-18 02:18
2127,378,27,28.5,2025-05-29 19:21
2128,1788,1,21.5,2025-03-23 23:58
2129,1211,3,38.5,2025-08-03 16:58
2130,1523,26,11.0,2025-01-16 13:04
2131,2212,9,32.0,2025-05-06 23:12
2132,1178,23,26.5,2025-11-20 02:38
2133,2018,11,23.5,2025-05-26 06:28
2134,1940,25,5.5,2025-07-04 20:24
2135,1878,11,11.5,2025-01-14 18:08
2136,1192,8,33.5,2025-08-21 20:39
2137,281,15,9.5,2025-10-20 04:13
2138,2500,1,34.5,2025-09-24 04:52
2139,704,6,28.5,2025-10-29 08:45
2140,1109,24,10.0,2025-02-11 03:35
2141,910,22,5.5,2025-07-25 12:18
2142,1267,20,11.5,2025-04-23 00:01
2143,357,6,15.0,2025-11-18 17:35
2144,2477,4,30.0,2025-06-05 20:20
2145,1231,21,30.0,2025-11-02 03:00
2146,2487,20,25.0,2025-03-04 11:03
2147,1214,8,15.5,2025-04-06 14:22
2148,2243,2,28.0,2025-03-09 04:58
2149,2401,18,16.0,2025-09-01 12:19
2150,513,14,14.5,2025-04-28 17:34
2151,1729,1,24.5,2025-11-27 22:49
2152,2216,5,11.0,2024-12-20 07:04
2153,974,10,19.5,2025-01-16 09:37
2154,2346,16,25.0,2025-10-18 07:49
2155,1738,2,27.0,2025-05-22 14:12
2156,2337,14,17.5,2025-05-26 09:12
2157,1982,1,14.0,2025-10-05 02:29
2158,1548,13,4.5,2025-02-27 15:07
2159,126,4,25.5,2025-09-06 12:22
2160,1161,22,25.0,2025-02-23 23:34
2161,1569,20,24.0,2025-08-07 15:39
2162,374,15,9.5,2025-10-20 11:18
2163,1879,14,14.5,2025-05-27 10:51
2164,748,21,32.5,2025-11-24 18:22
2165,509,9,16.0,2025-11-04 14:17
2166,370,13,5.0,2025-08-28 12:11
2167,2189,11,5.5,2025-08-07 18:48
2168,1584,2,25.0,2025-07-12 13:53
2169,259,8,33.0,2025-11-13 10:23
2170,1480,15,26.0,2025-08-18 04:23
2171,258,3,29.0,2024-12-13 10:08
2172,1237,13,5.0,2025-09-03 16:19
2173,1766,20,5.0,2025-06-19 09:58
2174,1747,5,11.0,2025-05-12 02:35
2175,2179,15,37.5,2025-08-17 07:09
2176,1087,22,21.5,2025-06-07 05:27
2177,505,19,19.0,2025-08-07 08:23
2178,1989,14,11.0,2025-06-25 04:04
2179,2232,5,16.0,2025-01-07 20:05
2180,29,17,33.5,2025-05-10 10:22
2181,1905,14,35.5,2025-08-01 18:40
2182,1533,19,5.5,2025-10-11 03:29
2183,2272,15,6.5,2025-06-09 10:32
2184,2129,24,14.0,2025-08-31 17:17
2185,1976,22,10.0,2025-11-12 17:22
2186,159,13,6.5,2025-04-21 16:13
2187,657,9,25.5,2025-06-12 23:41
2188,342,4,27.0,2025-08-01 16:00
2189,2137,5,26.5,2025-03-08 15:12
2190,2239,15,10.0,2025-06-30 17:14
2191,2269,23,21.5,2025-10-25 04:13
2192,1960,1,16.5,2025-06-11 00:12
2193,1417,18,25.0,2025-01-08 15:16
2194,1650,1,22.0,2025-03-11 12:25
2195,1691,9,20.5,2025-01-17 23:31
2196,2261,7,22.5,2025-04-12 07:21
2197,1773,15,14.0,2025-06-16 06:16
2198,1874,16,20.5,2025-01-19 00:12
2199,10,2,29.0,2025-06-19 15:45
2200,1549,9,16.0,2025-10-14 08:36
2201,688,22,21.0,2025-07-08 04:13
2202,2043,18,32.5,2025-05-06 15:02
2203,484,9,27.0,2025-09-09 16:09
2204,397,6,5.5,2025-10-25 20:31
2205,684,11,20.0,2025-07-11 19:58
2206,621,19,19.0,2025-05-06 10:52
2207,1831,27,9.5,2025-05-22 04:23
2208,543,22,28.0,2025-04-07 07:22
2209,1256,18,16.0,2025-05-09 21:07
2210,1185,7,21.5,2025-05-07 10:16
2211,1695,25,17.0,2025-05-21 08:06
2212,64,7,15.5,2025-08-02 23:33
2213,2215,4,5.0,2025-07-30 18:44
2214,727,17,20.0,2025-10-19 01:01
2215,456,17,21.5,2024-12-15 12:31
2216,2170,17,31.0,2025-05-09 10:37
2217,204,12,31.5,2024-12-15 09:31
2218,658,16,28.5,2025-03-05 05:25
2219,817,27,26.0,2025-03-01 20:52
2220,2350,23,31.5,2025-04-24 12:00
2221,942,20,21.0,2025-02-05 22:43
2222,973,14,5.0,2025-01-22 14:34
2223,620,2,33.0,2025-08-21 18:22
2224,1861,7,30.5,2025-06-22 12:36
2225,2475,16,26.5,2025-09-03 12:32
2226,1223,3,15.5,2025-03-25 14:06
2227,1830,22,36.5,2025-01-15 10:17
2228,2439,21,28.0,2025-02-05 06:36
2229,1567,8,31.0,2025-02-09 19:02
2230,1299,17,4.5,2025-06-04 08:16
2231,505,7,29.5,2024-12-11 16:53
2232,154,3,19.0,2025-05-05 12:22
2233,1029,27,16.0,2025-11-23 23:44
2234,1686,11,14.0,2025-03-26 11:54
2235,1568,6,14.5,2025-10-23 04:29
2236,1717,1,29.5,2025-11-03 11:41
2237,1384,18,5.0,2025-11-12 13:52
2238,2132,25,19.0,2025-05-28 21:56
2239,1307,20,30.0,2025-10-22 16:54
2240,1445,26,5.0,2025-07-15 06:21
2241,1368,5,22.5,2025-11-01 07:22
2242,2027,8,14.0,2025-05-14 22:29
2243,2221,23,21.0,2025-05-01 10:43
2244,1395,5,14.5,2025-07-17 00:41
2245,969,25,22.5,2025-03-30 00:58
2246,422,17,29.0,2025-11-22 16:26
2247,304,5,14.5,2025-03-05 14:02
2248,1489,20,16.0,2025-11-20 09:47
2249,1296,10,21.5,2025-11-19 15:52
2250,1809,14,4.5,2025-12-02 16:04
2251,2249,21,10.0,2025-05-24 23:44
2252,643,17,21.5,2025-11-08 04:40
2253,314,12,22.0,2025-11-13 12:11
2254,1551,5,23.5,2025-10-15 13:00
2255,1792,14,25.5,2025-11-05 00:23
2256,190,27,33.5,2025-03-06 13:09
2257,2267,18,19.5,2025-09-17 22:48
2258,2401,4,30.5,2025-02-22 00:53
2259,1018,26,23.5,2025-06-25 17:17
2260,1187,4,5.0,2025-05-10 20:46
2261,1068,22,25.5,2025-06-03 18:40
2262,1482,20,19.0,2025-09-08 15:21
2263,406,4,31.5,2025-09-23 16:11
2264,520,2,34.5,2025-11-15 12:06
2265,1707,9,24.5,2025-09-27 13:17
2266,527,3,10.5,2025-05-12 18:56
2267,1432,24,11.5,2025-02-07 23:44
2268,1546,5,15.0,2025-03-21 21:07
2269,2024,25,26.5,2025-11-14 19:05
2270,683,8,5.5,2024-12-29 14:46
2271,2122,17,40.5,2025-02-17 22:41
2272,749,25,17.0,2025-01-01 00:45
2273,997,25,11.5,2025-10-10 14:17
2274,1691,19,5.5,2025-01-25 00:25
2275,1131,3,36.0,2025-05-25 12:35
2276,958,5,5.0,2024-12-15 14:01
2277,127,27,4.5,2025-01-17 17:01
2278,2152,3,14.5,2025-10-14 17:51
2279,1600,7,19.0,2025-03-13 13:14
2280,1935,20,10.5,2025-10-24 19:07
2281,2292,3,15.0,2024-12-21 03:16
2282,957,24,31.0,2024-12-15 19:12
2283,1120,7,13.0,2025-03-04 19:48
2284,1816,15,19.5,2025-09-17 14:46
2285,514,15,21.5,2025-01-05 13:08
2286,2067,13,34.5,2025-03-08 23:23
2287,67,11,23.5,2025-02-25 12:23
2288,1575,21,15.5,2025-09-25 12:53
2289,879,1,11.5,2024-12-07 23:44
2290,2051,27,6.5,2025-11-20 13:06
2291,1609,26,26.5,2025-08-13 10:39
2292,1182,2,16.0,2025-06-20 17:48
2293,2364,4,25.0,2025-03-14 21:51
2294,2178,13,33.0,2025-05-10 05:53
2295,2326,20,21.0,2025-01-25 01:58
2296,144,9,14.0,2025-02-20 10:18
2297,2171,20,30.5,2025-05-24 05:02
2298,2227,17,15.0,2025-09-24 13:38
2299,2160,2,21.5,2025-02-14 16:55
2300,2088,10,30.5,2025-03-29 08:42
2301,397,18,12.0,2025-06-17 12:30
2302,2121,17,33.5,2025-10-30 11:59
2303,2129,10,5.0,2025-02-23 09:50
2304,1016,2,14.5,2025-09-24 22:15
2305,481,6,4.5,2025-05-26 13:50
2306,474,25,30.5,2025-02-11 18:54
2307,206,15,9.5,2025-01-18 19:51
2308,2171,5,21.0,2024-12-17 06:16
2309,1005,20,5.0,2025-11-25 07:19
2310,2071,15,6.5,2025-10-06 05:49
2311,2072,1,5.0,2025-02-16 12:35
2312,1747,5,14.5,2025-01-04 23:42
2313,964,19,9.5,2025-10-08 22:56
2314,2033,20,24.5,2025-02-05 03:36
2315,131,10,23.5,2025-07-02 14:25
2316,2167,12,23.5,2024-12-17 11:51
2317,2305,26,23.5,2025-02-16 03:23
2318,1503,16,5.5,2025-01-21 12:43
2319,1129,1,14.0,2025-01-14 08:23
2320,832,12,37.5,2025-06-10 15:03
2321,568,12,19.5,2025-08-09 03:18
2322,2173,7,20.5,2025-01-16 06:52
2323,2151,1,28.0,2025-07-12 15:34
2324,595,10,18.5,2025-02-17 20:08
2325,1658,9,6.5,2025-01-01 18:09
2326,1454,21,15.0,2025-04-01 12:17
2327,977,13,5.0,2025-06-24 19:31
2328,1661,17,20.5,2025-06-29 07:14
2329,1226,21,14.5,2025-09-12 23:17
2330,888,24,31.5,2025-11-23 01:04
2331,422,15,6.5,2025-09-22 13:53
2332,2135,6,10.5,2025-07-20 17:33
2333,898,15,11.0,2025-09-11 11:07
2334,1563,24,20.0,2025-11-21 13:05
2335,2098,26,28.0,2025-09-07 08:12
2336,2081,8,16.0,2025-03-03 13:25
2337,2279,8,24.5,2025-04-29 09:05
2338,1895,3,20.0,2025-04-16 02:23
2339,2301,2,19.5,2025-05-07 17:55
2340,2161,13,14.0,2024-12-18 23:35
2341,2372,23,23.5,2025-06-19 06:43
2342,505,4,10.0,2025-09-09 14:56
2343,535,13,5.5,2025-04-06 00:58
2344,1394,16,12.0,2024-12-16 17:26
2345,605,17,28.0,2025-08-23 23:23
2346,1699,13,27.5,2025-12-02 11:21
2347,914,2,5.0,2025-03-28 17:03
2348,1546,18,18.5,2025-06-19 17:55
2349,731,23,29.0,2025-09-03 19:37
2350,1675,21,38.5,2025-10-08 10:28
2351,400,12,9.5,2025-05-22 16:06
2352,1038,18,4.5,2025-02-05 06:10
2353,856,26,20.5,2025-07-01 01:22
2354,274,21,17.0,2025-12-04 03:41
2355,483,26,14.0,2025-02-18 18:33
2356,475,8,14.0,2025-01-27 13:36
2357,2062,21,21.5,2024-12-24 13:53
2358,1781,9,29.0,2025-11-01 19:30
2359,1104,2,16.5,2025-07-02 00:15
2360,957,8,29.5,2025-05-09 09:20
2361,1061,5,10.0,2025-09-25 06:21
2362,1767,6,19.0,2025-10-19 14:44
2363,2461,7,9.0,2025-07-14 13:34
2364,1049,13,9.5,2025-04-26 02:58
2365,1292,4,14.0,2025-01-23 04:28
2366,894,20,20.0,2025-04-01 22:31
2367,1984,20,33.0,2024-12-25 14:40
2368,2279,20,16.0,2025-03-17 08:18
2369,258,20,21.0,2025-08-22 11:03
2370,958,22,9.5,2025-12-05 23:30
2371,267,9,10.5,2025-11-26 20:05
2372,2346,5,12.0,2025-05-20 07:45
2373,729,27,27.5,2025-05-08 02:30
2374,1999,1,9.5,2025-04-16 15:48
2375,1203,3,32.0,2025-04-07 20:09
2376,2135,15,14.5,2025-05-20 17:14
2377,296,3,25.5,2025-01-13 13:31
2378,638,16,6.5,2025-11-18 21:16
2379,1390,3,12.0,2024-12-27 16:14
2380,599,12,21.5,2025-05-26 20:23
2381,1496,27,11.0,2025-10-15 10:46
2382,915,21,14.5,2025-10-28 11:57
2383,2302,6,10.0,2025-03-16 01:44
2384,1334,13,25.0,2025-08-07 05:51
2385,1617,22,21.0,2025-03-23 23:18
2386,2030,10,28.5,2025-09-06 08:36
2387,1244,1,41.5,2025-04-22 09:34
2388,768,8,5.0,2025-04-18 02:51
2389,351,23,11.5,2025-10-30 16:20
2390,1256,21,14.5,2025-09-15 23:49
2391,1724,27,10.5,2025-10-09 02:55
2392,509,13,25.5,2025-08-21 07:24
2393,1712,12,17.5,2025-03-11 10:56
2394,1382,20,19.0,2025-04-26 20:26
2395,379,9,25.5,2025-02-04 10:19
2396,2002,7,6.5,2025-05-02 06:49
2397,1839,1,6.5,2025-10-30 10:55
2398,659,9,21.0,2025-03-26 19:33
2399,947,23,35.5,2025-07-18 21:01
2400,432,16,19.5,2025-11-16 02:38
2401,2380,16,30.0,2025-02-07 05:50
2402,2150,1,35.0,2025-08-10 21:46
2403,1449,2,14.5,2025-10-02 01:00
2404,446,9,31.0,2025-11-21 15:10
2405,2254,22,4.5,2025-09-14 16:18
2406,1930,26,11.0,2025-02-20 15:52
2407,752,23,14.0,2025-01-05 06:32
2408,720,24,20.0,2025-07-29 03:34
2409,1029,20,18.5,2025-07-24 10:11
2410,72,26,11.5,2025-11-17 14:29
2411,2037,24,24.5,2025-07-15 13:18
2412,84,19,34.0,2025-04-18 17:25
2413,1350,15,4.5,2025-09-03 21:53
2414,1901,23,6.5,2025-05-14 15:29
2415,2041,1,32.0,2025-03-11 15:33
2416,1156,24,20.5,2025-10-13 06:11
2417,1240,25,20.0,2025-04-05 05:19
2418,1515,5,32.5,2025-03-15 20:29
2419,41,10,38.5,2025-03-21 20:53
2420,775,27,6.5,2025-09-06 03:27
2421,2390,17,26.0,2024-12-25 02:51
2422,1094,4,20.5,2025-07-23 14:52
2423,1849,19,9.5,2025-05-02 08:48
2424,1396,21,21.0,2025-08-08 21:33
2425,2012,18,11.5,2025-04-26 04:51
2426,613,17,10.5,2025-01-25 14:39
2427,2427,25,36.0,2024-12-20 03:34
2428,1943,20,26.0,2025-04-27 19:20
2429,31,11,6.5,2024-12-19 22:28
2430,1343,2,40.5,2025-01-26 03:42
2431,1228,25,5.0,2025-01-22 05:21
2432,2441,14,16.0,2025-06-18 12:49
2433,1217,2,16.0,2024-12-22 11:23
2434,260,5,15.0,2025-04-29 01:33
2435,228,22,36.0,2025-05-20 16:15
2436,1459,14,14.0,2025-07-31 12:03
2437,1336,14,28.0,2025-06-26 10:59
2438,98,19,25.0,2025-10-12 16:25
2439,684,5,22.0,2025-11-26 23:22
2440,598,19,4.5,2025-03-31 09:26
2441,909,13,27.0,2025-05-01 18:36
2442,1590,27,4.5,2025-09-03 06:24
2443,865,27,19.0,2025-02-13 05:11
2444,695,12,11.0,2025-07-13 15:52
2445,1270,3,15.0,2025-08-31 13:39
2446,642,8,22.5,2025-05-07 01:53
2447,2053,22,5.0,2025-01-06 10:04
2448,492,24,5.0,2025-08-27 19:03
2449,959,11,29.0,2025-03-17 19:03
2450,173,13,19.5,2025-04-06 06:09
2451,2359,9,19.0,2025-10-02 10:38
2452,1780,21,14.5,2025-04-01 16:58
2453,606,8,9.5,2025-11-13 02:04
2454,921,26,26.0,2024-12-14 17:37
2455,1930,1,25.5,2024-12-14 11:30
2456,459,5,21.0,2024-12-15 04:21
2457,1780,7,17.5,2025-08-07 22:04
2458,1375,8,25.5,2025-08-03 11:21
2459,200,18,16.0,2025-01-05 19:23
2460,2491,12,15.0,2025-11-17 05:46
2461,1159,15,13.0,2025-08-20 00:14
2462,127,11,9.5,2024-12-30 20:28
2463,1466,27,16.5,2025-01-17 16:48
2464,475,13,20.0,2025-11-25 08:49
2465,1339,24,20.5,2025-03-20 08:35
2466,558,13,26.5,2025-01-17 06:44
2467,1969,11,16.0,2025-05-25 15:46
2468,86,12,26.0,2025-04-06 14:50
2469,357,23,24.5,2025-10-25 10:13
2470,1410,10,22.5,2025-07-02 03:36
2471,29,3,19.5,2025-05-14 10:32
2472,26,12,10.0,2025-07-10 09:53
2473,2405,19,5.5,2025-07-20 16:52
2474,108,21,29.5,2025-08-16 11:11
2475,1452,2,25.0,2025-08-13 10:27
2476,2278,13,19.5,2024-12-24 11:44
2477,105,5,34.5,2025-11-28 09:36
2478,378,8,15.5,2025-09-11 22:21
2479,886,4,26.5,2025-06-09 00:26
2480,2235,9,33.0,2025-02-03 01:24
2481,2193,23,31.0,2025-09-22 22:40
2482,213,7,11.5,2025-01-30 23:43
2483,232,19,11.5,2025-03-29 20:58
2484,2020,9,15.0,2025-01-04 19:10
2485,2242,14,10.0,2025-06-16 15:15
2486,110,22,25.5,2025-01-23 20:04
2487,1560,18,10.5,2025-07-25 20:47
2488,811,5,25.0,2024-12-26 02:16
2489,786,17,14.0,2024-12-27 12:31
2490,94,6,11.5,2025-01-27 07:45
2491,33,24,12.0,2025-03-01 22:50
2492,2042,1,14.5,2024-12-10 01:53
2493,1494,21,35.5,2025-03-19 18:41
2494,1677,13,4.5,2025-11-05 23:52
2495,24,12,6.5,2025-10-04 05:41
2496,1522,26,9.5,2025-11-28 03:34
2497,355,5,21.5,2025-03-10 11:20
2498,66,3,11.0,2025-06-17 20:43
2499,812,27,19.0,2025-06-05 11:33
2500,1038,20,10.0,2025-04-09 00:58
2501,285,2,19.0,2025-05-13 12:43
2502,1755,22,24.0,2025-05-07 12:47
2503,928,20,33.0,2025-02-24 06:46
2504,1152,23,18.0,2025-12-06 12:04
2505,1441,18,20.5,2025-05-06 01:21
2506,969,5,14.5,2024-12-07 17:43
2507,677,12,21.0,2025-03-10 08:15
2508,1226,24,22.0,2025-10-24 20:17
2509,721,8,18.0,2025-03-02 19:39
2510,582,2,29.0,2025-11-10 23:14
2511,983,26,32.0,2025-05-15 15:03
2512,2457,13,15.0,2025-02-06 06:20
2513,809,9,16.5,2025-10-20 11:39
2514,501,26,15.0,2025-10-25 07:12
2515,463,17,34.5,2025-06-17 22:43
2516,335,3,5.5,2025-08-01 09:21
2517,19,15,9.5,2025-01-29 09:53
2518,2125,4,26.5,2025-02-11 09:42
2519,1729,1,9.5,2025-09-01 11:11
2520,386,12,6.5,2025-06-06 09:50
2521,1863,17,20.0,2025-08-29 20:19
2522,607,16,16.0,2025-06-12 03:39
2523,1841,21,14.0,2025-11-15 14:41
2524,32,20,30.5,2025-09-28 06:44
2525,1335,7,27.5,2025-09-30 19:50
2526,732,26,33.0,2025-07-09 17:03
2527,725,24,27.0,2024-12-18 04:00
2528,988,18,32.5,2025-03-17 12:41
2529,1141,8,24.0,2025-07-07 09:54
2530,302,27,26.0,2025-09-17 14:08
2531,257,23,25.5,2025-07-08 10:59
2532,429,10,32.5,2025-07-14 03:08
2533,1058,18,19.0,2025-08-10 11:12
2534,2468,14,24.0,2025-05-30 19:52
2535,1447,15,26.5,2025-11-05 15:38
2536,1470,8,11.0,2025-09-21 21:51
2537,1729,26,31.0,2025-10-21 09:50
2538,946,25,32.0,2024-12-16 15:52
2539,1158,7,34.0,2025-01-19 05:14
2540,1686,3,15.0,2025-04-13 11:10
2541,2498,17,22.0,2025-04-23 17:37
2542,353,18,5.0,2025-10-22 01:08
2543,2122,16,19.0,2025-10-15 08:40
2544,619,17,22.0,2025-04-14 23:33
2545,1457,17,14.5,2024-12-07 04:41
2546,1289,10,16.0,2025-10-04 23:52
2547,1913,11,14.5,2025-05-28 01:05
2548,992,8,5.0,2025-07-02 02:03
2549,2171,4,9.5,2025-02-07 04:23
2550,1083,8,21.5,2025-09-24 03:44
2551,1642,20,21.5,2025-02-09 23:00
2552,1844,27,25.0,2025-10-31 06:23
2553,838,4,33.5,2025-01-19 04:32
2554,266,24,26.0,2025-09-26 14:44
2555,1129,15,13.0,2025-10-23 09:52
2556,2078,9,16.0,2025-07-26 15:45
2557,2371,12,30.5,2025-07-19 12:26
2558,1817,3,21.0,2025-01-28 06:02
2559,842,17,20.0,2025-01-12 16:47
2560,1493,26,15.5,2025-10-01 14:54
2561,2306,18,15.5,2025-01-21 15:57
2562,2299,15,9.5,2024-12-20 07:15
2563,2461,4,11.0,2025-06-23 06:58
2564,1392,16,31.5,2024-12-15 09:42
2565,2489,2,26.5,2025-07-14 18:13
2566,725,19,20.5,2024-12-28 03:12
2567,2010,3,5.5,2025-02-21 15:46
2568,2061,25,24.5,2025-03-04 07:00
2569,1771,27,21.5,2025-09-14 04:24
2570,242,7,9.5,2025-02-05 05:50
2571,1835,19,38.5,2025-09-04 18:04
2572,1528,19,14.5,2025-02-05 13:35
2573,112,6,23.5,2024-12-09 19:32
2574,1723,21,16.5,2025-04-20 03:00
2575,2134,4,16.5,2025-06-21 01:46
2576,1831,26,26.0,2025-10-18 16:58
2577,105,1,9.5,2025-11-12 13:41
2578,1122,4,15.0,2025-10-22 09:27
2579,496,13,30.5,2025-05-05 20:54
2580,42,20,15.0,2025-08-22 11:55
2581,973,24,32.0,2025-09-02 08:44
2582,629,15,20.0,2025-02-09 03:25
2583,707,4,11.0,2025-02-03 00:38
2584,1136,10,25.0,2025-04-06 16:59
2585,2327,20,26.5,2025-09-28 05:15
2586,126,23,25.5,2025-10-29 10:16
2587,292,12,20.5,2025-06-02 05:19
2588,713,24,9.5,2025-03-31 06:19
2589,1807,1,24.0,2025-05-19 16:23
2590,1442,10,23.5,2025-05-06 20:28
2591,252,18,10.5,2025-01-18 22:44
2592,2448,17,27.5,2025-03-09 07:14
2593,1665,9,33.0,2025-10-05 06:52
2594,1880,22,9.5,2025-02-04 18:26
2595,712,18,25.0,2024-12-10 22:34
2596,107,17,6.5,2025-07-07 05:01
2597,2413,10,17.5,2025-06-22 22:25
2598,202,8,9.5,2024-12-16 14:31
2599,792,24,24.5,2025-11-06 14:13
2600,2415,11,27.5,2025-10-12 09:02
2601,1103,26,5.5,2025-08-25 12:07
2602,1186,12,28.0,2025-03-01 12:01
2603,1960,25,5.5,2025-10-03 07:49
2604,244,5,9.5,2025-09-28 04:28
2605,495,13,28.0,2025-01-20 18:55
2606,876,18,24.0,2025-08-20 15:46
2607,598,15,5.5,2025-09-21 13:48
2608,156,15,5.5,2025-06-01 11:35
2609,2151,19,14.5,2025-10-08 02:16
2610,1772,19,9.5,2025-10-20 07:10
2611,232,7,4.5,2025-05-17 15:55
2612,472,14,4.5,2025-08-24 18:30
2613,1336,18,36.0,2024-12-11 22:28
2614,557,22,19.0,2025-05-18 15:06
2615,1938,10,25.5,2025-04-23 16:32
2616,939,18,14.0,2025-04-11 07:13
2617,105,18,25.0,2024-12-09 15:07
2618,75,16,36.0,2025-06-13 08:48
2619,1484,27,11.5,2025-08-10 19:31
2620,1518,17,34.5,2025-12-04 05:19
2621,2226,10,19.0,2025-06-13 03:10
2622,487,25,34.0,2025-02-05 03:48
2623,561,19,5.5,2025-11-09 21:09
2624,541,4,31.0,2025-03-20 04:21
2625,1518,17,29.0,2025-07-28 17:08
2626,1216,7,5.0,2025-11-12 11:13
2627,756,8,4.5,2025-04-06 22:16
2628,832,1,16.5,2025-07-21 12:51
2629,208,19,29.0,2025-05-23 06:49
2630,790,20,20.0,2025-11-28 07:36
2631,575,5,19.5,2024-12-10 15:26
2632,702,5,28.5,2025-05-04 08:53
2633,336,1,24.0,2025-01-09 03:31
2634,2430,12,18.5,2025-03-01 10:27
2635,593,10,24.0,2025-03-27 23:00
2636,1304,10,27.0,2025-06-23 23:29
2637,176,4,17.5,2025-01-26 19:53
2638,1599,24,29.5,2025-10-24 04:12
2639,68,14,31.5,2025-04-21 02:12
2640,2168,1,28.5,2025-07-06 21:20
2641,1440,5,18.0,2025-11-16 04:24
2642,1000,1,15.0,2025-06-05 04:09
2643,2310,11,27.5,2025-06-11 10:35
2644,1661,9,5.5,2025-07-28 05:19
2645,2400,4,20.5,2025-03-03 07:39
2646,434,10,19.5,2025-06-27 18:08
2647,1079,18,9.5,2025-01-07 01:41
2648,1320,19,15.0,2025-03-18 22:32
2649,785,11,42.5,2025-11-30 04:29
2650,1543,25,13.5,2025-10-15 22:12
2651,1739,11,16.5,2025-02-09 15:38
2652,2287,26,16.0,2025-09-26 15:05
2653,763,6,25.0,2025-10-05 14:21
2654,1011,13,26.5,2025-11-23 05:38
2655,1457,24,9.5,2025-04-16 19:56
2656,1927,11,37.5,2025-07-06 03:04
2657,1538,15,6.5,2025-04-09 19:27
2658,254,9,31.5,2025-10-25 15:06
2659,442,17,14.0,2025-06-11 22:09
2660,1387,22,11.0,2025-07-22 06:10
2661,1432,15,4.5,2025-07-20 02:26
2662,2409,9,27.5,2025-08-17 14:26
2663,1082,25,16.0,2025-04-16 04:57
2664,662,22,16.0,2025-02-16 15:53
2665,1672,22,4.5,2025-03-01 05:41
2666,835,8,17.5,2025-09-18 14:02
2667,809,27,11.0,2025-09-23 18:20
2668,859,7,28.5,2025-06-15 17:34
2669,1732,12,21.0,2024-12-25 07:08
2670,2126,10,11.0,2025-04-10 05:57
2671,2203,10,38.0,2025-10-01 17:22
2672,574,1,30.0,2025-06-30 22:15
2673,1214,9,17.0,2025-04-04 01:57
2674,961,5,27.5,2025-02-15 14:00
2675,2018,25,28.0,2025-09-07 15:00
2676,2137,12,10.0,2025-12-04 03:20
2677,1296,1,43.5,2025-06-07 05:21
2678,1154,19,10.0,2025-11-25 18:53
2679,2130,22,9.0,2025-06-06 04:46
2680,86,14,15.0,2024-12-13 12:14
2681,1818,6,26.0,2025-09-17 06:45
2682,1611,26,4.5,2025-02-18 15:34
2683,2309,7,5.0,2025-11-03 16:57
2684,2034,23,5.5,2025-05-29 18:55
2685,1465,4,17.0,2025-08-26 11:58
2686,156,20,6.5,2025-01-11 02:10
2687,1170,3,5.5,2025-08-09 02:41
2688,194,11,5.0,2024-12-09 20:09
2689,2060,19,5.0,2025-09-01 22:21
2690,2141,4,19.5,2025-09-06 23:48
2691,791,3,21.0,2025-10-02 17:04
2692,1643,6,5.0,2024-12-29 19:28
2693,1913,16,19.5,2025-08-13 04:12
2694,1143,20,27.0,2025-02-10 04:24
2695,225,7,13.0,2024-12-24 11:33
2696,1209,23,11.5,2025-06-11 10:54
2697,1231,15,21.5,2025-05-09 18:45
2698,2022,2,14.0,2025-10-23 22:56
2699,1863,20,21.5,2024-12-12 09:34
2700,1110,27,5.5,2025-04-27 15:20
2701,1063,27,4.5,2025-04-05 03:55
2702,2070,20,21.0,2025-11-06 20:20
2703,2090,26,12.0,2025-11-07 21:51
2704,1211,2,15.5,2025-05-21 06:33
2705,1401,19,27.5,2025-05-29 22:35
2706,934,5,21.0,2024-12-10 12:50
2707,1482,20,10.5,2025-04-17 08:24
2708,1143,12,21.5,2025-04-28 20:43
2709,1866,25,13.0,2025-09-24 18:19
2710,775,21,30.5,2025-03-12 16:20
2711,1386,25,12.0,2025-10-10 15:44
2712,30,21,11.5,2025-08-11 04:56
2713,2427,14,16.0,2025-04-15 11:00
2714,30,2,36.0,2025-09-17 14:00
2715,1233,4,17.0,2025-06-19 12:45
2716,4,1,24.5,2025-08-13 18:13
2717,1648,4,24.5,2025-12-06 02:00
2718,236,5,30.5,2025-09-07 04:56
2719,2376,1,21.0,2025-02-26 05:20
2720,1943,15,15.0,2025-11-05 21:40
2721,2430,27,26.0,2025-09-07 09:33
2722,1745,27,14.5,2025-08-27 19:32
2723,2085,20,35.5,2025-02-10 03:36
2724,1224,22,16.5,2025-02-13 14:08
2725,376,13,22.0,2025-05-11 03:53
2726,204,15,14.5,2025-03-14 22:54
2727,1588,6,14.5,2025-07-20 13:04
2728,1922,9,29.5,2025-04-09 06:25
2729,1796,11,19.0,2025-01-17 23:42
2730,2493,17,5.0,2025-01-30 06:47
2731,754,11,12.0,2025-06-13 08:27
2732,1578,7,17.0,2025-10-22 18:44
2733,1591,27,26.0,2025-05-24 23:29
2734,817,6,21.0,2025-01-21 21:32
2735,1248,15,27.5,2025-02-08 11:36
2736,2414,22,4.5,2025-08-06 16:48
2737,2419,17,12.0,2025-08-27 19:52
2738,149,17,20.5,2025-03-14 21:44
2739,1000,5,22.0,2025-06-12 01:49
2740,964,23,20.0,2025-04-27 23:39
2741,1737,26,36.0,2025-06-12 10:07
2742,167,24,10.0,2025-07-15 13:53
2743,2487,11,16.0,2025-05-04 07:46
2744,855,11,9.5,2025-05-29 12:34
2745,383,10,14.5,2025-10-22 02:53
2746,1306,13,18.5,2024-12-19 04:56
2747,1619,4,9.5,2025-09-08 19:42
2748,732,4,5.5,2025-04-30 04:24
2749,853,14,5.0,2025-09-12 15:41
2750,128,17,31.5,2025-07-07 11:01
2751,1039,4,11.0,2025-06-25 06:52
2752,2165,27,19.5,2025-06-04 22:10
2753,673,22,28.0,2025-09-24 21:49
2754,2358,13,26.0,2025-01-15 18:58
2755,1662,9,15.0,2025-04-10 04:54
2756,2368,1,20.0,2025-04-09 06:20
2757,1597,10,4.5,2025-09-06 08:18
2758,356,21,25.0,2025-04-02 22:47
2759,2120,2,4.5,2025-05-20 04:14
2760,2174,18,21.0,2025-01-08 21:45
2761,468,14,23.5,2025-11-28 00:11
2762,2414,22,30.0,2025-11-27 18:05
2763,2500,8,18.5,2024-12-16 01:44
2764,1277,25,5.5,2025-08-04 17:45
2765,696,9,34.5,2025-07-07 14:42
2766,714,11,16.5,2025-03-24 20:19
2767,222,15,16.0,2025-01-19 19:47
2768,2326,9,33.0,2024-12-07 07:57
2769,1424,18,11.0,2025-06-04 00:42
2770,868,26,10.0,2025-07-27 12:44
2771,1263,23,25.5,2025-06-24 14:57
2772,607,19,31.5,2025-04-13 16:10
2773,2473,23,9.5,2025-12-06 10:29
2774,2260,21,39.5,2025-11-14 11:02
2775,1084,1,26.0,2025-02-28 11:06
2776,1519,7,9.5,2025-01-01 13:24
2777,1455,6,9.5,2025-07-13 04:45
2778,1143,11,21.5,2025-09-09 20:04
2779,467,14,16.0,2025-02-18 18:51
2780,2463,26,37.5,2025-06-20 19:36
2781,829,27,20.5,2025-11-14 22:05
2782,823,26,35.0,2025-10-24 17:59
2783,2066,5,15.0,2024-12-12 05:09
2784,1688,19,19.0,2025-05-03 19:38
2785,1580,4,15.0,2025-04-22 21:48
2786,1315,14,30.5,2024-12-07 11:32
2787,1874,17,34.0,2025-01-16 19:53
2788,2018,15,10.0,2025-11-26 04:22
2789,1119,26,32.5,2025-07-06 14:55
2790,441,20,34.0,2025-05-01 02:35
2791,817,20,6.5,2025-08-12 03:31
2792,1523,18,16.5,2025-08-15 10:54
2793,944,27,14.5,2025-04-16 12:08
2794,541,1,16.5,2025-07-31 12:55
2795,562,26,34.5,2025-07-21 04:44
2796,2181,10,28.5,2025-03-26 12:11
2797,706,5,15.5,2025-05-08 23:15
2798,1110,6,5.0,2025-01-10 21:45
2799,2223,17,30.0,2025-01-28 14:00
2800,459,23,23.0,2025-05-17 13:58
2801,442,20,15.0,2025-08-17 18:42
2802,1754,11,22.5,2025-08-16 02:40
2803,2226,27,4.5,2025-09-20 04:17
2804,1429,20,16.0,2024-12-29 05:10
2805,1910,19,24.5,2025-11-09 18:11
2806,1866,4,36.0,2025-12-02 19:56
2807,1367,8,19.5,2025-11-28 19:21
2808,513,7,33.0,2025-01-31 15:48
2809,1713,8,18.0,2025-10-17 05:04
2810,382,19,19.5,2025-08-31 18:36
2811,1518,21,10.0,2025-08-30 17:58
2812,201,14,5.5,2025-03-02 04:14
2813,792,24,29.5,2025-06-08 05:36
2814,905,13,9.5,2025-03-17 17:26
2815,1261,3,20.0,2025-09-23 20:52
2816,1458,8,9.5,2025-05-30 02:47
2817,2189,3,31.0,2025-05-15 01:58
2818,1611,10,36.0,2025-01-14 05:58
2819,755,21,20.0,2025-04-15 17:22
2820,1446,14,5.0,2025-01-19 07:21
2821,1036,26,20.5,2025-11-19 16:52
2822,925,16,19.0,2024-12-26 05:06
2823,1868,11,28.5,2025-04-05 11:27
2824,2291,8,6.5,2025-08-21 06:42
2825,2069,17,20.0,2025-10-26 02:00
2826,1212,25,5.0,2025-11-29 21:19
2827,524,15,6.5,2025-06-19 21:34
2828,1135,25,35.0,2025-10-27 08:13
2829,1524,27,23.5,2025-10-20 05:19
2830,2029,13,27.0,2024-12-23 05:06
2831,2419,9,16.5,2025-07-02 20:28
2832,1848,14,9.5,2025-06-10 13:52
2833,1831,9,27.0,2025-10-03 01:51
2834,1543,2,26.0,2025-12-01 21:22
2835,699,12,14.0,2025-09-03 23:26
2836,329,26,11.5,2025-06-11 03:53
2837,2339,26,26.0,2025-10-14 20:27
2838,117,1,30.0,2025-11-09 10:15
2839,177,7,11.0,2025-01-24 03:50
2840,2183,1,9.5,2025-04-25 09:38
2841,824,15,10.5,2025-12-05 17:17
2842,1435,25,15.0,2025-05-16 15:41
2843,1635,1,14.0,2025-02-01 10:25
2844,2113,22,20.5,2025-08-04 06:34
2845,2070,7,14.0,2025-10-21 00:30
2846,406,7,16.0,2025-06-03 06:07
2847,944,9,22.5,2025-02-23 06:54
2848,1842,14,10.5,2025-04-01 03:17
2849,859,10,31.0,2025-11-23 12:01
2850,281,19,26.0,2025-04-30 00:02
2851,1610,25,36.0,2025-07-25 03:02
2852,1812,1,5.5,2025-06-07 22:50
2853,2256,21,15.5,2025-03-18 12:47
2854,100,24,28.5,2025-01-08 06:57
2855,735,23,10.0,2025-03-22 00:15
2856,2182,18,14.0,2025-09-04 12:58
2857,2075,17,21.5,2025-11-25 21:19
2858,2238,9,11.0,2025-03-18 20:30
2859,664,20,5.5,2025-09-30 18:40
2860,2044,18,25.0,2025-08-19 05:35
2861,2390,8,19.5,2024-12-25 09:50
2862,568,13,32.5,2025-05-14 11:09
2863,1663,18,16.0,2025-03-27 15:45
2864,1289,20,4.5,2025-11-13 10:16
2865,761,14,33.0,2025-01-20 03:48
2866,890,2,25.0,2025-08-31 18:24
2867,1425,5,14.0,2025-09-29 18:24
2868,1502,8,18.5,2025-06-05 06:05
2869,1866,20,20.0,2025-01-18 05:44
2870,994,25,14.5,2025-01-10 10:27
2871,703,15,5.5,2025-09-18 11:39
2872,2146,11,11.0,2025-02-16 12:14
2873,1191,12,9.5,2025-03-09 12:56
2874,1166,11,27.0,2025-05-24 11:00
2875,2063,11,9.5,2025-01-12 22:19
2876,2327,1,28.0,2025-10-08 01:39
2877,201,10,19.0,2025-05-18 10:48
2878,204,7,31.0,2025-07-29 10:38
2879,1529,17,31.5,2024-12-10 16:05
2880,610,1,20.0,2024-12-21 18:29
2881,1197,12,9.5,2025-01-21 08:30
2882,903,18,5.5,2025-10-08 22:49
2883,2291,9,27.5,2025-07-03 04:35
2884,78,21,31.0,2025-07-13 19:19
2885,95,21,39.5,2025-10-07 08:39
2886,1162,25,19.0,2025-09-12 03:34
2887,526,9,11.5,2025-03-09 06:24
2888,1079,7,12.0,2025-08-11 05:46
2889,1561,27,14.5,2025-04-12 10:49
2890,201,6,9.5,2025-05-09 21:18
2891,163,19,5.5,2025-11-06 04:45
2892,1926,8,10.5,2025-03-28 07:09
2893,1520,25,10.5,2025-04-05 08:07
2894,1959,8,20.5,2025-09-16 05:12
2895,313,27,31.0,2025-05-03 03:56
2896,1529,4,10.5,2025-09-18 03:16
2897,272,7,14.5,2025-10-02 03:30
2898,2438,19,21.0,2025-01-06 04:56
2899,2080,24,26.5,2025-12-01 17:16
2900,2252,7,22.5,2025-07-15 17:00
2901,1767,25,16.0,2025-02-03 07:02
2902,2271,18,16.5,2025-01-30 08:30
2903,623,9,22.5,2025-01-17 20:25
2904,1223,17,22.0,2025-02-14 19:46
2905,533,3,38.5,2025-01-27 02:15
2906,2213,9,19.5,2025-04-23 21:38
2907,1062,8,34.0,2025-03-26 22:00
2908,703,15,11.5,2025-09-22 05:04
2909,972,2,30.5,2025-07-03 16:17
2910,113,4,32.0,2025-01-14 20:11
2911,2140,8,29.5,2025-09-12 17:08
2912,47,20,15.0,2025-10-02 09:54
2913,750,9,29.5,2025-11-16 19:39
2914,1872,1,14.5,2024-12-19 15:59
2915,842,6,14.0,2025-09-26 16:26
2916,2222,2,6.5,2025-09-20 05:04
2917,1176,15,9.5,2025-10-24 17:26
2918,1230,6,21.5,2025-10-10 10:15
2919,1075,25,19.5,2025-04-30 17:21
2920,99,25,38.5,2025-05-08 19:43
2921,1802,6,24.5,2025-09-07 12:04
2922,639,6,14.5,2024-12-12 13:22
2923,1507,26,19.5,2025-05-24 08:43
2924,2274,25,32.0,2025-04-03 12:04
2925,135,25,29.5,2025-01-17 14:58
2926,1286,1,29.5,2025-01-15 23:09
2927,116,5,6.5,2025-04-29 23:47
2928,615,13,27.5,2025-08-13 10:15
2929,629,26,4.5,2025-05-09 18:12
2930,937,10,29.5,2025-08-31 17:48
2931,155,2,16.5,2024-12-14 12:00
2932,2147,3,28.5,2025-03-15 11:56
2933,563,7,13.0,2025-09-15 17:01
2934,337,5,19.0,2025-03-17 10:29
2935,1681,13,32.5,2025-05-07 06:41
2936,1489,2,20.0,2025-02-24 18:27
2937,5,12,5.0,2025-08-31 22:07
2938,1913,27,21.5,2025-01-04 18:48
2939,1562,27,16.5,2025-11-23 14:02
2940,1311,4,35.0,2025-07-07 22:39
2941,796,15,17.0,2025-06-21 06:08
2942,1551,6,25.5,2025-07-12 16:08
2943,2125,9,14.0,2025-11-23 07:32
2944,2333,22,28.5,2025-07-25 18:28
2945,2208,24,5.5,2025-10-20 23:28
2946,737,10,28.5,2025-02-15 04:42
2947,1617,3,19.0,2025-03-08 06:32
2948,1120,24,10.5,2025-05-27 01:24
2949,2143,5,31.5,2025-11-08 03:56
2950,673,1,30.0,2025-09-22 07:00
2951,966,13,26.0,2025-10-14 20:46
2952,1772,22,31.5,2025-09-06 20:23
2953,2424,22,13.0,2025-06-14 19:39
2954,138,9,16.5,2025-08-13 12:25
2955,611,2,22.5,2025-12-05 17:58
2956,2327,16,14.0,2025-09-10 14:08
2957,1807,18,5.0,2025-11-28 04:31
2958,2300,18,20.5,2024-12-16 04:27
2959,1825,5,22.0,2025-06-15 04:26
2960,1361,25,25.5,2024-12-27 04:32
2961,1111,12,14.5,2025-11-12 15:38
2962,14,15,23.5,2025-02-28 17:17
2963,913,14,11.5,2025-06-04 19:58
2964,119,19,36.0,2025-07-06 17:45
2965,1499,7,28.0,2025-04-02 14:35
2966,1589,21,20.5,2025-07-02 00:15
2967,1202,25,28.0,2025-10-10 10:15
2968,512,10,27.5,2025-11-20 01:10
2969,1949,21,16.0,2025-06-11 22:27
2970,178,26,27.5,2025-04-12 09:52
2971,312,6,14.0,2025-01-06 22:05
2972,1591,3,6.5,2025-01-06 13:33
2973,2211,1,11.0,2025-02-02 10:37
2974,2470,19,5.5,2025-04-11 17:27
2975,2142,7,25.5,2025-11-18 03:21
2976,1016,20,4.5,2025-04-23 02:36
2977,2071,1,9.0,2025-05-23 18:46
2978,472,5,35.5,2025-12-04 15:03
2979,1682,22,18.5,2025-02-13 17:46
2980,1813,26,4.5,2025-02-17 21:36
2981,1159,16,10.0,2025-02-09 04:24
2982,491,8,20.0,2024-12-30 02:02
2983,955,21,11.0,2025-03-04 06:23
2984,2017,8,19.0,2024-12-11 12:04
2985,2323,20,23.0,2025-01-10 10:59
2986,1377,9,21.0,2025-04-07 05:55
2987,971,27,17.5,2025-07-28 08:28
2988,518,13,25.5,2025-11-07 02:07
2989,311,13,20.5,2025-11-04 19:24
2990,1744,11,32.5,2025-01-22 14:13
2991,344,6,30.0,2025-04-06 12:50
2992,933,26,11.0,2025-05-24 19:04
2993,918,11,31.5,2025-06-13 09:52
2994,470,16,9.0,2025-02-07 09:29
2995,636,14,19.5,2025-06-02 20:42
2996,1467,2,5.0,2025-01-12 22:47
2997,1318,20,5.5,2025-05-08 08:12
2998,2131,27,24.5,2025-11-11 05:39
2999,1729,26,15.0,2025-05-04 10:24
3000,1331,8,25.0,2025-05-10 01:23
3001,1408,25,21.0,2025-02-26 21:57
3002,355,12,32.0,2025-01-24 07:30
3003,1875,4,25.5,2025-03-31 04:01
3004,1262,3,26.0,2025-05-16 22:10
3005,815,23,14.0,2025-04-07 00:39
3006,2476,2,15.0,2025-02-13 18:45
3007,1694,14,19.5,2025-11-21 04:53
3008,1181,4,24.0,2025-01-19 14:48
3009,1162,25,14.5,2025-10-22 02:35
3010,1530,19,11.5,2024-12-23 23:11
3011,2237,20,21.5,2025-01-23 08:30
3012,1775,22,15.0,2025-03-24 05:36
3013,954,8,21.0,2025-03-18 15:22
3014,412,8,14.5,2025-07-19 03:12
3015,2338,5,4.5,2024-12-20 10:38
3016,2198,19,15.5,2025-03-03 01:21
3017,1700,19,16.5,2025-05-21 06:50
3018,891,3,5.5,2025-02-14 15:49
3019,1273,18,21.0,2025-06-10 13:07
3020,2001,10,4.5,2025-02-20 14:54
3021,1097,25,20.5,2025-11-25 15:45
3022,212,26,5.0,2025-02-01 22:05
3023,371,8,27.0,2025-09-23 00:19
3024,2007,18,20.0,2025-05-29 09:32
3025,1038,12,16.0,2025-02-03 15:23
3026,280,12,27.5,2025-08-04 15:10
3027,1220,16,19.0,2025-05-10 00:06
3028,644,15,6.5,2025-02-03 06:15
3029,527,21,23.0,2025-08-24 12:36
3030,1447,15,27.0,2025-11-15 11:34
3031,2036,25,16.0,2025-04-27 00:19
3032,1630,11,20.5,2024-12-10 11:48
3033,518,13,12.0,2025-11-18 00:05
3034,118,8,23.5,2025-08-16 20:26
3035,746,12,14.5,2025-01-18 22:15
3036,126,15,5.5,2025-01-07 16:45
3037,992,6,28.5,2025-09-16 03:54
3038,790,18,9.5,2025-08-13 08:52
3039,1110,26,21.5,2025-05-08 14:18
3040,1615,2,34.0,2025-01-12 07:33
3041,1911,27,25.0,2025-10-01 20:58
3042,1664,24,5.5,2025-01-26 19:51
3043,804,2,6.5,2025-07-21 14:00
3044,909,24,19.0,2025-06-24 13:45
3045,170,16,5.0,2025-11-16 16:26
3046,888,19,24.5,2025-07-01 02:26
3047,1130,26,14.0,2025-11-18 12:03
3048,188,21,28.0,2025-05-24 08:31
3049,90,18,32.0,2025-08-10 15:31
3050,74,22,20.0,2025-08-11 23:28
3051,2350,4,27.0,2025-11-04 00:12
3052,875,20,32.5,2024-12-18 13:37
3053,288,27,11.0,2025-05-02 06:11
3054,410,17,13.0,2025-10-17 15:17
3055,2443,15,5.0,2025-06-01 09:14
3056,380,1,9.5,2025-01-15 15:54
3057,35,27,19.0,2025-12-06 21:30
3058,837,3,27.0,2025-02-11 01:06
3059,2387,2,10.0,2025-05-10 06:03
3060,2490,5,19.5,2025-11-11 02:35
3061,1987,6,15.5,2024-12-23 08:10
3062,508,8,4.5,2025-08-26 08:16
3063,1433,4,10.0,2025-06-18 14:52
3064,1743,23,22.5,2025-10-16 22:37
3065,2117,3,16.5,2025-11-14 15:23
3066,832,15,15.0,2025-11-07 01:21
3067,944,7,24.0,2025-10-03 17:17
3068,1627,4,23.5,2025-08-24 13:45
3069,1756,27,20.5,2025-08-01 02:09
3070,307,27,18.5,2025-08-13 09:23
3071,2355,16,16.0,2025-06-29 09:16
3072,401,27,20.5,2025-06-15 11:12
3073,1771,25,9.0,2025-02-09 01:48
3074,235,16,14.0,2025-02-18 17:10
3075,1605,24,21.5,2025-06-26 22:20
3076,2461,1,15.0,2025-09-24 15:18
3077,874,14,47.5,2025-08-29 03:22
3078,616,15,19.5,2025-06-11 20:16
3079,1413,17,24.0,2025-04-17 12:22
3080,1948,4,4.5,2025-09-02 18:03
3081,2178,12,11.0,2025-09-14 15:55
3082,8,24,4.5,2025-07-30 14:53
3083,202,24,28.0,2025-05-19 06:12
3084,1875,27,15.0,2024-12-16 09:47
3085,367,21,18.5,2025-09-18 04:57
3086,1472,23,26.0,2025-07-09 23:00
3087,2466,22,10.0,2025-09-22 05:54
3088,222,5,28.0,2025-08-14 00:06
3089,67,23,20.5,2025-08-11 21:26
3090,889,10,10.0,2025-09-28 00:08
3091,862,10,6.5,2025-08-15 23:01
3092,1735,26,14.0,2025-07-11 21:24
3093,1169,1,24.0,2025-02-17 21:52
3094,1721,26,14.5,2025-01-21 14:00
3095,2360,17,14.0,2025-07-27 12:03
3096,2005,6,16.5,2025-02-26 12:25
3097,1321,8,28.0,2025-12-05 05:32
3098,1967,10,10.5,2025-09-15 09:25
3099,1632,16,14.0,2025-07-31 00:58
3100,1299,14,37.0,2024-12-13 16:04
3101,1553,14,21.5,2025-03-02 20:41
3102,853,21,26.0,2025-03-26 18:39
3103,279,17,26.0,2025-07-18 18:33
3104,1478,7,30.5,2025-04-10 12:32
3105,1274,23,23.5,2025-10-26 01:47
3106,2281,24,30.5,2025-02-12 10:14
3107,1791,6,19.0,2025-03-07 01:41
3108,723,19,15.5,2025-03-02 06:31
3109,759,26,26.0,2024-12-14 13:10
3110,1616,7,10.5,2025-05-23 00:32
3111,233,11,10.0,2025-03-09 20:23
3112,1366,21,10.0,2025-11-20 00:26
3113,2219,8,21.0,2025-06-26 23:04
3114,2284,20,9.5,2025-09-26 02:26
3115,1851,12,24.5,2025-06-22 11:57
3116,235,11,5.5,2025-05-02 20:44
3117,1208,5,6.5,2025-02-19 12:41
3118,2177,9,10.0,2024-12-08 04:34
3119,244,4,25.0,2025-11-06 14:28
3120,1357,24,23.5,2025-08-27 17:13
3121,2211,11,19.0,2024-12-27 16:15
3122,2020,8,16.0,2024-12-12 09:58
3123,2173,9,21.0,2025-03-23 20:41
3124,2170,12,6.5,2025-09-23 12:06
3125,43,5,15.0,2025-03-15 08:54
3126,466,12,28.5,2025-10-24 13:11
3127,901,25,25.5,2025-06-14 11:52
3128,553,14,6.5,2025-06-25 06:32
3129,132,27,25.5,2025-05-22 19:37
3130,839,24,15.5,2025-11-02 12:23
3131,397,5,10.0,2025-01-02 05:49
3132,464,5,10.0,2025-02-25 13:50
3133,649,27,25.0,2025-06-06 07:27
3134,1209,25,5.0,2024-12-18 23:39
3135,2157,10,5.0,2024-12-11 05:23
3136,2090,7,19.0,2025-09-16 04:18
3137,397,25,30.0,2024-12-28 02:55
3138,237,26,11.0,2025-04-15 21:30
3139,1645,1,6.5,2025-10-31 14:36
3140,1333,23,25.0,2024-12-22 08:14
3141,372,20,27.0,2025-03-06 11:23
3142,1635,19,11.0,2025-08-16 11:04
3143,1824,8,15.0,2025-08-12 20:06
3144,1217,25,5.5,2025-11-17 20:46
3145,1115,14,9.0,2025-04-03 00:04
3146,857,3,5.5,2025-09-05 09:26
3147,70,11,19.5,2025-09-02 14:39
3148,751,3,36.0,2025-05-04 06:52
3149,2063,19,29.0,2025-11-05 14:18
3150,891,10,5.5,2025-11-27 23:24
3151,1010,11,14.0,2025-06-30 00:19
3152,1011,4,14.5,2025-08-12 20:11
3153,1752,16,6.5,2024-12-18 10:35
3154,558,6,15.0,2025-09-13 19:06
3155,1280,6,19.0,2025-05-13 03:57
3156,244,13,20.5,2025-10-27 13:58
3157,248,9,11.0,2025-07-16 09:18
3158,1699,18,5.5,2025-11-14 00:41
3159,2369,17,19.5,2025-09-23 00:09
3160,109,21,40.5,2025-01-21 10:09
3161,2171,8,28.0,2025-07-07 00:59
3162,2309,21,25.0,2025-05-13 17:06
3163,1900,13,26.0,2025-06-12 15:39
3164,653,4,19.0,2025-01-29 05:23
3165,568,1,11.0,2025-03-24 22:53
3166,278,9,35.0,2025-03-08 21:25
3167,82,5,9.5,2025-11-06 14:02
3168,1553,13,9.5,2025-07-06 20:26
3169,1406,3,10.0,2025-05-08 00:53
3170,1846,2,5.5,2025-01-11 14:25
3171,964,27,24.0,2025-11-27 14:09
3172,2001,15,16.0,2025-10-22 05:42
3173,1174,13,12.0,2025-05-12 18:53
3174,2239,2,14.0,2025-02-09 05:04
3175,129,21,10.0,2025-05-14 01:21
3176,2169,15,29.5,2025-04-04 04:20
3177,2432,14,9.5,2025-02-04 15:24
3178,629,16,9.5,2025-02-18 14:34
3179,2302,22,20.0,2025-09-05 16:46
3180,1358,8,16.5,2024-12-19 08:06
3181,799,27,37.5,2025-08-16 02:08
3182,352,18,4.5,2025-10-03 06:46
3183,1480,14,15.5,2025-06-19 17:34
3184,832,22,14.5,2025-06-20 23:09
3185,1553,20,24.5,2025-04-04 19:36
3186,1731,21,33.0,2025-06-24 11:24
3187,542,2,27.0,2025-04-17 11:03
3188,1575,16,30.5,2025-04-18 20:45
3189,632,24,14.5,2025-05-24 22:40
3190,479,17,16.0,2025-08-28 02:21
3191,581,19,20.0,2025-10-12 13:07
3192,2052,26,6.5,2025-01-13 05:49
3193,38,1,28.5,2025-04-02 13:21
3194,2017,13,5.5,2025-01-24 17:54
3195,920,5,5.0,2025-04-25 05:27
3196,2460,4,24.0,2025-08-13 12:06
3197,2221,4,19.5,2025-06-02 12:41
3198,818,18,18.5,2025-06-22 02:25
3199,380,16,13.0,2025-03-14 17:04
3200,1092,14,6.5,2025-07-04 05:49
3201,914,25,26.5,2025-05-02 05:28
3202,546,13,16.5,2025-02-03 17:05
3203,275,21,9.5,2025-06-08 06:23
3204,1753,12,31.0,2025-09-05 04:13
3205,890,15,26.0,2025-05-26 05:50
3206,977,4,19.5,2025-01-01 14:13
3207,1446,13,9.5,2025-08-30 22:59
3208,269,6,4.5,2025-06-20 17:46
3209,2055,18,9.5,2025-06-06 04:53
3210,480,26,16.5,2024-12-24 22:18
3211,1906,11,22.0,2025-09-24 21:09
3212,1396,9,24.5,2025-08-04 03:31
3213,1498,13,20.5,2025-02-15 11:42
3214,1704,14,23.0,2024-12-09 13:49
3215,1769,3,14.5,2025-06-07 23:03
3216,2260,23,5.0,2025-03-13 12:34
3217,1013,24,9.5,2025-10-02 07:43
3218,2260,21,30.5,2025-04-23 06:17
3219,1667,18,33.0,2024-12-26 16:48
3220,1302,25,34.0,2025-03-02 05:45
3221,1290,6,16.0,2025-09-03 12:28
3222,478,14,32.5,2025-03-17 09:45
3223,124,17,6.5,2025-10-15 13:32
3224,788,7,31.0,2025-11-19 13:36
3225,1458,22,12.0,2025-04-30 14:11
3226,761,6,5.5,2025-09-10 04:01
3227,2086,22,11.0,2025-08-01 14:04
3228,2441,4,25.0,2024-12-30 17:52
3229,2319,14,25.0,2025-05-23 11:28
3230,268,12,10.0,2025-01-07 23:17
3231,1087,11,23.0,2025-03-04 07:22
3232,228,25,18.5,2025-01-24 09:25
3233,2387,10,5.0,2025-09-03 19:18
3234,1252,8,6.5,2025-04-24 08:25
3235,367,11,11.0,2025-04-26 10:51
3236,1416,4,25.0,2025-07-14 20:12
3237,2092,6,32.0,2025-02-21 23:40
3238,2488,12,27.0,2025-08-26 22:59
3239,714,9,5.5,2025-07-04 23:16
3240,952,2,15.0,2024-12-20 03:34
3241,19,23,14.5,2025-03-26 21:57
3242,2357,19,10.5,2025-03-01 21:50
3243,12,1,35.0,2025-01-05 22:37
3244,2496,10,30.0,2024-12-12 15:43
3245,1754,11,11.0,2025-03-21 22:20
3246,1874,5,14.5,2025-11-29 18:05
3247,156,8,4.5,2025-01-22 04:26
3248,2134,13,16.5,2025-05-19 10:12
3249,251,24,11.5,2024-12-09 12:41
3250,2234,25,16.0,2025-09-28 15:53
3251,685,7,30.5,2025-12-04 14:39
3252,1389,15,13.5,2024-12-20 12:35
3253,431,1,10.5,2025-03-26 10:55
3254,744,3,25.0,2025-09-13 09:59
3255,1685,3,14.0,2025-05-07 09:10
3256,969,19,4.5,2025-03-04 21:40
3257,2287,10,31.0,2025-11-03 13:16
3258,1274,22,11.0,2025-10-19 05:55
3259,375,18,23.0,2025-04-09 14:58
3260,738,19,26.5,2025-01-25 01:51
3261,1236,11,30.0,2025-05-22 22:02
3262,1372,7,5.5,2025-02-06 05:40
3263,2133,11,5.5,2025-06-08 12:10
3264,1365,17,16.5,2025-10-22 17:42
3265,215,15,19.0,2025-04-30 22:27
3266,2065,3,6.5,2025-07-01 22:49
3267,1976,27,9.5,2025-05-06 08:35
3268,1079,15,29.0,2025-06-06 05:42
3269,2472,27,12.0,2025-12-05 03:27
3270,425,4,34.0,2025-06-29 13:16
3271,2410,15,9.5,2025-06-30 19:33
3272,299,17,5.0,2025-03-17 15:11
3273,2161,25,26.0,2025-01-19 06:32
3274,1435,20,21.5,2025-12-04 18:29
3275,2480,2,15.0,2025-07-23 08:33
3276,2320,14,16.0,2025-04-11 11:19
3277,1728,18,5.0,2025-02-17 05:59
3278,1971,27,21.0,2025-02-25 12:20
3279,1199,21,25.0,2025-07-07 06:03
3280,2314,8,15.5,2025-03-29 02:54
3281,1422,12,31.0,2025-11-24 05:47
3282,1587,6,10.5,2025-07-23 06:15
3283,1591,22,25.5,2025-03-15 15:13
3284,13,2,9.5,2025-02-18 20:42
3285,1649,4,5.0,2025-12-06 12:13
3286,1769,1,18.5,2025-02-02 13:05
3287,913,7,15.0,2025-04-19 23:22
3288,726,6,10.0,2025-09-26 16:58
3289,1485,20,15.5,2024-12-23 11:51
3290,1054,12,11.0,2025-05-03 09:48
3291,2109,5,29.0,2025-03-06 06:40
3292,2089,17,26.0,2025-08-25 14:14
3293,1353,10,6.5,2025-07-15 20:14
3294,241,4,31.0,2025-07-23 14:47
3295,811,15,20.0,2025-07-04 16:57
3296,125,13,6.5,2025-06-11 17:39
3297,367,8,40.5,2025-01-10 21:54
3298,255,27,12.0,2025-07-08 11:35
3299,1041,1,14.5,2024-12-13 09:23
3300,1714,10,26.5,2024-12-25 17:36
3301,28,22,37.5,2025-11-17 13:30
3302,1908,8,21.5,2025-03-28 11:58
3303,1653,27,15.0,2025-09-21 00:32
3304,995,23,5.5,2025-10-28 09:29
3305,592,19,19.5,2025-04-28 17:01
3306,1753,11,5.0,2025-03-09 15:04
3307,393,8,16.5,2025-06-18 19:33
3308,564,3,35.0,2025-10-15 17:52
3309,2045,7,20.5,2025-06-20 23:05
3310,583,5,25.5,2025-03-22 19:50
3311,1046,5,33.5,2025-05-14 22:34
3312,2469,12,14.5,2025-10-05 19:49
3313,444,18,19.0,2025-01-28 16:21
3314,2254,5,14.5,2025-02-03 06:37
3315,603,5,21.5,2025-02-28 06:01
3316,584,15,5.0,2025-06-17 20:54
3317,1788,11,10.0,2025-01-04 15:24
3318,2376,15,19.0,2025-09-22 08:36
3319,2238,27,33.5,2025-03-25 20:24
3320,1790,2,23.5,2025-08-21 02:13
3321,1549,20,16.0,2025-01-27 12:19
3322,1823,12,27.5,2025-05-14 01:19
3323,502,7,21.5,2025-05-11 03:48
3324,1468,13,28.5,2025-04-14 01:00
3325,1146,3,30.5,2025-08-27 09:35
3326,134,4,5.0,2025-04-18 06:12
3327,1280,23,21.0,2025-02-24 18:33
3328,1117,24,31.5,2025-09-27 02:43
3329,926,11,32.5,2025-11-16 15:25
3330,972,15,25.5,2025-10-29 10:11
3331,294,22,19.0,2024-12-20 02:47
3332,2218,6,25.5,2025-10-16 03:07
3333,927,11,30.0,2024-12-07 02:30
3334,1651,6,15.5,2025-11-22 11:31
3335,340,25,11.5,2025-09-21 02:35
3336,1244,8,30.5,2025-09-08 12:38
3337,1192,9,5.0,2024-12-29 23:22
3338,1096,18,17.0,2025-01-18 05:29
3339,1993,21,4.5,2025-02-28 20:15
3340,1301,7,21.0,2025-06-22 08:08
3341,420,3,6.5,2025-11-22 07:52
3342,2272,23,16.5,2025-08-24 14:51
3343,1926,26,18.0,2025-02-03 21:21
3344,2303,4,34.5,2025-04-08 15:15
3345,907,14,9.5,2025-11-26 01:38
3346,1235,9,20.5,2025-08-30 04:52
3347,54,7,20.5,2025-07-31 21:10
3348,2411,9,9.5,2024-12-16 04:19
3349,2200,17,15.5,2025-04-27 02:34
3350,1011,5,5.5,2024-12-11 15:34
3351,2397,13,28.5,2025-09-01 15:09
3352,305,24,15.0,2025-03-13 18:24
3353,2358,11,22.0,2025-06-24 17:53
3354,371,3,5.0,2025-02-01 14:42
3355,250,9,34.0,2025-10-08 23:46
3356,440,21,5.0,2025-03-18 14:33
3357,215,27,5.0,2025-03-12 06:22
3358,1397,22,13.0,2025-01-02 11:42
3359,1505,6,12.0,2025-01-25 01:27
3360,2009,7,4.5,2025-07-17 00:07
3361,2192,23,16.0,2025-10-24 16:42
3362,490,20,28.5,2025-09-06 15:14
3363,460,10,6.5,2025-01-22 14:46
3364,917,27,24.0,2025-06-21 01:35
3365,460,4,19.5,2025-07-15 14:56
3366,962,21,23.5,2025-06-19 03:01
3367,2320,1,29.5,2025-10-31 08:44
3368,2416,23,26.5,2025-10-27 17:09
3369,1071,15,4.5,2025-05-30 08:09
3370,2227,19,9.5,2025-11-27 12:17
3371,584,19,10.0,2025-06-08 12:06
3372,1368,19,16.0,2025-09-25 01:54
3373,945,1,20.5,2025-01-09 18:41
3374,2021,19,14.5,2025-02-27 04:31
3375,1981,26,31.0,2025-03-29 04:18
3376,2024,18,24.5,2025-05-19 03:09
3377,2003,14,24.0,2025-01-01 16:27
3378,104,11,31.5,2025-02-22 18:48
3379,1391,6,12.0,2025-03-20 21:01
3380,1,17,27.5,2025-03-09 12:59
3381,568,1,18.5,2025-12-02 19:55
3382,1351,23,4.5,2025-06-17 17:38
3383,1875,23,26.0,2025-01-02 23:54
3384,1815,10,29.5,2025-12-03 21:54
3385,880,1,14.0,2025-10-05 17:39
3386,1822,10,35.0,2025-07-15 02:24
3387,1158,26,28.5,2025-04-18 22:27
3388,2295,24,32.0,2025-10-29 17:52
3389,1091,3,9.5,2025-11-04 01:16
3390,785,16,26.0,2025-01-01 11:49
3391,1486,4,10.5,2025-08-28 19:35
3392,2210,21,5.5,2025-05-26 14:52
3393,214,20,9.5,2024-12-09 17:12
3394,44,13,6.5,2025-08-02 06:26
3395,2107,26,30.5,2025-09-26 19:38
3396,2036,27,30.5,2025-03-16 04:07
3397,1195,17,20.0,2024-12-12 20:51
3398,1333,11,9.5,2025-08-23 08:29
3399,1209,20,20.5,2025-11-23 00:03
3400,1891,14,4.5,2025-08-18 19:01
3401,2296,13,27.0,2024-12-19 03:23
3402,383,9,6.5,2025-06-30 06:36
3403,1312,4,31.0,2025-11-02 15:51
3404,1888,1,20.0,2025-03-12 17:05
3405,1588,25,23.0,2025-01-08 15:05
3406,2213,4,28.0,2025-07-06 02:17
3407,1881,5,21.5,2025-03-25 21:23
3408,1599,26,6.5,2025-02-14 22:18
3409,1316,4,9.5,2025-08-21 00:47
3410,1631,18,4.5,2025-08-04 19:46
3411,772,8,24.0,2025-01-28 03:36
3412,840,23,33.5,2025-02-06 01:23
3413,2396,26,35.5,2025-09-05 16:01
3414,1212,11,21.5,2025-03-19 21:17
3415,189,16,5.5,2025-08-09 09:39
3416,374,20,5.5,2025-06-19 19:06
3417,2179,11,16.0,2025-09-02 13:53
3418,2288,22,24.5,2025-11-29 13:03
3419,1862,13,31.0,2025-05-27 12:38
3420,1551,14,13.0,2025-09-21 19:20
3421,924,27,16.5,2025-12-03 19:23
3422,2195,10,27.5,2025-01-07 01:29
3423,52,12,24.5,2025-10-17 21:34
3424,763,18,6.5,2025-08-07 12:52
3425,646,11,15.0,2025-02-04 03:59
3426,635,3,16.0,2025-11-04 06:52
3427,191,22,30.5,2025-05-15 13:07
3428,1455,23,34.0,2025-07-12 19:47
3429,2332,4,25.5,2025-05-09 10:44
3430,707,14,16.0,2025-06-19 01:48
3431,701,9,35.0,2025-01-11 14:18
3432,864,19,32.0,2025-04-24 09:31
3433,1037,10,9.5,2025-03-16 08:03
3434,129,9,6.5,2025-08-07 04:14
3435,2303,5,29.5,2025-05-21 10:24
3436,466,1,10.0,2025-06-23 14:50
3437,893,18,14.5,2025-05-01 04:26
3438,1032,25,19.5,2025-08-18 09:16
3439,2196,2,16.0,2025-06-04 02:45
3440,2231,26,14.0,2024-12-21 00:34
3441,1342,4,16.5,2025-01-28 09:18
3442,1781,11,28.5,2025-11-26 13:28
3443,122,12,24.0,2025-04-25 05:58
3444,650,15,30.0,2025-07-11 01:28
3445,853,5,9.5,2025-05-11 11:30
3446,635,8,33.5,2025-06-17 15:00
3447,989,7,5.5,2025-10-04 07:12
3448,387,13,15.0,2025-12-02 18:52
3449,1637,4,20.0,2025-02-05 04:31
3450,526,23,5.5,2025-01-15 18:36
3451,48,27,33.0,2024-12-30 10:20
3452,155,5,9.5,2025-01-19 18:31
3453,2442,12,19.0,2025-06-17 01:56
3454,1140,5,9.5,2024-12-14 12:42
3455,397,13,10.0,2025-10-27 11:08
3456,1513,4,16.0,2025-05-06 23:42
3457,1936,18,21.5,2025-08-02 12:33
3458,2420,7,10.5,2025-07-06 17:24
3459,240,11,32.0,2025-04-18 21:04
3460,105,14,9.5,2025-08-01 06:19
3461,531,5,29.5,2025-01-25 04:55
3462,339,20,28.5,2025-07-20 01:42
3463,839,22,41.5,2025-07-29 16:13
3464,2293,8,25.5,2025-06-27 16:35
3465,1579,24,14.5,2025-04-01 10:27
3466,1566,26,26.0,2025-01-31 09:56
3467,2060,25,24.0,2025-11-10 14:24
3468,1021,20,4.5,2025-09-22 15:06
3469,812,2,10.0,2024-12-10 11:26
3470,1261,17,15.0,2025-04-13 14:35
3471,809,23,5.0,2025-05-24 06:25
3472,2326,3,29.0,2025-02-11 03:40
3473,841,4,16.0,2025-09-13 05:48
3474,1593,6,16.0,2025-05-14 16:14
3475,2421,11,9.5,2025-11-15 12:12
3476,437,19,31.0,2025-06-06 08:18
3477,211,16,6.5,2025-11-06 09:34
3478,1834,20,4.5,2025-05-14 19:23
3479,2344,24,14.0,2025-03-27 20:43
3480,2107,1,6.5,2025-08-18 20:32
3481,911,3,24.5,2025-11-14 22:25
3482,752,16,24.0,2025-05-16 14:20
3483,1524,11,29.0,2025-10-18 11:29
3484,428,23,27.0,2025-09-20 23:17
3485,1320,7,29.0,2025-03-04 02:46
3486,1743,9,32.0,2025-01-01 02:04
3487,1063,10,9.5,2025-02-22 01:58
3488,437,11,25.5,2025-05-17 02:34
3489,956,26,4.5,2025-12-01 04:13
3490,2021,15,9.5,2025-04-28 05:24
3491,584,13,32.0,2025-07-09 12:30
3492,243,23,15.5,2025-02-06 17:56
3493,1084,14,4.5,2025-09-11 12:08
3494,1828,16,15.0,2025-09-06 02:40
3495,1392,8,34.0,2025-01-25 18:13
3496,1764,15,9.5,2025-05-23 22:36
3497,2085,17,9.5,2025-04-25 02:17
3498,2475,21,26.0,2025-05-23 02:50
3499,277,20,20.5,2025-08-31 06:34
3500,1888,16,18.5,2025-01-26 05:40
3501,1150,21,30.0,2025-10-23 04:21
3502,1121,25,29.5,2025-04-26 06:21
3503,1431,27,16.0,2025-07-11 15:58
3504,335,13,5.0,2025-11-28 17:51
3505,2458,15,32.0,2025-01-03 19:11
3506,3,21,35.5,2024-12-10 09:15
3507,956,12,5.5,2025-09-25 02:22
3508,2189,3,19.0,2025-03-12 10:31
3509,79,15,6.5,2025-01-27 15:56
3510,1002,6,16.0,2025-10-13 03:13
3511,1025,3,27.0,2025-10-19 04:37
3512,769,13,31.0,2025-12-02 08:36
3513,1344,20,16.5,2025-03-07 00:14
3514,347,19,30.5,2025-03-02 10:33
3515,146,4,16.0,2025-07-23 02:59
3516,1810,11,29.0,2025-05-15 15:18
3517,1454,15,14.5,2025-11-21 18:10
3518,453,16,5.5,2025-02-15 04:08
3519,232,24,4.5,2025-07-10 23:37
3520,1296,18,32.0,2025-11-09 00:35
3521,359,13,5.0,2025-07-22 08:00
3522,2085,23,21.0,2025-01-08 16:42
3523,264,1,30.0,2025-10-18 06:18
3524,921,24,13.0,2025-07-05 09:47
3525,2352,9,9.5,2025-02-03 23:46
3526,924,24,24.0,2025-11-28 05:28
3527,1768,14,16.0,2025-08-25 09:23
3528,2470,17,9.5,2024-12-31 10:11
3529,2238,22,19.0,2025-03-30 11:42
3530,2479,8,14.0,2025-07-23 19:37
3531,1947,7,16.0,2025-12-01 02:44
3532,834,9,24.5,2025-12-05 19:26
3533,1607,5,22.5,2025-11-27 14:40
3534,923,18,21.0,2024-12-23 21:49
3535,372,15,16.5,2025-11-18 05:04
3536,364,18,24.0,2025-02-03 18:17
3537,2201,17,4.5,2025-10-15 13:44
3538,1355,10,5.5,2025-07-15 23:27
3539,431,3,41.5,2025-04-07 06:55
3540,323,23,5.0,2024-12-27 09:53
3541,208,19,6.5,2025-06-15 05:11
3542,1366,16,26.5,2025-08-05 16:28
3543,2237,22,21.0,2025-09-23 23:31
3544,2391,26,12.0,2025-02-05 02:17
3545,958,4,22.5,2025-06-19 07:02
3546,1229,21,4.5,2025-03-02 18:07
3547,2011,7,19.0,2025-11-02 13:30
3548,129,9,17.0,2025-12-01 01:28
3549,1699,25,24.0,2025-07-01 00:39
3550,502,17,16.0,2025-01-31 08:26
3551,2139,1,39.5,2024-12-09 05:56
3552,2255,13,10.0,2025-06-06 21:36
3553,1393,19,14.5,2025-06-22 22:02
3554,517,22,4.5,2025-05-25 04:58
3555,1047,5,4.5,2025-06-26 19:50
3556,1149,15,5.5,2025-01-07 04:10
3557,655,10,36.5,2025-04-21 07:41
3558,2208,4,4.5,2025-03-04 02:52
3559,1107,4,20.5,2025-04-27 15:52
3560,2397,27,35.5,2025-04-18 02:14
3561,2171,2,30.0,2024-12-24 19:46
3562,1199,10,11.0,2025-12-04 14:27
3563,722,26,27.0,2025-03-05 15:02
3564,2167,22,5.5,2025-10-25 18:56
3565,1588,22,5.5,2024-12-31 15:59
3566,1367,2,4.5,2025-08-27 02:49
3567,619,23,9.5,2025-08-11 02:15
3568,301,8,14.5,2025-09-14 12:07
3569,2443,8,31.5,2024-12-27 05:32
3570,1006,4,10.5,2025-09-24 03:43
3571,1539,5,25.0,2025-02-05 01:05
3572,2342,12,34.0,2025-08-13 18:23
3573,2406,21,25.5,2025-07-17 01:00
3574,2305,1,5.5,2025-10-20 05:37
3575,386,23,9.5,2025-01-27 13:54
3576,1217,19,29.5,2025-02-19 08:41
3577,1311,24,20.0,2025-01-06 03:45
3578,846,19,5.5,2025-06-11 04:37
3579,1027,13,14.0,2025-05-13 10:36
3580,1812,5,21.5,2025-05-28 11:03
3581,1224,27,15.5,2025-04-08 22:04
3582,1538,27,5.5,2024-12-20 12:51
3583,1080,10,21.0,2025-04-03 10:00
3584,782,3,11.5,2025-11-20 18:49
3585,1176,20,14.5,2024-12-21 12:38
3586,488,2,6.5,2025-06-13 15:14
3587,1412,2,5.5,2025-01-19 20:53
3588,498,10,19.0,2025-03-22 01:54
3589,1517,9,33.5,2025-10-07 11:13
3590,322,20,15.5,2025-09-08 11:41
3591,1031,17,16.5,2024-12-15 19:57
3592,1808,11,14.5,2025-09-11 22:37
3593,115,8,14.0,2025-09-19 15:46
3594,1555,14,25.0,2025-01-07 03:30
3595,1453,21,10.0,2025-12-06 01:48
3596,1869,20,25.0,2024-12-25 10:19
3597,908,8,29.5,2025-05-19 16:25
3598,2157,16,14.0,2025-01-21 12:26
3599,1589,23,10.0,2025-05-31 10:44
3600,1541,22,27.0,2025-07-11 23:44
3601,1073,4,5.0,2025-06-04 18:56
3602,356,19,10.0,2025-04-10 22:32
3603,844,15,12.0,2025-05-29 15:56
3604,2312,13,29.5,2025-09-13 13:01
3605,509,24,9.5,2025-08-02 05:36
3606,1688,24,16.0,2025-08-25 09:03
3607,1161,21,18.0,2025-07-13 07:32
3608,2076,24,32.5,2025-04-13 10:13
3609,2208,15,6.5,2025-08-03 08:35
3610,621,11,18.5,2025-09-05 15:31
3611,1216,26,20.5,2025-08-11 17:36
3612,1727,26,29.5,2025-07-30 16:52
3613,53,18,21.5,2025-06-09 06:49
3614,2236,26,15.5,2025-03-14 11:02
3615,2380,24,25.5,2025-08-24 13:34
3616,2326,23,19.0,2025-02-16 05:44
3617,1836,20,25.5,2025-10-10 10:51
3618,2339,12,17.0,2025-07-29 19:59
3619,546,21,21.0,2025-11-04 12:18
3620,1443,21,21.0,2025-03-11 06:49
3621,1357,4,12.0,2025-08-29 02:37
3622,2420,17,9.0,2024-12-22 18:11
3623,784,26,26.0,2025-03-02 10:36
3624,2106,25,15.5,2025-01-29 13:57
3625,2247,22,10.5,2025-01-23 23:36
3626,2465,5,9.0,2025-09-18 08:12
3627,380,13,31.5,2025-06-17 09:04
3628,351,15,23.5,2025-11-14 06:46
3629,1076,19,33.5,2025-03-05 09:46
3630,424,1,5.0,2025-09-21 06:04
3631,631,8,22.0,2025-05-10 18:18
3632,1807,25,24.0,2025-02-23 02:52
3633,2409,20,14.5,2025-03-08 19:07
3634,2185,7,31.0,2025-08-01 20:50
3635,970,10,14.0,2024-12-26 04:26
3636,972,17,33.0,2025-04-27 10:03
3637,2248,13,10.5,2025-09-19 17:10
3638,1525,4,19.5,2025-04-20 06:06
3639,1100,10,14.0,2025-11-13 15:00
3640,463,17,20.0,2025-08-14 10:18
3641,619,27,20.5,2025-07-16 07:07
3642,2022,26,19.0,2025-04-08 21:04
3643,1116,6,31.0,2025-06-13 23:37
3644,238,27,25.5,2025-09-09 08:04
3645,191,15,16.0,2025-11-19 09:49
3646,108,3,34.5,2025-04-06 10:59
3647,1679,1,17.5,2025-08-27 06:26
3648,2098,23,22.0,2025-03-24 06:51
3649,1523,18,16.0,2025-11-24 04:20
3650,2428,26,12.0,2025-04-19 19:41
3651,1319,4,13.0,2024-12-10 11:32
3652,736,5,30.0,2025-03-08 09:47
3653,1517,8,24.5,2025-11-27 23:46
3654,1143,7,24.5,2025-01-22 23:52
3655,1182,2,23.5,2025-05-22 17:38
3656,805,9,33.5,2025-09-25 04:19
3657,1326,22,9.5,2025-08-28 21:02
3658,2235,15,32.0,2025-05-04 01:40
3659,426,5,34.0,2025-03-05 06:54
3660,2134,4,16.0,2025-02-05 10:19
3661,1689,11,6.5,2024-12-19 01:10
3662,2031,16,33.5,2025-08-11 06:07
3663,647,2,22.0,2025-04-15 18:26
3664,2429,25,5.5,2025-11-18 22:34
3665,1957,2,28.5,2025-05-15 20:42
3666,718,17,9.5,2025-01-01 10:53
3667,519,1,15.0,2025-07-19 04:01
3668,1493,2,14.0,2025-01-30 08:06
3669,1346,12,23.0,2025-02-01 17:03
3670,1335,17,5.5,2025-02-23 17:30
3671,1325,12,27.0,2025-11-20 07:12
3672,1516,14,13.0,2024-12-18 20:43
3673,1768,2,24.0,2025-08-16 03:25
3674,1446,17,32.0,2025-11-18 06:38
3675,1043,11,25.5,2025-02-17 21:56
3676,739,18,16.0,2025-11-02 23:50
3677,571,4,15.0,2025-10-31 11:18
3678,2044,21,9.5,2025-02-03 04:48
3679,951,14,17.5,2025-04-07 20:17
3680,1310,6,4.5,2024-12-09 14:01
3681,1215,5,27.5,2025-08-29 01:37
3682,1773,21,25.0,2025-01-01 21:03
3683,546,26,9.0,2025-05-22 00:35
3684,1574,5,22.5,2025-07-20 01:31
3685,1752,25,10.0,2025-08-24 06:08
3686,2207,6,13.0,2025-02-11 05:16
3687,2307,17,9.5,2025-06-09 14:28
3688,256,7,29.5,2025-01-03 02:44
3689,554,7,19.0,2024-12-18 16:25
3690,1003,21,36.0,2025-01-09 01:24
3691,1786,24,12.0,2025-05-03 12:43
3692,654,21,6.5,2025-05-30 14:26
3693,805,10,25.5,2025-01-23 14:13
3694,2010,18,31.0,2025-01-05 08:46
3695,30,25,14.0,2025-09-10 18:10
3696,1411,4,14.5,2025-06-18 04:21
3697,1577,18,14.5,2025-04-08 01:02
3698,446,4,31.5,2025-10-28 11:20
3699,1901,1,4.5,2025-04-03 14:16
3700,1307,14,9.5,2025-08-04 05:34
3701,603,24,5.5,2025-08-23 03:41
3702,1173,3,15.5,2025-03-31 09:51
3703,149,12,32.0,2025-07-16 02:02
3704,1960,19,4.5,2025-07-12 07:47
3705,579,18,4.5,2025-01-06 08:18
3706,1375,21,14.5,2025-09-11 14:50
3707,2346,6,5.0,2024-12-31 21:58
3708,829,25,25.0,2025-01-05 10:19
3709,2332,23,25.0,2025-03-12 10:58
3710,1424,19,9.5,2025-09-17 18:26
3711,957,6,6.5,2025-03-23 22:34
3712,1539,27,20.5,2025-02-04 04:32
3713,387,13,20.5,2025-05-31 05:39
3714,963,18,25.5,2025-02-10 13:11
3715,695,9,24.5,2024-12-13 06:02
3716,867,27,16.0,2025-02-03 13:59
3717,1158,19,5.5,2025-01-05 12:44
3718,452,14,16.0,2025-03-18 21:26
3719,1101,5,25.5,2025-10-18 14:25
3720,448,19,10.5,2025-02-04 00:02
3721,928,4,24.5,2025-08-05 03:28
3722,797,24,36.5,2025-07-17 19:03
3723,349,12,27.0,2025-04-25 00:30
3724,2231,3,10.5,2025-05-30 09:23
3725,1160,23,19.0,2025-07-28 07:41
3726,59,25,5.5,2025-01-27 10:04
3727,2387,9,16.5,2025-11-04 05:59
3728,1899,11,17.5,2025-01-16 20:58
3729,2301,23,14.0,2025-04-11 15:18
3730,2422,26,17.0,2025-02-19 16:00
3731,2313,3,16.0,2024-12-14 23:05
3732,1413,16,16.0,2025-02-15 15:01
3733,2175,18,28.0,2025-05-20 03:21
3734,2246,5,21.5,2025-10-18 02:16
3735,180,12,19.0,2025-09-11 19:54
3736,1334,15,23.5,2025-11-01 06:17
3737,597,8,5.0,2025-04-29 01:38
3738,216,10,30.0,2025-06-28 08:42
3739,1095,18,9.5,2025-06-22 10:22
3740,1450,6,28.0,2025-03-02 04:33
3741,1189,22,26.5,2025-07-20 08:44
3742,967,24,5.0,2025-08-10 20:14
3743,586,22,4.5,2025-08-26 23:52
3744,359,22,16.0,2025-08-11 14:56
3745,1894,14,25.5,2024-12-28 01:06
3746,710,14,26.0,2025-01-02 03:50
3747,99,19,13.0,2024-12-31 19:15
3748,1440,6,11.0,2025-07-04 08:23
3749,554,19,32.5,2024-12-26 21:17
3750,1044,13,22.0,2025-12-03 15:27
3751,2139,3,6.5,2025-09-11 11:05
3752,1363,4,5.5,2025-03-04 08:37
3753,168,19,15.0,2025-03-11 12:14
3754,453,23,15.0,2025-02-22 19:09
3755,307,7,28.0,2025-03-08 07:24
3756,2485,22,11.0,2025-07-26 12:11
3757,2429,26,28.0,2025-03-07 20:18
3758,1473,27,15.0,2025-02-07 21:07
3759,179,17,6.5,2025-01-24 18:55
3760,1544,22,5.0,2025-09-04 15:52
3761,2315,20,19.5,2025-11-30 23:55
3762,2073,19,16.0,2025-06-20 01:51
3763,2100,27,5.5,2025-11-25 18:31
3764,544,13,9.5,2025-02-14 20:28
3765,1654,22,26.5,2025-01-17 22:59
3766,1446,15,9.5,2025-04-20 14:27
3767,684,22,32.5,2025-11-02 13:54
3768,58,14,29.0,2025-11-03 14:56
3769,1320,2,20.0,2025-02-08 17:13
3770,1242,13,22.5,2025-04-15 03:19
3771,2040,24,21.5,2025-04-17 05:05
3772,1421,2,16.0,2025-05-22 18:50
3773,2192,20,22.5,2025-01-31 14:01
3774,956,9,9.5,2024-12-11 20:55
3775,2494,11,16.0,2025-02-19 10:43
3776,1790,19,14.0,2025-08-12 20:46
3777,1132,6,5.0,2025-03-07 22:54
3778,1036,27,21.0,2025-06-12 15:27
3779,2066,6,29.5,2025-01-25 17:14
3780,1284,12,26.5,2025-06-25 16:24
3781,1783,9,15.5,2025-01-18 00:58
3782,74,14,16.5,2025-10-18 22:08
3783,1772,23,34.5,2024-12-14 12:30
3784,126,16,21.5,2025-01-17 20:17
3785,1950,5,15.5,2025-01-09 07:17
3786,1620,16,20.5,2025-03-29 15:07
3787,1425,4,26.5,2025-11-03 08:43
3788,2147,21,21.0,2025-06-07 16:45
3789,572,2,4.5,2025-07-16 03:20
3790,2233,5,12.0,2025-09-08 17:40
3791,1323,21,29.5,2025-05-13 23:47
3792,1830,4,29.0,2025-10-05 02:43
3793,147,13,11.0,2025-10-19 22:39
3794,1182,18,20.0,2025-11-16 21:06
3795,1329,17,19.5,2025-01-25 18:37
3796,107,27,21.0,2025-01-11 16:32
3797,1912,15,15.0,2024-12-19 08:11
3798,2407,14,14.0,2025-07-18 08:23
3799,799,5,18.5,2025-03-13 10:19
3800,406,21,17.0,2025-08-15 03:42
3801,1444,2,30.0,2025-07-21 06:30
3802,1059,16,20.5,2025-10-17 09:15
3803,1604,18,14.0,2025-11-04 10:16
3804,770,1,4.5,2025-04-30 08:44
3805,1774,18,19.0,2025-01-26 03:48
3806,602,7,35.0,2024-12-29 17:01
3807,1853,26,6.5,2025-08-10 07:09
3808,1923,18,22.5,2025-03-19 22:28
3809,2216,7,30.0,2025-09-23 18:36
3810,2354,8,20.0,2025-01-21 07:27
3811,1796,10,16.0,2025-03-08 15:54
3812,242,8,22.0,2025-11-27 02:07
3813,2443,6,25.0,2025-09-18 16:15
3814,1843,19,15.0,2025-04-07 06:32
3815,798,25,16.0,2025-11-16 17:07
3816,1431,5,26.0,2024-12-23 02:55
3817,499,2,16.0,2025-07-22 11:04
3818,463,4,21.0,2025-11-16 01:31
3819,939,21,16.5,2025-07-26 02:20
3820,811,1,11.5,2025-01-02 01:33
3821,1980,25,20.0,2024-12-19 18:06
3822,1846,19,10.0,2025-07-03 11:53
3823,1806,6,14.5,2025-02-02 15:35
3824,1576,10,23.5,2025-04-30 07:41
3825,2065,14,15.0,2025-06-30 20:20
3826,1434,6,12.0,2025-07-24 18:33
3827,1129,1,38.0,2025-09-17 19:06
3828,63,2,25.5,2025-02-11 08:56
3829,1167,8,23.0,2025-01-11 04:58
3830,872,12,6.5,2025-03-12 04:46
3831,1083,12,11.0,2025-08-09 18:33
3832,1068,19,24.0,2025-02-26 02:58
3833,1745,18,11.0,2025-08-29 19:50
3834,1505,17,14.5,2025-12-02 18:55
3835,1146,26,24.0,2025-04-18 04:37
3836,1422,1,15.0,2025-09-07 10:19
3837,1434,6,16.5,2024-12-07 22:09
3838,1642,17,10.0,2025-11-08 23:44
3839,548,5,10.0,2025-04-25 20:07
3840,1477,9,11.0,2025-03-14 20:31
3841,1377,23,9.5,2025-01-23 07:36
3842,1739,11,18.0,2025-02-23 01:39
3843,892,21,26.5,2025-08-07 02:49
3844,2056,14,35.0,2025-10-25 15:13
3845,1140,8,9.5,2025-01-14 05:43
3846,1519,14,16.0,2024-12-07 22:14
3847,2069,2,17.5,2025-09-26 00:12
3848,1904,10,35.5,2025-03-30 15:00
3849,1976,12,26.0,2025-01-24 17:32
3850,2302,14,15.0,2025-05-06 00:48
3851,169,27,31.5,2025-08-16 00:34
3852,912,1,26.0,2024-12-09 22:10
3853,271,5,6.5,2025-01-17 15:52
3854,2117,15,6.5,2025-06-09 19:32
3855,1132,12,6.5,2024-12-25 03:33
3856,1778,2,14.5,2025-11-19 20:01
3857,2301,18,24.0,2025-03-02 05:24
3858,307,27,19.5,2025-11-02 06:32
3859,227,10,30.5,2025-03-03 01:14
3860,111,18,37.5,2025-06-27 11:18
3861,1941,24,5.5,2025-09-20 16:08
3862,1699,15,34.5,2025-04-30 22:04
3863,527,3,34.0,2025-08-16 03:32
3864,2408,1,29.5,2025-05-25 02:03
3865,2298,16,11.5,2025-10-12 00:30
3866,1907,19,9.5,2025-01-11 16:17
3867,863,22,11.0,2025-01-18 05:51
3868,484,1,16.0,2025-09-17 09:48
3869,20,16,16.5,2025-05-01 10:22
3870,2229,14,15.5,2025-12-05 06:52
3871,403,6,9.5,2025-03-10 05:43
3872,1499,1,24.5,2025-01-01 12:44
3873,2292,15,28.5,2025-05-29 05:00
3874,1654,2,22.5,2025-03-15 19:25
3875,591,18,13.0,2025-11-19 17:44
3876,1452,2,9.5,2025-06-13 13:39
3877,1538,26,35.5,2025-10-19 02:19
3878,123,10,29.0,2025-05-22 21:15
3879,62,14,26.0,2024-12-31 17:10
3880,1686,5,21.5,2025-01-29 11:22
3881,2298,3,25.5,2025-08-26 16:45
3882,557,9,11.0,2025-05-11 12:50
3883,1228,7,26.5,2025-10-19 10:37
3884,1212,16,32.5,2025-10-18 17:50
3885,1104,24,6.5,2025-10-19 10:11
3886,380,21,20.5,2025-02-11 04:58
3887,2453,19,5.5,2025-05-29 02:31
3888,878,26,32.0,2024-12-19 10:21
3889,801,23,13.0,2025-07-05 03:17
3890,847,24,38.5,2025-01-24 01:50
3891,357,21,33.5,2025-04-26 07:34
3892,2342,15,9.5,2025-06-01 10:17
3893,1675,13,14.5,2025-02-19 20:57
3894,2466,2,24.0,2025-10-28 06:30
3895,2057,26,35.5,2025-08-17 13:48
3896,517,7,29.5,2025-08-12 18:57
3897,2168,23,5.0,2024-12-19 11:53
3898,1177,26,16.5,2025-05-21 15:29
3899,2493,18,28.5,2025-09-08 01:01
3900,820,1,18.0,2025-12-06 19:11
3901,686,2,20.5,2025-10-20 10:56
3902,462,14,21.0,2025-08-08 23:34
3903,501,1,21.0,2025-03-05 18:25
3904,378,27,25.0,2025-09-07 07:40
3905,67,14,38.5,2025-07-04 09:53
3906,136,23,5.5,2025-01-12 11:43
3907,1753,11,29.0,2024-12-31 08:13
3908,1166,25,19.0,2025-04-23 15:03
3909,1225,16,4.5,2025-05-01 03:05
3910,1343,24,15.5,2024-12-24 16:50
3911,1343,4,15.5,2025-01-29 16:33
3912,570,14,32.5,2025-06-29 04:24
3913,451,6,24.0,2025-02-28 18:30
3914,1289,19,36.0,2025-03-02 07:51
3915,724,3,5.5,2025-08-16 21:56
3916,1631,20,26.0,2025-12-02 00:09
3917,951,19,4.5,2025-02-21 21:59
3918,1809,21,5.0,2025-03-01 20:54
3919,1650,16,11.0,2025-11-14 00:51
3920,1348,1,21.5,2025-09-26 09:40
3921,299,14,11.5,2025-02-07 01:58
3922,770,25,16.0,2025-04-27 10:57
3923,1693,3,32.0,2025-05-13 03:12
3924,2167,4,17.5,2025-11-16 14:42
3925,224,15,21.0,2025-08-11 13:50
3926,527,20,9.0,2025-03-14 19:19
3927,1870,27,15.0,2025-02-01 01:06
3928,2284,11,33.5,2025-09-15 14:58
3929,2104,7,6.5,2025-01-11 16:53
3930,1463,23,9.0,2025-10-29 21:52
3931,2076,26,25.5,2025-10-17 03:12
3932,1554,13,15.5,2025-03-10 22:43
3933,7,1,20.5,2025-04-10 13:31
3934,618,10,32.5,2025-01-11 02:50
3935,34,1,30.0,2025-03-28 00:55
3936,1581,2,28.5,2025-10-01 22:06
3937,1173,1,5.0,2025-05-08 05:27
3938,2015,24,10.0,2024-12-27 16:52
3939,1942,6,4.5,2025-10-10 04:46
3940,1391,17,4.5,2025-02-12 17:45
3941,1246,10,35.0,2024-12-20 13:01
3942,52,20,15.0,2025-07-10 06:37
3943,2083,7,20.0,2025-05-16 05:27
3944,1764,26,9.5,2025-03-09 06:45
3945,2223,23,23.0,2025-09-27 09:23
3946,1908,3,6.5,2025-01-01 04:07
3947,572,6,27.0,2025-09-06 02:46
3948,1088,23,15.5,2025-01-04 13:15
3949,2007,18,19.0,2025-10-01 23:40
3950,2281,15,5.0,2025-01-04 00:26
3951,2410,26,18.5,2025-04-23 09:44
3952,1449,15,4.5,2025-10-08 06:45
3953,731,16,9.0,2025-07-11 16:15
3954,2092,16,25.0,2025-05-10 14:55
3955,1721,15,27.5,2025-03-16 05:51
3956,119,20,5.5,2025-05-05 09:23
3957,140,8,17.0,2025-11-26 17:40
3958,155,16,5.0,2025-08-28 01:42
3959,2218,10,33.5,2025-03-20 04:29
3960,1638,27,20.5,2025-08-13 20:13
3961,1514,1,16.5,2025-02-14 19:40
3962,2318,5,14.5,2025-03-04 13:45
3963,1183,5,32.5,2025-09-18 09:32
3964,1049,9,30.0,2025-10-01 00:02
3965,1795,8,20.5,2025-10-24 02:51
3966,1282,15,36.0,2025-04-30 18:30
3967,2270,16,5.0,2025-06-03 22:02
3968,746,11,26.5,2025-04-15 19:49
3969,789,13,13.0,2025-02-22 15:47
3970,131,6,5.5,2025-08-18 20:46
3971,1535,22,11.0,2025-11-08 00:08
3972,1532,2,10.0,2025-03-26 13:34
3973,1013,19,19.0,2025-11-27 07:37
3974,25,6,9.5,2025-03-16 15:39
3975,1209,21,14.5,2025-07-12 18:51
3976,2445,18,9.5,2025-10-29 04:00
3977,1627,3,29.0,2025-03-14 12:17
3978,440,7,16.0,2025-04-13 17:06
3979,28,20,29.0,2025-05-29 23:36
3980,2337,17,12.0,2025-11-17 11:38
3981,1237,16,16.0,2025-03-24 05:41
3982,1017,20,16.0,2025-02-10 06:52
3983,1235,23,15.0,2025-03-28 15:19
3984,334,5,20.5,2025-04-21 02:14
3985,443,1,23.5,2025-09-08 12:46
3986,1014,6,5.5,2025-05-21 00:32
3987,1658,18,29.5,2025-05-01 00:06
3988,641,20,24.5,2024-12-20 12:35
3989,2052,2,31.5,2025-10-11 00:29
3990,688,15,20.0,2025-06-06 02:49
3991,1473,27,5.5,2025-11-04 22:08
3992,767,18,24.0,2025-10-25 16:15
3993,2361,5,10.0,2025-08-28 14:30
3994,1933,26,34.0,2025-01-23 17:29
3995,722,10,9.5,2024-12-27 16:23
3996,1387,26,6.5,2024-12-23 22:30
3997,2224,5,14.0,2025-02-10 20:32
3998,841,19,9.5,2025-01-22 05:02
3999,2179,21,9.5,2024-12-29 18:44
4000,512,24,28.0,2025-10-14 14:18
4001,1223,20,6.5,2025-05-30 22:08
4002,2297,25,17.0,2025-04-07 21:05
4003,2274,25,5.5,2025-04-26 18:16
4004,93,14,6.5,2025-11-02 11:45
4005,1178,9,22.5,2025-03-12 10:23
4006,1696,19,13.0,2025-10-15 00:04
4007,339,27,29.5,2025-03-29 21:25
4008,182,26,16.0,2024-12-17 11:55
4009,1223,5,24.5,2025-05-24 08:18
4010,539,17,27.0,2025-08-23 07:48
4011,37,8,34.0,2025-04-26 15:25
4012,1534,26,20.0,2025-01-01 11:05
4013,2478,2,6.5,2025-04-01 22:03
4014,526,22,9.5,2025-07-07 00:10
4015,1168,18,16.0,2025-09-11 03:57
4016,719,22,11.0,2025-08-08 03:52
4017,560,19,21.5,2025-04-20 12:34
4018,1174,19,16.5,2024-12-20 16:37
4019,1287,12,11.5,2025-05-06 13:40
4020,2482,8,28.5,2025-03-31 13:24
4021,107,7,29.0,2025-04-05 02:05
4022,289,24,24.5,2025-09-22 23:34
4023,2000,18,24.0,2025-04-02 16:26
4024,2355,15,21.0,2025-05-07 00:19
4025,1978,26,9.5,2025-04-07 08:30
4026,295,22,19.0,2024-12-18 17:48
4027,621,9,25.0,2025-11-29 01:39
4028,1667,10,20.0,2025-10-11 04:00
4029,375,14,28.0,2024-12-13 16:34
4030,1168,17,31.0,2025-10-27 12:54
4031,491,24,5.5,2025-05-28 05:29
4032,1399,22,19.0,2025-07-18 04:20
4033,93,24,20.0,2025-06-07 15:53
4034,2096,12,35.5,2025-09-10 07:23
4035,2403,20,16.5,2025-08-28 00:45
4036,2003,21,24.5,2025-06-13 20:40
4037,2330,6,23.5,2025-04-21 06:46
4038,2397,27,15.0,2025-10-31 14:32
4039,950,12,14.0,2025-11-22 10:24
4040,988,26,24.5,2025-07-12 02:35
4041,1978,15,24.5,2025-09-23 04:55
4042,607,6,37.0,2025-09-27 00:15
4043,1848,14,39.0,2025-03-20 15:17
4044,1392,8,14.0,2025-02-23 18:06
4045,1353,9,27.0,2025-10-02 16:50
4046,53,27,5.0,2025-05-30 22:38
4047,1201,12,24.5,2025-09-18 12:53
4048,1176,3,23.5,2025-01-23 12:40
4049,999,7,10.0,2025-06-27 14:31
4050,1003,13,23.0,2025-11-09 18:19
4051,13,3,21.0,2025-10-31 23:45
4052,509,6,32.0,2025-04-13 00:08
4053,884,27,28.0,2025-04-25 00:57
4054,1536,2,14.5,2025-05-27 01:32
4055,751,21,6.5,2025-07-23 21:45
4056,1995,25,14.5,2025-08-10 12:53
4057,344,11,15.0,2025-01-13 21:07
4058,166,5,11.0,2025-03-18 14:01
4059,2086,4,5.0,2025-07-05 23:24
4060,430,13,12.0,2024-12-18 15:49
4061,945,7,29.0,2025-01-13 18:32
4062,850,23,31.0,2025-07-03 23:22
4063,1458,20,21.0,2025-01-19 07:23
4064,567,2,16.0,2025-10-30 03:22
4065,48,17,11.0,2025-02-18 17:15
4066,606,18,19.0,2025-09-21 12:21
4067,846,27,24.0,2025-10-13 23:06
4068,1662,16,5.0,2025-05-31 21:19
4069,1129,20,9.5,2025-02-06 22:27
4070,800,13,16.0,2025-10-11 22:40
4071,345,1,29.0,2025-04-09 22:52
4072,356,10,12.0,2025-03-12 13:17
4073,599,5,21.0,2025-07-02 03:26
4074,298,7,30.0,2025-07-09 10:59
4075,790,20,9.5,2025-07-19 07:03
4076,1187,19,23.0,2025-11-24 13:01
4077,768,4,16.5,2025-10-14 16:26
4078,1218,12,4.5,2024-12-22 02:33
4079,1017,10,30.0,2025-06-19 03:00
4080,1406,15,6.5,2025-08-29 06:16
4081,428,21,15.5,2025-09-02 06:10
4082,922,14,21.0,2025-08-28 11:58
4083,200,15,9.5,2025-09-03 03:33
4084,1155,17,22.0,2025-11-03 07:11
4085,2361,20,24.0,2025-09-15 19:51
4086,946,14,29.0,2025-02-12 18:45
4087,17,18,22.0,2025-05-18 23:06
4088,171,12,11.0,2025-08-12 11:26
4089,779,8,5.5,2024-12-21 23:34
4090,2314,1,31.0,2025-01-04 00:23
4091,2083,19,25.0,2025-09-14 13:03
4092,1386,1,26.5,2025-02-01 15:19
4093,1421,19,35.0,2025-11-19 06:20
4094,1450,22,24.5,2025-04-28 13:31
4095,547,8,6.5,2025-08-26 16:59
4096,2208,16,4.5,2025-08-02 12:34
4097,1271,11,15.0,2025-10-06 05:46
4098,816,18,21.5,2025-07-18 03:10
4099,1377,21,20.0,2025-05-25 00:55
4100,142,24,25.5,2025-09-24 23:23
4101,1296,9,10.5,2025-07-22 03:04
4102,1812,19,4.5,2025-02-07 21:57
4103,2130,26,6.5,2025-07-25 20:29
4104,741,15,16.5,2025-08-31 14:12
4105,2259,2,14.0,2025-06-21 23:22
4106,2475,12,27.0,2025-05-13 03:35
4107,1437,1,11.5,2025-02-08 16:44
4108,568,15,24.5,2025-08-14 21:12
4109,1484,24,4.5,2025-03-14 22:44
4110,2243,17,20.0,2025-01-06 22:38
4111,723,17,16.5,2024-12-12 06:36
4112,792,20,10.0,2025-09-23 19:27
4113,78,12,31.0,2025-09-22 19:01
4114,1612,24,26.0,2025-02-10 14:41
4115,1223,14,28.0,2025-04-18 07:36
4116,2421,15,33.5,2025-05-05 05:42
4117,1618,10,20.5,2025-03-18 22:11
4118,2208,19,23.5,2025-08-04 05:09
4119,755,10,20.0,2024-12-16 18:28
4120,1917,23,11.0,2025-09-23 04:23
4121,2217,10,38.5,2025-11-16 22:51
4122,232,12,17.0,2025-08-21 00:36
4123,861,8,16.0,2024-12-20 18:49
4124,1413,12,19.0,2025-11-06 07:04
4125,408,3,30.0,2025-09-03 22:25
4126,2152,14,23.5,2025-10-12 15:57
4127,2104,9,26.5,2024-12-26 02:58
4128,486,13,26.0,2025-01-02 18:55
4129,85,14,6.5,2025-01-17 03:12
4130,383,24,16.0,2025-06-13 11:53
4131,1200,25,27.5,2025-07-19 03:43
4132,1859,5,20.5,2025-09-15 19:59
4133,2063,8,31.5,2025-11-21 01:26
4134,1019,24,10.0,2025-10-17 14:12
4135,1462,14,21.0,2025-10-22 06:19
4136,1972,22,14.0,2025-01-09 09:34
4137,628,1,35.0,2025-11-29 09:22
4138,413,4,14.0,2025-02-06 21:20
4139,1080,6,21.5,2025-11-24 07:35
4140,2301,21,25.0,2025-05-26 19:04
4141,840,6,17.0,2025-03-24 05:15
4142,2145,13,9.5,2024-12-20 14:51
4143,126,19,5.0,2024-12-07 04:30
4144,2346,19,10.5,2025-08-30 14:21
4145,1444,18,20.5,2025-10-28 14:17
4146,1886,21,16.5,2025-11-19 22:46
4147,393,5,18.0,2025-08-02 13:10
4148,493,19,30.0,2025-09-10 19:54
4149,535,14,9.5,2025-06-01 00:57
4150,1931,6,20.5,2025-03-14 16:35
4151,2131,11,16.5,2025-01-29 06:52
4152,2433,21,14.5,2024-12-29 19:59
4153,1112,18,30.5,2025-11-18 08:07
4154,2346,6,27.5,2024-12-25 04:28
4155,1090,20,25.0,2025-03-19 21:41
4156,1947,19,18.0,2025-02-25 19:38
4157,1897,18,10.0,2025-04-06 01:57
4158,414,11,29.0,2025-02-23 14:47
4159,2489,8,9.5,2025-09-23 19:59
4160,1337,23,10.0,2025-04-24 23:30
4161,2264,1,5.5,2025-05-22 11:40
4162,1304,27,25.0,2025-02-02 06:11
4163,729,22,24.5,2025-07-24 02:44
4164,1226,19,24.5,2025-02-20 15:30
4165,2354,19,23.5,2025-09-04 17:26
4166,153,15,28.0,2025-03-23 04:38
4167,419,11,35.0,2025-02-06 05:10
4168,1083,19,20.0,2025-10-01 18:57
4169,2398,17,10.0,2025-02-26 21:16
4170,1232,5,5.0,2025-05-06 08:36
4171,1581,14,28.5,2025-07-11 08:12
4172,1080,1,29.5,2025-05-16 20:36
4173,429,5,5.0,2025-09-10 05:00
4174,2494,16,16.5,2025-05-03 06:14
4175,851,27,4.5,2025-04-26 06:08
4176,4,12,5.5,2025-03-21 23:35
4177,285,23,34.5,2025-02-23 02:38
4178,1731,25,21.5,2025-04-21 12:50
4179,417,18,11.5,2025-04-02 08:47
4180,807,13,39.0,2025-07-09 01:57
4181,702,8,5.5,2025-04-06 23:53
4182,878,10,11.5,2025-06-28 04:14
4183,1328,20,28.5,2025-04-04 12:36
4184,1245,10,20.0,2025-02-19 06:41
4185,1532,21,10.0,2025-05-29 21:07
4186,2063,12,36.0,2025-01-03 07:33
4187,480,19,16.0,2025-06-05 07:03
4188,995,13,24.0,2025-03-06 22:34
4189,2036,16,30.5,2025-05-12 05:43
4190,2253,16,5.5,2025-10-23 05:23
4191,531,11,17.0,2025-04-10 19:02
4192,89,6,19.0,2025-05-12 15:05
4193,1185,6,6.5,2024-12-30 01:29
4194,85,14,17.0,2025-06-12 01:43
4195,1009,1,5.0,2025-05-27 19:55
4196,14,8,23.5,2025-02-05 05:15
4197,100,16,34.0,2025-10-31 11:17
4198,1149,15,24.5,2025-05-30 15:45
4199,29,15,30.5,2025-05-03 17:13
4200,1731,23,33.5,2025-10-06 15:44
4201,1071,3,30.5,2025-12-02 06:47
4202,683,7,15.0,2025-03-12 21:01
4203,75,25,36.0,2025-05-11 05:08
4204,2139,24,21.5,2025-10-18 11:44
4205,2010,24,35.5,2025-02-17 01:01
4206,18,22,19.5,2025-10-29 21:06
4207,347,8,26.5,2025-12-04 07:51
4208,1439,16,16.0,2025-04-02 10:12
4209,2060,13,28.0,2025-04-25 12:05
4210,2287,1,9.5,2025-04-30 11:15
4211,386,10,30.5,2025-03-15 23:09
4212,131,9,19.0,2025-03-26 11:17
4213,247,2,42.5,2025-08-15 21:30
4214,161,15,14.0,2025-08-12 21:28
4215,2010,3,25.0,2025-01-18 16:48
4216,608,27,21.0,2025-09-07 21:45
4217,1077,7,11.0,2025-10-21 05:57
4218,711,19,32.5,2025-01-19 01:25
4219,1745,19,22.0,2025-04-02 02:44
4220,65,12,29.5,2025-10-15 16:14
4221,1717,20,29.0,2025-07-29 12:57
4222,972,14,16.5,2025-01-16 23:14
4223,1140,20,10.0,2025-05-14 09:37
4224,591,2,30.5,2025-08-31 19:16
4225,1130,21,30.0,2025-11-15 20:11
4226,1566,25,16.0,2025-10-03 01:02
4227,1965,3,4.5,2025-07-17 11:46
4228,802,27,9.5,2025-12-03 20:38
4229,286,17,16.0,2025-11-17 10:21
4230,324,21,33.5,2025-02-05 14:59
4231,2350,24,16.0,2025-07-20 10:23
4232,1738,10,29.0,2025-05-03 18:59
4233,547,14,5.5,2025-05-05 03:44
4234,1873,8,29.5,2025-08-14 11:24
4235,1350,18,6.5,2025-08-19 22:50
4236,2201,5,9.5,2025-05-28 22:15
4237,63,20,10.5,2025-01-09 08:23
4238,2057,23,35.0,2025-03-15 19:28
4239,557,13,16.5,2025-08-15 09:39
4240,1811,25,14.5,2025-09-21 21:15
4241,924,17,12.0,2025-01-30 07:17
4242,2100,18,18.5,2025-10-05 04:17
4243,440,14,16.5,2025-02-13 12:57
4244,2480,5,24.0,2025-02-20 17:57
4245,589,10,14.5,2025-01-16 12:22
4246,670,1,5.0,2025-05-09 06:39
4247,1357,18,18.5,2025-10-19 04:52
4248,2310,11,28.5,2025-02-20 09:26
4249,799,7,27.0,2025-05-31 19:17
4250,2049,23,21.5,2025-07-01 18:25
4251,603,4,29.5,2025-07-21 04:45
4252,1608,24,11.5,2025-01-04 19:53
4253,1512,15,5.0,2025-03-20 12:41
4254,782,15,15.0,2025-11-21 21:51
4255,258,6,9.5,2025-07-12 21:07
4256,2328,20,33.5,2025-06-21 07:11
4257,1867,2,25.5,2025-08-11 09:54
4258,926,11,9.0,2025-02-07 09:05
4259,1486,10,27.0,2025-08-16 22:00
4260,698,13,20.5,2025-10-06 23:58
4261,2157,8,9.0,2025-03-07 20:17
4262,2149,22,32.5,2025-03-28 18:01
4263,1467,9,14.0,2024-12-10 09:57
4264,1544,8,14.0,2024-12-17 21:39
4265,2427,8,19.5,2024-12-19 13:40
4266,2004,21,9.5,2025-09-27 02:35
4267,1762,17,26.0,2025-01-25 20:00
4268,681,2,16.0,2025-02-05 14:50
4269,533,23,9.0,2025-06-28 20:15
4270,34,14,15.0,2025-04-03 13:18
4271,1346,19,9.5,2025-08-07 22:53
4272,2339,13,11.5,2025-05-01 09:44
4273,921,21,17.0,2025-09-18 01:54
4274,725,3,32.0,2025-05-01 16:18
4275,1597,26,14.5,2024-12-21 14:23
4276,1246,10,33.5,2025-05-21 23:27
4277,2263,21,24.0,2025-04-23 09:27
4278,1989,6,19.5,2025-02-18 01:32
4279,2066,22,15.0,2025-06-06 05:48
4280,2495,15,5.5,2025-06-18 14:42
4281,1919,13,29.5,2025-06-22 09:48
4282,103,21,29.0,2025-09-10 17:03
4283,672,8,6.5,2025-01-01 03:13
4284,1579,2,4.5,2025-07-08 23:46
4285,2450,4,28.5,2025-04-17 06:06
4286,300,21,22.5,2025-11-01 08:04
4287,101,18,23.5,2025-10-14 09:55
4288,1570,2,26.0,2025-01-17 10:49
4289,1392,24,19.0,2024-12-19 04:14
4290,2344,18,15.5,2025-08-16 07:32
4291,579,9,10.5,2024-12-19 11:45
4292,1263,4,5.0,2025-09-09 01:20
4293,800,20,11.0,2025-11-17 10:28
4294,1434,12,33.5,2025-04-14 19:43
4295,1343,2,12.0,2025-11-17 18:55
4296,1513,4,25.5,2025-08-14 16:06
4297,263,9,9.0,2025-03-28 12:14
4298,1614,10,9.5,2025-08-30 05:45
4299,2491,14,18.5,2025-01-23 08:44
4300,1152,6,9.5,2025-01-28 02:59
4301,30,8,25.0,2025-07-06 00:27
4302,2447,4,9.5,2025-02-01 16:14
4303,515,12,16.0,2025-02-11 07:37
4304,712,23,19.5,2025-09-24 14:14
4305,541,12,31.0,2025-11-16 17:59
4306,116,13,5.0,2025-02-13 20:45
4307,1485,23,15.0,2025-08-27 15:12
4308,1339,7,17.5,2025-05-24 06:31
4309,2057,13,17.0,2025-05-11 19:54
4310,1255,13,15.0,2025-03-09 22:42
4311,1401,25,4.5,2025-03-20 00:35
4312,1703,23,23.5,2025-08-31 02:21
4313,784,13,29.0,2025-11-30 06:49
4314,1306,27,22.5,2025-04-26 00:46
4315,1433,9,25.5,2024-12-16 15:59
4316,2309,17,10.5,2025-08-03 23:33
4317,1580,12,13.0,2025-06-05 03:21
4318,1571,23,31.0,2025-01-30 16:56
4319,616,2,17.5,2025-02-04 06:25
4320,1809,15,19.5,2025-05-23 01:04
4321,2159,25,25.5,2025-04-02 06:06
4322,1909,25,9.5,2025-10-06 12:54
4323,2430,26,21.5,2025-03-10 04:02
4324,1027,10,31.0,2025-11-24 05:53
4325,115,10,15.5,2025-10-13 18:46
4326,1110,14,4.5,2025-04-24 12:57
4327,172,11,29.5,2025-05-27 22:09
4328,2350,11,16.0,2025-08-17 04:49
4329,595,2,6.5,2025-03-02 08:41
4330,619,26,6.5,2025-10-17 08:00
4331,2448,13,5.0,2025-06-15 14:15
4332,1710,9,19.0,2025-09-24 18:57
4333,1614,27,26.5,2024-12-18 06:27
4334,2422,15,23.5,2025-05-30 23:45
4335,369,8,23.0,2024-12-09 08:49
4336,1170,24,42.5,2025-08-14 17:00
4337,78,6,9.0,2025-04-27 11:19
4338,2099,14,14.0,2025-09-20 02:09
4339,23,12,24.0,2025-10-15 06:52
4340,1989,27,29.5,2025-07-23 05:27
4341,1277,5,13.0,2025-03-17 08:57
4342,325,3,13.0,2025-11-05 19:50
4343,2326,24,5.0,2025-12-02 05:20
4344,1550,27,11.5,2025-01-20 16:02
4345,234,24,36.0,2025-04-09 11:47
4346,549,8,39.5,2025-10-05 13:33
4347,1130,24,4.5,2025-02-27 00:12
4348,677,27,16.0,2025-05-08 03:12
4349,1643,8,11.5,2025-03-12 21:23
4350,1658,7,21.0,2025-01-08 06:26
4351,890,3,36.5,2025-02-10 11:19
4352,358,4,25.0,2024-12-25 15:41
4353,2386,27,39.0,2025-04-16 03:46
4354,2171,3,14.5,2025-04-13 06:36
4355,123,2,29.5,2025-08-19 14:39
4356,1805,26,34.5,2025-02-28 08:08
4357,1662,20,19.5,2025-04-17 07:22
4358,906,2,15.0,2025-06-13 09:38
4359,2079,17,30.5,2025-08-06 16:07
4360,216,8,6.5,2025-01-11 08:18
4361,2025,16,19.0,2025-12-05 11:05
4362,2446,4,28.5,2025-05-05 03:01
4363,1190,22,5.0,2025-08-30 18:16
4364,2083,9,15.5,2025-08-22 06:49
4365,388,4,5.5,2025-04-28 06:58
4366,753,18,10.0,2025-04-17 00:34
4367,2096,9,20.5,2025-01-12 16:20
4368,1363,14,25.5,2025-06-30 06:46
4369,1799,4,21.5,2025-11-04 19:54
4370,2124,4,18.0,2024-12-16 05:17
4371,537,22,19.0,2025-08-22 02:05
4372,1156,5,6.5,2025-11-07 03:27
4373,1151,7,30.5,2025-11-27 10:54
4374,1488,2,31.0,2025-05-13 15:05
4375,2310,12,34.0,2025-05-22 18:24
4376,976,20,19.0,2024-12-08 07:42
4377,339,27,6.5,2025-03-13 09:30
4378,2062,12,26.0,2025-11-16 06:00
4379,59,14,11.5,2025-02-28 16:20
4380,1050,27,9.5,2025-04-15 22:21
4381,1712,7,36.0,2025-05-09 19:17
4382,844,22,11.5,2025-09-29 22:10
4383,1557,6,5.5,2025-11-26 05:24
4384,547,24,14.0,2025-11-24 19:21
4385,2320,27,17.5,2024-12-07 14:45
4386,1581,27,5.5,2025-02-18 18:17
4387,2407,7,20.5,2025-06-18 03:11
4388,2310,5,5.5,2025-10-06 13:18
4389,1844,10,4.5,2025-11-23 19:54
4390,2444,23,4.5,2025-04-01 06:37
4391,2040,2,30.5,2025-02-07 23:35
4392,1317,25,23.5,2025-08-01 01:01
4393,1121,7,29.5,2025-02-21 12:39
4394,824,11,19.0,2025-06-29 15:03
4395,356,8,16.5,2025-12-04 17:46
4396,1476,4,4.5,2025-10-14 13:00
4397,2128,16,38.0,2025-08-28 09:52
4398,1786,16,11.5,2025-07-08 09:56
4399,2410,16,31.5,2025-07-29 04:57
4400,2363,18,24.5,2025-02-25 16:12
4401,1379,15,20.0,2025-02-02 14:55
4402,415,18,4.5,2025-03-05 10:56
4403,447,20,10.0,2025-04-08 02:45
4404,300,7,28.0,2025-10-10 09:00
4405,93,8,4.5,2025-02-12 20:47
4406,842,20,12.0,2025-09-28 03:32
4407,637,20,20.5,2025-10-04 23:39
4408,1475,27,11.0,2025-06-16 23:53
4409,1609,4,20.5,2025-06-21 16:31
4410,1562,4,11.5,2025-01-14 16:26
4411,2356,5,24.5,2025-02-07 05:01
4412,1073,5,5.5,2025-01-12 14:18
4413,478,19,21.5,2025-04-09 12:53
4414,1008,5,25.5,2025-07-02 04:16
4415,305,8,5.5,2025-12-04 01:39
4416,274,5,20.5,2025-03-01 14:40
4417,1451,2,18.0,2025-09-01 19:48
4418,637,10,28.0,2025-10-07 04:54
4419,1197,20,5.0,2024-12-09 21:32
4420,1196,3,5.0,2025-12-01 11:25
4421,1786,21,9.5,2025-08-22 10:48
4422,2203,16,4.5,2025-06-16 04:35
4423,498,26,26.5,2025-05-02 11:00
4424,1993,9,10.5,2025-05-24 08:46
4425,864,16,16.0,2025-10-16 10:33
4426,98,26,20.5,2025-02-13 07:55
4427,144,19,5.0,2024-12-16 13:44
4428,282,19,25.5,2025-01-28 17:15
4429,1004,17,24.5,2025-08-02 14:49
4430,698,2,33.5,2025-10-08 04:42
4431,377,20,12.0,2025-02-10 19:10
4432,315,6,29.5,2025-08-13 11:57
4433,723,15,23.0,2025-10-01 11:54
4434,1246,26,23.0,2025-06-01 08:27
4435,1265,23,22.0,2025-05-06 05:03
4436,888,20,10.0,2025-09-17 17:33
4437,1864,3,29.0,2025-07-03 02:44
4438,311,20,10.0,2025-02-28 12:07
4439,218,3,29.5,2025-01-20 02:51
4440,1346,26,33.0,2025-07-23 17:45
4441,2101,6,21.5,2024-12-09 00:45
4442,1927,3,11.0,2025-09-26 21:06
4443,1986,27,31.0,2025-07-08 18:45
4444,1063,3,14.0,2025-09-19 23:45
4445,2023,13,24.0,2025-08-20 13:17
4446,872,25,38.5,2025-06-20 09:14
4447,87,22,10.0,2025-04-13 17:57
4448,177,4,16.5,2025-08-10 11:27
4449,1259,8,14.5,2025-07-08 14:42
4450,985,13,17.5,2025-06-12 22:14
4451,158,14,25.5,2025-03-03 01:45
4452,2357,11,9.5,2025-02-24 17:08
4453,986,13,34.0,2025-11-09 20:37
4454,753,18,5.0,2025-02-23 08:40
4455,2182,20,9.5,2025-06-18 03:12
4456,160,26,28.5,2025-06-06 04:17
4457,1100,12,30.5,2025-02-03 00:44
4458,653,16,22.5,2025-10-21 12:21
4459,2024,1,6.5,2025-02-28 14:06
4460,2427,19,33.5,2025-04-22 18:44
4461,329,21,29.0,2025-11-24 06:05
4462,1864,13,9.5,2025-06-28 17:37
4463,1799,8,15.0,2025-02-05 23:56
4464,913,20,25.0,2024-12-18 03:04
4465,2310,11,5.5,2025-05-17 02:37
4466,261,24,5.5,2025-04-17 20:21
4467,530,5,21.5,2025-01-12 06:49
4468,2368,25,29.5,2025-03-08 19:20
4469,786,5,35.0,2025-04-17 15:50
4470,122,5,19.5,2025-02-24 22:02
4471,2246,5,4.5,2024-12-16 08:17
4472,1393,5,15.0,2025-06-25 08:51
4473,1944,4,26.0,2025-06-16 02:44
4474,2090,27,14.0,2025-03-10 12:53
4475,296,24,17.0,2025-10-13 20:19
4476,1324,6,20.5,2025-08-06 20:12
4477,213,16,14.5,2025-11-26 00:20
4478,2425,20,11.0,2025-03-15 16:28
4479,2322,21,30.0,2025-10-24 09:27
4480,1051,12,4.5,2025-10-20 07:58
4481,1938,17,10.5,2025-11-20 10:24
4482,217,13,13.0,2025-08-06 00:17
4483,2004,15,24.0,2025-01-09 01:19
4484,2230,23,9.5,2025-05-26 02:55
4485,2499,10,33.5,2025-03-28 00:14
4486,1193,8,34.5,2024-12-13 07:44
4487,1218,15,5.0,2025-10-30 18:50
4488,249,3,10.0,2025-06-12 22:47
4489,1969,6,6.5,2025-05-09 05:42
4490,2380,4,15.0,2025-01-29 15:42
4491,1260,2,15.0,2025-07-08 04:30
4492,580,13,13.0,2024-12-29 15:53
4493,1271,14,29.5,2025-02-28 07:51
4494,169,21,11.5,2025-10-16 02:44
4495,1292,25,4.5,2025-09-20 03:27
4496,591,7,4.5,2025-08-19 20:32
4497,1001,4,19.5,2025-02-27 12:29
4498,863,25,29.0,2025-08-23 05:35
4499,2120,6,15.0,2025-02-17 14:15
4500,4,13,21.5,2025-09-08 16:37
4501,132,2,11.0,2025-09-14 20:44
4502,7,13,5.0,2025-07-09 14:45
4503,1010,23,18.5,2025-06-21 22:41
4504,175,23,31.0,2025-07-23 08:35
4505,1014,9,31.0,2025-08-14 10:51
4506,884,17,24.5,2025-01-18 17:17
4507,1560,14,26.0,2025-06-15 16:09
4508,1390,21,26.5,2025-11-22 21:07
4509,706,25,21.5,2025-08-04 03:15
4510,2290,25,22.5,2025-11-15 09:28
4511,2450,9,15.0,2025-04-04 20:46
4512,448,23,29.5,2025-06-24 02:25
4513,2100,23,18.0,2025-03-20 09:20
4514,1222,9,14.0,2025-06-15 07:46
4515,1722,14,15.5,2025-11-25 07:56
4516,36,21,14.5,2025-05-17 12:16
4517,260,25,24.0,2024-12-29 07:46
4518,311,21,31.5,2025-04-26 10:27
4519,1769,18,16.0,2025-03-31 12:33
4520,1118,22,28.0,2025-08-02 16:47
4521,1776,3,6.5,2025-02-25 13:27
4522,933,5,27.0,2025-04-10 14:33
4523,390,6,9.5,2025-02-23 12:10
4524,2364,22,31.0,2025-09-12 16:01
4525,132,26,21.5,2025-04-21 13:02
4526,2313,8,20.0,2025-01-16 22:00
4527,1681,19,19.0,2025-05-11 07:35
4528,1571,13,28.5,2024-12-28 13:41
4529,1721,27,34.5,2025-06-10 05:20
4530,1259,10,6.5,2025-07-23 23:14
4531,2065,6,5.0,2025-01-04 16:47
4532,1027,26,14.5,2025-06-21 04:13
4533,1059,8,9.5,2025-10-16 05:08
4534,2108,18,16.0,2025-07-20 06:19
4535,49,20,19.0,2025-02-23 15:26
4536,1766,1,19.0,2025-02-25 10:52
4537,1223,9,29.0,2025-01-18 23:33
4538,1373,5,36.5,2025-01-25 18:54
4539,1910,8,23.0,2024-12-15 20:04
4540,1448,12,6.5,2025-04-26 23:37
4541,1706,6,22.0,2025-11-10 02:20
4542,442,17,9.5,2025-04-01 09:31
4543,1636,27,5.5,2025-01-14 17:01
4544,1010,21,25.5,2025-01-18 11:47
4545,893,26,18.5,2025-12-05 02:46
4546,2466,13,20.0,2025-06-10 09:44
4547,1104,26,26.5,2025-01-21 14:20
4548,1098,10,21.5,2025-10-14 04:52
4549,1717,25,9.5,2025-10-27 01:01
4550,875,6,12.0,2025-09-15 01:36
4551,2365,16,25.5,2025-03-06 06:35
4552,1152,13,22.5,2025-06-16 14:01
4553,1765,20,26.0,2025-06-20 06:27
4554,698,16,35.0,2025-02-02 13:53
4555,1027,9,11.0,2025-04-19 19:08
4556,1809,14,13.0,2025-02-27 19:06
4557,1939,5,25.0,2025-03-03 06:56
4558,2212,18,27.0,2024-12-14 12:39
4559,384,10,14.0,2025-11-06 14:44
4560,1475,18,14.5,2025-05-12 08:03
4561,936,10,15.5,2025-06-03 13:11
4562,299,24,20.5,2024-12-08 04:25
4563,140,16,10.5,2025-01-30 06:32
4564,195,27,19.5,2025-07-12 00:12
4565,1428,22,30.0,2025-07-06 11:34
4566,918,10,15.5,2025-07-30 08:47
4567,1263,8,20.5,2025-10-15 08:02
4568,1231,9,26.5,2025-08-01 03:21
4569,1629,4,33.5,2025-03-06 08:36
4570,1127,8,30.5,2025-07-28 11:44
4571,694,15,16.0,2025-07-13 18:37
4572,493,16,15.0,2025-07-27 00:20
4573,1802,12,30.5,2025-08-07 03:09
4574,1465,14,26.5,2025-03-10 21:20
4575,1377,2,13.0,2024-12-18 07:23
4576,948,27,20.5,2025-10-06 02:42
4577,482,13,5.5,2024-12-20 09:34
4578,1496,12,5.0,2025-09-13 00:50
4579,792,10,18.0,2024-12-08 02:20
4580,984,20,25.0,2025-07-27 11:16
4581,181,16,11.5,2025-07-12 04:47
4582,953,15,9.5,2025-02-09 23:54
4583,1260,20,16.0,2025-12-04 02:54
4584,645,4,22.5,2025-01-27 02:39
4585,2331,5,29.5,2024-12-22 11:42
4586,2316,8,4.5,2024-12-23 20:29
4587,2289,15,16.0,2024-12-07 23:25
4588,2366,26,9.0,2025-03-19 18:08
4589,1298,23,27.5,2025-04-11 05:28
4590,652,4,34.0,2025-08-22 03:22
4591,1245,3,14.0,2025-03-11 02:11
4592,607,18,17.5,2025-04-30 19:04
4593,96,8,6.5,2025-11-27 04:43
4594,920,18,5.5,2025-10-03 19:07
4595,1061,18,34.0,2025-08-31 09:34
4596,1368,7,19.5,2025-02-18 11:31
4597,801,19,22.0,2025-11-07 21:18
4598,514,25,26.0,2025-03-23 23:19
4599,2204,5,4.5,2025-10-06 02:48
4600,248,5,36.5,2025-06-01 02:38
4601,492,17,11.0,2025-11-12 06:27
4602,1305,8,24.5,2025-05-28 20:08
4603,1193,18,43.5,2025-05-11 10:17
4604,1525,20,19.5,2025-01-20 16:01
4605,2456,10,9.5,2024-12-17 05:05
4606,857,23,4.5,2025-02-09 15:20
4607,606,20,22.5,2025-08-28 08:44
4608,1962,16,30.5,2025-06-09 05:46
4609,1608,3,29.5,2025-03-08 05:51
4610,1330,20,28.5,2025-05-25 23:00
4611,410,17,23.0,2025-11-28 03:39
4612,1257,10,24.0,2024-12-12 19:36
4613,230,26,21.5,2025-02-09 17:45
4614,628,13,10.0,2025-11-23 21:59
4615,1145,24,24.5,2025-06-28 15:22
4616,2089,18,25.0,2025-07-02 08:53
4617,2081,22,14.5,2024-12-29 08:27
4618,818,27,24.0,2025-10-10 19:01
4619,1869,5,21.0,2025-07-25 00:26
4620,1777,4,20.5,2025-09-20 10:58
4621,1467,14,25.5,2025-01-25 16:49
4622,68,7,6.5,2025-08-06 01:31
4623,885,15,20.5,2025-04-13 17:47
4624,1717,10,31.0,2025-03-10 03:48
4625,529,21,21.0,2025-04-03 14:35
4626,562,14,26.0,2025-04-21 09:24
4627,2178,13,5.0,2025-03-23 15:41
4628,1330,24,15.0,2025-01-17 06:00
4629,1422,4,36.5,2025-10-06 00:25
4630,1565,11,14.5,2025-11-29 21:18
4631,566,27,24.5,2025-09-25 22:13
4632,403,1,26.0,2025-02-04 18:29
4633,1448,22,34.5,2025-10-24 16:12
4634,1049,20,31.0,2025-11-18 04:12
4635,186,4,6.5,2025-03-30 15:23
4636,1200,27,16.5,2024-12-21 15:14
4637,708,6,19.0,2025-11-10 17:52
4638,788,7,12.0,2025-10-02 15:19
4639,1851,26,10.0,2025-03-29 04:21
4640,1012,8,21.5,2025-02-02 01:38
4641,1101,10,9.5,2025-08-07 21:42
4642,1245,11,33.5,2024-12-12 05:30
4643,1196,6,29.5,2025-08-02 02:04
4644,1201,24,26.5,2025-08-21 20:06
4645,1113,19,27.0,2025-05-20 17:52
4646,2020,20,14.5,2025-11-24 20:32
4647,304,25,20.0,2025-10-09 02:05
4648,1907,11,4.5,2025-01-29 09:03
4649,2402,27,24.5,2025-09-24 11:33
4650,462,11,4.5,2025-01-17 04:21
4651,1980,10,25.0,2024-12-25 08:35
4652,624,18,26.5,2025-07-11 13:09
4653,985,21,24.5,2025-06-09 16:31
4654,2070,27,15.5,2025-11-26 22:43
4655,623,5,5.5,2025-01-16 14:45
4656,167,23,13.0,2024-12-29 07:09
4657,1107,4,9.5,2025-06-29 06:02
4658,143,10,20.5,2025-12-01 18:35
4659,1362,25,11.0,2024-12-15 07:37
4660,828,1,29.5,2025-02-23 13:04
4661,961,27,24.5,2025-02-18 02:33
4662,1191,16,26.0,2025-04-04 20:20
4663,2006,14,19.5,2025-02-04 07:16
4664,2324,16,21.5,2025-02-25 03:00
4665,2154,25,24.0,2025-04-21 04:36
4666,1875,8,17.0,2025-08-14 11:02
4667,2389,22,10.0,2025-08-14 13:41
4668,385,14,32.0,2025-10-20 19:53
4669,1176,9,9.5,2025-04-23 23:31
4670,1656,10,6.5,2025-01-21 14:56
4671,679,10,25.5,2025-07-08 05:07
4672,2500,6,9.5,2025-04-23 10:04
4673,1357,7,28.5,2025-01-31 18:01
4674,909,27,11.0,2025-04-24 06:14
4675,232,18,34.0,2025-06-04 12:00
4676,1592,5,30.0,2025-05-13 20:58
4677,753,17,4.5,2025-07-22 06:46
4678,476,2,26.0,2025-02-16 11:49
4679,1858,7,29.5,2025-03-17 17:46
4680,1321,20,19.5,2025-05-01 19:00
4681,800,15,16.5,2025-11-21 02:10
4682,499,20,19.5,2025-03-25 01:38
4683,155,5,14.0,2025-01-07 08:17
4684,1576,18,41.5,2024-12-14 09:18
4685,189,23,15.0,2025-07-03 10:49
4686,1505,20,10.5,2025-01-21 21:44
4687,612,8,15.0,2025-07-08 17:59
4688,2280,24,31.5,2025-11-08 15:31
4689,529,4,28.5,2025-07-03 22:08
4690,1018,1,12.0,2025-01-18 23:28
4691,593,22,11.0,2025-08-07 04:11
4692,216,19,18.5,2025-06-26 18:32
4693,1375,17,16.0,2025-06-11 17:31
4694,1620,24,19.0,2025-03-24 17:00
4695,1050,23,35.5,2025-03-23 08:34
4696,1535,17,6.5,2025-11-25 01:25
4697,1329,24,10.0,2024-12-15 01:33
4698,1087,6,25.0,2025-02-09 13:03
4699,2035,8,29.5,2025-06-09 21:24
4700,1210,12,24.5,2025-10-05 20:26
4701,52,15,10.0,2025-05-05 23:13
4702,488,26,17.5,2025-02-05 06:28
4703,1563,14,5.0,2025-06-04 02:36
4704,206,8,16.0,2025-06-30 05:54
4705,1410,23,30.5,2025-05-23 15:26
4706,1152,12,21.5,2024-12-31 03:23
4707,1651,22,40.5,2025-03-09 14:00
4708,815,18,14.5,2025-05-06 01:44
4709,595,20,34.5,2025-03-20 06:42
4710,294,15,32.5,2025-11-02 00:55
4711,1967,22,5.0,2025-02-09 00:41
4712,611,3,6.5,2025-02-06 07:37
4713,1123,27,17.0,2025-09-04 01:57
4714,921,5,24.5,2025-07-10 03:13
4715,1278,15,28.5,2025-05-05 08:35
4716,944,14,24.0,2025-09-10 03:51
4717,1340,3,30.5,2025-07-18 17:03
4718,286,25,6.5,2025-10-01 02:42
4719,661,12,15.0,2025-01-22 16:52
4720,1716,22,28.0,2025-10-15 04:58
4721,1625,18,15.5,2025-05-23 11:17
4722,1602,4,26.0,2025-08-20 22:53
4723,152,11,25.5,2025-11-29 00:27
4724,1868,4,14.5,2025-08-15 09:37
4725,1498,4,17.5,2025-01-05 23:28
4726,1497,21,32.0,2025-07-23 17:30
4727,1197,6,15.5,2025-03-17 13:14
4728,2065,11,11.0,2025-11-02 13:31
4729,167,16,20.5,2025-06-05 02:21
4730,60,11,6.5,2025-09-14 09:12
4731,1203,18,5.5,2025-05-01 09:46
4732,1440,10,35.0,2025-09-16 01:01
4733,161,2,35.5,2025-08-01 13:08
4734,573,19,9.5,2025-08-24 22:35
4735,2437,16,18.0,2025-07-11 23:56
4736,931,10,25.5,2025-07-24 19:14
4737,1557,19,26.5,2025-08-03 19:57
4738,2088,12,23.5,2025-05-10 19:44
4739,1900,24,31.0,2025-07-28 16:59
4740,357,3,22.5,2025-01-17 14:18
4741,631,17,27.5,2025-08-18 23:56
4742,1398,15,12.0,2025-06-28 03:19
4743,329,24,19.0,2025-10-07 10:48
4744,158,21,37.5,2025-05-06 21:32
4745,282,18,16.0,2025-11-18 17:43
4746,1133,10,4.5,2025-08-22 21:51
4747,2361,7,19.0,2024-12-26 03:39
4748,735,11,14.0,2024-12-09 22:07
4749,868,7,37.5,2025-07-03 11:33
4750,1422,8,5.0,2025-01-23 08:16
4751,1466,8,26.5,2025-02-09 19:44
4752,2441,19,34.5,2025-09-13 08:20
4753,752,23,25.5,2025-01-11 12:59
4754,806,24,10.0,2025-09-08 23:28
4755,727,9,19.5,2024-12-26 00:09
4756,445,19,15.5,2025-06-28 19:24
4757,1589,4,35.5,2025-05-18 02:58
4758,765,12,31.5,2025-05-29 05:17
4759,1551,8,30.0,2025-06-09 08:23
4760,2147,9,18.5,2025-09-04 21:06
4761,1327,8,27.0,2025-07-14 18:54
4762,1952,25,28.5,2025-04-14 20:26
4763,516,21,22.0,2024-12-10 17:57
4764,1959,23,35.0,2025-05-03 10:40
4765,2012,6,5.5,2025-10-19 17:00
4766,476,17,31.0,2025-09-03 04:36
4767,2212,1,14.0,2025-06-25 03:41
4768,1049,19,14.5,2025-01-06 07:08
4769,1175,20,9.5,2025-11-03 08:00
4770,1647,24,15.0,2025-04-13 01:21
4771,259,19,17.5,2025-02-09 20:46
4772,876,16,19.0,2025-06-02 08:01
4773,411,18,25.5,2025-11-14 13:19
4774,1616,4,24.0,2025-02-16 11:42
4775,1715,15,5.5,2025-08-13 23:34
4776,776,25,19.5,2024-12-22 23:36
4777,622,25,23.5,2025-07-06 09:16
4778,1327,2,16.0,2025-08-17 13:10
4779,1690,1,24.5,2025-12-06 15:47
4780,1008,19,23.0,2025-08-30 04:10
4781,1234,19,15.0,2025-05-24 08:40
4782,214,10,16.0,2025-05-13 23:45
4783,2382,21,33.5,2025-04-28 10:47
4784,723,25,21.5,2025-04-25 23:01
4785,1308,16,16.0,2025-03-28 15:28
4786,118,17,10.0,2024-12-14 20:40
4787,960,20,14.5,2025-02-03 14:25
4788,1740,23,10.0,2025-07-28 17:55
4789,402,1,10.5,2025-04-29 14:53
4790,767,13,19.5,2025-08-19 10:49
4791,1019,14,26.0,2025-10-02 01:34
4792,1889,17,33.5,2025-05-11 22:26
4793,1499,16,21.5,2025-03-15 03:48
4794,1466,26,38.0,2025-10-17 00:39
4795,915,15,26.0,2025-02-03 18:27
4796,1813,23,22.0,2025-06-23 06:04
4797,79,20,30.0,2025-11-03 12:48
4798,1729,4,15.0,2025-07-07 15:11
4799,173,27,27.5,2025-08-26 18:28
4800,962,27,33.0,2025-08-07 03:12
4801,1016,27,15.0,2025-07-02 21:14
4802,797,25,23.5,2025-03-26 10:08
4803,2246,19,9.5,2025-04-07 04:34
4804,1934,16,31.5,2024-12-29 22:17
4805,2164,16,18.5,2025-06-21 11:49
4806,2331,17,10.0,2025-05-30 16:46
4807,456,1,33.5,2025-08-31 04:34
4808,2236,2,16.0,2025-02-26 20:34
4809,979,27,24.5,2025-10-18 07:08
4810,387,4,25.5,2025-03-06 04:36
4811,1746,3,28.0,2025-06-09 13:26
4812,972,24,25.5,2025-02-06 05:31
4813,2050,11,15.0,2025-06-09 10:35
4814,1215,25,6.5,2025-09-15 20:11
4815,1098,4,4.5,2025-10-08 17:39
4816,1886,23,29.5,2025-01-13 09:16
4817,831,24,16.0,2025-10-23 16:05
4818,775,11,13.0,2025-08-16 16:58
4819,993,13,26.0,2025-05-26 22:13
4820,2374,23,32.5,2025-04-05 00:16
4821,331,16,12.0,2025-11-03 22:51
4822,1349,2,5.5,2025-04-09 15:58
4823,1366,1,22.0,2025-01-26 07:02
4824,739,26,5.0,2024-12-29 10:25
4825,687,3,22.5,2025-03-12 09:22
4826,1611,9,41.5,2025-10-31 08:24
4827,1927,16,11.5,2025-06-18 16:47
4828,940,2,31.5,2025-01-26 02:50
4829,2120,21,19.0,2025-07-29 10:13
4830,618,26,21.0,2025-12-02 17:23
4831,341,26,36.0,2025-07-11 15:45
4832,51,6,21.0,2025-10-15 02:23
4833,191,14,11.5,2025-09-28 12:54
4834,563,7,14.0,2024-12-12 06:04
4835,2419,8,32.0,2025-02-19 08:50
4836,2314,17,16.5,2025-04-13 11:53
4837,1694,13,4.5,2025-06-21 20:36
4838,2047,7,20.5,2025-01-20 00:51
4839,474,8,27.5,2025-06-19 18:59
4840,1290,16,25.0,2025-03-05 02:12
4841,678,26,32.0,2025-04-04 04:48
4842,697,6,26.0,2025-06-30 08:32
4843,536,25,11.5,2024-12-15 01:48
4844,1190,22,20.5,2025-06-15 08:46
4845,496,23,31.5,2025-06-26 20:39
4846,1574,6,31.0,2025-03-16 12:24
4847,1391,13,14.5,2025-08-03 13:11
4848,1716,3,4.5,2025-02-27 01:57
4849,1403,11,11.5,2025-06-09 04:41
4850,288,6,36.0,2025-03-16 11:01
4851,75,18,28.5,2025-11-15 23:41
4852,1350,19,32.0,2025-05-24 03:29
4853,1465,10,27.0,2025-09-25 06:13
4854,1959,14,10.0,2025-03-20 03:26
4855,1839,5,19.5,2025-10-15 16:16
4856,172,9,34.0,2025-04-05 14:11
4857,109,19,30.0,2025-03-11 00:45
4858,2483,3,14.0,2025-11-10 03:16
4859,2318,23,27.0,2025-04-26 07:40
4860,1721,5,5.0,2025-07-15 16:52
4861,459,27,30.0,2025-03-03 03:32
4862,1054,19,14.5,2025-10-11 17:56
4863,168,1,24.5,2025-07-17 02:38
4864,1707,15,9.5,2025-02-25 13:32
4865,83,17,5.5,2025-06-17 00:05
4866,1148,24,16.0,2025-11-17 06:50
4867,1368,20,16.5,2025-11-17 11:42
4868,1403,11,10.0,2025-09-05 04:20
4869,1151,18,4.5,2024-12-17 11:50
4870,2452,11,26.5,2025-06-10 00:00
4871,2382,2,20.5,2025-02-20 05:31
4872,1611,4,30.5,2025-06-04 08:11
4873,1994,25,27.0,2025-10-18 16:10
4874,2377,6,16.0,2025-09-02 18:44
4875,1542,11,32.0,2025-11-17 07:32
4876,1209,16,21.0,2025-04-16 21:39
4877,2392,17,6.5,2025-03-01 10:12
4878,2382,6,6.5,2025-09-23 06:26
4879,128,9,5.5,2025-10-24 07:32
4880,1746,14,29.0,2025-07-31 02:41
4881,625,3,14.0,2025-02-27 00:21
4882,46,7,26.0,2025-08-01 10:22
4883,346,18,34.0,2025-10-04 10:14
4884,2282,2,13.0,2025-05-21 16:19
4885,2066,20,44.5,2025-02-09 04:24
4886,892,16,31.0,2025-09-02 14:31
4887,1159,22,30.5,2025-05-17 08:40
4888,1764,15,19.0,2025-02-20 10:10
4889,1636,27,32.0,2025-06-04 04:53
4890,1579,10,10.0,2025-04-11 14:54
4891,113,5,21.0,2025-05-08 13:41
4892,822,5,15.5,2024-12-18 07:08
4893,516,5,24.0,2025-05-02 04:05
4894,1692,12,20.5,2025-08-01 00:59
4895,118,15,17.5,2025-02-04 00:59
4896,2026,8,5.5,2025-05-08 03:58
4897,1124,19,19.5,2025-06-04 01:55
4898,2359,23,4.5,2025-11-09 06:05
4899,1451,4,4.5,2025-11-30 00:48
4900,1203,21,25.5,2025-04-23 11:41
4901,542,5,5.0,2025-09-15 05:36
4902,1124,17,14.5,2025-02-26 07:51
4903,446,15,28.0,2025-06-16 18:08
4904,1708,25,5.5,2025-05-09 21:46
4905,566,11,25.0,2025-09-15 19:00
4906,2206,5,27.0,2025-02-26 11:30
4907,509,17,14.0,2025-01-08 02:31
4908,1916,25,5.0,2025-02-11 13:11
4909,238,13,27.5,2025-05-21 23:34
4910,2250,5,5.0,2025-02-09 16:41
4911,44,3,37.0,2025-03-01 08:57
4912,2100,10,21.0,2025-11-19 02:24
4913,1674,10,16.5,2024-12-25 13:20
4914,1256,26,14.0,2025-10-04 08:07
4915,1434,11,4.5,2025-02-09 23:41
4916,1519,5,16.0,2025-07-14 12:23
4917,2249,6,4.5,2025-05-30 12:16
4918,1696,16,16.0,2025-03-24 20:07
4919,1073,2,21.5,2025-11-07 00:29
4920,1423,16,9.5,2024-12-15 01:47
4921,1880,14,6.5,2025-06-10 19:09
4922,1713,25,21.5,2025-04-11 10:42
4923,260,13,20.5,2025-11-12 10:55
4924,1973,16,38.5,2025-04-23 10:21
4925,2202,27,29.5,2024-12-11 21:49
4926,881,23,35.5,2025-01-15 07:05
4927,506,1,5.5,2025-09-01 03:28
4928,850,23,32.5,2025-11-01 07:25
4929,198,15,25.5,2025-02-02 00:26
4930,250,14,5.0,2025-12-06 23:19
4931,780,14,6.5,2025-10-25 21:37
4932,738,7,24.5,2025-07-09 05:20
4933,1616,6,6.5,2025-10-10 03:30
4934,484,4,4.5,2025-11-26 00:18
4935,876,13,29.5,2025-02-10 23:23
4936,162,25,21.0,2025-08-15 13:34
4937,2146,18,5.5,2025-06-09 05:30
4938,1797,6,15.5,2025-08-03 06:56
4939,2083,22,25.5,2025-11-08 16:57
4940,2130,6,16.5,2025-06-08 10:01
4941,553,23,25.5,2025-08-22 08:12
4942,267,6,10.0,2025-06-22 15:33
4943,2059,22,9.5,2025-05-30 18:55
4944,6,13,26.0,2025-01-02 10:25
4945,632,16,14.5,2025-05-23 12:01
4946,167,9,14.5,2025-06-24 13:47
4947,992,27,10.5,2025-11-03 22:54
4948,804,23,28.0,2025-06-27 17:00
4949,2228,18,5.5,2025-06-25 01:29
4950,1158,8,5.0,2025-12-04 19:32
4951,743,8,31.5,2025-07-08 12:25
4952,1409,17,18.5,2025-08-12 01:11
4953,990,18,11.0,2025-01-17 15:54
4954,1996,15,18.0,2025-01-21 13:45
4955,1822,12,21.0,2025-07-10 16:47
4956,2052,8,20.0,2025-07-06 05:50
4957,2337,13,18.5,2025-04-12 03:09
4958,469,24,33.0,2025-07-07 07:49
4959,93,19,24.5,2025-11-21 01:07
4960,2392,3,32.0,2025-04-17 07:30
4961,2230,5,24.5,2025-11-15 09:21
4962,1679,22,14.5,2025-08-10 04:37
4963,2177,14,33.5,2025-01-03 06:46
4964,262,10,11.5,2025-05-09 05:07
4965,1770,22,4.5,2025-03-09 15:49
4966,1267,5,18.5,2024-12-29 02:10
4967,2306,16,12.0,2025-03-09 05:41
4968,1518,2,6.5,2025-08-19 17:54
4969,597,7,17.5,2025-10-03 01:47
4970,147,18,22.5,2025-01-10 15:47
4971,2320,27,25.5,2025-08-31 01:20
4972,1297,25,16.0,2024-12-15 11:26
4973,1376,12,35.0,2025-03-28 07:20
4974,1399,19,21.0,2025-10-03 05:18
4975,1362,25,21.5,2025-01-20 08:36
4976,2345,27,20.0,2025-05-25 17:25
4977,653,1,4.5,2025-05-09 11:14
4978,2456,5,33.5,2025-09-03 21:12
4979,625,19,11.0,2025-04-05 23:13
4980,1796,18,40.0,2025-01-25 20:48
4981,706,3,5.0,2025-11-24 03:06
4982,1963,13,19.5,2024-12-12 18:12
4983,1227,18,22.5,2025-08-03 08:51
4984,1387,13,9.5,2025-06-18 01:31
4985,733,18,27.5,2025-03-19 15:58
4986,379,12,10.5,2025-12-06 07:08
4987,2103,10,19.0,2025-03-10 19:36
4988,1364,26,20.5,2025-01-31 17:33
4989,2224,25,11.5,2025-04-06 21:00
4990,1826,20,30.5,2025-03-07 11:57
4991,2242,6,6.5,2025-05-21 11:36
4992,2147,13,19.0,2025-08-29 05:17
4993,1824,3,6.5,2025-08-27 13:00
4994,310,7,18.5,2025-10-17 01:33
4995,430,14,9.5,2025-11-13 11:37
4996,474,11,14.0,2025-10-27 17:36
4997,397,17,14.5,2025-05-12 11:31
4998,2054,14,19.5,2025-08-20 15:05
4999,1841,20,14.0,2025-04-14 18:12
5000,1286,6,5.0,2025-01-02 01:44
5001,1296,2,14.5,2024-12-28 06:14
5002,483,14,4.5,2025-10-29 22:20
5003,1814,21,30.5,2025-10-05 21:25
5004,1695,11,25.0,2025-05-01 12:00
5005,1350,7,4.5,2025-05-23 20:18
5006,688,2,29.5,2025-07-08 18:26
5007,1810,21,5.0,2025-06-15 15:27
5008,2241,7,5.5,2025-09-26 11:07
5009,1475,21,31.0,2025-09-27 09:57
5010,2099,11,20.0,2025-02-28 20:00
5011,422,1,26.5,2025-07-08 08:02
5012,1337,5,21.5,2025-08-25 12:02
5013,2411,6,5.0,2025-06-12 16:04
5014,1740,26,11.0,2025-03-06 21:11
5015,1078,22,9.5,2025-06-13 11:54
5016,439,23,31.0,2025-02-28 12:23
5017,979,6,11.0,2025-07-07 02:45
5018,2205,7,9.5,2025-09-12 08:08
5019,1715,4,6.5,2025-01-12 12:24
5020,2198,22,18.5,2025-01-14 03:25
5021,1808,17,6.5,2025-06-19 06:34
5022,1069,7,4.5,2025-10-29 22:11
5023,776,14,9.5,2025-11-22 23:30
5024,965,22,19.5,2025-08-03 19:08
5025,2046,23,21.5,2025-02-14 10:24
5026,1137,23,16.0,2025-04-17 01:47
5027,1818,1,6.5,2025-05-06 23:40
5028,1891,19,24.5,2025-11-05 17:34
5029,690,15,5.5,2025-04-17 11:01
5030,357,16,6.5,2025-07-17 14:40
5031,1377,21,29.0,2025-05-02 12:52
5032,1359,20,15.0,2024-12-27 10:40
5033,2009,6,27.5,2025-07-11 10:47
5034,2331,6,9.5,2025-04-01 19:38
5035,1478,4,21.0,2025-04-28 19:20
5036,507,15,16.0,2025-06-07 01:05
5037,1948,25,6.5,2025-08-03 20:40
5038,1406,17,31.5,2025-09-26 14:01
5039,1388,18,25.5,2025-11-02 01:59
5040,990,10,5.5,2024-12-27 12:41
5041,1369,3,14.5,2025-09-17 19:04
5042,1350,3,29.5,2025-05-22 04:12
5043,1040,12,10.0,2024-12-28 12:26
5044,2068,12,16.5,2025-07-18 21:55
5045,9,21,21.5,2024-12-29 16:12
5046,2025,23,9.5,2025-02-06 02:10
5047,1432,27,24.5,2025-04-29 11:38
5048,2296,12,10.0,2025-06-29 12:53
5049,1526,2,34.0,2025-11-27 12:19
5050,268,24,6.5,2025-05-11 15:11
5051,1674,23,5.5,2025-07-29 10:40
5052,1639,2,11.0,2024-12-16 22:22
5053,1343,6,10.0,2025-05-31 10:09
5054,878,5,11.5,2024-12-20 13:20
5055,1852,10,28.0,2025-04-03 01:35
5056,377,14,6.5,2025-11-07 20:17
5057,955,2,20.5,2025-11-17 07:10
5058,1399,19,5.5,2025-10-24 02:30
5059,382,16,38.0,2025-01-05 10:40
5060,2154,21,9.5,2025-01-03 19:25
5061,2387,25,11.0,2024-12-23 14:30
5062,906,22,14.0,2025-07-15 09:33
5063,2411,7,5.5,2025-02-06 13:48
5064,2011,15,21.5,2025-03-17 13:47
5065,26,21,20.0,2025-03-21 00:52
5066,1538,11,14.5,2025-02-03 17:35
5067,172,6,19.0,2025-02-28 23:28
5068,1375,1,18.5,2025-01-06 12:45
5069,124,22,19.0,2025-05-05 15:03
5070,1675,8,15.0,2025-03-28 05:00
5071,91,11,17.0,2025-02-11 08:55
5072,670,2,22.5,2025-04-12 15:48
5073,292,26,5.0,2025-10-21 15:26
5074,778,26,26.0,2025-10-01 19:15
5075,899,10,19.5,2025-08-16 12:47
5076,479,24,6.5,2025-08-30 17:30
5077,716,7,10.5,2025-03-08 12:00
5078,665,7,16.0,2025-02-09 08:59
5079,2281,15,17.0,2025-06-19 00:58
5080,1700,26,18.5,2025-07-14 00:07
5081,1511,13,30.5,2025-12-02 01:10
5082,2108,4,25.0,2025-02-12 11:17
5083,1583,13,17.5,2025-11-05 08:57
5084,1522,16,23.5,2025-07-01 11:59
5085,2179,6,25.0,2025-11-05 20:33
5086,2382,8,12.0,2025-09-13 13:18
5087,2237,11,16.0,2025-02-25 05:12
5088,838,2,5.5,2025-09-01 23:18
5089,1625,16,9.0,2025-08-24 20:22
5090,1209,9,26.5,2025-09-27 23:30
5091,1146,14,32.5,2025-07-11 23:57
5092,356,2,35.5,2025-10-13 06:26
5093,623,23,6.5,2025-04-13 17:43
5094,487,24,14.5,2025-10-24 01:09
5095,1182,13,5.0,2025-01-27 14:19
5096,503,1,6.5,2025-02-08 14:26
5097,1051,4,21.0,2025-07-31 01:04
5098,534,5,16.5,2025-09-29 09:38
5099,2337,25,5.0,2025-08-31 01:15
5100,569,9,4.5,2025-06-28 02:20
5101,492,12,32.5,2025-08-03 19:20
5102,288,12,20.5,2025-09-29 08:19
5103,507,4,10.5,2025-05-27 20:52
5104,313,1,29.5,2025-09-16 21:25
5105,255,25,33.5,2025-07-13 03:49
5106,2247,10,21.5,2025-03-20 19:52
5107,252,22,11.5,2025-11-26 14:04
5108,1855,14,16.0,2025-10-11 06:11
5109,348,15,10.5,2025-03-22 17:19
5110,1174,16,27.0,2025-05-06 22:44
5111,2389,23,4.5,2025-05-05 14:20
5112,618,9,33.0,2025-08-26 10:41
5113,2123,2,23.5,2025-11-29 00:39
5114,514,18,6.5,2025-01-24 05:52
5115,311,10,14.5,2025-09-14 15:20
5116,1349,10,24.5,2025-01-25 02:34
5117,1758,7,21.5,2025-09-19 19:24
5118,1477,19,5.0,2025-09-23 04:48
5119,2194,10,14.0,2025-09-22 16:59
5120,1145,11,20.0,2025-12-03 12:21
5121,1417,1,27.0,2025-10-16 05:33
5122,2069,15,21.5,2025-02-07 10:45
5123,356,3,33.0,2025-05-26 21:36
5124,1507,11,20.0,2024-12-30 22:37
5125,2392,23,20.0,2025-02-20 22:25
5126,1184,23,21.5,2025-03-21 06:16
5127,1361,21,15.0,2025-11-13 07:54
5128,2056,6,28.5,2025-08-04 19:52
5129,1391,10,20.0,2025-11-24 02:10
5130,1041,20,24.0,2025-10-26 23:16
5131,1061,23,9.0,2025-08-23 19:57
5132,357,2,23.5,2025-06-02 15:12
5133,2328,23,19.0,2025-07-20 01:06
5134,1715,3,11.0,2025-07-01 22:22
5135,385,27,4.5,2025-01-07 20:24
5136,1635,14,29.0,2025-01-16 20:09
5137,2217,25,26.0,2025-03-23 06:18
5138,913,6,9.5,2025-11-21 19:49
5139,2269,4,26.0,2025-08-12 15:27
5140,2219,5,20.0,2025-04-29 09:35
5141,58,24,26.5,2025-08-27 05:08
5142,1179,23,31.5,2025-10-21 13:40
5143,1376,25,18.0,2025-07-20 06:37
5144,2476,19,15.0,2025-03-10 11:57
5145,436,5,9.5,2025-01-24 01:59
5146,1761,24,18.5,2025-10-02 20:28
5147,66,25,18.0,2025-06-10 10:40
5148,1305,19,6.5,2025-04-20 13:46
5149,1908,5,6.5,2025-06-04 21:51
5150,2298,24,5.5,2025-08-08 21:36
5151,1949,4,4.5,2025-02-27 09:37
5152,986,16,39.0,2025-05-07 13:19
5153,768,27,27.5,2025-05-12 22:07
5154,772,15,29.5,2025-06-10 18:10
5155,1773,7,10.0,2025-10-15 21:53
5156,349,2,27.5,2025-04-22 15:26
5157,206,10,5.5,2025-01-12 21:21
5158,1134,23,14.5,2025-02-15 11:34
5159,632,18,31.0,2025-11-28 06:49
5160,1660,27,4.5,2025-06-08 07:57
5161,366,16,19.5,2025-04-10 10:25
5162,2141,22,5.5,2025-01-24 04:28
5163,1171,7,29.0,2025-01-05 16:23
5164,296,24,4.5,2025-05-26 08:47
5165,1289,21,11.0,2025-11-28 02:19
5166,2186,11,9.0,2025-08-20 02:42
5167,1959,2,23.0,2025-02-01 19:46
5168,2207,1,4.5,2025-11-20 20:45
5169,1627,19,9.5,2025-03-17 14:33
5170,589,26,16.0,2025-11-17 05:27
5171,2426,16,20.0,2025-08-23 07:38
5172,709,13,4.5,2025-07-18 20:56
5173,2198,8,5.5,2025-01-21 03:00
5174,264,19,20.0,2025-07-10 08:15
5175,131,20,17.5,2025-11-18 16:04
5176,96,7,4.5,2024-12-31 00:47
5177,674,13,31.5,2025-02-21 16:07
5178,979,13,33.0,2025-02-23 04:40
5179,2381,19,5.0,2025-10-09 12:59
5180,602,2,24.5,2025-01-21 10:52
5181,2047,9,6.5,2025-10-09 18:54
5182,930,3,9.0,2025-12-03 12:57
5183,240,13,9.5,2025-02-28 16:45
5184,563,2,4.5,2025-03-31 23:18
5185,2049,5,10.0,2025-01-27 05:51
5186,2183,4,16.0,2025-05-19 09:11
5187,2322,7,15.0,2025-05-28 22:49
5188,348,2,26.0,2024-12-24 00:06
5189,363,19,12.0,2025-03-05 16:16
5190,2128,12,22.5,2025-06-13 08:44
5191,1380,14,35.5,2025-02-15 13:28
5192,1885,5,27.0,2025-05-02 13:36
5193,20,22,14.5,2025-04-04 19:13
5194,1841,11,11.5,2025-08-08 20:41
5195,56,25,33.5,2025-03-07 00:02
5196,370,16,11.0,2025-07-13 23:38
5197,1220,8,22.5,2025-07-10 16:37
5198,2447,1,20.0,2025-10-25 02:25
5199,607,14,16.0,2025-11-15 05:11
5200,2081,11,15.5,2024-12-14 19:21
5201,97,8,20.0,2025-07-19 02:04
5202,29,27,14.0,2025-06-25 02:37
5203,1502,17,25.5,2024-12-27 17:43
5204,1359,26,11.0,2025-04-16 19:48
5205,897,27,35.5,2025-11-21 15:13
5206,1153,23,10.0,2025-11-02 21:29
5207,720,6,10.0,2025-05-20 08:39
5208,1341,12,34.0,2025-03-24 04:37
5209,2466,5,16.0,2025-05-21 06:34
5210,1568,18,22.0,2025-04-04 14:16
5211,1043,20,26.0,2025-07-05 00:30
5212,193,16,29.0,2025-07-28 12:20
5213,2131,9,20.5,2025-11-06 03:29
5214,1682,6,5.0,2025-08-19 22:41
5215,2018,8,27.5,2025-02-01 03:07
5216,850,21,11.5,2025-10-19 11:18
5217,700,27,24.0,2025-02-25 21:25
5218,1039,6,24.0,2025-04-24 00:05
5219,369,1,6.5,2025-03-04 05:54
5220,2436,7,16.0,2025-09-08 22:54
5221,2006,18,6.5,2025-01-12 09:27
5222,1946,6,24.0,2025-05-25 01:42
5223,693,4,22.0,2025-02-19 14:00
5224,1533,15,5.5,2025-05-18 16:35
5225,376,20,21.0,2025-02-17 05:01
5226,1744,4,9.5,2025-01-01 06:14
5227,2343,2,5.0,2025-08-06 17:01
5228,1682,10,6.5,2025-11-16 00:24
5229,99,19,24.5,2025-02-01 22:03
5230,610,24,31.0,2025-07-16 21:12
5231,254,25,5.5,2025-04-22 02:32
5232,2445,6,4.5,2025-02-15 17:07
5233,2141,16,32.0,2025-05-26 18:10
5234,833,1,9.0,2025-08-01 01:12
5235,633,11,15.5,2025-04-28 19:16
5236,457,22,22.5,2025-12-03 16:40
5237,557,21,5.0,2025-06-08 09:29
5238,141,2,19.5,2025-03-02 23:08
5239,1873,8,30.0,2025-02-03 05:32
5240,561,22,25.5,2025-10-23 11:31
5241,1178,15,14.5,2025-08-03 11:42
5242,298,1,10.0,2025-08-04 09:27
5243,1510,13,11.5,2025-09-28 07:22
5244,1287,9,4.5,2025-03-02 19:21
5245,1325,15,13.0,2025-07-18 11:46
5246,172,11,21.5,2025-01-29 08:10
5247,1150,17,9.5,2025-11-07 12:45
5248,1386,10,28.0,2025-06-23 00:39
5249,1586,6,21.5,2025-10-24 10:53
5250,1085,20,19.0,2025-07-08 19:16
5251,2311,22,23.5,2025-04-17 09:22
5252,2003,2,30.0,2025-08-27 22:52
5253,324,23,9.5,2025-04-03 03:18
5254,1667,23,35.5,2025-02-04 15:48
5255,475,14,14.5,2025-04-24 11:37
5256,1897,14,21.5,2025-03-12 04:07
5257,1063,25,26.5,2025-01-21 17:43
5258,685,5,5.5,2025-04-26 20:39
5259,740,22,16.5,2025-02-09 17:41
5260,1444,10,27.0,2025-10-25 00:49
5261,1287,6,24.5,2025-07-22 00:33
5262,1553,11,11.0,2025-04-09 07:49
5263,258,16,6.5,2025-01-05 19:56
5264,1930,21,19.0,2025-03-04 01:56
5265,84,22,24.0,2025-04-07 22:04
5266,1270,26,10.0,2025-07-13 14:53
5267,1396,17,9.5,2025-10-07 22:20
5268,1758,20,5.0,2025-07-17 16:05
5269,1582,20,21.5,2025-10-19 20:09
5270,1662,13,5.0,2025-04-27 18:20
5271,321,3,16.5,2025-08-24 04:13
5272,2010,5,16.5,2025-03-21 09:31
5273,261,26,18.5,2025-05-07 11:51
5274,743,25,31.5,2025-06-12 17:21
5275,187,15,27.0,2025-11-19 21:16
5276,134,21,5.5,2025-11-26 12:22
5277,1963,3,11.0,2025-08-03 13:03
5278,599,17,5.5,2025-08-17 19:13
5279,2100,23,17.5,2025-02-06 10:46
5280,1628,19,25.5,2025-09-19 04:09
5281,405,21,5.0,2025-01-12 09:01
5282,1539,21,5.0,2025-09-16 15:48
5283,625,5,11.0,2025-02-03 11:57
5284,1444,19,9.5,2025-03-08 01:52
5285,2422,9,10.0,2025-03-15 10:16
5286,1935,5,27.0,2025-01-24 08:16
5287,1267,17,5.5,2025-01-07 03:29
5288,2184,10,5.5,2025-06-20 03:24
5289,1992,3,36.0,2025-05-14 10:25
5290,2006,21,6.5,2025-11-26 16:49
5291,192,10,32.0,2025-04-25 20:19
5292,750,10,12.0,2025-03-16 18:24
5293,2169,12,16.0,2025-10-25 21:51
5294,883,21,4.5,2025-04-08 05:09
5295,1642,2,6.5,2025-01-21 15:28
5296,2321,20,5.5,2024-12-31 11:50
5297,1098,3,5.0,2025-04-12 03:00
5298,1981,5,17.0,2025-11-21 16:01
5299,1944,8,4.5,2025-03-13 07:10
5300,1169,26,4.5,2025-01-28 11:31
5301,620,12,43.0,2025-03-03 18:55
5302,1100,22,15.0,2025-04-29 17:54
5303,1297,26,26.5,2024-12-31 21:20
5304,1733,4,20.5,2025-09-25 22:59
5305,2320,6,15.0,2025-01-28 13:36
5306,1514,26,12.0,2025-03-08 12:09
5307,1404,8,9.5,2025-01-13 14:51
5308,1435,27,32.5,2025-06-29 16:32
5309,226,26,5.5,2024-12-10 04:45
5310,1174,22,10.0,2025-07-23 08:17
5311,2169,8,30.0,2025-11-26 20:38
5312,1250,6,28.0,2024-12-10 11:57
5313,1237,15,26.0,2025-05-02 20:37
5314,1733,6,26.0,2025-03-20 18:42
5315,1362,20,23.5,2025-11-02 23:08
5316,1223,7,15.0,2025-07-26 17:33
5317,1398,19,14.5,2025-01-08 19:41
5318,1444,26,13.0,2025-05-21 08:53
5319,629,2,9.5,2025-05-13 04:17
5320,1786,12,24.0,2025-05-29 06:23
5321,2252,24,9.0,2025-11-04 17:19
5322,2428,18,28.5,2025-05-02 13:34
5323,310,21,30.5,2025-06-01 20:26
5324,1316,5,27.5,2025-11-06 10:14
5325,1890,3,16.0,2025-03-25 21:10
5326,1731,11,6.5,2025-06-15 17:03
5327,1776,25,13.0,2025-03-28 01:57
5328,942,27,23.5,2025-04-20 14:15
5329,81,5,35.5,2024-12-26 12:29
5330,2014,21,18.5,2025-02-27 01:34
5331,418,24,16.0,2024-12-20 22:57
5332,1509,25,29.5,2025-10-22 20:34
5333,1507,26,25.5,2025-09-14 21:38
5334,1149,18,30.5,2024-12-21 20:45
5335,1907,22,30.0,2025-04-22 15:18
5336,1581,18,9.5,2025-10-26 00:54
5337,184,1,9.5,2025-04-22 13:10
5338,989,15,26.5,2024-12-20 22:12
5339,1204,20,14.5,2025-01-09 19:40
5340,1681,20,4.5,2025-08-25 18:37
5341,889,10,6.5,2025-09-10 15:56
5342,300,3,22.0,2025-06-26 23:45
5343,1334,22,30.5,2025-07-13 23:05
5344,308,21,21.5,2025-05-11 04:24
5345,252,25,40.5,2025-06-05 19:06
5346,2284,12,19.0,2025-07-25 05:59
5347,853,21,31.5,2025-05-15 19:56
5348,326,5,38.5,2025-02-20 01:34
5349,1685,25,32.0,2024-12-10 12:41
5350,2,22,36.0,2025-02-01 20:38
5351,2331,7,31.0,2025-01-15 19:38
5352,836,8,27.5,2025-01-26 21:46
5353,928,23,27.5,2025-01-29 03:09
5354,600,17,21.5,2025-06-02 18:03
5355,630,16,11.0,2025-10-08 15:21
5356,1641,18,22.5,2025-09-24 00:25
5357,2194,18,14.0,2025-04-28 02:09
5358,134,15,31.0,2024-12-16 03:08
5359,297,8,10.5,2025-06-11 12:28
5360,597,11,30.5,2025-08-12 01:49
5361,1315,14,38.0,2025-04-19 09:17
5362,2321,4,24.5,2025-05-23 11:07
5363,580,18,6.5,2024-12-13 03:43
5364,1038,2,24.5,2025-06-18 19:50
5365,2143,20,21.5,2025-01-28 02:53
5366,2098,10,14.5,2025-09-05 22:45
5367,2178,21,33.0,2024-12-30 17:29
5368,2119,24,19.5,2025-03-30 13:00
5369,2073,16,25.5,2025-07-19 18:34
5370,2358,10,27.5,2025-06-07 06:41
5371,1931,11,5.5,2025-02-18 19:04
5372,1403,15,9.5,2024-12-12 15:05
5373,360,27,24.0,2025-05-01 14:56
5374,541,16,29.5,2025-02-06 05:22
5375,2005,6,15.0,2025-11-07 23:51
5376,183,13,28.0,2025-02-17 09:11
5377,711,23,23.5,2025-10-17 16:00
5378,1026,2,11.5,2025-07-19 01:35
5379,2136,14,16.0,2025-05-29 17:03
5380,1040,23,11.0,2025-02-01 07:02
5381,2477,12,24.5,2025-06-19 21:33
5382,493,22,18.0,2025-01-09 18:15
5383,244,18,5.0,2025-02-12 02:08
5384,800,25,33.5,2025-11-13 18:19
5385,2136,9,29.0,2025-02-14 03:37
5386,443,14,29.0,2025-09-01 23:33
5387,1144,9,26.0,2025-03-31 21:39
5388,1398,13,24.0,2025-08-19 02:05
5389,2338,13,10.0,2025-02-18 11:07
5390,472,25,22.0,2025-03-09 05:44
5391,491,24,20.5,2025-07-13 12:16
5392,2009,11,13.0,2025-08-08 22:01
5393,1400,14,22.5,2025-01-22 12:19
5394,1520,26,23.5,2025-09-11 18:36
5395,891,7,9.5,2025-10-10 12:07
5396,2033,10,5.5,2025-09-22 06:30
5397,2366,20,27.5,2025-08-03 09:17
5398,2071,11,30.0,2025-10-29 10:32
5399,1830,4,17.5,2025-05-17 19:15
5400,749,20,10.0,2025-07-15 14:08
5401,1756,1,22.0,2025-03-21 21:59
5402,1170,10,5.0,2025-04-27 12:53
5403,1437,12,23.5,2025-07-19 13:12
5404,2226,5,30.0,2025-05-23 13:22
5405,917,24,6.5,2025-06-16 12:35
5406,1975,24,4.5,2025-08-01 14:17
5407,134,19,28.5,2025-07-13 22:14
5408,2467,19,21.0,2025-03-09 13:59
5409,1001,22,4.5,2025-03-15 03:30
5410,2166,16,6.5,2025-04-12 10:09
5411,24,2,26.0,2025-04-18 18:38
5412,788,19,17.5,2025-11-26 10:53
5413,2490,2,9.5,2025-09-29 06:53
5414,1610,10,4.5,2025-04-18 01:18
5415,553,2,24.5,2025-04-16 04:39
5416,4,18,4.5,2025-09-18 04:42
5417,2412,19,10.5,2025-03-14 14:53
5418,645,7,15.0,2025-10-29 20:13
5419,1386,9,16.0,2025-06-24 06:52
5420,1384,10,19.0,2025-07-10 15:15
5421,2394,4,33.0,2025-09-25 06:14
5422,468,1,27.5,2025-09-25 22:51
5423,286,11,6.5,2025-10-07 22:06
5424,878,16,4.5,2025-07-25 04:00
5425,1152,6,5.0,2025-08-03 02:09
5426,301,19,27.0,2025-10-11 04:51
5427,1899,22,18.0,2025-06-20 15:53
5428,1999,1,16.0,2025-07-16 21:07
5429,1615,5,9.0,2025-01-24 16:40
5430,1686,22,21.5,2025-11-18 02:01
5431,2041,4,26.5,2025-05-27 16:02
5432,257,22,28.5,2025-04-04 21:20
5433,1531,21,16.0,2025-03-22 01:14
5434,228,25,10.0,2024-12-29 21:06
5435,117,21,22.0,2025-11-29 02:48
5436,2211,17,28.0,2025-04-27 03:23
5437,234,5,29.0,2025-05-02 01:47
5438,879,18,17.5,2025-04-30 14:31
5439,1203,24,30.0,2025-11-21 06:52
5440,904,23,18.0,2025-11-11 23:43
5441,2072,8,31.5,2025-03-17 20:17
5442,312,7,26.5,2025-11-15 20:48
5443,967,7,40.5,2025-06-20 01:10
5444,1365,17,16.5,2025-02-28 16:21
5445,2149,11,5.5,2025-08-18 20:15
5446,1488,9,11.0,2025-04-25 07:15
5447,1043,5,27.5,2025-03-01 03:31
5448,290,9,11.5,2025-03-01 02:37
5449,303,23,19.5,2025-08-01 08:40
5450,849,12,25.0,2025-07-17 09:50
5451,472,18,20.5,2025-11-29 02:27
5452,1910,8,20.0,2025-08-28 03:37
5453,2059,15,27.0,2025-10-30 09:09
5454,368,26,31.5,2025-02-26 00:09
5455,423,6,9.5,2025-04-13 03:31
5456,2023,8,16.0,2025-07-21 14:03
5457,1448,18,30.0,2025-10-26 12:19
5458,243,2,9.5,2025-07-14 00:41
5459,513,7,30.5,2025-04-17 12:15
5460,239,7,29.5,2025-02-07 17:37
5461,1007,7,6.5,2025-08-30 14:13
5462,1848,14,11.5,2025-09-25 06:05
5463,1926,26,29.5,2024-12-16 23:06
5464,1125,27,24.5,2025-03-23 15:42
5465,1931,12,19.5,2025-07-10 19:05
5466,2392,5,23.0,2025-06-13 03:07
5467,1214,21,4.5,2025-01-16 20:43
5468,2265,7,5.5,2025-01-14 19:54
5469,1344,16,38.5,2025-03-09 03:19
5470,685,22,20.5,2025-07-01 04:12
5471,979,27,26.0,2025-05-18 12:01
5472,2304,12,35.5,2024-12-22 05:22
5473,58,1,16.0,2025-06-01 01:30
5474,1916,17,16.0,2025-06-17 14:42
5475,1826,15,19.5,2025-11-20 06:27
5476,1674,22,36.0,2025-10-31 02:30
5477,206,3,9.5,2025-03-27 16:33
5478,2081,23,6.5,2025-04-14 22:17
5479,20,6,12.0,2025-06-16 20:28
5480,2489,9,25.5,2025-07-22 08:29
5481,726,23,31.0,2025-10-23 12:35
5482,1148,11,11.0,2025-02-28 12:07
5483,2339,23,30.0,2025-03-06 04:33
5484,1542,22,10.0,2025-04-21 17:21
5485,204,18,20.5,2024-12-07 04:35
5486,22,3,5.5,2025-05-23 10:28
5487,2048,19,32.5,2025-06-06 02:26
5488,1092,6,5.0,2025-05-20 09:36
5489,1211,18,4.5,2025-03-09 13:10
5490,517,19,22.0,2025-05-04 02:05
5491,274,5,5.0,2025-08-26 20:57
5492,1704,2,26.0,2024-12-18 04:45
5493,1927,17,14.5,2025-10-09 22:54
5494,1070,14,21.5,2025-03-31 15:08
5495,1706,2,5.0,2025-05-04 05:52
5496,2283,17,15.0,2025-01-14 23:00
5497,863,3,31.5,2025-01-28 20:05
5498,2482,20,14.0,2025-04-04 09:29
5499,1479,9,12.0,2025-04-27 02:55
5500,1343,6,10.0,2024-12-31 22:57
5501,1455,20,26.5,2024-12-11 09:17
5502,398,6,25.5,2025-09-04 09:49
5503,1391,25,32.5,2025-01-26 20:41
5504,1432,1,22.5,2025-05-17 03:10
5505,754,8,20.5,2025-11-21 08:52
5506,306,17,6.5,2025-06-13 14:01
5507,46,20,31.5,2025-07-11 15:29
5508,562,20,14.0,2025-05-14 07:00
5509,460,27,18.0,2025-07-28 22:08
5510,2262,11,9.5,2024-12-11 07:51
5511,2300,22,11.0,2025-03-08 08:18
5512,2384,1,5.0,2025-02-07 05:32
5513,1967,3,4.5,2025-06-26 00:37
5514,1920,5,17.5,2025-08-01 20:25
5515,535,18,21.5,2025-06-30 18:40
5516,1123,9,16.0,2025-11-29 11:39
5517,2113,19,32.0,2025-01-27 09:32
5518,148,13,6.5,2025-03-17 18:03
5519,2106,10,32.5,2025-02-04 14:53
5520,2165,14,27.5,2025-01-17 08:59
5521,65,13,5.0,2025-03-15 07:06
5522,1445,17,10.0,2025-09-27 16:52
5523,1728,9,6.5,2025-02-21 15:05
5524,853,10,20.5,2025-08-20 22:07
5525,2138,16,27.5,2025-03-01 00:11
5526,960,17,5.0,2024-12-24 09:17
5527,963,23,5.5,2025-04-09 02:16
5528,1246,15,15.5,2025-04-19 02:04
5529,606,10,21.0,2025-03-12 00:32
5530,1121,24,19.5,2025-11-29 01:59
5531,1779,1,19.0,2025-11-06 08:04
5532,581,18,32.0,2025-03-11 17:48
5533,995,10,17.5,2025-01-10 08:07
5534,2211,23,26.0,2025-05-25 07:14
5535,829,2,24.5,2025-02-01 07:53
5536,152,18,34.0,2025-02-08 09:49
5537,1341,9,22.0,2025-01-14 05:15
5538,2076,15,9.5,2025-06-02 20:25
5539,1491,26,23.5,2025-05-11 19:17
5540,1957,22,24.0,2025-09-01 08:57
5541,2271,25,9.5,2025-07-08 03:54
5542,853,7,21.0,2025-10-19 14:27
5543,1649,21,19.0,2025-04-04 09:35
5544,252,15,23.5,2025-11-14 23:27
5545,2332,20,31.0,2025-08-02 08:56
5546,607,27,17.5,2025-11-12 10:01
5547,266,11,16.0,2025-10-14 20:43
5548,480,16,15.0,2025-07-03 21:12
5549,294,18,16.0,2025-07-30 02:20
5550,585,13,4.5,2024-12-29 20:36
5551,388,17,9.5,2025-04-24 15:49
5552,37,24,11.5,2025-06-10 07:35
5553,930,8,14.5,2025-02-04 06:54
5554,1370,23,25.0,2025-10-01 04:33
5555,1512,26,10.5,2025-01-30 09:36
5556,1622,19,9.5,2025-06-30 10:09
5557,792,25,19.5,2025-10-08 23:49
5558,197,14,28.5,2025-03-10 11:33
5559,913,21,25.5,2025-02-25 06:58
5560,1494,2,9.0,2025-06-21 20:58
5561,190,21,26.0,2025-02-11 00:51
5562,578,8,10.0,2025-07-13 11:54
5563,2010,8,33.5,2025-11-14 06:10
5564,1028,18,4.5,2025-06-01 14:53
5565,184,16,6.5,2025-07-25 14:57
5566,1001,3,34.5,2025-10-08 17:29
5567,1589,6,16.5,2025-07-09 15:02
5568,773,2,18.0,2025-07-07 10:20
5569,1560,24,30.0,2025-01-07 16:19
5570,732,4,21.0,2025-02-08 16:21
5571,186,10,9.5,2025-11-13 10:35
5572,1535,10,30.0,2025-01-02 13:32
5573,733,5,20.5,2025-06-25 21:18
5574,660,5,5.0,2025-06-17 17:13
5575,2282,17,21.5,2025-06-13 22:53
5576,2454,17,28.5,2025-04-26 10:10
5577,1504,14,21.0,2025-04-14 23:52
5578,433,8,21.0,2025-10-30 00:42
5579,161,26,31.0,2025-04-26 05:14
5580,782,22,24.0,2025-07-05 03:29
5581,1821,5,24.0,2025-11-13 06:44
5582,869,26,33.5,2024-12-24 23:30
5583,721,3,14.0,2025-11-16 17:35
5584,1102,5,14.0,2025-03-09 23:33
5585,2489,11,23.0,2025-08-05 16:34
5586,1945,12,21.0,2025-03-03 03:49
5587,673,2,20.5,2025-02-16 02:24
5588,112,17,5.5,2025-12-05 06:30
5589,31,16,14.0,2025-10-28 10:48
5590,794,4,14.5,2025-03-02 22:39
5591,903,8,23.5,2025-10-28 19:54
5592,296,10,4.5,2025-02-06 15:17
5593,1413,13,24.5,2025-12-06 09:30
5594,1426,20,5.5,2025-10-15 13:22
5595,1964,3,4.5,2025-05-18 11:09
5596,1404,13,17.0,2025-01-22 20:59
5597,2226,7,9.5,2025-07-28 02:33
5598,642,19,11.0,2025-07-16 18:22
5599,1074,22,15.5,2025-04-13 22:24
5600,2304,19,26.5,2025-09-03 11:09
5601,422,21,15.5,2025-08-31 20:48
5602,1706,22,27.5,2025-11-27 07:49
5603,647,4,21.0,2025-09-07 23:24
5604,1195,18,6.5,2025-03-28 06:39
5605,2471,13,25.5,2025-05-15 15:11
5606,780,25,23.0,2025-10-15 06:05
5607,351,19,9.5,2025-07-01 21:31
5608,1231,4,5.0,2025-01-29 17:53
5609,1184,16,6.5,2025-06-25 09:10
5610,2377,2,16.0,2025-10-18 02:40
5611,512,1,19.5,2025-09-26 06:09
5612,1146,18,20.5,2025-06-14 17:18
5613,60,26,6.5,2025-02-10 18:25
5614,559,10,16.0,2025-10-16 18:07
5615,70,27,9.5,2025-11-04 19:22
5616,2423,5,21.0,2025-04-18 03:04
5617,1700,16,21.5,2025-02-14 18:35
5618,415,23,4.5,2025-09-13 14:19
5619,1623,27,15.5,2025-07-01 14:51
5620,1310,13,28.5,2025-02-09 23:04
5621,1886,21,5.0,2025-11-06 09:14
5622,1137,16,9.5,2025-11-05 12:02
5623,889,20,16.0,2025-09-26 14:04
5624,1658,7,5.0,2025-01-12 19:16
5625,2364,1,11.0,2025-10-18 13:33
5626,1202,20,25.0,2025-11-17 07:11
5627,1792,3,6.5,2025-11-22 09:56
5628,155,14,29.5,2025-10-15 14:17
5629,943,15,17.0,2025-09-02 21:55
5630,867,26,6.5,2025-05-20 23:09
5631,2417,18,9.5,2025-10-24 13:05
5632,2014,5,6.5,2025-03-17 06:21
5633,720,1,5.0,2025-08-24 22:56
5634,694,19,9.5,2025-07-12 14:12
5635,815,6,16.5,2025-03-29 17:55
5636,592,1,14.5,2025-10-22 07:58
5637,2436,5,14.5,2025-10-13 18:44
5638,1238,24,15.5,2025-03-23 17:26
5639,1748,12,18.5,2025-09-13 21:56
5640,2271,16,26.0,2025-11-18 20:17
5641,1774,23,25.0,2025-08-01 07:00
5642,51,20,5.5,2025-01-03 17:06
5643,193,9,18.5,2025-06-13 10:17
5644,1969,20,25.5,2025-06-21 08:06
5645,1635,8,5.5,2025-06-27 21:15
5646,1019,10,26.0,2025-02-10 14:39
5647,391,3,10.0,2025-03-02 19:16
5648,220,22,22.5,2025-08-13 17:46
5649,340,11,33.0,2025-08-21 02:59
5650,943,24,33.5,2025-02-23 16:50
5651,2286,7,16.5,2025-08-13 04:50
5652,1246,23,15.0,2025-05-25 21:36
5653,2345,10,28.5,2025-02-23 21:00
5654,1005,1,31.0,2025-07-01 17:50
5655,2204,12,27.0,2025-07-09 05:45
5656,1809,10,9.5,2025-11-25 19:01
5657,1858,15,27.0,2025-01-23 05:23
5658,651,3,9.5,2025-11-18 01:11
5659,966,26,19.0,2024-12-27 11:57
5660,23,10,5.0,2024-12-29 13:22
5661,558,2,15.0,2025-05-14 06:37
5662,2212,21,5.5,2025-07-29 10:20
5663,486,4,14.0,2025-07-26 18:34
5664,1444,10,4.5,2025-03-13 07:45
5665,12,3,17.5,2025-06-17 23:39
5666,1355,25,5.5,2024-12-26 21:14
5667,1077,13,18.5,2025-01-16 20:43
5668,243,15,4.5,2025-07-18 19:57
5669,336,13,21.5,2025-03-19 02:26
5670,1300,6,24.0,2025-01-03 06:16
5671,1229,17,11.0,2025-03-04 10:14
5672,2263,22,16.0,2025-05-30 16:46
5673,845,2,35.5,2025-03-13 13:02
5674,1113,9,19.5,2024-12-08 20:53
5675,415,15,19.5,2025-05-04 00:30
5676,2022,13,16.0,2025-05-24 03:49
5677,2056,26,24.0,2025-02-10 05:36
5678,899,21,6.5,2025-01-14 01:18
5679,472,22,35.5,2025-10-05 11:56
5680,826,8,5.5,2025-07-26 06:55
5681,321,13,27.5,2025-07-09 19:17
5682,2190,14,34.0,2025-08-23 16:19
5683,1940,14,29.5,2025-09-26 03:58
5684,990,7,33.5,2025-07-09 21:27
5685,2396,20,17.0,2025-07-10 07:55
5686,2373,21,6.5,2024-12-25 12:25
5687,2436,6,20.5,2025-11-18 00:46
5688,796,15,31.5,2025-02-17 22:51
5689,765,16,19.0,2025-10-07 05:40
5690,510,17,16.5,2025-01-05 13:55
5691,2487,6,25.0,2025-09-05 10:34
5692,1039,26,9.5,2024-12-24 10:47
5693,16,16,28.0,2025-10-02 23:03
5694,1958,16,22.5,2025-03-31 05:28
5695,1245,25,39.5,2025-04-11 08:41
5696,1109,13,25.0,2024-12-24 13:10
5697,2214,18,10.0,2025-05-09 14:00
5698,381,2,6.5,2024-12-07 08:47
5699,348,12,30.5,2025-09-27 01:11
5700,2354,6,22.0,2025-03-29 05:48
5701,1463,14,6.5,2025-08-13 15:46
5702,610,4,16.0,2025-02-22 20:53
5703,609,25,11.0,2025-01-22 11:08
5704,587,6,28.0,2025-11-19 00:14
5705,559,19,30.5,2025-07-01 14:30
5706,225,16,18.5,2025-10-25 09:08
5707,785,11,19.5,2025-09-04 10:54
5708,2068,18,16.5,2025-05-24 22:44
5709,1618,5,9.5,2025-05-19 20:22
5710,2414,4,10.5,2025-07-22 23:29
5711,2297,1,28.0,2025-09-10 08:10
5712,2385,19,14.0,2025-03-13 22:37
5713,697,23,28.5,2025-06-27 00:26
5714,1701,9,5.0,2025-05-23 07:56
5715,910,4,33.5,2025-03-03 14:44
5716,2031,22,22.0,2025-11-18 01:40
5717,948,9,5.0,2025-11-13 07:03
5718,1446,19,43.5,2025-02-21 18:34
5719,471,10,21.5,2025-01-17 14:28
5720,569,23,4.5,2025-06-15 17:13
5721,1879,1,21.0,2025-04-21 09:40
5722,299,7,9.5,2025-10-08 15:22
5723,848,25,21.0,2024-12-09 05:57
5724,1875,21,25.5,2025-11-09 18:35
5725,941,15,20.5,2025-10-19 17:36
5726,1220,6,26.0,2025-11-12 21:21
5727,2205,6,9.5,2025-07-26 17:25
5728,611,17,30.0,2024-12-10 13:39
5729,1173,7,11.0,2025-06-01 13:57
5730,2131,16,20.5,2025-03-15 11:28
5731,1048,5,18.5,2025-08-14 17:02
5732,1809,27,24.0,2025-10-03 02:59
5733,1908,20,10.0,2024-12-17 23:28
5734,984,23,33.0,2025-01-16 04:12
5735,1349,6,21.5,2025-12-01 14:10
5736,848,12,30.0,2025-02-17 12:13
5737,1153,8,10.0,2025-03-31 17:11
5738,748,14,13.0,2025-05-14 18:36
5739,2048,8,16.0,2025-11-26 18:23
5740,902,16,4.5,2024-12-10 08:21
5741,1061,17,24.0,2025-05-30 07:16
5742,731,26,30.5,2025-03-03 04:41
5743,2315,27,12.0,2025-08-08 12:21
5744,2134,24,14.5,2025-03-05 00:19
5745,1994,4,34.5,2025-02-18 07:34
5746,2075,16,39.5,2024-12-29 11:57
5747,355,18,25.5,2024-12-22 22:25
5748,927,18,12.0,2025-06-05 14:55
5749,1513,23,11.0,2025-11-12 09:18
5750,1672,23,4.5,2025-03-05 18:45
5751,2117,10,20.0,2025-06-07 05:18
5752,2148,11,26.0,2025-01-19 14:24
5753,2424,19,26.5,2025-03-13 06:06
5754,311,19,29.0,2025-02-22 22:57
5755,1499,2,5.0,2025-05-11 19:02
5756,830,11,22.5,2025-11-20 08:35
5757,770,15,22.5,2025-07-21 06:23
5758,25,23,18.5,2025-01-24 13:20
5759,2496,13,15.0,2025-05-31 23:44
5760,707,15,12.0,2025-04-26 21:41
5761,1182,6,33.5,2025-08-09 12:08
5762,558,25,9.5,2025-01-28 03:56
5763,611,10,19.0,2025-01-30 18:21
5764,2339,26,17.5,2025-03-04 21:01
5765,700,16,27.0,2025-07-18 15:59
5766,443,8,6.5,2025-10-06 12:12
5767,523,5,10.0,2025-10-19 15:53
5768,1897,8,21.5,2025-09-14 20:15
5769,571,18,28.0,2025-05-06 20:18
5770,2193,16,21.0,2025-01-26 17:32
5771,2417,20,19.0,2025-06-07 12:27
5772,1568,7,35.0,2025-02-16 18:36
5773,1393,13,11.0,2025-06-28 16:36
5774,1814,8,24.0,2025-07-27 09:16
5775,1079,4,5.0,2025-04-16 15:08
5776,2112,19,15.0,2025-05-18 13:56
5777,1095,9,25.0,2025-08-31 15:02
5778,861,8,34.0,2025-02-02 15:42
5779,1890,18,19.5,2025-07-01 23:10
5780,139,7,27.0,2025-04-08 01:48
5781,871,11,9.5,2025-08-06 06:42
5782,1175,16,11.0,2025-05-30 12:36
5783,1933,11,34.0,2024-12-24 23:46
5784,1482,21,15.0,2025-10-22 10:57
5785,2174,8,6.5,2025-02-28 06:05
5786,2054,14,28.5,2025-12-04 00:51
5787,2069,3,30.0,2025-11-29 15:18
5788,499,13,20.5,2025-12-02 01:13
5789,2443,25,37.5,2025-12-01 09:10
5790,1062,2,25.5,2025-09-29 20:32
5791,39,10,11.0,2025-03-23 12:31
5792,611,21,11.0,2025-04-27 18:42
5793,1739,14,20.0,2025-10-28 04:11
5794,2150,14,30.0,2025-08-19 16:24
5795,2019,23,9.5,2025-02-09 05:11
5796,2452,6,9.5,2025-09-20 19:45
5797,1424,26,31.0,2025-06-10 14:40
5798,2497,2,24.0,2025-01-23 21:56
5799,709,12,17.0,2025-09-22 18:01
5800,1978,9,5.5,2025-06-15 06:33
5801,1602,23,32.5,2025-03-10 22:21
5802,1378,20,9.5,2025-04-29 21:34
5803,1497,27,20.0,2024-12-17 21:44
5804,1696,7,4.5,2025-09-02 12:00
5805,808,14,4.5,2024-12-29 04:15
5806,1996,19,34.5,2025-06-10 07:51
5807,1309,25,21.0,2024-12-26 06:06
5808,1399,20,6.5,2025-06-04 16:55
5809,1528,16,26.5,2025-11-27 08:20
5810,1694,10,21.0,2025-01-22 20:02
5811,681,14,4.5,2025-07-29 05:59
5812,673,21,16.5,2025-09-29 15:21
5813,1885,20,20.0,2025-06-01 16:38
5814,2433,19,11.0,2025-11-11 15:50
5815,2275,27,19.0,2025-06-26 06:18
5816,1699,2,25.0,2025-10-10 22:35
5817,2392,20,5.0,2025-09-21 02:13
5818,1060,10,5.5,2025-03-27 06:36
5819,1256,23,10.0,2025-10-24 23:07
5820,54,2,30.0,2025-09-25 15:17
5821,2083,17,20.5,2025-08-11 22:04
5822,521,13,11.0,2025-03-17 11:39
5823,1203,7,14.5,2025-09-14 18:04
5824,1622,1,38.0,2025-09-21 21:55
5825,690,12,39.5,2025-06-18 12:55
5826,1033,16,18.0,2025-07-31 05:07
5827,1250,26,9.5,2025-01-24 11:25
5828,1160,20,10.5,2025-05-02 01:36
5829,2097,20,15.5,2025-06-01 02:11
5830,442,21,18.0,2025-09-26 14:04
5831,194,2,11.5,2024-12-10 03:40
5832,1320,18,20.0,2025-01-08 17:28
5833,1756,22,9.5,2025-02-04 16:48
5834,921,14,29.0,2025-07-13 23:04
5835,1806,17,28.0,2025-01-16 23:53
5836,1843,3,5.5,2025-11-22 16:45
5837,1691,21,28.0,2025-01-04 16:13
5838,1382,24,16.0,2025-02-25 12:35
5839,1967,2,10.5,2025-01-30 19:22
5840,1624,9,9.5,2025-02-21 02:19
5841,2226,3,14.5,2025-01-09 16:33
5842,959,18,13.0,2025-06-26 16:08
5843,206,27,22.0,2025-03-29 23:54
5844,1523,16,11.5,2025-05-02 03:28
5845,280,17,10.0,2025-11-04 13:34
5846,2219,21,10.0,2025-10-04 03:43
5847,1023,2,5.0,2025-04-12 23:21
5848,1238,24,4.5,2025-10-10 17:17
5849,173,16,24.0,2025-06-09 13:24
5850,678,11,14.5,2025-08-22 18:31
5851,359,8,20.5,2025-10-25 06:04
5852,195,11,11.0,2025-01-26 10:32
5853,1564,26,32.0,2025-12-04 09:07
5854,1724,25,19.0,2025-11-20 02:49
5855,955,9,25.5,2025-04-23 04:39
5856,1265,25,5.5,2025-11-13 06:34
5857,1755,2,25.5,2025-06-16 10:20
5858,1961,21,26.5,2025-03-26 02:11
5859,101,26,9.5,2025-03-07 11:53
5860,1854,13,19.5,2025-01-21 06:27
5861,1497,11,19.0,2025-06-28 04:54
5862,2345,21,14.5,2025-04-28 18:25
5863,1694,11,5.5,2025-04-26 00:56
5864,828,25,25.5,2025-04-13 18:15
5865,1020,26,9.5,2025-11-23 12:35
5866,575,22,11.5,2025-04-08 23:57
5867,760,4,14.0,2025-09-13 03:49
5868,398,16,15.0,2025-03-29 02:13
5869,781,11,17.5,2025-11-11 00:59
5870,271,4,17.5,2025-02-09 23:08
5871,2322,7,15.5,2024-12-16 07:00
5872,1709,1,9.5,2025-09-11 01:31
5873,42,11,30.5,2025-07-20 00:05
5874,1164,15,25.5,2025-09-04 18:11
5875,2339,25,34.0,2025-01-16 20:28
5876,2487,11,20.0,2025-06-29 05:57
5877,1351,8,5.0,2025-11-28 17:06
5878,2118,8,14.0,2024-12-19 07:19
5879,1788,7,21.0,2025-11-12 00:03
5880,887,8,19.5,2025-06-10 02:56
5881,1766,14,11.0,2025-03-28 08:38
5882,504,10,15.0,2025-11-22 02:33
5883,1945,2,20.5,2025-01-16 08:55
5884,1060,27,15.5,2025-10-20 22:07
5885,1454,27,29.0,2024-12-07 22:17
5886,116,8,5.0,2025-09-08 19:38
5887,1861,27,9.5,2025-08-21 16:28
5888,414,22,25.5,2025-11-16 14:28
5889,2243,19,10.0,2025-08-27 18:47
5890,108,24,6.5,2025-10-05 07:42
5891,932,6,25.5,2025-01-23 20:58
5892,1147,1,28.5,2025-07-07 13:01
5893,927,15,5.5,2025-09-11 21:01
5894,1362,7,25.0,2025-09-23 23:19
5895,1341,5,20.5,2025-10-01 01:35
5896,378,6,16.0,2025-11-10 09:28
5897,2037,7,21.0,2025-02-09 04:50
5898,671,1,9.5,2025-09-13 10:46
5899,26,25,31.5,2025-10-06 22:11
5900,469,23,16.5,2025-06-29 04:58
5901,673,21,10.0,2025-05-25 08:31
5902,1039,6,10.0,2025-06-17 10:19
5903,2367,8,32.5,2024-12-09 04:43
5904,1285,23,28.5,2025-11-09 04:00
5905,1942,2,5.0,2025-08-23 08:39
5906,2194,14,15.0,2025-01-22 11:00
5907,1025,10,9.5,2025-11-18 11:51
5908,1211,19,23.5,2025-03-30 06:07
5909,1414,1,10.5,2025-01-23 04:32
5910,471,9,9.5,2025-09-08 23:20
5911,2328,5,10.0,2025-01-06 13:57
5912,1744,6,4.5,2025-11-23 17:51
5913,1049,16,16.0,2025-02-25 23:15
5914,3,15,15.0,2025-02-27 07:07
5915,1306,23,36.0,2025-01-05 17:19
5916,1811,22,27.0,2025-11-15 21:12
5917,1784,25,21.5,2025-04-06 16:57
5918,1482,9,30.0,2024-12-19 04:47
5919,1136,6,39.0,2025-02-28 15:16
5920,374,16,30.5,2025-05-04 02:13
5921,1462,4,21.5,2025-09-09 05:30
5922,2156,26,16.0,2025-10-20 01:30
5923,2144,20,15.0,2025-05-17 07:32
5924,210,11,6.5,2025-10-15 12:09
5925,5,19,32.0,2025-10-06 05:23
5926,834,20,30.0,2025-06-17 08:30
5927,2179,20,10.0,2025-02-28 15:15
5928,813,26,16.0,2025-10-27 20:20
5929,2103,24,9.5,2025-07-24 05:31
5930,922,1,24.5,2025-02-16 22:40
5931,1919,8,34.0,2025-01-26 03:07
5932,896,27,5.5,2025-06-09 12:07
5933,814,9,6.5,2025-06-17 16:58
5934,1006,8,26.0,2025-07-05 13:58
5935,825,23,15.5,2025-08-08 07:16
5936,193,8,35.0,2025-04-17 11:10
5937,1143,8,12.0,2025-07-01 16:51
5938,1293,15,23.5,2025-08-29 01:26
5939,399,23,4.5,2025-12-05 00:30
5940,1756,15,20.0,2025-11-30 10:59
5941,1477,6,25.0,2025-05-17 15:52
5942,2090,22,9.5,2025-11-17 05:18
5943,2397,23,30.0,2025-01-03 22:16
5944,1797,15,18.0,2025-03-15 13:12
5945,2235,26,22.0,2025-06-14 21:21
5946,1755,20,6.5,2025-06-17 17:43
5947,1811,13,4.5,2025-05-05 03:57
5948,1243,20,17.0,2024-12-28 08:25
5949,2099,15,11.0,2025-03-28 16:54
5950,602,15,9.5,2025-10-19 06:23
5951,706,14,16.5,2025-07-08 10:32
5952,2249,27,11.0,2024-12-22 04:18
5953,556,10,10.0,2025-01-10 03:22
5954,1070,24,39.0,2025-10-22 10:59
5955,1990,21,16.0,2025-10-11 05:56
5956,2025,22,26.5,2025-03-03 23:28
5957,1910,25,37.5,2025-02-21 17:47
5958,2359,7,25.5,2025-03-13 13:41
5959,1277,18,30.5,2025-08-08 22:57
5960,2258,2,19.5,2025-11-28 11:05
5961,248,22,33.5,2025-03-19 15:57
5962,2073,24,5.0,2025-09-09 16:05
5963,2359,2,24.5,2025-02-10 01:53
5964,146,5,26.5,2025-01-16 10:27
5965,864,12,29.0,2025-10-23 05:08
5966,831,23,6.5,2025-09-07 01:44
5967,628,11,11.5,2025-03-20 21:53
5968,552,16,14.5,2025-07-19 14:59
5969,994,19,33.5,2025-12-02 20:29
5970,1709,24,5.0,2025-01-29 11:33
5971,688,21,12.0,2025-02-18 00:42
5972,2392,15,14.0,2025-08-21 02:39
5973,1463,3,4.5,2025-03-03 16:08
5974,534,25,21.5,2025-01-17 00:41
5975,1540,7,14.0,2025-04-30 06:25
5976,988,18,25.0,2025-03-26 08:41
5977,1589,15,9.5,2025-06-24 06:30
5978,169,14,31.0,2025-05-18 09:11
5979,616,27,9.5,2025-05-18 01:39
5980,1939,19,14.5,2025-04-11 03:08
5981,203,8,24.0,2025-05-24 20:43
5982,1808,14,14.5,2025-04-11 22:28
5983,1453,16,37.0,2025-06-02 09:10
5984,901,9,25.5,2025-07-11 07:14
5985,1898,3,21.5,2025-10-10 10:11
5986,228,8,14.5,2025-10-24 08:04
5987,2489,11,13.0,2025-09-12 22:47
5988,952,4,16.0,2025-04-27 14:59
5989,667,22,28.0,2025-09-05 09:19
5990,2455,9,19.5,2025-04-14 18:45
5991,2317,12,15.0,2025-09-03 11:42
5992,2121,19,21.0,2025-02-16 08:27
5993,1872,11,6.5,2025-03-29 02:00
5994,952,13,32.5,2025-08-14 05:50
5995,864,25,11.5,2025-05-18 20:42
5996,223,4,5.5,2025-02-27 07:24
5997,1561,26,15.0,2025-02-07 14:46
5998,1571,14,4.5,2025-10-26 13:59
5999,177,3,26.5,2025-03-20 09:01
6000,597,7,32.0,2025-06-28 13:40
6001,2237,1,5.5,2025-12-02 12:37
6002,1485,10,4.5,2025-02-10 18:56
6003,1147,3,13.0,2025-11-22 21:15
6004,764,3,35.5,2025-01-05 12:44
6005,153,21,22.0,2025-06-08 05:44
6006,2278,7,9.5,2025-04-16 19:00
6007,298,17,15.0,2025-09-26 18:42
6008,1566,6,16.0,2025-02-05 14:05
6009,1925,14,13.0,2025-10-23 23:01
6010,1878,23,20.0,2025-08-28 08:48
6011,1719,15,19.5,2025-08-18 11:54
6012,477,21,16.0,2025-09-16 08:27
6013,1578,23,27.0,2025-11-16 17:26
6014,1329,26,5.0,2025-10-24 20:55
6015,1833,26,17.0,2025-09-23 20:34
6016,697,23,4.5,2025-07-09 16:10
6017,2490,14,16.0,2025-03-14 20:43
6018,517,6,31.0,2025-04-19 06:01
6019,202,27,20.5,2025-03-13 11:55
6020,727,21,28.0,2025-06-05 05:54
6021,185,18,35.5,2025-07-28 20:38
6022,607,15,25.5,2025-07-05 09:02
6023,873,16,20.5,2025-12-02 20:58
6024,2142,3,26.0,2025-11-08 21:29
6025,1493,16,12.0,2025-08-18 22:20
6026,2274,14,5.0,2025-07-24 20:11
6027,283,22,15.0,2025-06-02 10:12
6028,1401,7,17.0,2025-10-04 21:08
6029,273,24,30.0,2025-05-08 04:37
6030,2205,9,12.0,2025-04-21 03:10
6031,1942,25,5.0,2025-06-14 14:37
6032,379,27,29.5,2025-07-28 15:21
6033,289,13,27.0,2025-06-26 15:52
6034,969,2,30.5,2025-04-12 20:38
6035,335,24,28.0,2025-03-18 12:17
6036,753,22,17.0,2025-04-26 09:52
6037,820,16,32.5,2025-11-24 00:33
6038,962,3,11.0,2025-06-22 10:17
6039,2266,2,5.5,2025-02-11 01:55
6040,119,14,31.5,2025-07-20 11:36
6041,1627,15,20.0,2025-04-10 15:20
6042,1684,22,6.5,2025-11-13 23:13
6043,1526,10,31.0,2024-12-26 18:52
6044,972,25,15.5,2025-02-25 08:59
6045,1278,27,5.5,2024-12-07 05:57
6046,711,3,15.0,2025-06-22 01:06
6047,820,17,5.5,2025-10-06 22:30
6048,1649,2,15.5,2025-10-13 08:41
6049,1348,4,21.0,2024-12-15 22:44
6050,86,3,24.5,2025-05-31 10:14
6051,1459,17,19.5,2024-12-11 02:24
6052,876,18,6.5,2024-12-24 04:42
6053,948,9,34.5,2025-09-16 05:49
6054,1117,10,31.0,2025-04-05 19:39
6055,1136,22,23.5,2025-04-13 00:38
6056,1362,7,5.5,2025-04-13 06:39
6057,2435,1,30.0,2025-05-06 23:21
6058,1703,3,5.0,2025-01-14 23:10
6059,2080,8,32.0,2024-12-10 06:04
6060,313,14,19.0,2025-01-31 10:39
6061,1822,11,17.5,2025-05-07 04:28
6062,1763,3,5.0,2025-11-21 01:27
6063,817,16,9.5,2025-04-18 07:37
6064,2373,13,32.0,2025-10-16 07:05
6065,965,27,10.5,2025-06-18 12:38
6066,1096,23,23.5,2025-09-19 07:26
6067,1992,14,5.0,2025-05-23 17:07
6068,2227,1,28.0,2025-06-10 10:05
6069,545,19,26.5,2025-03-05 04:56
6070,876,25,28.5,2025-05-15 04:32
6071,1914,15,40.5,2025-05-22 22:12
6072,804,24,6.5,2025-10-08 18:38
6073,546,26,24.0,2025-05-14 09:07
6074,480,12,11.0,2025-05-01 03:52
6075,21,17,38.5,2025-03-29 12:37
6076,353,15,4.5,2025-07-10 10:15
6077,828,11,17.5,2025-10-28 07:36
6078,2341,26,11.5,2025-06-20 00:56
6079,1012,26,5.5,2024-12-10 15:28
6080,2276,18,23.5,2025-05-29 06:28
6081,1629,23,14.5,2025-01-12 20:52
6082,596,22,40.5,2025-08-19 19:57
6083,2292,23,32.5,2025-04-23 23:17
6084,735,17,30.5,2025-11-09 19:18
6085,578,15,16.0,2025-12-05 19:43
6086,1240,12,6.5,2024-12-15 07:15
6087,271,21,17.0,2025-05-29 20:28
6088,547,14,24.5,2025-05-11 03:07
6089,995,10,12.0,2025-03-26 18:51
6090,1972,17,40.0,2025-09-28 12:05
6091,1562,27,15.0,2025-11-21 11:23
6092,2112,26,15.0,2025-12-05 21:28
6093,1919,6,29.5,2025-10-27 07:32
6094,2029,13,28.5,2025-08-02 15:33
6095,1337,22,24.5,2025-07-30 02:39
6096,2101,5,25.5,2025-06-27 04:29
6097,487,20,19.5,2025-02-09 04:48
6098,1511,14,11.0,2025-09-22 16:20
6099,1050,20,4.5,2025-09-22 19:17
6100,645,25,4.5,2025-08-20 13:51
6101,1140,9,5.0,2025-10-12 16:44
6102,1487,9,10.5,2025-11-01 08:48
6103,2364,5,15.0,2024-12-29 09:27
6104,2281,13,34.5,2025-06-28 17:13
6105,1641,23,19.5,2025-08-06 06:00
6106,13,19,14.0,2025-10-28 00:17
6107,274,21,16.0,2025-04-12 08:28
6108,386,10,29.5,2025-05-16 15:26
6109,501,7,22.5,2024-12-16 20:05
6110,971,7,21.5,2025-10-24 01:34
6111,729,2,29.0,2025-03-05 16:22
6112,721,11,4.5,2025-12-04 09:11
6113,1182,9,9.5,2025-03-22 22:07
6114,1186,16,14.0,2025-06-20 03:16
6115,287,13,15.0,2025-09-14 21:33
6116,1950,1,33.0,2025-08-11 23:42
6117,131,1,4.5,2025-07-13 04:52
6118,1386,5,9.5,2024-12-09 11:18
6119,2014,14,14.0,2025-01-15 01:38
6120,982,11,31.0,2025-08-21 02:06
6121,1934,21,28.5,2025-05-04 02:39
6122,2133,5,32.0,2025-12-01 02:12
6123,1848,23,14.5,2025-02-28 20:28
6124,1730,25,27.5,2025-04-03 16:20
6125,572,3,25.0,2025-10-30 22:44
6126,554,7,21.0,2025-01-29 01:47
6127,2439,21,13.0,2025-12-01 06:08
6128,2149,18,24.0,2025-07-31 19:08
6129,2026,14,20.5,2025-10-28 01:50
6130,403,11,9.5,2025-03-10 02:21
6131,2490,20,29.5,2025-04-08 00:35
6132,428,11,9.5,2024-12-17 06:11
6133,1290,26,18.5,2024-12-26 00:40
6134,494,2,21.5,2025-07-22 06:04
6135,1773,24,37.5,2025-02-13 04:22
6136,1011,8,25.0,2025-08-30 21:49
6137,542,13,25.5,2025-05-27 20:17
6138,223,16,22.5,2025-03-11 02:01
6139,1941,26,34.5,2025-01-20 21:18
6140,1235,19,30.5,2025-12-04 21:08
6141,1634,7,20.5,2025-06-27 13:15
6142,2481,2,9.5,2025-08-31 21:52
6143,973,16,9.5,2025-08-15 20:48
6144,956,11,5.5,2025-09-21 00:50
6145,1288,22,33.5,2025-09-18 00:37
6146,889,27,9.5,2025-02-02 14:53
6147,2098,4,23.0,2025-01-28 19:55
6148,2201,11,15.0,2025-02-22 09:01
6149,1029,16,4.5,2025-07-05 18:24
6150,1151,7,30.0,2025-06-13 19:04
6151,866,26,5.0,2025-05-28 10:58
6152,2410,6,10.0,2025-01-31 05:35
6153,2159,16,33.5,2025-09-12 19:00
6154,1950,15,9.0,2025-05-15 21:47
6155,203,12,20.0,2025-04-18 16:47
6156,302,19,27.5,2025-03-10 00:06
6157,2361,10,28.5,2024-12-25 01:21
6158,2141,14,9.5,2025-04-01 20:03
6159,151,13,6.5,2025-08-07 16:43
6160,2148,3,6.5,2025-11-12 17:35
6161,1628,2,17.5,2025-04-12 05:08
6162,1209,6,29.5,2025-09-28 17:15
6163,1615,26,20.5,2025-08-13 13:26
6164,509,11,15.0,2025-08-09 04:37
6165,1854,3,31.0,2025-07-04 21:00
6166,1559,9,4.5,2025-08-26 20:53
6167,1117,1,16.0,2025-11-03 03:01
6168,2272,22,4.5,2025-04-11 12:40
6169,997,17,10.5,2025-04-03 12:08
6170,1059,3,5.5,2025-11-06 10:43
6171,212,20,25.5,2025-07-08 00:32
6172,2120,19,14.5,2025-01-16 09:03
6173,1512,2,11.5,2025-07-30 09:36
6174,59,5,29.0,2025-06-13 13:21
6175,1538,12,27.0,2025-08-05 01:29
6176,1327,18,11.5,2024-12-11 14:50
6177,1227,12,34.5,2025-06-23 00:46
6178,1328,9,32.5,2025-04-05 12:40
6179,526,18,5.0,2025-01-20 06:28
6180,328,4,19.0,2025-07-01 02:41
6181,2065,20,5.5,2025-06-01 23:05
6182,842,26,9.5,2025-06-08 17:46
6183,2317,22,11.5,2025-02-01 18:19
6184,2053,27,26.5,2025-02-07 05:53
6185,42,9,26.5,2025-09-27 23:56
6186,1507,25,16.5,2025-02-19 11:03
6187,1255,3,19.5,2025-06-20 00:37
6188,307,15,26.0,2025-08-09 20:33
6189,1849,21,9.5,2025-11-12 15:54
6190,1616,4,14.0,2025-01-07 04:50
6191,177,4,38.0,2025-05-11 01:13
6192,1452,8,12.0,2025-05-01 15:53
6193,1362,18,15.0,2025-01-31 12:01
6194,794,20,29.5,2025-01-31 09:27
6195,1726,7,5.5,2025-04-15 17:26
6196,2409,17,5.5,2025-08-11 07:46
6197,212,24,14.5,2025-04-21 20:55
6198,513,11,18.0,2025-08-24 18:28
6199,2072,1,22.5,2025-06-15 00:29
6200,293,17,15.5,2025-08-02 21:59
6201,638,22,14.0,2025-06-12 22:07
6202,1094,8,9.5,2025-06-01 13:56
6203,2466,22,28.5,2024-12-14 12:03
6204,1092,1,23.0,2025-03-17 10:53
6205,621,18,9.5,2025-11-23 19:44
6206,1309,5,6.5,2025-10-08 19:25
6207,197,13,30.5,2025-11-01 14:59
6208,1519,20,4.5,2025-05-21 04:29
6209,721,2,33.5,2025-10-21 02:07
6210,2072,5,25.0,2025-04-30 01:35
6211,2013,25,9.5,2025-01-01 07:41
6212,1994,17,10.5,2025-05-22 08:24
6213,2309,20,16.0,2025-09-20 02:13
6214,2054,12,31.0,2025-05-17 21:21
6215,62,11,15.5,2025-09-13 02:21
6216,2317,3,15.5,2025-09-19 03:02
6217,1531,9,5.0,2025-07-07 09:41
6218,772,2,15.0,2025-02-11 17:44
6219,686,4,9.0,2025-09-15 08:36
6220,1680,15,9.5,2025-08-29 08:48
6221,1165,19,14.0,2024-12-13 04:40
6222,1861,12,30.5,2025-10-24 07:29
6223,1688,6,35.5,2025-06-29 17:07
6224,1166,20,6.5,2025-07-13 19:15
6225,591,26,16.5,2025-06-20 18:33
6226,973,8,5.5,2025-06-15 23:03
6227,452,21,22.5,2025-02-11 16:41
6228,2450,20,6.5,2025-07-29 02:59
6229,1055,8,10.0,2025-05-20 19:57
6230,1514,2,33.0,2024-12-23 16:16
6231,1463,8,9.5,2025-06-19 22:23
6232,1883,15,18.5,2025-10-11 16:43
6233,1127,4,11.0,2025-08-04 23:48
6234,793,12,11.5,2025-05-04 03:26
6235,1595,27,19.0,2025-01-22 19:45
6236,1079,18,12.0,2025-04-22 15:12
6237,2260,14,25.5,2025-08-31 09:45
6238,1382,19,5.0,2025-10-06 23:05
6239,743,10,11.0,2025-03-10 15:44
6240,1889,20,6.5,2025-01-30 06:27
6241,894,22,44.5,2025-07-14 09:59
6242,650,27,16.5,2025-02-24 21:39
6243,116,15,13.0,2025-03-03 20:24
6244,714,26,20.0,2025-04-24 02:03
6245,1814,1,33.0,2025-10-17 05:25
6246,1031,2,16.0,2025-12-01 11:39
6247,161,2,32.0,2025-01-14 17:00
6248,952,22,23.5,2025-10-14 08:40
6249,1099,27,16.0,2025-03-06 08:39
6250,2326,4,15.5,2025-08-05 02:25
6251,833,21,33.5,2025-03-27 05:59
6252,1920,22,19.5,2024-12-11 12:12
6253,1825,15,5.0,2025-02-26 17:36
6254,2157,7,14.5,2025-05-13 07:37
6255,369,11,15.0,2025-02-14 02:46
6256,1381,20,9.5,2025-09-20 02:37
6257,2441,19,10.0,2024-12-18 11:24
6258,977,19,17.5,2025-04-30 00:15
6259,1624,6,25.5,2025-09-03 13:42
6260,577,22,19.5,2025-01-10 17:19
6261,344,6,25.0,2025-11-02 16:15
6262,1742,5,15.0,2025-10-12 21:46
6263,534,18,19.0,2025-07-28 06:11
6264,1040,12,29.0,2025-06-02 14:02
6265,684,21,5.0,2025-07-01 02:53
6266,826,3,33.0,2025-12-06 15:09
6267,1573,7,5.0,2025-01-23 00:31
6268,1513,26,27.5,2025-10-05 18:58
6269,1809,17,10.0,2025-10-21 08:37
6270,435,26,36.0,2025-02-16 13:00
6271,390,11,5.0,2025-04-16 11:32
6272,1825,27,21.5,2025-03-13 05:01
6273,1324,16,9.5,2025-03-13 07:47
6274,1413,5,15.0,2025-04-16 02:22
6275,1343,21,4.5,2025-11-04 21:13
6276,1847,20,5.5,2025-04-04 21:26
6277,495,6,26.5,2025-01-01 01:23
6278,8,15,17.0,2025-03-25 00:56
6279,2038,22,9.0,2025-02-12 10:52
6280,251,1,28.5,2025-04-26 17:23
6281,1239,8,11.0,2025-01-21 10:48
6282,1042,14,9.5,2025-06-21 09:27
6283,289,25,14.0,2025-01-10 03:39
6284,171,4,22.5,2025-04-22 19:36
6285,2387,27,5.5,2025-03-04 06:04
6286,872,7,16.5,2025-04-30 20:22
6287,2074,10,17.0,2025-10-13 09:18
6288,1071,25,21.0,2025-02-08 16:27
6289,1639,23,15.5,2025-09-14 05:00
6290,1645,3,5.5,2025-08-04 02:11
6291,1063,9,33.0,2024-12-11 01:59
6292,1089,6,9.5,2025-09-20 00:31
6293,481,22,9.5,2025-03-20 03:19
6294,347,17,5.0,2025-05-24 02:47
6295,2450,3,11.5,2025-10-12 20:34
6296,1709,22,32.5,2025-06-24 22:36
6297,2233,10,5.0,2025-09-29 03:49
6298,376,12,37.5,2025-03-12 02:10
6299,1130,21,29.5,2025-01-21 16:53
6300,1122,4,29.0,2025-08-11 09:59
6301,933,6,5.5,2025-06-26 22:07
6302,366,5,19.5,2025-08-10 19:43
6303,756,3,34.5,2025-09-04 00:46
6304,1268,7,9.5,2025-06-16 06:39
6305,1153,16,5.0,2025-09-29 00:10
6306,604,10,5.5,2025-11-17 08:05
6307,1151,8,14.0,2025-10-25 06:37
6308,1040,24,25.0,2025-07-09 22:25
6309,1848,11,6.5,2025-01-30 08:53
6310,1572,21,15.0,2025-07-09 02:19
6311,1017,4,21.5,2025-07-23 19:13
6312,2153,23,16.0,2025-11-23 17:45
6313,1433,22,9.5,2025-02-13 22:46
6314,515,14,21.0,2025-08-06 03:27
6315,2183,14,14.0,2025-03-07 18:01
6316,547,16,25.5,2025-11-19 09:30
6317,1691,10,28.0,2025-06-18 14:21
6318,2142,9,31.0,2025-07-21 22:24
6319,2392,5,10.0,2025-04-25 11:28
6320,1969,20,5.5,2025-12-05 06:33
6321,763,13,16.0,2024-12-30 01:53
6322,508,4,33.5,2025-06-01 04:22
6323,650,4,23.0,2025-06-01 15:42
6324,2073,17,15.0,2025-06-29 23:18
6325,216,12,10.0,2025-10-23 06:26
6326,744,21,32.0,2025-02-23 06:07
6327,2111,26,34.5,2025-04-18 12:04
6328,562,15,31.5,2024-12-18 23:38
6329,16,11,15.0,2024-12-21 05:03
6330,887,22,6.5,2025-06-04 08:15
6331,1554,13,29.0,2025-06-12 07:00
6332,61,3,35.0,2025-10-17 23:18
6333,1138,21,6.5,2025-01-05 20:02
6334,2083,1,29.5,2025-04-15 14:58
6335,486,18,19.5,2025-07-19 15:46
6336,1819,24,31.0,2025-08-26 18:47
6337,158,6,9.5,2025-01-20 23:21
6338,84,2,11.5,2025-01-14 11:46
6339,1105,14,28.5,2025-10-14 15:02
6340,881,14,25.5,2025-09-09 21:30
6341,791,2,23.0,2025-09-29 04:59
6342,2473,27,17.0,2025-05-13 00:01
6343,1933,3,31.5,2025-03-24 18:57
6344,2103,22,11.0,2024-12-21 02:52
6345,1109,25,6.5,2025-08-09 18:17
6346,508,13,5.5,2025-09-19 02:10
6347,718,19,27.5,2025-04-20 14:28
6348,941,21,12.0,2025-06-10 07:25
6349,522,4,25.5,2025-09-30 05:39
6350,899,22,24.0,2025-01-12 05:27
6351,1678,27,5.5,2025-07-19 16:54
6352,2206,10,23.5,2024-12-24 12:39
6353,1401,7,30.0,2025-10-14 18:17
6354,512,9,5.5,2025-07-01 06:45
6355,1235,17,4.5,2025-10-04 17:31
6356,851,11,13.0,2024-12-30 18:10
6357,1798,8,9.5,2025-08-26 03:22
6358,459,5,25.0,2025-05-30 15:17
6359,1164,4,26.5,2025-09-05 20:42
6360,524,10,28.0,2024-12-21 22:43
6361,2250,26,9.5,2025-03-15 03:37
6362,1762,9,25.5,2025-01-11 12:38
6363,2077,16,30.0,2025-03-16 02:33
6364,1823,14,24.0,2025-04-22 01:13
6365,1067,8,25.0,2025-04-25 22:53
6366,1879,2,20.0,2025-01-21 14:55
6367,1187,27,14.5,2025-02-17 14:06
6368,857,10,6.5,2025-11-19 02:38
6369,1412,26,19.0,2025-03-22 14:15
6370,1684,6,32.0,2025-08-21 03:25
6371,192,11,30.5,2025-10-22 16:56
6372,163,14,11.0,2025-05-25 14:35
6373,2493,27,21.5,2025-07-27 20:16
6374,1633,27,27.0,2025-08-15 18:27
6375,101,2,5.5,2025-11-01 04:42
6376,2039,19,24.0,2025-06-12 14:34
6377,152,26,19.5,2025-06-29 04:23
6378,1812,26,20.0,2024-12-17 08:14
6379,2397,25,5.0,2025-09-07 05:21
6380,900,27,9.5,2025-06-06 18:47
6381,45,17,31.0,2025-05-07 00:41
6382,136,15,4.5,2025-10-28 10:40
6383,1352,11,28.0,2025-01-10 23:11
6384,1221,4,4.5,2025-02-21 10:41
6385,1710,19,6.5,2025-02-13 14:27
6386,1561,5,39.0,2025-02-16 03:11
6387,911,4,6.5,2025-08-02 18:13
6388,1241,10,38.5,2024-12-17 21:02
6389,814,23,28.5,2025-06-08 06:04
6390,1556,7,19.5,2024-12-25 19:40
6391,1027,7,20.0,2025-08-07 11:52
6392,1536,3,33.0,2025-04-11 16:02
6393,2356,21,20.5,2024-12-09 07:14
6394,195,19,30.5,2025-01-24 05:55
6395,1950,18,4.5,2025-10-05 05:09
6396,450,11,5.5,2025-02-25 18:59
6397,530,20,30.5,2025-04-17 02:36
6398,521,4,24.0,2025-06-06 14:20
6399,1652,7,19.5,2025-03-06 14:01
6400,713,20,11.0,2025-02-22 13:13
6401,1011,7,24.5,2025-02-25 02:11
6402,367,9,24.5,2025-08-24 22:59
6403,1271,15,30.0,2025-11-30 22:05
6404,2106,16,6.5,2025-10-15 09:09
6405,1792,19,10.5,2025-09-19 19:24
6406,954,18,20.5,2025-11-16 21:37
6407,1026,12,24.0,2025-11-02 09:52
6408,212,6,22.5,2025-07-20 10:58
6409,2143,15,30.0,2025-07-03 22:55
6410,896,15,11.0,2025-08-01 15:39
6411,2013,18,20.0,2025-10-02 18:22
6412,452,27,28.0,2025-09-06 19:47
6413,956,25,29.5,2025-02-18 20:04
6414,301,21,4.5,2025-02-09 14:16
6415,2344,19,5.5,2025-03-24 18:55
6416,1831,27,11.5,2025-08-24 16:32
6417,1254,25,35.5,2025-09-02 01:13
6418,900,17,28.5,2025-09-04 00:01
6419,1766,25,16.0,2025-02-18 00:12
6420,2202,11,5.0,2025-03-16 23:56
6421,1522,14,24.0,2025-07-26 16:55
6422,1155,3,33.0,2025-02-01 15:43
6423,200,19,39.5,2025-04-21 14:07
6424,20,22,5.0,2025-03-11 10:13
6425,951,12,5.5,2025-08-25 16:45
6426,847,16,21.5,2025-11-22 01:16
6427,707,7,4.5,2025-12-04 13:38
6428,1091,4,6.5,2025-02-09 16:03
6429,1142,11,22.5,2025-05-08 10:25
6430,2019,25,5.5,2025-11-20 20:15
6431,2289,10,16.5,2025-12-02 00:19
6432,243,9,28.5,2025-01-16 09:40
6433,28,25,14.0,2025-02-10 18:01
6434,465,17,4.5,2025-08-31 23:45
6435,1053,3,33.0,2025-10-11 17:06
6436,2480,6,19.0,2025-12-04 14:44
6437,1657,26,17.5,2025-11-04 18:15
6438,677,6,21.5,2025-03-20 17:09
6439,2008,20,5.0,2025-07-04 19:01
6440,1,2,9.0,2025-02-25 08:01
6441,191,24,14.0,2025-11-24 22:49
6442,2261,9,35.5,2025-02-03 12:24
6443,1532,15,12.0,2025-07-08 10:06
6444,231,19,33.0,2025-07-27 15:30
6445,574,5,6.5,2024-12-19 23:00
6446,1839,21,5.0,2025-07-05 23:26
6447,1234,5,5.0,2025-11-04 16:22
6448,1552,1,26.5,2025-01-31 10:35
6449,1282,11,11.0,2025-02-21 18:30
6450,1519,1,31.5,2025-04-28 16:42
6451,866,27,4.5,2024-12-30 15:17
6452,547,10,26.0,2025-05-08 02:59
6453,636,3,29.5,2025-04-19 21:15
6454,1041,25,24.5,2025-02-05 13:25
6455,1407,15,28.5,2025-06-04 23:49
6456,648,19,24.0,2025-02-13 12:53
6457,2239,4,28.5,2025-11-29 04:29
6458,2243,4,26.5,2025-02-09 22:46
6459,1253,16,10.0,2025-04-18 20:23
6460,516,4,4.5,2025-10-04 04:38
6461,1044,14,10.5,2025-03-26 07:56
6462,1747,3,16.0,2025-05-05 23:41
6463,2044,2,5.0,2025-06-17 07:15
6464,975,1,28.5,2025-11-22 15:15
6465,1449,15,32.5,2025-07-28 01:00
6466,1796,15,6.5,2025-08-30 21:10
6467,764,13,21.0,2025-05-02 04:58
6468,659,6,23.5,2025-02-14 23:17
6469,1869,20,21.0,2025-10-11 19:36
6470,396,21,31.0,2025-05-25 00:08
6471,1477,21,17.0,2025-07-17 03:36
6472,793,9,4.5,2025-10-26 07:01
6473,1213,16,4.5,2025-08-18 15:00
6474,1600,20,28.0,2025-10-26 20:58
6475,1563,13,29.0,2025-04-24 16:17
6476,373,21,31.0,2025-09-12 08:22
6477,2047,17,16.0,2025-08-21 10:13
6478,1672,26,18.0,2024-12-17 06:18
6479,1355,26,22.5,2025-07-08 18:45
6480,294,12,29.0,2025-02-15 12:29
6481,1472,8,32.0,2025-10-18 23:42
6482,887,21,12.0,2024-12-14 21:40
6483,1101,15,10.5,2025-04-30 04:39
6484,525,9,4.5,2025-06-23 09:57
6485,434,23,26.5,2025-04-17 01:09
6486,2085,14,26.0,2025-11-17 22:44
6487,288,27,10.5,2025-01-01 22:37
6488,1720,27,28.5,2025-09-18 21:52
6489,646,21,26.0,2025-04-03 21:19
6490,1730,21,16.5,2025-09-15 19:10
6491,849,20,23.5,2025-10-13 17:42
6492,1639,20,26.0,2025-01-23 18:45
6493,72,1,32.0,2025-10-10 05:22
6494,2315,21,9.5,2025-02-05 00:49
6495,2053,24,4.5,2025-11-17 04:53
6496,2,7,4.5,2025-04-29 04:43
6497,706,7,33.0,2025-10-24 19:58
6498,1540,1,11.0,2024-12-26 18:56
6499,584,17,11.0,2025-10-16 16:53
6500,757,15,4.5,2025-07-18 14:34
6501,207,1,29.0,2025-06-04 10:55
6502,718,10,23.0,2025-01-30 08:20
6503,1276,1,5.5,2025-11-25 08:26
6504,1580,27,22.5,2025-09-28 04:15
6505,2293,25,14.5,2025-02-16 19:15
6506,1951,11,4.5,2025-01-14 01:59
6507,1341,18,28.0,2025-04-13 13:51
6508,2187,15,6.5,2025-05-24 04:17
6509,2064,23,17.0,2025-02-21 22:42
6510,1299,26,11.5,2025-09-15 03:16
6511,1694,5,28.0,2025-10-22 13:28
6512,183,4,23.5,2025-05-03 19:25
6513,2257,3,15.0,2025-10-17 18:13
6514,907,2,14.0,2025-03-28 01:30
6515,2194,8,26.0,2025-07-21 10:16
6516,1097,21,21.0,2025-08-15 18:00
6517,2439,27,13.0,2025-10-05 17:36
6518,219,3,21.0,2025-02-06 03:09
6519,1942,18,27.5,2025-05-12 23:50
6520,1020,25,6.5,2025-10-11 17:13
6521,1675,11,14.0,2025-06-08 05:23
6522,2163,20,6.5,2025-05-14 23:05
6523,2059,3,15.0,2025-09-14 16:45
6524,2319,26,24.0,2025-04-04 20:12
6525,1676,1,12.0,2025-07-01 06:04
6526,1239,10,20.5,2025-10-26 11:38
6527,1391,10,25.5,2025-11-28 14:49
6528,334,2,23.5,2025-11-09 20:09
6529,292,6,22.0,2025-02-04 21:59
6530,2219,20,24.5,2025-11-16 13:44
6531,573,14,9.5,2025-03-28 06:04
6532,2368,9,5.0,2025-09-28 10:12
6533,1636,11,37.0,2025-07-23 03:07
6534,1114,19,17.0,2025-04-21 10:36
6535,380,17,17.0,2025-02-24 20:25
6536,485,9,10.0,2025-03-04 22:18
6537,1624,2,4.5,2025-04-11 11:25
6538,1892,12,6.5,2025-05-06 07:42
6539,1137,10,33.0,2025-08-22 17:49
6540,1797,2,22.0,2025-11-28 10:32
6541,2,16,14.5,2025-05-02 14:47
6542,2239,15,5.5,2025-06-23 17:49
6543,382,15,31.0,2025-01-25 17:18
6544,482,18,15.0,2024-12-31 12:27
6545,2285,2,26.5,2025-02-02 11:23
6546,614,22,30.5,2025-03-19 01:40
6547,1103,14,37.5,2025-12-06 12:40
6548,1683,10,18.0,2025-03-17 03:01
6549,1506,2,10.5,2025-06-20 08:31
6550,1280,2,10.0,2025-02-27 14:48
6551,2321,19,28.5,2025-11-12 08:01
6552,2084,1,22.5,2025-08-03 01:32
6553,187,7,14.0,2025-11-17 06:53
6554,191,8,27.0,2025-10-10 22:52
6555,895,3,9.5,2025-05-08 20:50
6556,1889,6,28.0,2025-03-23 07:16
6557,732,13,19.0,2025-05-11 11:00
6558,87,13,18.5,2025-10-08 06:08
6559,2192,1,37.5,2025-04-01 16:27
6560,390,24,20.0,2025-11-10 08:04
6561,1563,17,21.5,2025-05-04 00:02
6562,1004,10,4.5,2025-06-24 07:15
6563,1039,6,5.0,2025-09-18 11:19
6564,1478,1,4.5,2025-10-05 00:35
6565,2055,11,16.0,2025-10-13 11:36
6566,2167,8,21.0,2025-03-05 02:46
6567,2458,15,9.5,2024-12-12 17:04
6568,717,20,18.0,2025-07-24 00:43
6569,977,21,14.0,2024-12-19 21:53
6570,2394,9,9.5,2025-03-04 02:44
6571,935,27,29.5,2025-01-23 06:57
6572,2442,16,18.5,2025-09-06 02:09
6573,2316,7,34.5,2025-09-08 11:53
6574,1351,19,35.5,2025-02-15 00:58
6575,638,18,19.0,2025-03-18 12:48
6576,1357,26,6.5,2024-12-19 17:02
6577,1231,23,10.0,2025-01-28 22:40
6578,104,5,9.0,2025-04-10 19:46
6579,2348,11,25.0,2025-06-28 14:00
6580,242,15,9.5,2025-08-30 02:08
6581,1856,1,14.5,2025-06-23 20:15
6582,1603,8,12.0,2025-09-23 15:28
6583,632,5,9.5,2024-12-12 21:33
6584,247,11,21.5,2025-08-12 23:42
6585,2079,19,30.0,2025-06-14 02:39
6586,437,23,16.0,2025-01-01 14:06
6587,903,23,16.0,2025-10-02 20:01
6588,1203,24,22.5,2025-07-10 04:25
6589,563,12,24.0,2025-07-23 08:21
6590,1382,9,10.0,2025-02-26 11:05
6591,2158,20,32.5,2025-08-30 01:52
6592,2149,20,5.5,2025-09-04 14:00
6593,1590,1,11.0,2025-01-02 14:14
6594,929,22,26.5,2025-10-01 07:53
6595,1961,21,24.0,2025-07-15 16:21
6596,737,8,32.0,2025-01-07 04:31
6597,1937,27,10.5,2025-11-11 04:51
6598,1044,24,4.5,2025-11-12 12:25
6599,2368,16,32.0,2025-06-12 03:21
6600,1082,11,19.0,2024-12-10 19:45
6601,1186,16,18.0,2025-05-30 06:34
6602,129,17,9.5,2025-05-23 22:51
6603,1039,21,29.0,2025-06-20 12:16
6604,1997,15,4.5,2025-07-11 02:38
6605,346,15,19.0,2025-11-07 14:49
6606,1151,10,5.0,2025-07-29 13:35
6607,2351,5,17.0,2025-06-10 08:43
6608,1646,9,10.0,2025-11-21 09:58
6609,2420,17,29.0,2025-11-12 18:17
6610,1106,17,38.0,2025-11-20 23:30
6611,882,1,9.0,2025-11-23 04:33
6612,317,13,32.0,2025-03-26 07:56
6613,2228,23,5.5,2025-04-19 21:09
6614,654,27,11.0,2025-07-28 17:21
6615,286,8,14.0,2025-11-24 12:04
6616,314,12,32.0,2025-04-17 23:47
6617,1484,7,5.5,2025-11-23 13:17
6618,1176,5,14.5,2025-05-28 02:40
6619,653,23,11.0,2025-06-01 18:42
6620,755,6,15.5,2025-02-17 02:33
6621,652,21,15.0,2025-06-22 02:13
6622,1133,12,35.0,2025-03-09 16:19
6623,689,2,6.5,2025-11-10 19:08
6624,273,12,32.0,2025-04-23 00:07
6625,1565,6,4.5,2025-02-09 23:38
6626,1033,20,26.0,2025-08-07 06:06
6627,158,1,14.0,2025-08-13 17:35
6628,2451,16,25.5,2025-11-16 08:49
6629,1331,4,21.5,2025-10-11 17:12
6630,621,5,5.5,2025-10-29 01:58
6631,2375,12,25.5,2025-04-22 11:43
6632,230,16,21.0,2025-11-17 12:12
6633,2183,12,20.0,2025-04-03 23:32
6634,121,20,37.0,2025-09-03 14:38
6635,1035,4,5.5,2025-02-21 04:07
6636,415,1,14.0,2025-06-17 04:08
6637,293,24,4.5,2025-09-02 20:06
6638,1657,3,14.0,2025-10-03 17:45
6639,544,2,4.5,2025-09-08 15:12
6640,1982,16,6.5,2025-01-19 18:11
6641,2008,21,9.5,2025-06-09 22:47
6642,216,5,30.0,2025-02-17 23:39
6643,1726,15,14.5,2024-12-13 05:12
6644,1749,10,18.5,2025-05-02 00:44
6645,1529,11,14.5,2024-12-12 23:10
6646,142,22,24.0,2025-02-09 22:49
6647,1083,2,6.5,2025-10-11 00:15
6648,2117,24,20.0,2025-02-17 05:37
6649,1871,3,22.0,2025-10-11 12:02
6650,2158,25,14.5,2025-02-26 16:21
6651,62,9,24.5,2025-05-27 17:02
6652,953,25,36.0,2025-05-07 18:45
6653,2362,7,31.0,2025-10-18 15:51
6654,1733,25,16.0,2025-02-08 06:10
6655,1277,19,32.5,2025-03-17 07:25
6656,2132,7,20.5,2025-02-02 02:20
6657,1868,9,22.0,2025-04-16 21:51
6658,2209,25,19.0,2025-07-01 13:07
6659,1661,14,11.0,2025-08-01 16:42
6660,1748,8,25.5,2025-07-05 22:37
6661,207,20,14.0,2025-03-10 11:22
6662,691,15,37.5,2025-02-16 03:36
6663,484,15,34.5,2025-07-05 11:18
6664,93,4,34.5,2025-05-01 11:05
6665,2393,13,27.5,2025-02-19 22:28
6666,2315,8,14.0,2025-05-21 00:28
6667,2459,11,16.0,2025-08-28 10:28
6668,1501,25,9.5,2025-01-08 20:05
6669,2082,5,10.0,2025-05-09 03:21
6670,828,2,20.5,2025-04-10 13:49
6671,1615,3,34.0,2025-11-01 23:45
6672,1556,17,24.0,2025-09-09 15:59
6673,2154,8,19.5,2025-03-03 23:58
6674,289,12,17.0,2025-03-12 01:37
6675,533,11,29.0,2025-02-24 03:40
6676,1499,12,11.0,2025-01-14 09:59
6677,1493,1,13.5,2025-04-07 13:20
6678,2208,17,14.0,2025-10-22 07:59
6679,2053,3,5.0,2025-05-01 15:59
6680,2226,16,6.5,2025-09-21 14:49
6681,1424,19,33.0,2025-01-28 03:53
6682,1690,11,9.5,2025-10-03 02:47
6683,2074,27,9.5,2025-04-06 14:38
6684,2262,20,29.5,2025-05-17 00:28
6685,871,21,25.0,2025-10-16 18:47
6686,1266,22,5.5,2025-07-26 02:52
6687,1135,21,14.0,2025-07-05 21:26
6688,114,15,31.5,2025-07-25 13:20
6689,988,26,27.0,2025-03-11 22:17
6690,90,5,15.5,2025-05-09 01:08
6691,2137,24,19.0,2025-10-05 03:17
6692,736,25,29.5,2025-05-13 17:45
6693,2070,21,14.0,2025-03-18 19:12
6694,1531,14,5.0,2025-04-05 18:17
6695,179,26,9.5,2025-08-09 20:46
6696,838,7,24.5,2025-09-04 09:40
6697,938,24,5.5,2025-01-04 04:55
6698,2073,11,33.5,2025-02-14 11:49
6699,878,17,25.5,2025-09-27 02:35
6700,900,10,5.5,2025-06-08 19:26
6701,2042,23,25.5,2025-09-26 17:46
6702,1698,5,20.0,2025-07-31 03:47
6703,619,5,24.5,2025-05-23 04:19
6704,242,23,15.0,2024-12-19 03:05
6705,426,18,26.5,2025-04-20 17:11
6706,1454,10,16.5,2025-11-26 23:43
6707,1450,9,26.0,2025-03-16 01:51
6708,1538,23,37.0,2025-03-13 05:05
6709,47,18,17.0,2025-03-03 13:33
6710,865,26,35.5,2025-10-29 21:22
6711,249,12,5.0,2025-10-15 21:39
6712,717,6,6.5,2025-08-12 14:43
6713,1278,18,36.0,2025-10-13 18:01
6714,2174,10,17.5,2024-12-23 04:04
6715,302,26,15.0,2025-10-18 21:37
6716,845,7,5.0,2025-07-10 09:24
6717,884,16,10.0,2025-05-28 08:28
6718,1141,13,11.0,2025-05-31 09:48
6719,1827,10,28.5,2025-12-05 13:02
6720,1244,5,34.5,2025-08-27 05:52
6721,1570,7,23.5,2025-02-27 14:37
6722,955,27,15.0,2025-09-11 23:03
6723,1659,1,38.5,2025-11-23 15:45
6724,1352,19,5.0,2025-03-06 11:47
6725,1308,9,5.5,2025-08-25 06:57
6726,2173,9,23.5,2025-06-03 22:31
6727,1083,24,29.5,2025-11-30 07:33
6728,1207,14,6.5,2024-12-09 18:41
6729,2196,18,14.0,2025-10-10 09:39
6730,1599,26,5.5,2025-06-14 18:54
6731,341,5,5.5,2025-05-02 20:26
6732,1508,12,27.5,2025-07-23 14:33
6733,322,8,5.0,2025-07-13 04:18
6734,1061,17,14.0,2025-11-12 00:41
6735,1665,19,22.5,2025-08-04 07:30
6736,788,4,26.0,2025-04-21 10:15
6737,932,26,31.0,2025-09-27 02:23
6738,2434,6,9.5,2025-04-14 22:16
6739,1195,11,5.5,2025-06-21 22:05
6740,2115,4,30.0,2025-09-14 13:16
6741,2024,9,28.0,2025-07-26 14:31
6742,780,24,21.0,2025-02-25 08:00
6743,2427,3,12.0,2025-07-18 16:41
6744,1113,2,35.0,2025-01-16 06:26
6745,1009,6,9.5,2025-07-04 04:33
6746,1444,2,14.0,2025-01-11 16:10
6747,265,18,30.0,2025-07-31 13:55
6748,157,27,11.0,2025-07-27 22:15
6749,1504,20,31.0,2025-03-21 03:38
6750,917,16,15.5,2025-10-14 20:30
6751,1542,25,13.0,2025-08-15 05:29
6752,580,19,14.0,2025-08-02 20:25
6753,16,12,20.0,2025-02-12 10:23
6754,2070,10,14.5,2025-11-14 22:54
6755,476,7,9.5,2025-06-07 10:35
6756,1375,23,21.0,2025-09-11 21:37
6757,267,8,14.5,2025-07-14 08:59
6758,1924,5,5.0,2025-11-17 21:39
6759,771,6,26.5,2025-10-23 19:32
6760,1361,17,16.0,2025-10-13 08:11
6761,2307,5,20.5,2025-03-18 11:05
6762,2222,13,25.0,2025-05-28 08:10
6763,1882,27,12.0,2025-05-06 12:16
6764,1527,7,21.5,2025-07-16 12:02
6765,1083,20,38.0,2025-12-06 03:15
6766,873,6,29.0,2024-12-30 06:46
6767,978,22,30.0,2024-12-26 20:38
6768,2357,26,29.0,2025-10-30 03:09
6769,35,4,5.5,2025-09-04 23:54
6770,1681,18,9.5,2025-11-10 23:56
6771,1123,13,19.5,2025-11-05 20:11
6772,1735,7,21.0,2025-04-29 12:42
6773,2083,11,15.0,2025-01-30 05:53
6774,1188,26,34.5,2025-04-17 14:07
6775,1681,7,11.0,2024-12-17 08:01
6776,1043,10,11.5,2025-02-15 15:09
6777,170,27,6.5,2025-04-05 16:49
6778,404,24,11.0,2025-07-13 03:39
6779,373,11,5.0,2025-11-04 06:34
6780,1250,8,21.0,2025-03-24 20:45
6781,1761,7,34.0,2025-05-04 03:25
6782,624,1,26.5,2025-02-08 12:25
6783,1489,1,5.5,2025-05-02 01:09
6784,92,20,28.0,2025-04-03 16:28
6785,176,4,28.0,2025-10-06 11:26
6786,2219,26,25.5,2025-02-08 07:58
6787,791,9,24.0,2025-06-21 15:58
6788,2273,1,25.5,2025-04-24 18:45
6789,2275,11,39.5,2025-11-07 22:51
6790,1401,27,31.5,2025-03-24 03:16
6791,1711,7,5.0,2025-06-03 18:52
6792,1564,18,5.5,2025-07-11 14:59
6793,1218,19,10.0,2024-12-23 06:00
6794,1387,2,9.5,2025-07-27 14:54
6795,417,4,20.0,2025-03-25 12:22
6796,532,22,6.5,2025-06-08 05:14
6797,1895,5,23.0,2024-12-10 14:14
6798,1373,26,10.0,2025-05-10 23:31
6799,880,18,31.5,2025-03-07 14:07
6800,647,25,35.5,2025-10-04 20:06
6801,9,4,11.0,2025-05-29 01:16
6802,1731,4,14.0,2025-10-25 20:48
6803,87,20,11.0,2025-05-11 20:28
6804,2317,24,32.0,2025-05-11 00:29
6805,2274,23,25.5,2025-11-01 13:13
6806,1531,23,26.5,2025-06-27 21:35
6807,2018,19,9.5,2025-07-28 18:20
6808,2486,8,16.5,2025-01-05 04:58
6809,1211,5,15.0,2025-06-02 11:17
6810,809,21,5.5,2025-08-19 07:18
6811,333,26,9.0,2025-02-24 06:06
6812,1525,21,26.0,2025-06-07 20:26
6813,383,22,11.0,2025-08-30 13:26
6814,202,27,14.5,2025-05-19 01:42
6815,419,10,9.0,2025-09-06 01:29
6816,225,13,20.5,2025-02-03 20:39
6817,1960,16,14.5,2025-07-20 20:38
6818,2460,11,5.5,2025-08-15 08:48
6819,765,2,21.0,2025-09-17 01:03
6820,204,12,25.5,2025-03-19 11:30
6821,857,12,19.5,2025-05-05 00:31
6822,1393,17,4.5,2025-09-12 23:11
6823,2074,2,14.5,2025-02-10 05:08
6824,2120,20,6.5,2025-10-24 15:52
6825,975,1,6.5,2025-02-24 14:19
6826,2122,22,17.5,2025-06-26 09:25
6827,2473,19,5.0,2025-08-07 17:51
6828,899,24,29.5,2025-03-28 17:29
6829,1178,21,27.5,2025-07-03 21:25
6830,1112,12,19.5,2025-05-26 04:57
6831,639,22,24.0,2025-09-11 14:10
6832,1221,27,18.5,2025-05-30 15:26
6833,2343,8,21.5,2024-12-29 23:17
6834,338,22,28.5,2025-03-01 00:36
6835,1273,26,16.0,2025-08-01 16:41
6836,2370,10,14.5,2025-11-05 02:16
6837,2016,17,26.5,2025-11-17 03:13
6838,1595,21,16.0,2025-04-23 09:26
6839,2479,1,24.0,2024-12-30 06:15
6840,989,13,23.5,2025-01-01 08:40
6841,718,18,16.0,2025-05-16 12:36
6842,827,20,4.5,2025-07-22 21:01
6843,888,5,15.5,2025-11-06 16:52
6844,380,5,35.0,2025-08-07 19:32
6845,498,12,5.0,2025-01-07 12:00
6846,1986,26,30.5,2025-10-03 14:12
6847,1288,13,16.0,2025-09-20 21:54
6848,455,23,25.5,2025-07-31 02:29
6849,1317,4,5.0,2025-09-19 04:34
6850,152,2,31.0,2025-05-22 05:32
6851,1169,18,14.5,2025-08-22 10:40
6852,325,9,6.5,2025-05-06 23:24
6853,2450,25,19.5,2025-11-30 10:36
6854,1582,1,29.0,2025-08-06 09:25
6855,558,25,5.5,2025-11-10 14:05
6856,315,18,28.5,2024-12-18 22:21
6857,2404,25,10.0,2025-01-10 00:55
6858,1250,14,11.0,2025-08-18 11:48
6859,1324,18,9.5,2025-04-08 04:02
6860,79,15,5.5,2025-11-27 08:08
6861,1603,13,6.5,2025-10-06 21:36
6862,1560,14,16.0,2025-10-27 06:30
6863,676,15,31.0,2025-03-31 08:14
6864,2224,23,36.5,2025-04-05 03:31
6865,2104,18,22.5,2025-07-03 15:34
6866,2012,2,24.5,2025-10-01 16:48
6867,2349,4,26.0,2025-10-31 16:57
6868,878,2,12.0,2025-11-21 00:06
6869,1609,16,12.0,2025-01-17 23:57
6870,1425,9,21.0,2025-08-09 17:49
6871,1064,5,28.5,2025-01-04 01:32
6872,2454,20,30.0,2025-07-14 06:07
6873,1402,6,25.5,2025-07-15 22:25
6874,1173,17,30.5,2025-07-02 17:12
6875,2443,15,26.5,2025-09-02 01:16
6876,2487,3,15.0,2025-08-14 08:41
6877,116,23,12.0,2024-12-24 23:23
6878,2042,26,14.0,2025-12-04 14:12
6879,128,2,9.5,2025-02-11 03:25
6880,2216,18,10.0,2024-12-18 17:15
6881,263,16,26.0,2025-09-10 14:11
6882,1797,19,5.0,2025-08-14 19:07
6883,2086,15,24.5,2025-10-17 17:00
6884,2452,24,24.5,2025-08-18 06:47
6885,1522,10,25.5,2025-08-24 20:55
6886,824,14,17.5,2025-06-01 18:43
6887,1126,9,17.0,2025-09-04 00:49
6888,1452,22,29.5,2025-06-07 10:05
6889,882,17,11.5,2025-07-20 09:29
6890,1952,25,5.0,2025-06-28 10:36
6891,874,12,31.0,2025-07-07 21:44
6892,1623,22,12.0,2025-08-19 22:40
6893,919,11,25.0,2025-11-04 13:06
6894,1750,21,31.0,2025-11-13 00:46
6895,159,10,9.5,2025-01-01 12:43
6896,298,21,14.0,2025-04-05 04:42
6897,2176,10,10.5,2025-07-06 11:26
6898,2176,21,10.5,2025-06-26 14:36
6899,1918,4,12.0,2025-02-12 20:56
6900,2286,6,21.0,2025-11-06 20:31
6901,1748,19,23.5,2024-12-08 22:27
6902,1791,18,32.5,2025-03-16 15:25
6903,1067,15,14.5,2025-06-18 21:09
6904,1850,5,37.5,2025-07-07 16:26
6905,2043,21,33.5,2025-05-04 08:33
6906,688,9,19.5,2025-06-26 23:10
6907,1826,1,11.5,2025-05-15 03:37
6908,1647,20,23.0,2024-12-19 00:03
6909,583,10,26.5,2025-02-28 19:12
6910,1873,4,32.5,2025-08-07 11:56
6911,1630,11,6.5,2025-10-26 13:06
6912,2182,12,20.5,2025-02-25 19:25
6913,262,23,32.0,2025-02-02 01:05
6914,580,20,19.5,2025-04-18 10:11
6915,2358,17,19.0,2025-06-26 14:18
6916,1961,7,9.5,2025-03-25 22:38
6917,662,10,22.0,2025-03-29 02:43
6918,801,9,16.0,2024-12-19 08:48
6919,1594,4,29.5,2025-07-01 07:58
6920,2103,23,32.5,2025-01-29 19:38
6921,398,23,37.5,2025-07-18 02:52
6922,2113,8,6.5,2025-12-03 22:50
6923,523,7,25.5,2025-06-14 19:19
6924,324,23,20.5,2025-11-05 03:10
6925,952,12,21.0,2024-12-30 18:45
6926,317,5,21.5,2025-10-29 07:10
6927,1079,16,9.5,2025-09-24 21:14
6928,90,22,16.0,2025-07-02 17:01
6929,1567,4,21.0,2025-06-18 11:36
6930,2496,9,36.5,2025-11-09 03:17
6931,449,17,13.0,2025-04-28 05:23
6932,1423,14,28.0,2025-12-04 03:06
6933,2170,9,19.0,2025-08-07 15:57
6934,1541,15,36.0,2025-10-26 07:56
6935,837,22,30.0,2025-12-06 04:24
6936,872,17,10.5,2025-02-16 06:14
6937,494,24,35.5,2025-02-10 07:10
6938,1372,23,24.5,2025-09-02 09:36
6939,1440,22,9.5,2025-03-01 16:46
6940,1308,5,9.5,2025-08-26 04:26
6941,24,6,29.5,2025-01-12 11:02
6942,67,1,26.5,2025-12-04 19:35
6943,2029,11,24.5,2025-02-05 06:26
6944,235,17,33.5,2025-03-02 01:01
6945,959,11,11.0,2024-12-13 00:08
6946,84,26,19.0,2025-07-21 12:14
6947,1848,19,26.0,2025-10-06 11:08
6948,2407,4,21.5,2025-06-14 13:59
6949,1705,3,24.0,2025-12-04 20:52
6950,2406,4,15.5,2025-03-07 20:06
6951,1497,9,9.5,2025-07-24 01:28
6952,205,9,10.0,2025-03-25 16:10
6953,1178,24,27.0,2025-11-01 21:01
6954,2028,6,6.5,2025-11-13 09:51
6955,1995,14,26.5,2025-02-28 10:02
6956,376,13,12.0,2025-02-23 14:04
6957,203,21,11.0,2025-06-25 04:05
6958,1645,4,14.0,2025-08-01 18:42
6959,2392,20,28.5,2025-09-13 04:57
6960,459,19,24.0,2025-04-30 20:17
6961,45,22,12.0,2025-05-25 10:02
6962,80,11,10.0,2025-02-21 02:49
6963,215,17,4.5,2025-11-16 18:46
6964,2478,2,25.5,2025-05-11 08:04
6965,37,1,22.5,2025-11-18 17:40
6966,283,17,26.0,2025-08-08 00:18
6967,1317,12,16.0,2025-04-24 12:33
6968,1097,8,17.0,2025-05-02 07:00
6969,1026,21,5.5,2025-02-17 20:31
6970,336,7,24.5,2025-11-11 02:29
6971,1938,12,24.5,2025-04-01 03:02
6972,2491,23,16.5,2025-06-10 10:29
6973,356,19,9.5,2025-02-19 06:47
6974,1470,24,15.0,2025-05-11 01:06
6975,2320,19,4.5,2025-02-26 04:49
6976,1921,11,11.0,2025-03-01 23:08
6977,1879,19,21.0,2025-09-27 10:56
6978,1603,14,28.5,2025-05-04 23:08
6979,858,3,38.5,2024-12-23 05:13
6980,1630,2,25.5,2025-09-26 10:34
6981,1671,25,26.0,2025-06-29 00:18
6982,1074,8,24.5,2025-10-11 19:58
6983,2485,25,35.0,2025-08-25 05:46
6984,1093,11,21.5,2024-12-30 15:39
6985,49,27,9.0,2025-06-11 08:12
6986,17,5,10.5,2025-01-06 04:32
6987,43,15,31.5,2025-11-25 03:42
6988,72,3,19.5,2025-06-23 03:02
6989,1234,10,6.5,2024-12-14 03:55
6990,932,14,16.0,2025-10-26 21:53
6991,972,11,31.5,2025-11-21 00:54
6992,1191,24,21.5,2025-10-23 07:34
6993,230,14,11.5,2025-05-13 14:34
6994,808,27,10.0,2025-05-12 18:31
6995,1359,19,11.0,2025-05-21 03:03
6996,1189,10,24.5,2025-02-17 04:54
6997,199,19,5.0,2025-08-21 19:23
6998,555,18,30.5,2025-10-31 17:59
6999,207,8,9.5,2025-01-11 16:39
7000,2433,10,29.5,2025-08-09 15:21
7001,2329,7,25.5,2025-03-15 08:06
7002,1242,22,5.5,2025-07-21 03:13
7003,1813,8,18.5,2025-06-24 18:04
7004,1111,24,15.0,2025-04-18 18:35
7005,1552,10,15.5,2025-08-13 10:09
7006,581,3,9.5,2025-10-10 05:05
7007,1811,8,28.0,2025-01-27 14:44
7008,358,1,15.0,2025-04-24 02:45
7009,2019,24,10.5,2025-07-23 22:30
7010,1004,3,20.0,2025-09-01 04:20
7011,753,13,37.5,2025-09-14 11:39
7012,1538,18,27.5,2025-08-31 23:46
7013,192,8,6.5,2025-10-31 20:35
7014,569,7,17.5,2025-02-01 17:23
7015,1020,6,9.5,2025-08-30 21:22
7016,306,14,35.5,2025-09-08 23:47
7017,953,21,5.5,2025-05-11 17:56
7018,981,4,19.0,2025-03-25 19:38
7019,1163,13,5.0,2025-10-11 03:21
7020,2157,8,28.0,2025-04-17 19:17
7021,630,2,11.0,2025-02-13 22:20
7022,730,27,29.0,2025-08-07 20:50
7023,1474,26,16.0,2025-01-12 19:01
7024,2179,3,4.5,2025-06-20 16:47
7025,460,20,21.0,2025-12-06 21:50
7026,2306,5,9.5,2025-04-28 17:34
7027,1019,3,4.5,2025-01-20 23:22
7028,1311,17,6.5,2024-12-11 21:38
7029,1746,2,23.0,2025-08-01 14:11
7030,496,26,5.5,2025-09-27 09:38
7031,1927,13,16.0,2025-01-12 10:30
7032,1258,20,11.5,2025-03-04 23:17
7033,1047,6,5.0,2025-09-27 12:42
7034,1239,26,6.5,2025-09-13 13:45
7035,869,19,25.0,2025-09-15 03:12
7036,1964,23,23.5,2025-10-17 16:17
7037,2446,5,34.0,2025-06-02 16:04
7038,1132,18,20.5,2025-03-19 09:38
7039,1662,9,38.5,2025-12-06 08:02
7040,2273,3,22.5,2025-11-29 21:45
7041,1653,11,31.0,2025-11-10 07:08
7042,1083,9,16.5,2025-09-05 21:34
7043,2100,9,19.5,2025-02-24 17:39
7044,946,3,20.5,2025-08-08 13:39
7045,395,10,14.5,2025-04-29 23:07
7046,2404,12,26.0,2025-06-07 08:50
7047,1013,23,5.0,2025-08-20 09:31
7048,150,18,35.5,2025-09-29 12:08
7049,1188,10,4.5,2025-04-20 01:26
7050,457,25,23.5,2025-05-01 17:08
7051,819,20,31.5,2025-04-02 20:53
7052,2113,12,37.5,2025-11-26 18:20
7053,1661,20,21.5,2025-08-09 11:27
7054,217,24,5.5,2025-02-20 07:03
7055,1020,3,14.0,2025-11-16 00:55
7056,419,3,4.5,2025-03-14 10:18
7057,964,26,5.5,2025-08-23 02:10
7058,1666,1,19.0,2025-01-18 13:58
7059,738,20,24.0,2025-07-05 17:01
7060,1746,11,5.5,2025-11-12 15:02
7061,1998,27,23.0,2025-07-10 12:00
7062,2309,14,4.5,2025-07-17 08:49
7063,465,20,16.5,2025-09-16 16:27
7064,1033,17,31.0,2025-11-04 19:19
7065,2348,1,4.5,2025-08-27 03:54
7066,1125,5,5.5,2025-07-26 07:43
7067,411,16,22.5,2025-03-16 00:46
7068,1334,22,24.0,2025-05-15 07:06
7069,1802,21,32.0,2025-07-24 13:21
7070,1649,2,19.0,2025-09-24 19:41
7071,132,8,28.5,2025-03-19 17:12
7072,2156,7,19.0,2025-08-17 19:33
7073,1504,18,35.0,2025-05-28 07:23
7074,313,1,5.0,2025-05-07 09:55
7075,421,15,24.0,2025-06-07 05:06
7076,2411,18,23.0,2025-08-22 16:44
7077,577,22,14.0,2025-07-23 05:54
7078,1859,7,14.5,2025-07-26 05:33
7079,1055,25,40.0,2025-06-29 00:12
7080,1773,17,21.5,2025-02-06 22:54
7081,398,1,29.0,2025-04-07 11:22
7082,697,16,34.5,2025-05-27 18:07
7083,188,19,17.5,2025-08-28 14:36
7084,2305,13,27.5,2025-07-26 16:35
7085,117,22,9.5,2025-03-07 15:51
7086,2160,2,12.0,2024-12-13 20:25
7087,826,2,32.0,2025-07-21 21:14
7088,2013,4,16.0,2025-10-05 09:54
7089,824,7,19.5,2025-01-14 11:23
7090,619,25,9.5,2025-01-03 11:41
7091,712,26,26.0,2025-08-04 00:49
7092,1694,10,27.5,2025-09-26 14:32
7093,2438,4,17.0,2025-02-18 21:58
7094,31,24,24.5,2025-07-23 00:01
7095,943,16,4.5,2025-06-03 08:23
7096,1642,6,26.0,2025-04-28 02:31
7097,408,14,20.5,2025-01-27 23:12
7098,698,26,14.5,2025-11-22 07:55
7099,1445,12,11.0,2025-08-23 21:50
7100,624,20,26.5,2025-05-19 19:35
7101,538,6,20.0,2025-05-15 18:29
7102,1455,4,6.5,2025-07-08 21:16
7103,1014,23,39.5,2025-09-17 12:30
7104,2300,9,25.5,2025-05-31 02:30
7105,468,10,10.0,2025-08-13 10:23
7106,1907,22,14.0,2025-09-08 16:41
7107,949,23,5.5,2025-05-25 02:46
7108,1879,5,15.5,2025-05-22 22:02
7109,2185,1,20.5,2025-10-07 10:20
7110,578,8,19.0,2025-06-22 19:40
7111,1954,5,11.0,2025-08-08 06:35
7112,1615,27,19.5,2025-07-13 02:04
7113,2224,15,5.0,2025-06-01 15:54
7114,955,4,6.5,2025-09-28 08:40
7115,586,21,16.5,2025-06-29 16:32
7116,2090,5,20.0,2025-06-27 16:15
7117,1899,19,9.5,2025-04-08 14:57
7118,2173,8,10.5,2025-03-16 01:51
7119,96,1,20.0,2025-02-07 20:11
7120,2178,3,17.0,2025-06-23 02:59
7121,1379,10,17.5,2025-02-07 04:20
7122,1204,9,5.0,2025-10-01 12:18
7123,2080,22,5.0,2025-03-14 22:51
7124,972,9,5.5,2025-05-21 20:03
7125,1315,9,15.0,2025-03-17 22:51
7126,2313,9,12.0,2025-06-03 13:11
7127,1732,18,28.5,2025-08-19 14:03
7128,256,14,25.5,2025-10-17 09:26
7129,387,13,33.5,2025-09-29 02:31
7130,705,17,29.5,2025-09-24 00:02
7131,729,13,30.5,2025-10-12 03:19
7132,1587,3,6.5,2024-12-20 07:25
7133,270,15,14.0,2025-02-20 16:58
7134,361,6,21.0,2025-07-22 23:27
7135,153,20,14.0,2025-06-09 20:57
7136,342,6,31.0,2025-08-12 20:34
7137,784,25,29.0,2025-04-11 04:01
7138,360,26,10.0,2025-04-02 06:28
7139,997,15,17.0,2025-11-30 05:12
7140,404,14,34.5,2025-09-24 12:59
7141,1956,7,11.0,2025-11-16 07:45
7142,2164,3,12.0,2024-12-29 10:10
7143,257,13,34.0,2025-11-18 01:20
7144,2495,14,14.0,2025-04-02 06:36
7145,1153,13,10.0,2025-05-16 02:49
7146,2321,1,23.5,2025-03-04 17:37
7147,1739,8,16.0,2025-06-06 11:33
7148,1674,20,5.5,2025-12-04 15:44
7149,1004,27,25.0,2025-02-01 04:03
7150,2381,23,36.5,2025-02-14 01:09
7151,963,11,24.0,2025-03-31 00:50
7152,1681,24,4.5,2025-07-22 11:37
7153,377,24,11.0,2025-01-21 18:50
7154,1466,25,15.0,2025-04-15 08:03
7155,1023,24,5.5,2025-08-19 10:34
7156,1218,15,18.5,2025-01-04 14:58
7157,1190,19,5.0,2025-05-08 05:00
7158,67,11,31.5,2025-08-02 05:56
7159,719,23,29.5,2025-08-18 01:24
7160,1140,15,24.5,2025-10-26 17:17
7161,514,21,9.5,2024-12-11 22:29
7162,1204,23,19.5,2025-05-25 13:04
7163,20,10,14.5,2025-09-01 13:26
7164,638,6,30.5,2025-07-11 02:11
7165,1605,5,9.5,2025-05-20 22:35
7166,135,3,29.5,2025-03-06 14:01
7167,1782,2,9.5,2025-05-22 11:57
7168,1972,21,28.5,2025-07-23 11:25
7169,1382,9,5.0,2025-01-12 20:17
7170,1793,3,4.5,2025-02-04 14:59
7171,746,20,29.0,2025-11-06 06:23
7172,2319,19,25.0,2025-05-28 02:15
7173,1086,9,6.5,2025-09-10 23:49
7174,2484,5,24.0,2025-04-27 23:17
7175,1356,21,20.5,2025-09-27 09:09
7176,436,6,5.0,2025-11-11 15:51
7177,2257,10,25.0,2025-07-18 05:43
7178,1163,9,5.0,2025-05-16 15:45
7179,2301,17,6.5,2025-06-25 10:11
7180,2216,4,21.5,2025-01-18 16:32
7181,102,3,20.0,2025-04-22 14:11
7182,2315,23,19.0,2025-11-11 10:23
7183,742,11,30.5,2025-10-30 13:27
7184,2205,22,29.5,2025-03-17 00:20
7185,1410,27,5.5,2025-09-19 16:30
7186,1515,2,27.0,2025-02-07 13:21
7187,1489,22,19.0,2025-06-26 07:52
7188,1913,23,5.0,2025-10-23 20:24
7189,385,23,26.0,2025-03-17 07:17
7190,2258,23,9.0,2024-12-21 15:33
7191,353,25,9.5,2025-10-03 19:21
7192,1486,23,23.5,2025-09-15 21:40
7193,132,20,9.5,2025-10-07 07:31
7194,609,1,5.0,2025-09-19 01:04
7195,1333,15,9.5,2025-07-27 19:33
7196,615,2,9.5,2025-07-30 08:57
7197,453,12,27.0,2025-01-14 05:12
7198,1572,11,36.5,2025-12-02 13:01
7199,1248,5,31.0,2025-08-30 18:30
7200,655,24,9.5,2025-08-23 01:38
7201,2143,8,4.5,2025-02-20 19:08
7202,1620,9,23.5,2025-03-15 21:21
7203,2101,13,26.5,2025-03-11 04:26
7204,1084,6,14.5,2025-09-16 21:47
7205,1724,14,24.5,2025-10-08 08:02
7206,1657,19,31.0,2025-10-07 20:22
7207,525,7,9.5,2025-11-24 08:28
7208,833,7,21.5,2025-08-22 17:24
7209,2202,13,14.0,2025-02-06 23:56
7210,2432,3,9.5,2025-06-23 23:25
7211,1793,3,11.0,2025-11-04 19:10
7212,2143,12,14.5,2025-06-08 12:54
7213,1366,26,4.5,2025-04-19 20:42
7214,1627,24,11.0,2025-05-06 09:14
7215,1555,6,10.5,2025-07-04 11:48
7216,633,20,32.0,2025-02-24 20:13
7217,2391,4,24.0,2025-01-15 16:13
7218,1919,15,37.5,2025-09-02 21:39
7219,1529,5,4.5,2024-12-27 12:07
7220,2417,5,10.0,2025-06-30 18:25
7221,1560,24,4.5,2024-12-25 09:44
7222,2344,6,25.0,2025-11-10 08:04
7223,1083,23,26.5,2025-06-05 11:04
7224,1168,19,15.5,2025-02-15 16:30
7225,1935,18,34.5,2025-01-23 12:38
7226,944,3,26.0,2025-09-05 04:16
7227,415,9,4.5,2025-01-06 15:32
7228,1881,19,21.0,2025-12-04 10:29
7229,1902,25,5.0,2025-02-27 06:46
7230,2011,17,26.5,2025-10-22 07:37
7231,532,8,14.0,2025-07-12 15:08
7232,1924,10,9.5,2025-06-19 06:07
7233,1521,13,9.5,2025-06-26 14:09
7234,1357,14,4.5,2025-09-12 05:42
7235,961,15,28.5,2025-03-23 13:37
7236,703,7,35.0,2025-04-02 00:15
7237,2039,6,21.0,2025-01-02 19:58
7238,214,3,5.0,2025-06-02 14:21
7239,745,10,21.5,2025-09-11 21:54
7240,925,8,20.0,2025-09-02 18:25
7241,1303,8,35.0,2025-01-23 15:55
7242,563,7,27.5,2025-10-13 00:34
7243,740,18,19.5,2025-08-06 15:04
7244,2146,23,11.0,2025-05-02 02:37
7245,1157,27,31.0,2025-04-04 18:04
7246,1399,19,4.5,2025-09-21 14:56
7247,841,8,11.0,2025-04-18 14:35
7248,2343,5,12.0,2025-10-20 08:18
7249,2092,12,33.0,2025-09-26 15:32
7250,2081,15,21.5,2025-01-09 07:51
7251,2349,9,12.0,2025-09-09 16:23
7252,1481,25,24.5,2025-01-27 22:06
7253,1041,10,5.5,2025-02-06 13:43
7254,2329,13,31.5,2025-05-26 15:36
7255,1268,5,19.5,2025-12-04 17:29
7256,1116,26,25.0,2025-10-06 21:12
7257,36,15,16.0,2025-07-01 18:19
7258,2065,5,14.0,2025-05-11 10:58
7259,2401,16,4.5,2025-01-16 09:03
7260,2314,8,18.5,2025-03-30 00:12
7261,1966,14,26.0,2025-06-08 20:29
7262,409,6,24.5,2025-01-25 03:51
7263,354,10,5.5,2025-08-04 15:55
7264,476,17,15.5,2025-06-03 08:44
7265,1500,2,28.0,2025-04-29 12:07
7266,870,11,4.5,2024-12-26 20:58
7267,1355,9,16.0,2024-12-10 10:29
7268,1846,3,21.5,2025-05-09 01:07
7269,1286,11,6.5,2025-02-02 15:01
7270,2378,22,15.0,2025-02-04 02:14
7271,2182,27,27.0,2025-07-13 11:07
7272,560,3,31.5,2025-05-21 06:31
7273,1938,27,29.5,2025-04-16 01:46
7274,1671,12,9.5,2025-02-19 12:05
7275,1678,1,27.0,2025-11-18 16:16
7276,1197,26,5.0,2025-04-20 17:49
7277,275,5,19.0,2025-08-19 08:45
7278,1641,9,5.5,2024-12-31 12:23
7279,2478,13,18.5,2025-06-25 18:12
7280,817,20,26.0,2025-01-22 13:03
7281,1105,14,22.0,2024-12-12 01:05
7282,2078,27,17.5,2024-12-17 23:30
7283,2376,22,9.5,2025-06-11 11:22
7284,1932,15,21.5,2025-02-05 23:04
7285,650,16,34.0,2025-04-08 09:48
7286,983,3,31.0,2025-03-11 04:05
7287,145,22,26.5,2025-10-23 12:14
7288,225,21,22.0,2025-01-07 17:57
7289,638,22,27.0,2025-07-09 05:11
7290,607,7,16.0,2025-11-03 00:27
7291,479,6,14.5,2025-09-20 16:09
7292,1946,7,21.5,2025-03-17 02:41
7293,1918,4,9.5,2025-08-14 01:24
7294,769,20,4.5,2025-09-01 03:58
7295,69,13,22.0,2025-01-28 23:43
7296,56,16,17.5,2025-09-29 07:05
7297,685,21,23.0,2025-06-04 14:09
7298,74,17,20.5,2025-09-13 03:43
7299,702,11,12.0,2025-03-20 06:21
7300,622,15,15.5,2025-10-12 00:46
7301,1539,15,5.5,2025-11-05 19:39
7302,1395,13,14.5,2025-09-13 02:17
7303,1570,6,28.5,2025-09-19 00:49
7304,1704,13,24.0,2025-09-08 02:10
7305,668,9,31.0,2025-05-03 14:09
7306,2062,4,11.5,2025-01-25 12:17
7307,1845,8,5.0,2025-05-03 12:49
7308,1832,5,4.5,2025-02-01 02:03
7309,2413,20,31.5,2025-05-10 20:24
7310,381,8,22.0,2024-12-23 06:15
7311,1014,1,21.0,2025-09-22 14:42
7312,214,1,26.0,2025-01-28 01:04
7313,952,26,11.0,2025-05-20 22:52
7314,243,3,30.0,2025-01-04 16:46
7315,940,26,21.5,2025-11-30 05:59
7316,1127,27,9.5,2025-04-08 20:42
7317,425,16,37.0,2024-12-30 18:57
7318,2253,23,20.5,2025-07-13 18:36
7319,966,7,17.0,2025-03-15 06:05
7320,1073,1,29.5,2025-02-16 15:42
7321,1684,2,4.5,2025-09-26 16:28
7322,1923,17,20.5,2025-11-11 08:33
7323,619,20,24.5,2025-07-10 11:58
7324,1909,18,14.5,2024-12-15 12:18
7325,1997,24,6.5,2025-09-06 01:52
7326,1332,14,30.0,2025-04-14 05:32
7327,445,24,4.5,2024-12-27 16:21
7328,2145,26,22.5,2025-03-17 18:18
7329,1057,2,29.0,2025-07-24 15:58
7330,857,2,4.5,2025-07-11 00:44
7331,1617,15,12.0,2025-04-15 15:04
7332,998,6,35.5,2025-05-19 06:31
7333,2358,21,9.5,2025-01-22 18:57
7334,942,1,4.5,2025-01-07 22:39
7335,1374,20,31.0,2025-04-26 14:40
7336,254,25,30.0,2025-06-26 23:22
7337,444,9,34.0,2025-03-10 18:19
7338,1041,3,15.5,2025-02-07 14:17
7339,1827,2,6.5,2025-05-26 13:39
7340,1206,20,9.5,2025-04-06 19:52
7341,1266,4,4.5,2025-04-17 01:36
7342,115,25,38.0,2025-02-15 09:13
7343,239,25,33.0,2025-11-29 12:59
7344,1712,25,11.5,2025-02-24 16:09
7345,238,18,25.0,2025-01-24 14:18
7346,580,3,30.5,2025-04-05 11:17
7347,2016,21,24.0,2025-10-04 11:25
7348,1925,10,15.0,2024-12-17 03:04
7349,1866,9,14.0,2025-03-13 22:13
7350,105,24,36.5,2025-10-28 09:48
7351,630,24,6.5,2025-08-16 11:02
7352,1769,14,22.5,2025-11-23 12:29
7353,1522,22,15.0,2025-02-10 17:03
7354,383,26,20.5,2025-07-13 07:25
7355,1005,8,14.5,2025-06-23 12:23
7356,38,14,6.5,2025-04-17 21:19
7357,649,5,31.0,2024-12-17 09:20
7358,1130,20,14.5,2025-03-06 08:12
7359,883,18,19.0,2025-06-24 04:39
7360,860,8,14.5,2025-06-06 22:04
7361,71,10,19.0,2025-08-27 23:26
7362,1477,17,28.0,2025-06-23 11:40
7363,896,15,5.0,2025-01-11 17:02
7364,43,20,28.5,2025-11-03 23:50
7365,1071,9,20.0,2025-05-25 15:56
7366,1322,3,20.0,2025-07-07 18:47
7367,162,12,18.0,2025-04-15 11:28
7368,2337,11,28.0,2025-07-25 22:52
7369,669,12,10.0,2025-07-03 01:55
7370,2339,16,22.0,2025-09-17 06:16
7371,1968,8,26.5,2025-03-24 15:46
7372,2122,9,26.0,2025-01-25 20:16
7373,204,2,9.5,2024-12-25 05:11
7374,2285,22,33.5,2025-06-26 20:31
7375,1384,26,6.5,2025-11-21 21:25
7376,1916,8,19.5,2025-03-10 08:51
7377,2148,22,14.5,2025-01-25 04:59
7378,2174,7,19.0,2025-04-01 06:54
7379,241,23,17.0,2025-04-27 12:14
7380,1305,15,4.5,2025-05-29 13:49
7381,251,20,15.5,2025-03-12 21:38
7382,837,9,24.5,2025-06-30 23:13
7383,1155,14,21.0,2025-06-06 21:27
7384,1232,16,5.0,2025-11-14 23:43
7385,153,24,19.5,2025-06-20 15:47
7386,564,1,23.0,2025-09-23 06:30
7387,1881,21,10.0,2025-03-14 12:42
7388,1472,11,35.0,2025-09-28 23:36
7389,778,11,25.0,2025-06-05 18:21
7390,194,13,16.5,2025-07-21 16:48
7391,154,24,19.5,2025-05-07 16:57
7392,1172,12,23.5,2025-10-24 19:11
7393,1229,18,15.0,2025-01-31 16:45
7394,451,21,23.0,2025-09-02 13:48
7395,813,5,10.0,2025-09-08 07:08
7396,6,4,30.5,2025-04-01 21:48
7397,1734,13,34.0,2025-05-05 10:51
7398,1827,16,39.5,2025-05-18 16:54
7399,1250,15,18.5,2025-03-21 17:51
7400,1076,21,19.5,2025-03-13 06:16
7401,2006,12,23.5,2025-03-25 08:22
7402,2134,2,11.5,2025-06-07 10:22
7403,672,12,4.5,2025-07-31 18:30
7404,1154,20,26.5,2025-06-01 19:12
7405,516,11,24.5,2025-02-08 14:54
7406,1657,3,15.5,2025-04-18 01:59
7407,2334,10,9.5,2025-04-14 03:47
7408,752,9,9.5,2024-12-29 17:50
7409,717,6,11.5,2025-05-11 05:41
7410,2209,11,28.5,2025-10-19 11:32
7411,2236,18,21.5,2025-08-16 18:30
7412,2306,4,24.0,2025-01-06 11:05
7413,931,20,9.0,2025-09-21 03:12
7414,967,10,32.0,2025-10-21 20:42
7415,1433,4,16.0,2024-12-30 08:24
7416,2013,6,26.0,2024-12-11 00:02
7417,2266,11,21.5,2025-05-15 04:23
7418,598,22,20.0,2025-07-03 09:55
7419,1205,24,26.5,2024-12-09 13:49
7420,1500,18,4.5,2025-09-17 04:26
7421,1637,1,14.5,2025-11-16 07:28
7422,2115,4,4.5,2025-06-07 06:40
7423,1408,5,10.0,2025-09-18 04:43
7424,841,7,4.5,2025-02-13 21:39
7425,2281,14,18.5,2025-03-14 18:18
7426,871,19,9.5,2025-08-11 12:08
7427,1863,8,21.0,2025-05-14 04:09
7428,2065,12,20.0,2025-01-23 09:02
7429,1393,24,28.0,2025-04-22 06:15
7430,1877,24,19.5,2025-01-26 07:57
7431,57,13,43.0,2025-06-15 17:47
7432,1351,3,22.5,2025-07-27 11:05
7433,354,23,9.5,2025-07-23 17:21
7434,1867,4,30.0,2025-08-09 05:12
7435,1244,16,26.0,2025-06-29 03:35
7436,22,22,21.0,2025-04-26 11:58
7437,942,10,24.0,2025-07-27 15:03
7438,798,24,27.0,2025-04-21 13:18
7439,979,9,10.5,2025-01-13 15:41
7440,791,8,24.0,2025-11-06 19:15
7441,2281,20,27.0,2025-04-27 07:24
7442,958,10,14.5,2025-06-07 07:19
7443,1623,26,11.5,2025-04-09 10:53
7444,193,25,23.5,2025-05-14 05:31
7445,2001,22,15.0,2025-10-19 16:31
7446,508,1,20.0,2025-07-21 22:27
7447,2208,8,21.5,2024-12-29 09:44
7448,2329,22,5.5,2025-11-07 00:17
7449,1746,18,5.0,2025-12-02 19:04
7450,314,20,5.0,2025-04-19 21:59
7451,648,17,9.5,2025-04-26 08:43
7452,2042,8,14.5,2025-10-25 02:09
7453,991,24,25.5,2024-12-09 19:42
7454,1174,8,30.5,2025-04-19 17:33
7455,596,12,9.5,2025-05-15 11:29
7456,269,24,12.0,2025-08-20 09:04
7457,2175,14,21.0,2025-02-02 07:53
7458,1880,8,25.5,2025-10-07 09:46
7459,1452,18,21.5,2025-05-25 18:40
7460,1133,14,29.5,2024-12-22 21:25
7461,1074,5,26.5,2025-07-17 21:38
7462,2116,27,16.5,2025-06-12 21:48
7463,1078,23,6.5,2025-02-15 13:07
7464,140,11,14.0,2025-01-24 23:56
7465,788,22,29.0,2025-03-11 16:08
7466,2466,25,10.0,2025-02-26 15:28
7467,1115,5,43.0,2025-02-24 11:58
7468,1186,11,21.0,2025-03-31 02:46
7469,2067,1,27.0,2025-11-12 07:03
7470,1709,15,20.5,2025-08-08 18:57
7471,2388,19,13.0,2025-03-05 21:59
7472,302,26,15.0,2025-08-15 16:57
7473,529,21,25.5,2025-05-13 04:13
7474,1822,27,28.0,2024-12-10 19:01
7475,545,17,5.5,2025-01-12 20:21
7476,2074,15,5.0,2025-09-01 19:42
7477,853,14,34.0,2024-12-31 16:46
7478,612,15,4.5,2024-12-23 07:13
7479,135,17,18.5,2025-05-18 08:53
7480,227,4,22.0,2025-10-19 12:35
7481,989,17,11.0,2025-03-02 00:20
7482,2193,7,6.5,2025-10-17 16:56
7483,456,16,11.5,2025-11-03 08:29
7484,975,26,5.5,2025-03-12 16:30
7485,556,18,36.5,2024-12-19 13:25
7486,1563,6,24.0,2025-11-25 06:19
7487,2340,12,32.0,2025-02-28 11:21
7488,360,7,15.0,2025-06-02 00:40
7489,967,13,16.5,2025-09-28 08:59
7490,302,3,35.5,2025-04-15 18:26
7491,1087,16,28.5,2025-01-25 12:55
7492,1135,1,29.0,2025-01-03 02:38
7493,1938,1,18.5,2025-09-28 12:30
7494,1643,11,10.5,2025-11-18 15:42
7495,2340,13,25.5,2025-11-02 16:04
7496,2250,18,34.5,2025-07-13 23:03
7497,2398,24,24.0,2025-07-09 18:02
7498,2096,22,10.0,2024-12-30 03:00
7499,1735,6,9.5,2025-11-19 08:46
7500,1758,1,6.5,2025-09-01 15:57
7501,49,7,12.0,2025-03-10 09:28
7502,2103,18,28.0,2025-06-04 20:26
7503,1935,7,26.0,2025-09-23 23:56
7504,1820,9,9.5,2025-01-17 06:48
7505,1791,4,36.0,2025-05-05 06:08
7506,1690,7,13.5,2025-01-04 21:12
7507,437,5,10.0,2025-08-25 15:20
7508,116,8,15.5,2025-07-03 19:37
7509,2249,11,14.5,2025-03-15 22:18
7510,1546,10,18.5,2025-02-05 19:09
7511,846,13,5.0,2025-07-05 12:58
7512,128,4,26.5,2025-03-11 18:14
7513,1124,2,27.5,2025-04-06 20:52
7514,1339,16,14.5,2025-05-15 13:49
7515,2312,22,26.0,2025-12-02 22:56
7516,1378,10,26.0,2025-08-13 00:12
7517,100,23,28.5,2025-11-18 08:31
7518,1502,14,21.0,2025-05-25 01:38
7519,219,16,21.0,2025-07-07 03:51
7520,1674,14,9.5,2025-10-07 15:06
7521,2022,14,36.5,2025-11-10 03:24
7522,199,24,21.0,2025-02-04 10:39
7523,44,17,24.0,2025-09-30 23:04
7524,2293,9,21.0,2025-05-15 19:46
7525,1593,13,24.0,2025-08-24 13:20
7526,1140,8,21.0,2025-11-30 04:20
7527,2500,8,25.0,2025-11-07 01:39
7528,934,13,24.5,2025-02-26 23:14
7529,1455,23,26.0,2025-05-17 22:20
7530,760,10,10.0,2025-12-03 02:41
7531,1622,18,33.0,2025-05-06 03:44
7532,2122,7,22.0,2025-10-31 11:59
7533,2265,13,4.5,2025-04-13 18:47
7534,2082,20,29.5,2025-02-13 17:57
7535,1402,2,17.5,2024-12-21 22:55
7536,588,18,23.5,2025-07-31 13:21
7537,49,1,39.5,2025-06-22 10:25
7538,1707,6,23.5,2025-05-02 18:35
7539,915,26,18.5,2025-06-18 16:37
7540,392,8,27.5,2025-03-29 00:40
7541,238,19,5.0,2025-07-09 03:27
7542,1136,26,6.5,2025-06-22 01:58
7543,1079,10,9.5,2025-01-05 06:08
7544,672,13,28.0,2025-11-14 03:22
7545,1727,4,5.0,2025-04-20 16:54
7546,932,27,4.5,2025-07-24 17:36
7547,2092,24,5.0,2025-10-13 08:50
7548,1108,6,35.0,2025-12-04 05:22
7549,2077,3,9.5,2025-07-01 05:10
7550,994,26,20.0,2025-01-22 02:39
7551,1110,14,34.5,2025-09-15 08:06
7552,1902,6,20.5,2025-11-05 13:35
7553,693,13,20.0,2025-10-15 08:14
7554,350,25,13.0,2025-07-15 06:50
7555,1670,16,17.0,2025-01-12 01:01
7556,993,6,19.0,2025-02-10 17:38
7557,2207,24,32.0,2025-08-03 12:35
7558,1185,17,25.0,2025-05-02 06:46
7559,1246,19,11.0,2024-12-09 17:38
7560,1970,25,5.5,2025-05-18 11:51
7561,2500,13,15.0,2025-05-18 04:49
7562,1719,21,28.5,2025-10-28 00:47
7563,117,19,16.0,2024-12-13 03:26
7564,1936,1,30.0,2025-03-23 17:18
7565,1861,19,18.5,2025-03-28 13:51
7566,1321,1,5.0,2025-09-15 19:06
7567,1273,25,12.0,2025-10-23 18:27
7568,1272,4,20.0,2024-12-09 21:28
7569,2489,3,15.0,2025-07-26 21:56
7570,314,15,14.5,2024-12-15 05:58
7571,1140,10,29.5,2025-06-22 17:59
7572,953,27,14.5,2025-02-04 02:38
7573,951,8,30.5,2025-05-30 14:11
7574,2041,27,29.0,2025-05-17 22:16
7575,827,22,9.5,2025-06-29 04:18
7576,84,18,30.5,2025-07-23 06:32
7577,978,27,32.0,2025-07-11 14:03
7578,415,1,33.0,2025-10-08 14:58
7579,1507,11,11.5,2025-04-24 17:31
7580,1727,3,14.0,2025-07-30 05:18
7581,1685,21,19.5,2025-11-17 19:03
7582,1748,14,16.5,2025-08-30 03:51
7583,1371,10,15.5,2025-08-19 23:20
7584,318,11,21.5,2025-02-04 22:24
7585,490,25,23.0,2025-12-04 14:55
7586,409,4,12.0,2025-10-13 08:36
7587,1451,27,20.0,2025-06-20 15:15
7588,1039,5,29.5,2025-11-15 05:31
7589,32,16,21.5,2025-06-05 09:03
7590,1785,12,5.0,2024-12-17 10:29
7591,1513,20,25.5,2025-04-13 14:49
7592,995,22,15.5,2025-08-27 17:43
7593,438,9,26.0,2025-01-11 08:25
7594,350,5,5.5,2025-04-05 17:12
7595,698,12,13.0,2025-06-18 13:22
7596,467,22,27.0,2025-09-01 19:33
7597,1918,26,10.0,2025-09-06 03:35
7598,1000,24,9.5,2025-12-02 08:51
7599,613,6,15.0,2025-07-01 08:26
7600,305,2,34.0,2025-11-17 04:01
7601,1676,21,19.0,2025-01-24 05:40
7602,1553,16,20.5,2025-04-16 21:33
7603,2135,9,14.0,2025-02-06 01:12
7604,1482,12,5.0,2025-07-01 22:06
7605,61,15,14.5,2025-04-07 07:33
7606,752,24,22.5,2024-12-19 13:46
7607,307,21,25.5,2025-02-14 22:41
7608,1472,21,9.5,2025-02-22 07:27
7609,2466,9,27.5,2025-02-08 00:15
7610,403,17,35.5,2025-01-04 06:03
7611,515,5,10.0,2025-02-09 08:26
7612,2176,6,32.5,2025-03-07 05:22
7613,1790,26,33.5,2025-06-15 06:52
7614,1559,1,30.5,2025-01-12 12:07
7615,1554,20,21.0,2025-06-12 20:41
7616,2471,16,14.0,2025-01-06 03:06
7617,503,24,9.5,2025-05-09 21:32
7618,2286,10,21.5,2025-05-31 17:02
7619,1281,19,26.5,2025-08-25 07:30
7620,1557,21,31.0,2025-01-27 12:51
7621,1746,19,5.5,2024-12-31 20:33
7622,1563,9,6.5,2025-02-13 14:27
7623,174,21,18.5,2025-10-29 22:50
7624,1597,12,16.0,2025-11-01 05:00
7625,1985,19,22.5,2025-11-08 20:09
7626,1285,18,10.0,2025-09-30 21:10
7627,1722,9,17.5,2025-07-11 17:20
7628,1673,2,20.5,2025-01-08 09:21
7629,854,5,20.0,2025-04-24 02:13
7630,1848,6,35.5,2025-10-09 10:36
7631,1491,22,27.5,2025-05-08 23:09
7632,486,23,27.0,2025-06-21 15:46
7633,1524,15,22.5,2025-07-27 04:54
7634,620,8,17.5,2025-07-10 16:31
7635,486,5,23.0,2025-06-10 04:53
7636,1134,22,15.0,2024-12-19 01:46
7637,1436,21,25.0,2025-07-13 03:00
7638,877,14,13.0,2024-12-22 10:59
7639,2317,26,34.5,2025-04-08 21:08
7640,238,1,19.5,2025-06-06 01:04
7641,1930,11,9.5,2025-07-15 04:12
7642,417,2,20.5,2025-06-29 07:29
7643,2345,10,25.5,2025-06-13 02:00
7644,1000,11,21.5,2025-06-13 16:59
7645,2060,15,20.5,2025-03-20 11:38
7646,315,6,14.5,2025-11-08 01:12
7647,1855,23,17.5,2025-09-07 23:26
7648,54,19,22.0,2025-04-07 22:48
7649,1680,17,16.0,2025-10-14 13:52
7650,2106,15,27.0,2025-06-06 08:10
7651,258,2,5.0,2025-04-02 23:13
7652,1607,18,4.5,2025-07-29 06:36
7653,1880,4,20.5,2025-07-10 06:13
7654,2151,25,5.0,2025-03-14 02:42
7655,2214,8,14.5,2025-08-05 06:11
7656,1160,1,9.5,2025-06-21 04:10
7657,1348,2,30.0,2025-04-29 07:58
7658,97,19,14.5,2025-11-11 14:46
7659,2464,20,18.5,2025-07-08 11:28
7660,1771,27,11.0,2025-09-14 10:48
7661,493,18,12.0,2025-05-18 15:07
7662,960,1,18.5,2025-05-06 08:57
7663,2341,6,16.0,2025-09-14 07:43
7664,1101,9,16.0,2025-08-20 16:25
7665,1502,16,25.5,2025-03-13 10:58
7666,1423,9,4.5,2025-04-24 02:37
7667,1333,1,31.5,2025-07-07 12:49
7668,2205,20,5.5,2025-02-10 18:21
7669,1443,15,25.0,2025-10-03 02:35
7670,416,18,22.5,2025-08-30 18:47
7671,1228,4,32.5,2025-05-15 18:36
7672,1597,8,16.0,2025-03-16 19:19
7673,1229,14,20.0,2025-03-29 08:39
7674,657,19,21.0,2025-04-14 11:16
7675,2269,10,30.5,2025-03-07 00:53
7676,674,25,26.5,2025-04-05 20:56
7677,1126,8,33.5,2025-06-28 05:36
7678,626,5,20.0,2025-08-04 07:05
7679,2341,23,21.5,2025-05-07 03:12
7680,1693,18,17.5,2024-12-30 18:42
7681,2334,2,5.5,2025-03-31 09:56
7682,1450,1,24.0,2025-10-03 07:16
7683,1328,6,18.5,2025-05-01 08:27
7684,167,5,15.0,2025-12-06 03:55
7685,1098,17,16.0,2025-02-26 01:22
7686,70,24,23.5,2025-10-01 08:48
7687,2380,13,11.5,2024-12-08 12:20
7688,339,18,10.0,2025-04-02 08:47
7689,1133,20,15.0,2025-04-12 04:30
7690,2477,26,20.5,2025-03-24 22:45
7691,929,19,35.0,2025-02-01 03:19
7692,969,10,29.0,2025-12-03 19:02
7693,2011,26,27.0,2025-07-01 07:55
7694,234,11,4.5,2025-08-28 21:15
7695,781,2,34.5,2025-06-23 04:50
7696,691,21,11.5,2025-08-03 13:29
7697,1645,15,10.5,2025-01-04 06:35
7698,1356,16,26.0,2025-06-23 04:22
7699,1095,22,13.0,2025-10-18 02:33
7700,940,18,31.5,2025-09-28 23:58
7701,532,24,15.5,2024-12-19 04:55
7702,1885,14,19.5,2025-04-21 15:33
7703,1221,20,30.5,2025-08-19 05:27
7704,29,25,30.5,2024-12-21 14:29
7705,1017,17,11.0,2025-06-01 00:30
7706,444,4,19.5,2025-06-06 07:08
7707,2134,5,5.5,2025-07-01 06:24
7708,1797,24,4.5,2025-01-20 04:02
7709,1847,10,16.0,2025-04-13 11:40
7710,911,27,5.5,2025-10-05 18:30
7711,2488,5,17.0,2025-08-03 23:57
7712,280,1,15.5,2025-10-21 15:10
7713,659,14,31.0,2025-01-31 09:57
7714,1577,2,19.5,2024-12-08 21:39
7715,910,17,27.5,2025-08-29 11:15
7716,1317,17,36.0,2025-06-25 13:48
7717,2131,4,5.5,2025-09-08 04:26
7718,1826,25,20.0,2025-11-25 19:39
7719,2132,8,12.0,2025-03-06 09:04
7720,152,13,10.5,2025-10-14 06:34
7721,2486,4,14.5,2025-07-15 03:53
7722,2446,5,15.5,2025-12-04 20:11
7723,1582,25,19.5,2025-07-28 18:10
7724,20,26,21.0,2025-09-04 00:56
7725,277,5,16.0,2025-05-06 09:18
7726,207,23,9.5,2025-02-15 18:56
7727,49,23,15.0,2025-06-05 05:59
7728,1269,3,21.0,2025-11-08 08:09
7729,1166,24,23.0,2025-04-28 23:19
7730,2049,26,10.0,2025-01-20 05:11
7731,1353,7,21.0,2025-11-21 01:43
7732,788,16,5.5,2025-02-04 04:52
7733,387,10,5.0,2025-05-04 11:50
7734,1397,8,4.5,2025-09-10 09:20
7735,740,22,20.5,2025-11-02 15:48
7736,763,11,15.0,2025-09-07 18:42
7737,944,25,15.0,2025-10-24 22:57
7738,682,4,12.0,2025-03-16 03:27
7739,1485,22,12.0,2025-07-10 21:21
7740,557,16,31.5,2025-08-04 16:33
7741,218,7,4.5,2025-06-23 11:03
7742,2414,20,9.5,2025-06-03 18:56
7743,2336,13,19.0,2025-11-26 00:59
7744,1715,13,5.0,2024-12-31 06:57
7745,1360,23,29.0,2025-11-04 21:28
7746,433,20,10.0,2025-07-11 07:00
7747,2161,9,27.5,2025-04-04 10:40
7748,785,24,17.5,2025-09-21 03:30
7749,576,11,25.0,2025-02-15 06:33
7750,2100,11,40.5,2025-09-10 06:38
7751,493,19,24.0,2025-10-25 17:17
7752,1398,13,10.0,2025-05-31 22:49
7753,524,2,14.5,2025-10-13 14:21
7754,1909,8,4.5,2024-12-25 08:15
7755,2468,7,10.0,2024-12-27 10:44
7756,133,17,24.5,2025-05-17 16:56
7757,839,12,18.5,2025-03-29 14:17
7758,1421,19,10.0,2025-09-12 13:02
7759,2074,2,16.0,2024-12-12 10:12
7760,865,19,19.0,2025-02-05 15:17
7761,2108,5,6.5,2025-07-29 16:50
7762,1015,8,20.5,2025-07-17 12:05
7763,810,15,9.5,2025-03-19 17:31
7764,1613,10,27.0,2024-12-19 09:11
7765,2269,26,28.0,2025-07-27 08:21
7766,1091,21,23.0,2025-08-01 15:54
7767,426,4,24.0,2025-09-29 15:59
7768,90,16,9.5,2025-08-22 08:02
7769,485,5,9.5,2025-10-05 17:29
7770,1154,11,10.0,2025-10-01 10:06
7771,593,22,34.5,2025-01-21 14:56
7772,261,23,5.5,2025-05-31 19:01
7773,1235,10,19.0,2025-01-03 11:41
7774,2167,1,10.0,2025-09-22 14:46
7775,2272,24,5.5,2025-10-06 11:46
7776,495,19,24.5,2025-09-25 11:45
7777,1687,23,16.0,2025-05-14 07:26
7778,1358,2,28.5,2025-11-15 18:30
7779,524,6,15.5,2025-02-23 20:08
7780,911,27,10.0,2025-07-14 20:35
7781,755,15,9.5,2025-03-09 11:35
7782,358,11,9.5,2025-07-04 00:49
7783,1830,8,4.5,2025-05-25 09:24
7784,2273,2,9.5,2024-12-24 00:08
7785,522,24,19.5,2025-02-02 08:31
7786,2436,27,4.5,2025-10-05 11:42
7787,862,11,27.5,2025-02-08 14:53
7788,553,12,30.5,2025-07-01 04:53
7789,1557,9,5.0,2025-02-15 16:43
7790,1986,17,30.5,2025-10-03 20:41
7791,726,9,6.5,2025-03-16 03:16
7792,52,22,18.5,2025-06-06 14:35
7793,2241,9,37.5,2025-03-30 02:45
7794,1070,17,32.0,2025-09-21 07:06
7795,1498,15,21.5,2025-03-30 21:54
7796,2431,4,28.5,2025-07-21 09:35
7797,544,25,20.0,2025-03-30 02:47
7798,30,12,14.0,2025-09-09 16:31
7799,2279,24,14.0,2025-06-30 04:59
7800,2132,18,23.5,2025-09-01 00:52
7801,126,12,27.0,2025-06-23 11:30
7802,1436,12,24.5,2025-04-04 20:32
7803,1841,21,14.0,2025-10-30 04:12
7804,1395,27,15.5,2025-06-22 22:38
7805,369,16,16.0,2025-01-30 07:46
7806,948,25,21.0,2025-10-29 08:01
7807,2254,8,27.0,2025-10-05 14:13
7808,1052,13,9.5,2025-02-01 15:01
7809,2038,14,17.5,2025-11-12 03:38
7810,1887,25,5.0,2025-08-03 04:34
7811,125,16,32.0,2025-03-15 15:50
7812,2320,15,14.5,2025-08-24 02:55
7813,1403,13,5.5,2025-07-04 09:54
7814,748,16,28.5,2025-09-21 20:29
7815,322,13,18.5,2025-08-13 17:25
7816,2354,7,25.0,2025-11-27 20:27
7817,699,4,28.5,2025-10-21 05:16
7818,781,11,22.0,2025-06-14 10:24
7819,1997,1,11.5,2025-10-18 22:55
7820,1923,12,36.0,2025-09-23 05:57
7821,1171,4,28.5,2025-10-19 12:02
7822,1290,6,25.0,2025-05-10 05:58
7823,2037,17,19.0,2025-03-24 03:27
7824,2343,21,15.5,2025-11-19 23:56
7825,1938,23,25.5,2025-03-01 17:28
7826,330,16,21.0,2025-10-25 14:29
7827,368,13,24.5,2025-02-14 01:26
7828,991,20,9.5,2025-01-22 07:49
7829,1229,3,6.5,2025-05-22 23:22
7830,658,15,33.5,2025-08-30 19:38
7831,2252,11,9.5,2025-08-05 15:45
7832,2254,5,14.0,2025-03-29 15:07
7833,1415,9,27.5,2025-06-24 23:58
7834,779,21,10.0,2025-06-01 15:08
7835,68,1,23.5,2025-08-02 14:40
7836,1618,15,30.0,2025-03-11 20:54
7837,1840,18,10.0,2025-02-03 01:28
7838,2406,1,9.5,2025-04-07 03:29
7839,1882,25,14.5,2025-07-16 21:06
7840,1736,12,9.5,2025-09-19 17:21
7841,556,23,26.0,2025-05-18 18:57
7842,690,20,19.5,2025-11-29 02:12
7843,1429,15,4.5,2024-12-15 11:58
7844,2005,6,30.5,2025-10-02 09:17
7845,1567,1,29.5,2025-08-11 22:51
7846,2171,8,21.5,2024-12-25 06:28
7847,1173,10,18.0,2025-09-16 11:53
7848,2339,1,36.0,2025-07-15 11:32
7849,1190,2,16.5,2025-06-28 15:37
7850,1989,5,20.5,2025-08-16 12:07
7851,2095,16,9.5,2025-09-02 23:31
7852,1600,11,19.5,2025-08-16 08:23
7853,2443,14,12.0,2025-06-15 04:15
7854,2180,12,9.0,2025-08-06 23:33
7855,343,26,6.5,2025-07-16 05:10
7856,1376,20,25.0,2025-02-02 15:08
7857,1646,9,9.5,2025-10-03 23:41
7858,83,25,26.5,2025-11-22 21:54
7859,1183,9,16.0,2025-08-19 06:11
7860,603,6,9.5,2025-03-23 19:22
7861,2027,13,9.5,2025-07-07 10:36
7862,320,2,11.5,2025-03-11 08:20
7863,224,9,14.0,2025-12-03 10:04
7864,1971,9,24.0,2025-04-30 05:37
7865,894,8,14.5,2025-03-15 22:47
7866,2174,25,17.5,2025-11-21 23:29
7867,1516,27,14.0,2025-06-17 21:39
7868,2059,15,26.5,2025-02-13 14:34
7869,37,23,14.0,2025-05-06 01:04
7870,2137,18,6.5,2025-05-03 23:11
7871,334,24,5.0,2025-09-18 00:32
7872,538,19,11.0,2024-12-13 09:17
7873,732,8,15.5,2025-10-04 17:55
7874,1111,22,24.0,2025-01-18 11:50
7875,1131,23,25.5,2025-04-14 21:39
7876,27,12,18.0,2025-10-12 17:09
7877,111,19,15.0,2025-04-20 23:36
7878,1177,27,30.5,2025-02-06 04:43
7879,1129,17,23.5,2025-02-19 09:33
7880,292,1,20.5,2025-09-06 18:36
7881,2350,3,23.5,2025-09-19 03:08
7882,2025,5,25.0,2025-04-24 11:07
7883,279,16,39.0,2025-07-06 17:31
7884,1987,18,21.5,2025-08-19 21:35
7885,1096,23,26.0,2025-01-09 07:07
7886,1464,5,20.0,2024-12-27 19:37
7887,2037,8,37.5,2024-12-13 03:10
7888,2189,11,30.5,2025-11-30 20:41
7889,1240,8,30.0,2025-08-29 15:38
7890,1333,12,26.0,2025-03-18 05:35
7891,912,1,25.0,2025-09-29 14:23
7892,2026,6,14.0,2025-12-03 09:37
7893,2264,19,17.0,2025-07-10 00:48
7894,815,3,9.5,2024-12-11 05:24
7895,1621,16,9.5,2025-06-02 11:33
7896,8,15,10.0,2025-03-21 18:33
7897,1140,26,28.5,2025-08-16 12:21
7898,1135,2,15.0,2025-10-16 16:13
7899,384,14,19.5,2025-11-16 01:04
7900,2359,16,4.5,2025-02-27 18:21
7901,1687,2,25.5,2025-11-19 15:33
7902,438,15,10.5,2025-03-30 06:37
7903,1856,19,20.5,2025-07-04 09:20
7904,250,4,21.5,2024-12-08 17:24
7905,1358,14,9.0,2025-05-10 06:20
7906,1259,8,5.0,2025-02-14 21:35
7907,281,3,38.0,2025-07-16 10:29
7908,1257,4,11.0,2025-04-19 00:09
7909,4,17,33.0,2025-03-07 04:54
7910,1790,25,29.0,2025-10-03 19:11
7911,982,6,14.5,2025-09-07 00:59
7912,770,21,21.5,2025-04-23 14:32
7913,569,20,24.5,2025-01-11 22:47
7914,87,20,26.5,2025-06-20 20:38
7915,2386,8,11.0,2025-02-18 18:56
7916,1777,5,5.5,2025-05-09 15:58
7917,1857,24,20.0,2025-05-22 04:55
7918,596,18,14.5,2025-09-11 19:24
7919,1683,20,4.5,2025-03-16 02:14
7920,1541,23,16.0,2025-03-01 22:38
7921,1035,3,22.0,2025-03-19 22:26
7922,1638,1,21.5,2025-05-20 02:05
7923,1684,5,31.5,2025-07-02 23:55
7924,1346,26,5.0,2024-12-18 07:51
7925,2427,4,24.5,2025-08-11 14:07
7926,104,14,21.5,2025-08-03 02:59
7927,1460,24,20.0,2025-02-10 09:15
7928,2450,26,19.0,2025-08-30 15:36
7929,733,19,23.5,2025-05-03 12:23
7930,2373,6,34.5,2025-06-13 02:38
7931,905,17,4.5,2025-08-26 01:32
7932,291,3,38.5,2025-01-19 23:31
7933,438,23,18.5,2024-12-30 07:55
7934,1931,11,21.0,2025-05-03 15:11
7935,1251,6,26.5,2025-01-27 08:28
7936,523,6,22.0,2025-06-04 08:24
7937,2400,17,4.5,2025-07-15 14:13
7938,1464,12,15.5,2024-12-11 23:38
7939,749,21,34.0,2025-07-03 01:27
7940,2093,19,28.5,2025-12-05 13:35
7941,1027,7,6.5,2025-05-09 12:47
7942,642,1,19.0,2025-05-13 01:10
7943,207,22,19.0,2025-07-26 01:52
7944,376,9,10.5,2025-07-09 10:07
7945,2104,16,26.0,2025-07-25 11:15
7946,2147,8,5.5,2025-04-07 09:28
7947,1953,14,20.5,2025-10-14 04:46
7948,624,9,14.5,2025-05-11 10:22
7949,2058,17,16.5,2025-08-22 04:17
7950,1814,25,19.5,2025-11-14 22:54
7951,2033,6,26.0,2025-07-24 08:50
7952,2198,24,24.0,2025-02-14 05:09
7953,1004,15,24.5,2025-05-05 08:09
7954,2490,10,31.5,2025-08-02 08:42
7955,1133,21,28.5,2025-08-26 06:22
7956,1247,26,29.0,2025-10-22 13:51
7957,1049,13,5.0,2025-09-26 00:36
7958,1083,1,9.5,2025-11-24 03:38
7959,971,20,6.5,2025-08-09 00:07
7960,599,3,19.5,2025-09-29 19:18
7961,387,27,26.0,2025-07-07 13:36
7962,637,7,21.5,2025-07-30 11:15
7963,545,15,5.5,2025-08-19 21:13
7964,933,19,28.0,2025-09-02 02:32
7965,2360,18,14.5,2024-12-23 09:34
7966,2466,20,13.0,2024-12-19 11:38
7967,2377,19,16.0,2025-10-15 08:41
7968,2388,7,10.0,2025-06-29 15:32
7969,228,7,21.5,2025-11-23 22:18
7970,2499,16,27.0,2025-05-06 12:46
7971,1327,14,9.5,2025-08-19 15:26
7972,1060,23,10.5,2025-06-03 00:59
7973,905,22,9.5,2025-10-02 02:38
7974,1587,2,10.5,2025-03-05 05:09
7975,121,21,33.5,2024-12-20 06:34
7976,2339,3,13.0,2025-06-08 14:46
7977,1262,11,6.5,2025-11-05 14:15
7978,2191,18,31.5,2024-12-31 22:06
7979,433,13,5.5,2025-11-16 18:34
7980,2294,22,16.5,2025-07-25 16:19
7981,2272,3,15.5,2024-12-16 15:42
7982,29,17,20.5,2025-10-23 23:26
7983,1732,27,10.0,2025-02-01 04:09
7984,1275,10,20.0,2025-04-10 12:44
7985,2124,13,15.0,2025-04-02 03:32
7986,1127,8,26.5,2025-08-06 10:49
7987,790,3,5.5,2025-07-28 19:30
7988,2311,24,32.5,2025-03-19 13:09
7989,2362,7,28.0,2025-09-17 01:36
7990,177,13,25.0,2025-08-01 19:44
7991,2373,15,33.0,2025-05-12 15:58
7992,302,5,5.0,2024-12-09 00:06
7993,1441,26,26.0,2025-03-25 00:36
7994,459,2,16.0,2025-02-27 16:35
7995,1380,18,23.0,2025-08-07 04:49
7996,1190,8,11.0,2025-11-20 05:45
7997,379,8,5.0,2025-08-20 00:28
7998,1983,26,4.5,2025-05-30 07:00
7999,1225,3,20.5,2025-07-25 14:05
8000,172,4,16.0,2025-09-28 11:39
8001,1262,5,29.0,2025-08-18 02:52
8002,358,5,10.0,2025-11-25 12:46
8003,1878,24,25.0,2025-08-01 22:09
8004,893,6,19.0,2025-11-30 00:12
8005,473,13,32.5,2025-04-11 03:37
8006,1480,25,21.0,2025-05-18 07:09
8007,2374,8,6.5,2025-02-27 20:08
8008,644,22,25.5,2025-11-07 21:12
8009,684,16,24.5,2025-07-31 04:32
8010,252,19,31.0,2025-09-15 18:39
8011,217,21,9.5,2025-03-03 01:55
8012,975,14,14.0,2025-01-25 11:12
8013,89,20,14.5,2025-01-31 01:29
8014,146,25,30.0,2025-01-29 23:22
8015,806,8,5.0,2024-12-20 07:29
8016,1113,14,9.5,2025-01-07 23:52
8017,759,23,5.5,2025-07-01 12:42
8018,2286,18,25.0,2025-08-04 15:33
8019,2053,4,14.0,2025-03-19 02:05
8020,26,13,28.5,2025-07-18 19:32
8021,878,15,32.0,2025-05-30 02:53
8022,1658,8,14.5,2025-10-28 08:21
8023,2127,5,16.0,2025-06-02 20:30
8024,2054,10,19.0,2025-10-09 19:28
8025,1434,18,27.5,2025-01-06 14:23
8026,428,6,15.5,2025-12-02 14:02
8027,1795,21,24.5,2025-05-09 14:19
8028,1600,9,18.5,2024-12-16 22:15
8029,1013,26,20.0,2025-12-01 09:26
8030,1479,8,28.0,2025-02-12 07:31
8031,978,27,12.0,2025-07-26 02:03
8032,872,26,23.5,2025-11-19 17:11
8033,493,27,5.0,2025-02-25 02:12
8034,753,20,6.5,2025-05-05 22:40
8035,2444,14,21.0,2025-03-07 16:58
8036,786,16,10.0,2025-10-03 06:37
8037,138,3,21.5,2025-04-25 08:49
8038,1053,4,5.0,2025-03-17 00:07
8039,1451,24,31.0,2025-05-11 07:21
8040,1586,26,28.5,2024-12-30 17:02
8041,1150,11,17.5,2025-05-01 07:25
8042,1575,10,9.0,2025-09-25 07:57
8043,992,2,9.5,2025-11-22 19:50
8044,1693,16,6.5,2025-01-13 05:43
8045,1816,5,25.0,2025-09-04 16:00
8046,433,24,9.5,2025-09-22 08:20
8047,1256,8,19.0,2025-05-16 04:54
8048,721,23,9.5,2025-08-19 14:42
8049,795,4,15.0,2025-10-03 20:27
8050,118,17,26.0,2025-02-25 10:27
8051,2399,17,5.0,2025-04-02 10:58
8052,1967,1,14.5,2024-12-19 15:10
8053,59,2,26.0,2025-10-13 12:10
8054,1838,6,19.5,2025-06-12 13:28
8055,1299,21,16.0,2024-12-14 05:27
8056,2013,11,14.5,2025-11-11 02:08
8057,2016,24,21.5,2025-02-25 16:31
8058,552,26,26.0,2025-04-17 06:02
8059,216,27,5.0,2025-07-08 13:08
8060,1965,9,6.5,2025-09-13 17:17
8061,2346,2,11.5,2025-07-03 01:46
8062,695,11,32.5,2025-11-19 18:28
8063,1770,4,27.0,2025-06-23 20:49
8064,295,5,5.0,2024-12-26 03:55
8065,1871,6,10.5,2025-11-11 16:48
8066,2042,5,21.5,2024-12-25 05:09
8067,1577,12,5.5,2025-07-30 08:42
8068,1561,1,35.0,2025-07-30 16:36
8069,1691,11,21.5,2025-06-04 02:15
8070,1685,16,25.0,2025-02-12 09:55
8071,665,16,15.0,2025-04-02 00:33
8072,1492,3,5.0,2025-01-09 11:33
8073,1340,22,11.0,2025-04-19 22:30
8074,823,3,14.0,2025-04-04 19:01
8075,574,7,17.5,2025-11-20 19:56
8076,643,7,5.5,2025-10-20 04:19
8077,2022,21,21.5,2025-02-18 14:35
8078,2120,24,24.0,2025-09-20 14:55
8079,1608,23,22.0,2025-06-18 06:47
8080,1506,16,21.5,2025-11-08 23:01
8081,1878,13,37.5,2025-04-09 15:43
8082,1878,25,14.5,2025-02-06 15:39
8083,1039,14,9.5,2025-02-10 20:27
8084,14,17,16.5,2024-12-31 04:56
8085,1376,11,11.0,2025-09-05 02:18
8086,1845,17,9.5,2025-03-15 06:13
8087,1564,4,34.5,2025-06-23 00:46
8088,195,20,21.0,2025-01-17 06:57
8089,1915,12,5.0,2025-03-24 23:16
8090,302,16,16.0,2025-02-16 01:46
8091,1459,22,23.5,2025-02-19 05:33
8092,489,1,14.0,2025-01-24 19:33
8093,1475,11,5.5,2025-08-22 04:53
8094,1253,17,4.5,2025-05-17 08:20
8095,2248,10,15.0,2025-07-29 22:03
8096,1484,26,14.0,2025-04-19 17:09
8097,656,27,4.5,2025-01-08 07:20
8098,1535,21,24.5,2025-10-08 10:44
8099,1456,2,29.5,2025-08-21 00:13
8100,278,1,11.5,2025-03-25 08:29
8101,505,26,26.5,2025-03-04 18:08
8102,1351,14,15.0,2025-05-26 08:10
8103,686,18,30.5,2025-06-07 23:33
8104,1400,27,29.0,2025-08-28 09:01
8105,2239,2,15.0,2025-01-11 09:05
8106,1984,8,15.0,2025-02-20 07:02
8107,191,21,18.5,2025-08-19 16:41
8108,1065,23,29.5,2025-03-21 10:38
8109,556,21,25.5,2025-01-01 05:53
8110,1398,22,14.5,2025-11-10 06:49
8111,1166,23,19.5,2025-04-04 22:52
8112,1211,5,22.0,2025-07-18 11:24
8113,1263,3,32.0,2025-01-06 05:02
8114,1247,11,28.0,2025-07-28 14:36
8115,1565,3,16.5,2025-04-11 13:02
8116,1994,21,25.5,2025-06-13 20:52
8117,165,4,4.5,2024-12-25 15:57
8118,474,27,10.5,2025-11-24 16:57
8119,762,21,5.0,2025-01-09 03:20
8120,28,24,14.5,2024-12-20 07:17
8121,1848,22,29.5,2025-03-14 09:04
8122,107,19,23.0,2025-06-08 12:56
8123,421,7,25.0,2025-07-21 10:44
8124,896,21,27.0,2025-04-27 12:58
8125,1746,22,14.0,2025-03-16 01:40
8126,1619,21,19.5,2025-04-11 12:26
8127,1499,4,36.5,2025-06-25 20:53
8128,1702,19,14.5,2025-09-12 22:26
8129,509,27,22.0,2025-11-13 22:27
8130,2352,18,10.0,2024-12-30 18:04
8131,1578,25,16.0,2025-06-19 06:53
8132,756,5,43.0,2025-04-06 21:18
8133,2313,2,13.0,2025-11-15 18:51
8134,1689,21,19.5,2025-06-23 16:51
8135,722,1,20.5,2025-11-14 15:26
8136,1610,13,5.0,2025-08-05 01:16
8137,1030,1,20.0,2025-04-21 23:30
8138,309,17,32.0,2025-10-05 22:24
8139,1229,3,18.5,2025-11-22 19:05
8140,1561,17,26.0,2025-03-09 05:39
8141,1726,22,11.5,2025-10-30 11:17
8142,2286,22,20.0,2024-12-15 11:17
8143,1009,5,11.0,2025-07-10 22:55
8144,1810,13,13.0,2025-03-21 11:59
8145,1937,18,4.5,2025-03-23 06:03
8146,1986,2,24.0,2025-05-15 21:34
8147,484,16,19.5,2025-05-20 02:56
8148,279,14,16.0,2025-08-24 16:19
8149,689,12,18.0,2025-01-22 08:38
8150,531,1,19.0,2025-11-01 13:54
8151,1970,3,16.5,2025-03-10 07:17
8152,1143,26,11.5,2025-03-08 20:20
8153,94,11,26.5,2025-09-20 23:19
8154,2487,23,26.0,2025-05-01 05:37
8155,1370,12,25.0,2025-06-22 23:23
8156,127,26,22.0,2025-06-13 10:24
8157,1674,20,25.5,2025-09-30 10:27
8158,9,23,11.0,2025-07-23 11:56
8159,2073,2,23.0,2025-04-11 02:53
8160,1639,27,18.5,2025-03-25 15:08
8161,1695,4,5.5,2024-12-13 09:22
8162,1109,2,20.0,2025-09-10 15:17
8163,820,5,4.5,2025-11-17 03:45
8164,1020,2,28.5,2025-09-02 14:33
8165,277,27,4.5,2024-12-13 16:33
8166,1181,20,27.5,2025-03-29 21:40
8167,568,27,6.5,2025-09-28 00:30
8168,779,16,14.5,2025-01-13 22:18
8169,1830,6,25.0,2025-10-22 13:23
8170,2342,1,40.0,2024-12-21 01:48
8171,58,17,22.5,2025-01-20 01:29
8172,1656,1,5.5,2025-06-29 00:39
8173,220,23,17.5,2025-04-20 22:57
8174,1316,15,22.0,2025-06-02 04:12
8175,2009,1,20.5,2025-11-13 20:21
8176,637,14,23.5,2025-06-10 03:27
8177,732,3,14.5,2025-06-29 03:31
8178,174,27,9.5,2025-11-23 21:59
8179,2415,9,14.5,2025-11-05 17:25
8180,2071,14,16.5,2024-12-18 16:29
8181,1207,13,9.5,2025-09-11 01:05
8182,1623,21,14.0,2025-08-14 17:04
8183,591,3,16.5,2025-09-09 19:09
8184,2243,21,15.0,2025-08-20 07:12
8185,1442,24,20.5,2025-01-02 04:18
8186,1436,22,30.5,2025-07-28 02:51
8187,295,15,9.5,2025-02-01 11:48
8188,1817,18,21.0,2025-03-22 18:33
8189,694,9,11.5,2025-10-22 23:35
8190,47,13,5.0,2025-09-18 22:11
8191,107,20,31.5,2025-12-05 09:49
8192,1988,18,9.5,2024-12-08 03:44
8193,1065,25,14.5,2025-10-27 21:16
8194,2318,17,32.0,2025-04-20 16:13
8195,79,13,24.5,2025-05-06 02:48
8196,982,26,15.0,2025-04-28 21:45
8197,1292,16,27.0,2025-08-07 23:55
8198,1269,13,5.0,2024-12-08 05:21
8199,17,13,22.0,2025-03-21 00:19
8200,1178,22,24.0,2025-03-25 06:49
8201,1384,20,9.5,2025-05-14 09:05
8202,312,15,9.5,2025-06-17 10:12
8203,678,20,21.0,2025-07-07 16:28
8204,263,17,15.0,2025-03-25 17:49
8205,218,3,20.5,2025-07-31 17:46
8206,764,19,15.5,2025-01-06 18:20
8207,1768,25,24.5,2025-04-09 21:52
8208,1078,11,27.5,2024-12-11 13:23
8209,830,15,15.5,2025-06-15 19:12
8210,11,4,35.0,2025-06-29 00:42
8211,2406,5,6.5,2025-01-04 15:39
8212,695,13,5.0,2025-04-30 13:57
8213,1250,4,33.0,2025-06-03 17:35
8214,57,8,24.5,2025-08-12 20:27
8215,1257,23,5.5,2025-07-09 18:18
8216,291,24,20.0,2025-08-15 00:50
8217,564,5,14.0,2025-03-26 05:11
8218,1698,21,15.0,2025-07-18 14:14
8219,2081,4,37.5,2025-01-15 05:12
8220,2237,10,26.0,2025-08-08 09:41
8221,486,24,31.5,2025-05-10 14:09
8222,1303,15,17.5,2025-09-28 19:09
8223,2053,13,29.0,2025-06-17 06:55
8224,1002,26,29.5,2025-10-23 12:05
8225,1356,21,14.5,2025-09-24 02:53
8226,1306,19,12.0,2025-04-02 15:40
8227,661,22,28.5,2025-10-30 03:24
8228,2399,13,20.5,2025-04-10 08:17
8229,1428,18,27.0,2024-12-10 00:03
8230,1235,17,27.5,2025-10-25 09:29
8231,1803,14,24.5,2025-07-09 23:34
8232,2329,25,20.0,2024-12-31 20:53
8233,2377,22,40.5,2025-01-02 20:02
8234,2073,4,5.0,2025-02-13 02:46
8235,2479,11,6.5,2025-03-01 16:36
8236,2120,27,12.0,2025-02-17 06:19
8237,319,26,28.5,2025-05-10 02:04
8238,2076,20,31.0,2025-07-05 02:46
8239,323,16,5.0,2025-08-20 04:09
8240,2161,22,15.5,2025-01-18 06:50
8241,715,9,39.5,2025-11-05 18:04
8242,2398,8,16.0,2025-01-10 12:16
8243,1889,14,23.5,2025-04-15 19:01
8244,679,25,14.0,2025-01-12 16:08
8245,2391,5,6.5,2025-08-19 22:02
8246,1266,24,16.0,2025-05-09 01:51
8247,403,22,24.5,2025-09-12 00:10
8248,2004,1,21.5,2025-09-24 15:08
8249,644,1,11.0,2025-02-14 18:36
8250,2017,1,28.0,2025-10-14 06:12
8251,1327,26,26.0,2025-04-29 11:10
8252,2204,27,4.5,2025-11-30 12:24
8253,1612,10,4.5,2025-01-12 03:42
8254,2092,5,5.5,2025-08-02 12:38
8255,1437,11,11.5,2025-01-16 14:43
8256,2250,26,4.5,2025-12-04 01:41
8257,2189,4,24.5,2025-08-23 21:15
8258,785,3,6.5,2025-08-16 15:21
8259,1871,13,19.0,2025-08-05 14:39
8260,2298,6,33.5,2025-11-21 13:26
8261,1426,25,20.5,2025-10-26 06:42
8262,1817,1,21.0,2025-12-04 21:00
8263,1616,15,25.5,2025-06-13 02:55
8264,481,19,21.0,2025-08-12 22:53
8265,2388,17,11.0,2025-05-27 17:24
8266,1840,15,9.5,2025-09-15 21:53
8267,339,16,15.0,2025-10-28 10:36
8268,195,22,22.5,2025-09-28 05:06
8269,825,24,15.0,2025-04-07 08:22
8270,2362,11,18.5,2025-09-20 05:20
8271,2450,15,9.5,2025-01-28 23:54
8272,216,10,12.0,2025-12-01 13:38
8273,327,18,10.0,2025-08-10 15:02
8274,1385,16,30.0,2025-04-24 21:22
8275,388,5,9.5,2025-02-28 20:58
8276,553,20,24.0,2025-07-09 13:29
8277,2397,12,5.5,2025-03-29 19:01
8278,1779,15,32.0,2025-09-21 06:43
8279,1213,17,41.5,2024-12-28 23:32
8280,1469,1,19.5,2025-05-28 00:17
8281,1872,8,14.0,2025-03-18 14:56
8282,1766,8,29.0,2025-05-12 08:56
8283,789,20,5.5,2025-04-16 17:02
8284,2131,27,26.0,2025-08-10 23:57
8285,1887,22,36.5,2025-08-21 04:40
8286,1017,17,28.0,2024-12-28 20:05
8287,137,23,4.5,2025-04-25 09:39
8288,1688,26,21.5,2025-06-14 23:36
8289,158,23,27.5,2025-07-26 15:24
8290,418,7,20.0,2025-10-24 18:54
8291,165,8,14.0,2025-07-09 10:28
8292,1945,21,10.5,2025-11-26 04:37
8293,244,4,29.0,2025-02-04 16:08
8294,1770,3,24.5,2025-08-27 23:46
8295,646,21,32.5,2025-03-12 09:07
8296,1546,9,14.5,2025-11-15 11:59
8297,793,18,26.5,2025-11-03 05:33
8298,2437,14,33.0,2025-11-15 22:37
8299,663,5,14.5,2025-02-15 11:15
8300,1689,11,26.0,2025-10-02 22:50
8301,824,24,14.5,2025-11-05 09:14
8302,11,3,24.0,2024-12-26 09:48
8303,559,22,22.0,2025-02-15 04:08
8304,28,11,6.5,2025-11-25 18:57
8305,802,13,19.5,2024-12-10 03:22
8306,1079,6,26.0,2025-09-14 02:19
8307,521,22,11.5,2025-10-20 23:07
8308,1692,4,20.5,2025-04-14 03:17
8309,102,4,5.0,2025-04-19 18:12
8310,175,5,15.0,2025-03-26 22:43
8311,2109,4,26.0,2025-10-17 21:34
8312,984,5,11.5,2025-01-31 15:36
8313,1812,13,32.0,2025-12-04 08:36
8314,2449,25,11.0,2025-01-11 13:29
8315,2108,7,6.5,2025-04-11 22:55
8316,1905,23,4.5,2025-05-05 22:41
8317,2405,5,15.0,2025-01-09 20:29
8318,759,13,9.5,2025-06-01 09:40
8319,631,4,18.5,2025-08-16 01:34
8320,1462,6,17.5,2025-10-06 04:28
8321,1451,22,15.5,2025-05-21 02:06
8322,610,25,10.0,2025-07-30 02:37
8323,1784,25,21.5,2025-11-04 10:28
8324,2056,25,15.0,2025-10-16 21:26
8325,1834,24,15.5,2025-01-16 15:21
8326,2442,5,22.0,2025-04-08 05:24
8327,2202,23,29.5,2025-09-18 03:50
8328,2025,23,30.0,2025-06-16 21:22
8329,1441,26,25.0,2025-07-22 06:26
8330,302,14,13.0,2025-10-07 10:56
8331,1779,25,5.5,2025-05-30 22:27
8332,294,9,10.5,2025-07-08 22:54
8333,2315,7,24.0,2025-11-18 23:28
8334,2480,6,32.5,2025-02-06 14:42
8335,2287,21,21.5,2024-12-29 05:56
8336,1503,18,21.5,2025-08-03 20:53
8337,724,6,6.5,2025-06-08 00:32
8338,931,5,21.5,2025-02-09 19:25
8339,838,19,9.5,2025-01-06 21:22
8340,1110,24,25.0,2025-06-16 11:51
8341,2472,27,4.5,2025-07-26 03:37
8342,1022,19,14.5,2025-05-30 08:32
8343,544,23,6.5,2025-02-23 10:53
8344,1664,7,26.0,2025-05-07 06:07
8345,1789,17,20.5,2025-06-27 00:07
8346,1149,15,36.5,2025-02-11 23:58
8347,1520,7,10.5,2025-08-11 20:14
8348,1961,11,24.0,2025-09-18 12:10
8349,127,9,17.0,2025-05-16 04:08
8350,742,16,30.0,2025-09-05 04:53
8351,93,18,5.5,2025-03-17 10:50
8352,232,25,9.5,2025-07-29 22:45
8353,303,14,10.0,2025-01-14 06:31
8354,1617,5,16.5,2025-09-19 13:57
8355,1991,10,20.5,2025-02-07 21:19
8356,1564,4,5.5,2025-07-27 15:24
8357,2445,25,20.5,2025-08-29 13:25
8358,1047,15,30.5,2025-02-19 22:40
8359,2255,21,19.0,2025-03-18 21:22
8360,2013,1,20.5,2025-04-30 04:11
8361,1154,9,38.0,2025-07-08 09:50
8362,1698,14,13.0,2025-02-16 05:35
8363,1648,14,9.5,2025-01-22 15:57
8364,1233,22,10.5,2025-09-09 04:22
8365,377,17,36.0,2025-08-03 00:58
8366,146,17,31.0,2025-04-26 04:14
8367,292,24,32.5,2025-11-02 13:55
8368,173,24,22.5,2025-02-22 11:22
8369,2455,22,21.0,2025-03-07 02:38
8370,1953,16,22.0,2025-02-04 02:50
8371,1054,7,15.5,2025-03-11 20:37
8372,631,3,28.5,2025-05-22 06:08
8373,1477,9,5.0,2025-11-15 04:34
8374,1253,7,14.5,2025-03-08 05:07
8375,1904,16,12.0,2025-07-06 20:38
8376,2178,14,19.5,2025-09-24 17:29
8377,2474,23,30.0,2025-05-12 11:57
8378,916,27,9.5,2025-08-15 10:59
8379,713,18,28.5,2025-02-24 10:27
8380,638,11,19.0,2025-06-27 15:07
8381,1239,10,9.5,2025-10-06 04:03
8382,1052,11,11.5,2025-10-24 09:16
8383,1042,10,27.5,2025-09-13 04:38
8384,1225,16,24.0,2025-06-23 11:25
8385,59,18,15.5,2025-05-13 04:05
8386,1104,8,26.0,2025-10-05 06:32
8387,309,13,20.0,2025-05-26 19:31
8388,1605,4,22.5,2025-10-31 15:24
8389,1926,26,5.0,2025-01-23 02:41
8390,1978,7,19.5,2024-12-18 13:41
8391,1419,24,28.0,2025-07-03 00:42
8392,287,15,20.5,2025-06-08 19:05
8393,1570,4,26.5,2025-10-27 11:30
8394,2348,21,23.5,2025-09-02 14:38
8395,196,14,29.0,2025-11-15 18:39
8396,1454,12,11.0,2025-06-14 05:26
8397,1518,6,9.5,2024-12-07 21:50
8398,473,18,11.0,2025-11-19 07:12
8399,53,25,17.5,2025-06-23 20:11
8400,947,12,29.5,2025-06-10 19:57
8401,700,24,9.5,2025-07-29 13:43
8402,1335,21,26.0,2025-11-02 16:37
8403,2447,3,21.0,2025-07-02 21:21
8404,667,25,14.5,2025-06-28 15:29
8405,1105,14,21.0,2025-03-02 06:37
8406,853,8,12.0,2025-05-15 07:59
8407,934,15,19.5,2025-10-05 01:53
8408,2436,19,19.5,2025-08-03 18:43
8409,2047,9,28.5,2025-07-20 07:46
8410,3,23,24.0,2025-10-21 03:25
8411,2319,22,30.5,2024-12-24 01:31
8412,2237,25,5.5,2025-05-03 15:38
8413,1590,2,19.5,2025-06-06 02:59
8414,2322,25,5.5,2025-11-11 17:14
8415,1712,10,6.5,2024-12-07 15:44
8416,1020,23,14.0,2025-11-23 18:13
8417,2326,12,30.0,2025-02-14 02:24
8418,1177,21,31.5,2025-11-26 03:12
8419,2468,8,24.0,2025-04-01 13:28
8420,1388,24,29.0,2025-08-24 06:46
8421,2129,19,6.5,2025-02-24 06:49
8422,1104,27,11.5,2025-10-08 02:38
8423,464,21,5.5,2024-12-24 05:46
8424,1906,24,27.5,2025-06-10 14:38
8425,1414,13,22.0,2025-05-22 21:15
8426,1423,6,16.0,2025-05-14 15:37
8427,936,20,24.5,2025-10-03 22:38
8428,234,1,28.5,2024-12-09 07:02
8429,2390,12,35.0,2025-10-11 14:11
8430,2485,12,24.0,2025-08-02 15:53
8431,1963,1,10.0,2025-05-14 23:29
8432,1915,8,9.0,2025-04-05 22:45
8433,18,9,15.0,2025-10-09 22:23
8434,995,23,20.0,2025-10-29 21:23
8435,2383,3,16.0,2025-03-27 20:47
8436,2184,25,4.5,2025-05-11 16:02
8437,1647,15,17.5,2025-02-08 10:42
8438,2083,1,11.0,2025-08-30 08:30
8439,2347,4,10.0,2025-11-11 02:25
8440,4,10,20.0,2025-07-28 03:21
8441,396,26,12.0,2025-07-08 15:38
8442,423,4,14.5,2025-04-02 07:20
8443,2296,24,6.5,2025-06-08 15:37
8444,124,8,29.5,2025-10-03 05:02
8445,2427,17,5.0,2025-04-11 05:20
8446,2258,27,25.5,2025-05-13 08:48
8447,304,3,37.5,2025-01-27 01:49
8448,1340,7,39.0,2025-09-23 07:30
8449,2343,1,25.5,2025-07-05 11:06
8450,2382,1,11.0,2025-02-21 17:13
8451,2210,2,39.5,2025-03-11 00:38
8452,419,18,9.5,2025-04-18 01:05
8453,2363,3,15.0,2025-03-29 19:38
8454,282,9,25.5,2025-06-28 07:24
8455,1414,21,9.5,2025-09-12 01:17
8456,111,1,23.5,2025-10-12 12:21
8457,892,25,5.5,2024-12-30 15:09
8458,923,8,9.5,2025-03-06 15:11
8459,404,19,35.5,2025-08-19 14:07
8460,485,22,21.0,2025-11-13 08:37
8461,699,21,9.5,2025-03-09 13:00
8462,729,15,5.0,2025-02-18 17:50
8463,407,3,24.5,2025-05-15 21:37
8464,1063,9,26.0,2025-02-16 19:05
8465,2282,8,20.5,2025-11-24 00:19
8466,1399,12,5.5,2025-09-09 11:53
8467,976,8,23.5,2025-06-16 07:53
8468,275,7,25.5,2025-02-22 23:00
8469,1076,18,5.5,2025-07-06 13:19
8470,1415,26,5.5,2025-04-07 14:26
8471,869,3,27.5,2025-11-08 13:31
8472,2323,21,22.5,2025-02-12 01:04
8473,2096,12,26.5,2025-08-21 11:45
8474,1298,3,32.5,2025-08-14 12:09
8475,1743,2,5.0,2025-02-09 05:45
8476,1849,12,30.5,2025-05-22 11:23
8477,1901,16,22.5,2025-04-04 03:10
8478,855,24,38.5,2025-02-12 07:15
8479,1240,6,24.0,2025-03-15 06:09
8480,726,25,35.5,2025-12-01 16:31
8481,1751,8,25.5,2025-01-18 12:43
8482,1421,22,5.5,2025-12-06 03:48
8483,1448,3,9.5,2025-03-23 21:37
8484,716,4,26.5,2025-08-17 07:58
8485,644,9,42.5,2025-10-08 14:42
8486,2084,17,27.5,2025-05-29 17:54
8487,1779,21,25.0,2025-07-28 09:51
8488,1687,23,29.0,2025-10-15 03:07
8489,658,24,14.5,2025-03-31 03:33
8490,634,26,31.0,2025-06-11 11:27
8491,2237,10,5.5,2025-07-02 21:48
8492,1559,7,26.5,2025-06-21 01:42
8493,1720,4,4.5,2024-12-17 11:05
8494,1738,17,33.5,2025-10-31 23:20
8495,2231,9,25.5,2025-10-31 08:06
8496,433,10,24.5,2025-02-16 10:40
8497,2213,26,4.5,2025-02-14 19:48
8498,1356,16,16.0,2025-04-12 23:09
8499,221,4,4.5,2025-06-04 03:10
8500,1242,2,31.0,2025-05-12 20:42
8501,1438,12,11.5,2025-10-16 15:35
8502,505,5,23.0,2025-05-04 04:38
8503,2129,11,35.5,2025-08-20 07:36
8504,1047,13,15.5,2025-09-29 18:12
8505,1613,19,5.0,2025-06-20 08:23
8506,2285,3,22.5,2025-05-21 09:58
8507,943,21,29.5,2025-02-02 21:08
8508,1047,24,38.0,2025-03-02 08:44
8509,1548,4,28.5,2025-03-17 15:23
8510,1243,6,18.0,2025-09-15 17:50
8511,2051,11,27.0,2025-07-19 21:07
8512,117,2,11.0,2024-12-15 13:09
8513,2027,8,9.5,2025-04-03 23:57
8514,606,25,10.0,2025-08-06 10:27
8515,270,3,5.5,2025-06-14 06:24
8516,608,3,14.0,2025-01-30 04:16
8517,1945,26,24.0,2024-12-10 21:46
8518,884,8,23.5,2025-08-31 18:14
8519,1962,19,30.5,2025-10-31 14:23
8520,2166,17,20.5,2025-10-02 22:13
8521,1294,20,31.0,2025-11-03 12:29
8522,1314,25,4.5,2025-05-22 13:54
8523,563,23,26.5,2025-03-18 23:02
8524,2151,26,20.0,2025-11-08 04:30
8525,1429,1,14.5,2025-06-30 03:04
8526,402,19,6.5,2025-01-26 05:42
8527,2185,16,24.5,2025-06-21 09:09
8528,747,7,9.5,2025-08-12 17:22
8529,785,20,30.5,2025-08-20 11:25
8530,271,22,16.5,2025-03-06 08:37
8531,134,1,24.5,2025-05-24 13:24
8532,2013,25,5.5,2025-05-03 18:17
8533,976,19,9.5,2024-12-15 23:15
8534,991,24,13.0,2025-08-14 20:02
8535,2232,18,20.5,2025-06-01 17:39
8536,1232,9,5.5,2025-08-17 05:33
8537,734,9,26.0,2025-10-12 18:42
8538,1260,13,16.0,2025-03-15 22:23
8539,299,12,4.5,2024-12-25 04:30
8540,1914,18,32.5,2025-09-26 05:43
8541,1676,3,31.0,2025-05-02 21:40
8542,2395,19,5.0,2025-01-23 18:40
8543,962,19,17.5,2025-06-30 08:04
8544,1384,7,43.5,2025-05-13 05:14
8545,2079,9,22.5,2025-06-25 09:30
8546,2487,8,16.5,2025-06-23 06:48
8547,1385,3,21.0,2025-08-06 16:55
8548,2251,3,4.5,2025-11-10 15:25
8549,864,8,21.5,2024-12-14 18:30
8550,389,2,14.0,2025-04-06 04:27
8551,1544,24,11.5,2025-01-17 11:34
8552,1290,22,10.0,2025-10-02 02:17
8553,860,11,23.5,2025-05-14 00:56
8554,2008,27,19.5,2025-04-10 03:39
8555,29,4,32.5,2025-06-11 18:34
8556,1324,23,26.0,2025-03-27 16:51
8557,1028,8,5.0,2025-02-02 08:39
8558,1755,5,19.0,2025-01-14 16:27
8559,1530,26,31.0,2025-02-16 04:05
8560,1414,8,15.0,2025-07-02 04:33
8561,970,23,4.5,2025-09-12 00:56
8562,2061,3,28.5,2025-06-09 23:44
8563,477,9,28.5,2025-01-18 05:56
8564,739,19,28.0,2025-05-10 15:42
8565,1289,20,14.5,2025-02-14 03:55
8566,305,14,4.5,2025-05-07 03:36
8567,1000,15,6.5,2025-11-30 13:18
8568,220,11,20.0,2025-02-11 00:34
8569,2372,12,26.0,2025-08-17 08:30
8570,2157,5,30.0,2025-04-15 07:13
8571,2058,4,4.5,2025-02-16 08:20
8572,1140,27,25.0,2025-11-13 06:09
8573,717,18,9.5,2025-10-24 15:21
8574,480,5,19.0,2025-06-05 18:23
8575,2124,12,26.5,2025-08-13 07:09
8576,1613,17,15.0,2025-06-14 07:05
8577,2336,24,29.5,2025-01-06 04:54
8578,2048,25,20.0,2025-01-27 05:15
8579,1743,4,5.0,2025-05-15 22:00
8580,987,19,4.5,2025-05-31 03:33
8581,1040,23,5.0,2025-11-10 13:31
8582,1650,7,10.5,2024-12-07 22:36
8583,519,7,20.0,2024-12-09 23:33
8584,815,6,26.5,2025-07-17 07:40
8585,2072,26,6.5,2025-08-18 07:57
8586,1016,9,21.5,2025-08-31 23:11
8587,632,8,5.0,2025-07-10 17:44
8588,1710,8,6.5,2025-06-21 18:42
8589,2348,2,32.0,2025-01-30 02:26
8590,2092,5,9.5,2025-04-05 08:32
8591,2401,9,14.0,2025-03-08 12:57
8592,2008,12,10.5,2025-05-10 04:10
8593,2089,14,6.5,2025-04-08 04:23
8594,725,12,16.0,2024-12-16 21:31
8595,399,13,30.0,2025-09-09 23:23
8596,452,27,26.5,2025-06-26 11:18
8597,1415,21,27.5,2025-02-26 09:49
8598,1605,10,25.5,2025-03-11 14:21
8599,1474,3,11.5,2025-01-19 17:51
8600,990,18,6.5,2025-06-21 22:31
8601,2460,20,34.5,2025-06-12 18:46
8602,847,19,19.0,2025-02-23 01:28
8603,1777,3,26.5,2024-12-07 13:46
8604,1642,16,12.0,2025-06-30 11:09
8605,2333,27,36.0,2025-09-12 22:22
8606,662,8,5.5,2025-05-12 10:29
8607,1909,11,26.0,2025-02-01 20:32
8608,2362,18,10.0,2025-03-04 20:13
8609,896,27,4.5,2025-10-05 04:16
8610,2229,21,5.0,2025-04-23 07:43
8611,1587,17,24.0,2025-03-07 21:24
8612,1559,12,15.0,2025-07-26 00:25
8613,1081,12,24.5,2025-03-03 01:56
8614,2252,18,12.0,2025-12-03 22:51
8615,1543,15,12.0,2025-07-04 03:06
8616,272,11,28.5,2025-06-21 00:22
8617,1176,4,20.5,2025-07-10 06:42
8618,1596,26,14.5,2025-12-04 13:28
8619,1986,14,11.5,2025-03-06 03:03
8620,655,27,5.0,2025-02-04 23:01
8621,1408,16,11.0,2025-07-28 02:27
8622,1971,24,9.5,2025-01-31 17:33
8623,691,4,6.5,2025-08-12 07:29
8624,2272,22,14.5,2025-05-31 08:33
8625,1823,6,5.5,2025-09-04 08:55
8626,1114,26,6.5,2025-02-12 23:57
8627,1247,24,26.0,2025-08-06 15:40
8628,1307,13,30.5,2025-11-21 14:06
8629,1516,6,30.0,2025-06-13 14:48
8630,1479,20,29.0,2025-12-05 11:01
8631,94,21,17.5,2025-03-09 09:39
8632,1100,4,4.5,2025-07-25 17:35
8633,1158,14,20.0,2025-03-01 12:57
8634,83,26,35.0,2025-01-06 14:50
8635,1514,15,25.5,2025-05-10 11:52
8636,232,17,5.0,2025-07-02 23:25
8637,766,10,23.5,2025-07-06 01:25
8638,1732,11,31.5,2025-08-22 04:47
8639,409,20,4.5,2025-10-01 14:52
8640,348,11,34.0,2025-01-26 09:36
8641,812,24,20.0,2025-07-16 22:59
8642,58,2,5.5,2025-08-12 05:21
8643,2348,20,14.0,2025-08-18 13:17
8644,1233,3,19.0,2025-12-04 12:54
8645,564,5,24.0,2025-09-15 19:20
8646,1215,7,21.5,2025-05-19 22:05
8647,1349,19,32.0,2025-10-17 00:39
8648,2131,20,5.0,2024-12-24 07:51
8649,2450,17,31.0,2025-09-12 17:15
8650,2269,25,24.0,2025-01-04 13:50
8651,2338,13,25.5,2024-12-22 10:03
8652,1759,9,13.5,2025-10-11 04:45
8653,412,1,9.5,2025-08-12 09:29
8654,307,6,9.0,2025-02-09 17:56
8655,1578,24,21.5,2025-11-12 00:41
8656,1451,2,23.0,2025-10-09 08:29
8657,836,18,11.5,2025-01-14 10:22
8658,2210,15,26.0,2025-06-01 04:56
8659,2071,20,5.5,2025-02-23 10:36
8660,216,23,9.5,2025-02-22 22:26
8661,109,26,33.5,2025-05-25 15:52
8662,270,24,34.0,2025-08-09 18:35
8663,1999,11,14.5,2025-03-27 01:33
8664,234,6,10.5,2025-02-15 11:51
8665,1252,13,28.5,2025-06-16 23:17
8666,2026,2,15.5,2025-02-23 06:55
8667,2043,12,26.5,2025-08-13 11:23
8668,1137,15,12.0,2025-05-09 09:08
8669,1363,19,24.5,2025-09-22 12:29
8670,1871,2,6.5,2025-02-14 22:06
8671,1120,25,25.5,2025-03-31 14:02
8672,659,10,19.5,2025-10-29 07:33
8673,1774,11,31.0,2025-11-10 15:39
8674,1674,27,33.5,2025-06-16 10:08
8675,1487,19,21.0,2025-10-02 13:29
8676,1459,15,11.0,2025-04-16 12:45
8677,188,6,20.5,2025-11-24 02:13
8678,1676,1,23.5,2025-08-28 21:14
8679,109,6,5.5,2025-01-14 18:02
8680,89,23,9.5,2025-09-13 09:08
8681,1658,1,11.5,2025-09-16 08:54
8682,2232,15,17.0,2025-02-28 00:32
8683,1351,17,31.5,2024-12-10 22:43
8684,1953,16,35.5,2025-10-12 08:21
8685,1421,25,13.0,2025-11-22 14:50
8686,1843,15,6.5,2025-07-31 13:25
8687,930,6,29.5,2025-11-07 13:26
8688,323,4,11.0,2024-12-19 20:47
8689,31,27,32.5,2025-06-01 08:34
8690,189,11,19.0,2025-06-18 13:32
8691,2498,9,15.0,2025-08-26 11:15
8692,669,25,27.5,2025-08-01 04:22
8693,2110,9,29.5,2025-03-06 02:15
8694,2060,8,9.5,2025-05-25 00:52
8695,1660,9,18.5,2025-05-17 11:37
8696,1996,1,13.0,2025-06-28 09:48
8697,1804,8,5.5,2025-08-06 12:45
8698,1299,1,31.0,2025-07-08 11:09
8699,2070,15,21.0,2025-05-25 14:33
8700,1811,9,27.0,2024-12-15 18:28
8701,16,5,24.5,2025-05-09 18:23
8702,1604,14,17.0,2025-05-06 02:19
8703,2500,11,5.0,2025-01-03 10:49
8704,26,3,10.0,2025-10-14 07:32
8705,1247,26,14.5,2025-08-30 18:53
8706,1600,14,37.0,2025-10-27 01:09
8707,1326,26,31.5,2025-10-30 07:54
8708,29,6,16.0,2025-09-25 04:43
8709,1394,16,21.0,2025-05-07 14:55
8710,1152,1,4.5,2025-07-02 19:19
8711,2348,22,9.5,2025-09-13 21:07
8712,761,4,20.5,2025-10-13 10:29
8713,1520,18,10.0,2025-03-13 03:09
8714,1914,10,35.5,2025-10-11 21:42
8715,37,19,21.5,2025-07-03 15:51
8716,2099,6,28.0,2025-04-10 10:55
8717,1247,21,21.0,2025-04-04 05:36
8718,2212,18,16.5,2025-02-23 12:21
8719,1300,6,34.0,2025-03-16 22:56
8720,1086,1,26.5,2025-04-29 01:04
8721,2375,21,26.0,2025-08-12 05:14
8722,739,22,5.5,2025-10-25 20:16
8723,101,13,25.0,2025-11-03 13:29
8724,2326,2,26.0,2025-01-21 20:28
8725,858,4,22.5,2025-10-24 23:40
8726,1127,8,33.5,2025-02-21 07:50
8727,509,6,16.0,2025-03-24 10:45
8728,636,17,28.0,2025-05-11 03:35
8729,477,26,26.0,2025-04-10 05:27
8730,2344,6,43.0,2025-03-15 18:31
8731,576,24,21.0,2025-11-11 15:21
8732,20,12,31.5,2025-08-19 09:19
8733,1564,15,37.5,2025-03-02 20:48
8734,156,21,29.0,2025-07-10 09:18
8735,136,1,9.5,2025-07-24 06:10
8736,179,24,25.5,2025-02-12 13:43
8737,179,21,25.5,2025-11-04 00:55
8738,1246,24,5.0,2025-11-25 13:37
8739,179,16,20.5,2025-06-22 19:48
8740,1476,11,16.5,2025-09-22 05:25
8741,275,24,27.5,2025-08-14 10:17
8742,1490,11,25.0,2025-10-06 19:20
8743,761,21,11.0,2024-12-13 23:26
8744,936,3,13.0,2025-07-13 07:49
8745,738,6,21.0,2025-08-26 20:40
8746,339,21,15.0,2025-10-23 19:18
8747,189,25,19.0,2025-05-28 18:39
8748,121,20,18.5,2025-02-10 06:32
8749,2331,21,11.5,2025-10-25 09:19
8750,1350,22,23.0,2025-06-25 14:18
8751,1439,14,9.5,2025-08-26 02:39
8752,1824,22,34.0,2025-05-24 15:38
8753,1071,22,9.5,2025-09-25 14:06
8754,2408,4,4.5,2025-07-15 23:25
8755,1774,1,21.0,2025-01-03 19:07
8756,362,8,31.0,2025-07-22 17:00
8757,1894,25,29.5,2025-04-10 03:36
8758,1272,16,9.5,2024-12-30 01:43
8759,1731,10,17.5,2025-01-08 17:33
8760,356,4,21.5,2024-12-30 21:35
8761,1766,2,4.5,2025-09-15 10:13
8762,1597,1,10.0,2025-02-05 03:36
8763,2108,15,15.0,2025-12-02 08:04
8764,2498,25,10.0,2025-06-27 03:07
8765,314,25,16.5,2025-10-25 12:04
8766,802,26,4.5,2025-01-31 17:19
8767,2292,23,20.5,2025-05-11 09:54
8768,2345,24,20.0,2025-08-12 00:33
8769,662,3,9.5,2025-01-10 19:28
8770,1343,19,11.0,2025-09-06 11:59
8771,179,4,25.5,2025-06-21 10:13
8772,727,1,25.5,2025-11-17 01:06
8773,2407,23,12.0,2025-04-18 03:47
8774,1813,23,23.5,2025-11-06 02:18
8775,1931,20,29.5,2025-01-05 18:15
8776,247,11,4.5,2025-11-10 18:09
8777,945,16,14.0,2025-10-04 20:43
8778,1130,27,14.5,2025-07-22 18:05
8779,169,17,22.5,2025-01-18 00:43
8780,2189,9,22.5,2025-10-31 15:21
8781,684,22,14.0,2025-10-05 13:12
8782,420,16,9.5,2025-03-25 08:44
8783,1263,16,26.0,2025-05-28 13:11
8784,2250,19,15.0,2025-08-18 02:56
8785,1128,1,25.0,2025-04-08 02:04
8786,1086,2,30.0,2025-02-03 06:19
8787,31,2,10.5,2025-07-05 08:41
8788,191,2,35.5,2025-02-08 18:42
8789,1298,25,27.5,2025-08-21 12:41
8790,1397,26,16.0,2025-09-13 03:50
8791,1300,22,6.5,2025-02-12 16:48
8792,1529,9,12.0,2025-11-28 07:51
8793,1153,27,14.0,2025-06-21 01:36
8794,1936,3,38.5,2025-07-02 14:21
8795,384,16,16.0,2025-05-08 03:06
8796,666,2,21.0,2025-10-02 23:33
8797,2440,3,15.0,2024-12-22 02:02
8798,2009,4,22.5,2024-12-08 07:22
8799,1498,26,24.0,2025-03-19 23:19
8800,106,12,10.0,2025-08-21 13:34
8801,526,15,21.0,2025-11-25 10:06
8802,2258,10,18.5,2025-08-18 17:23
8803,966,20,5.0,2025-06-12 04:55
8804,593,11,9.5,2025-11-22 12:01
8805,2005,5,28.5,2025-08-10 07:41
8806,1948,17,26.5,2025-07-22 11:35
8807,2437,2,26.5,2025-06-29 13:21
8808,815,26,26.0,2025-03-06 10:05
8809,920,2,24.5,2025-10-29 04:54
8810,329,7,14.5,2025-05-13 19:32
8811,887,24,25.0,2025-05-30 16:55
8812,1615,9,10.0,2025-07-21 20:41
8813,947,4,11.0,2025-07-28 16:39
8814,1754,18,11.0,2025-06-16 14:33
8815,1872,6,12.0,2025-07-23 00:17
8816,415,2,20.0,2025-03-03 05:22
8817,360,23,26.0,2025-04-09 17:31
8818,2049,12,19.5,2025-06-12 12:58
8819,1349,3,20.5,2025-12-03 03:28
8820,2437,6,10.5,2025-04-28 23:09
8821,351,26,9.5,2025-10-10 03:58
8822,2470,8,11.5,2025-05-14 23:02
8823,1313,21,11.0,2025-08-27 07:26
8824,1720,4,5.0,2025-08-24 16:18
8825,2452,22,10.5,2025-05-07 11:00
8826,1981,11,15.0,2024-12-25 15:03
8827,1335,17,31.5,2025-12-01 11:56
8828,1504,11,12.0,2025-04-10 22:32
8829,951,20,6.5,2025-11-19 14:55
8830,1564,25,20.5,2025-05-02 17:09
8831,939,20,5.5,2025-09-28 18:28
8832,1788,20,30.5,2025-02-13 12:51
8833,1875,23,28.5,2025-03-13 10:24
8834,854,1,25.5,2025-05-15 06:09
8835,1775,20,17.5,2025-02-07 00:31
8836,189,7,29.0,2024-12-14 01:44
8837,2226,25,11.0,2025-05-31 23:56
8838,646,4,17.0,2025-07-30 06:27
8839,1803,16,28.0,2025-05-26 16:42
8840,1164,27,13.0,2025-07-26 09:41
8841,2126,4,4.5,2025-05-15 19:58
8842,910,19,10.0,2025-01-24 14:31
8843,2039,3,15.5,2025-04-04 07:53
8844,2439,1,22.5,2025-10-10 23:49
8845,1005,7,18.5,2025-11-23 09:08
8846,676,13,23.5,2025-08-23 05:17
8847,2061,27,5.0,2025-05-20 02:32
8848,15,25,10.0,2025-12-06 20:48
8849,770,15,27.0,2025-05-17 08:16
8850,1540,10,25.0,2025-06-30 01:35
8851,2219,6,12.0,2025-12-04 03:48
8852,228,15,21.5,2024-12-07 01:34
8853,274,21,25.5,2025-01-27 06:45
8854,2007,7,12.0,2025-10-06 12:30
8855,246,5,4.5,2025-02-08 07:19
8856,1028,8,18.5,2025-09-18 08:07
8857,212,13,30.0,2025-07-20 01:43
8858,715,6,12.0,2025-05-04 09:49
8859,371,19,30.0,2025-03-12 18:42
8860,2025,14,19.0,2025-01-25 03:33
8861,658,12,20.5,2025-10-22 23:38
8862,1101,4,6.5,2025-04-07 09:06
8863,1592,7,17.5,2025-10-25 21:00
8864,1152,21,36.0,2025-08-10 10:48
8865,2420,21,25.5,2025-11-27 16:33
8866,814,19,12.0,2025-01-31 15:04
8867,2288,21,31.0,2025-09-29 14:52
8868,1620,12,14.0,2025-10-11 04:47
8869,1928,16,30.0,2025-03-11 17:16
8870,1843,16,4.5,2025-02-15 11:49
8871,1925,1,24.0,2025-10-16 02:14
8872,2353,10,34.5,2025-03-08 08:50
8873,256,4,27.0,2025-06-01 11:03
8874,1814,6,33.0,2025-06-20 08:05
8875,916,23,21.5,2025-08-01 04:39
8876,2260,11,19.5,2025-09-25 11:53
8877,2380,8,21.0,2025-07-16 19:03
8878,2258,25,15.5,2025-05-12 13:27
8879,2096,23,19.5,2025-11-15 23:32
8880,373,9,33.0,2025-06-24 08:56
8881,868,14,27.5,2025-11-06 19:39
8882,14,8,20.0,2025-03-21 19:11
8883,2477,11,11.0,2025-11-20 08:43
8884,790,16,25.0,2025-04-14 12:45
8885,1059,14,25.5,2025-08-25 07:43
8886,1051,23,31.0,2025-05-09 19:22
8887,436,3,39.5,2025-10-02 10:16
8888,2149,4,6.5,2025-11-12 23:13
8889,2401,5,19.5,2025-03-10 14:19
8890,173,22,10.0,2025-07-02 10:33
8891,2077,9,10.5,2024-12-24 04:44
8892,1702,23,30.5,2025-03-09 22:15
8893,871,1,5.5,2025-04-03 12:27
8894,1681,24,5.5,2025-09-21 10:59
8895,1063,19,22.5,2025-02-02 21:13
8896,836,19,20.5,2025-08-17 07:24
8897,2298,1,5.0,2025-10-26 06:06
8898,2080,11,10.0,2025-01-01 03:22
8899,1153,16,32.0,2025-02-12 07:50
8900,1428,9,32.0,2025-11-21 05:55
8901,959,16,16.0,2025-11-27 16:17
8902,2297,25,21.0,2025-03-12 20:57
8903,514,7,9.5,2024-12-21 12:49
8904,1743,22,9.5,2025-03-28 23:49
8905,1207,19,13.0,2025-10-08 15:53
8906,560,27,10.0,2025-05-09 01:37
8907,1797,19,37.0,2025-06-18 02:39
8908,288,16,26.0,2025-01-23 03:38
8909,1591,18,6.5,2025-05-03 11:17
8910,1140,11,19.0,2025-08-24 20:25
8911,1534,27,23.0,2025-09-01 10:28
8912,2154,11,16.5,2025-05-09 16:16
8913,1376,17,5.5,2025-02-20 02:53
8914,1011,18,23.5,2025-11-14 19:55
8915,1169,17,11.5,2025-02-07 06:21
8916,258,14,4.5,2025-01-29 20:03
8917,460,16,6.5,2025-04-14 03:56
8918,822,18,6.5,2025-09-13 20:21
8919,759,18,22.5,2025-02-17 16:41
8920,1524,23,32.0,2025-02-13 23:53
8921,1918,22,25.5,2025-04-15 20:57
8922,2209,4,21.5,2025-04-05 20:53
8923,1782,2,18.0,2025-07-01 04:12
8924,1242,6,25.0,2025-11-13 18:57
8925,748,26,21.5,2025-01-07 00:53
8926,1615,14,10.0,2025-10-09 02:41
8927,1945,20,23.0,2025-11-05 12:35
8928,1328,1,31.5,2025-04-10 13:08
8929,1159,8,38.5,2025-07-01 20:57
8930,1575,15,5.5,2025-10-11 12:45
8931,1347,11,6.5,2025-10-22 10:23
8932,1477,21,19.5,2025-12-03 16:15
8933,1536,25,32.5,2024-12-10 05:38
8934,731,25,11.0,2025-11-15 10:01
8935,2488,17,20.5,2025-04-05 07:32
8936,2122,17,20.0,2025-02-18 22:35
8937,898,6,29.5,2025-10-29 15:18
8938,2245,3,14.0,2025-02-02 02:31
8939,2178,14,11.5,2025-11-20 21:47
8940,1255,17,11.0,2025-10-09 11:19
8941,14,25,25.5,2025-04-17 15:16
8942,1384,15,26.0,2025-09-09 15:03
8943,364,3,9.0,2025-03-08 21:28
8944,996,7,33.0,2025-12-03 03:40
8945,2226,13,22.0,2025-02-16 18:29
8946,842,2,22.5,2025-08-11 14:33
8947,1137,19,11.0,2024-12-16 21:15
8948,1916,23,17.5,2025-02-06 17:13
8949,1793,1,20.5,2025-01-27 18:10
8950,592,22,30.0,2025-07-08 23:23
8951,1306,4,29.5,2025-10-17 22:10
8952,1634,10,24.0,2025-06-26 04:25
8953,1244,23,6.5,2025-07-27 10:34
8954,1031,8,5.5,2024-12-19 00:24
8955,852,24,31.0,2025-08-31 17:19
8956,488,17,10.0,2025-06-07 11:51
8957,1943,27,6.5,2024-12-29 03:51
8958,1547,21,20.0,2025-05-05 15:58
8959,13,22,14.5,2025-11-25 19:22
8960,483,4,19.5,2025-01-08 14:12
8961,1371,1,19.5,2025-10-17 22:49
8962,2163,5,19.5,2025-08-31 10:27
8963,605,8,16.0,2025-06-01 07:51
8964,652,14,19.5,2025-03-24 13:40
8965,836,15,30.5,2025-05-15 05:57
8966,8,22,9.5,2025-06-10 16:27
8967,521,1,29.5,2024-12-27 21:23
8968,1990,20,6.5,2025-07-22 07:07
8969,1630,22,31.0,2025-11-24 08:53
8970,34,15,20.0,2025-11-18 07:15
8971,1790,23,23.0,2025-01-19 09:01
8972,1443,16,31.0,2025-07-30 11:31
8973,1288,26,5.0,2025-09-04 03:54
8974,419,21,14.5,2025-08-20 23:58
8975,2137,21,11.0,2025-06-18 11:00
8976,2186,15,4.5,2025-04-18 08:18
8977,1320,24,21.5,2025-02-04 12:14
8978,1859,23,6.5,2025-04-11 03:43
8979,963,6,21.0,2025-01-10 12:02
8980,439,27,14.5,2025-04-11 18:15
8981,1085,12,4.5,2024-12-12 17:52
8982,387,19,20.5,2025-09-06 03:16
8983,177,10,26.5,2025-02-18 15:03
8984,1563,1,26.0,2025-10-09 07:57
8985,2181,16,6.5,2025-04-14 14:20
8986,1855,27,5.5,2025-11-20 23:05
8987,852,5,15.0,2025-10-25 18:48
8988,2148,19,34.0,2025-12-01 19:08
8989,1135,8,27.5,2025-02-04 05:00
8990,2053,16,25.5,2025-06-20 04:47
8991,212,2,23.5,2025-08-16 11:03
8992,214,16,24.5,2025-10-01 19:50
8993,2063,16,5.5,2025-06-11 18:03
8994,746,12,28.0,2025-05-05 07:52
8995,1671,25,24.0,2025-01-06 06:37
8996,760,24,24.0,2024-12-20 20:56
8997,571,7,25.5,2025-02-03 07:43
8998,4,23,15.0,2025-03-07 09:53
8999,428,11,21.5,2025-01-11 11:03
9000,1969,27,9.5,2025-06-27 04:56
9001,1018,16,22.5,2025-07-15 23:06
9002,875,24,21.0,2025-10-07 11:31
9003,914,7,12.0,2025-11-04 16:42
9004,700,27,26.5,2025-04-20 13:01
9005,2328,19,23.5,2025-01-19 16:27
9006,214,25,5.5,2025-06-08 14:12
9007,132,11,4.5,2025-01-17 13:44
9008,1895,5,5.0,2025-01-27 23:12
9009,1836,18,5.5,2025-07-24 16:38
9010,1347,27,29.0,2025-02-12 07:58
9011,1946,13,16.0,2025-09-16 19:57
9012,733,13,5.5,2025-03-25 14:31
9013,768,21,33.0,2025-03-14 14:50
9014,1866,22,35.0,2025-04-24 19:55
9015,1066,23,24.0,2025-02-10 02:16
9016,1015,13,25.5,2025-08-26 22:35
9017,365,27,26.0,2025-03-22 00:29
9018,2341,27,11.0,2025-10-29 16:30
9019,1746,6,14.0,2025-09-12 04:55
9020,669,12,14.5,2025-09-09 17:12
9021,356,15,36.5,2025-03-25 21:42
9022,202,22,27.5,2025-09-02 19:01
9023,1157,4,20.5,2024-12-26 07:58
9024,1181,6,12.0,2025-10-28 15:28
9025,1106,12,5.0,2024-12-28 21:41
9026,1375,26,33.0,2025-05-01 09:52
9027,1677,1,5.5,2025-02-07 05:01
9028,336,12,4.5,2025-04-20 17:09
9029,29,16,24.0,2025-02-05 12:48
9030,641,2,5.0,2025-05-05 10:57
9031,1180,23,21.0,2025-06-15 08:08
9032,1862,9,6.5,2024-12-23 11:55
9033,1064,21,9.5,2025-08-29 16:46
9034,1757,10,30.0,2025-01-25 05:57
9035,63,10,30.5,2025-05-19 23:21
9036,1793,12,15.0,2025-09-27 15:02
9037,2343,21,26.5,2025-04-22 10:31
9038,479,4,16.0,2025-05-05 02:29
9039,295,15,9.5,2025-05-14 11:24
9040,1157,8,10.0,2024-12-12 05:53
9041,631,14,20.0,2025-02-12 19:29
9042,127,21,9.5,2025-05-04 08:50
9043,846,2,11.5,2025-06-16 00:59
9044,2295,11,20.5,2025-05-29 01:23
9045,1265,15,31.0,2025-03-27 17:55
9046,522,6,26.0,2025-06-03 05:26
9047,1427,2,23.0,2025-07-07 23:10
9048,1159,1,16.5,2025-03-18 12:57
9049,1675,15,29.0,2025-08-12 09:02
9050,242,12,15.0,2025-03-06 13:47
9051,1802,11,21.0,2025-08-26 06:44
9052,1234,5,12.0,2025-03-30 01:08
9053,1146,14,25.5,2025-08-04 06:40
9054,1080,27,4.5,2025-03-05 20:36
9055,1534,8,11.5,2025-11-01 09:36
9056,1921,21,27.0,2025-02-03 10:42
9057,1746,14,14.0,2025-03-07 07:25
9058,156,10,9.5,2025-08-07 21:36
9059,2241,15,15.5,2025-04-27 11:19
9060,382,26,22.5,2025-07-26 11:31
9061,2158,23,15.0,2024-12-16 08:51
9062,72,1,4.5,2025-10-08 11:41
9063,620,26,16.0,2025-03-08 10:45
9064,2477,13,13.5,2025-02-10 01:46
9065,2371,17,5.5,2025-04-07 20:18
9066,1396,21,15.0,2025-08-27 14:19
9067,1972,11,11.5,2025-11-03 11:13
9068,294,4,31.5,2025-06-04 00:08
9069,2024,26,17.5,2025-10-25 10:58
9070,2222,6,27.5,2025-08-02 12:38
9071,1828,15,9.5,2025-05-01 19:15
9072,2366,4,11.0,2025-08-04 12:39
9073,393,3,14.5,2025-06-07 11:15
9074,1416,10,27.0,2025-09-08 09:38
9075,1679,6,14.5,2025-08-27 13:25
9076,1196,22,29.0,2024-12-17 23:07
9077,816,23,19.5,2025-06-15 17:07
9078,2041,11,4.5,2025-02-06 09:34
9079,2277,4,5.5,2025-08-03 23:39
9080,1464,23,17.0,2025-10-03 04:13
9081,1718,20,30.5,2025-11-18 01:52
9082,1156,8,25.0,2025-10-09 01:43
9083,978,3,18.5,2025-07-16 20:13
9084,108,21,16.5,2025-03-23 18:51
9085,244,16,11.0,2025-05-06 06:14
9086,51,6,14.5,2025-10-24 20:45
9087,2175,20,17.0,2025-07-04 22:11
9088,2140,11,27.5,2025-08-04 06:31
9089,1486,21,21.5,2025-09-08 09:31
9090,149,4,9.5,2025-08-19 09:07
9091,3,1,30.5,2025-01-04 14:37
9092,371,9,5.5,2024-12-22 14:34
9093,1251,15,33.5,2025-04-13 23:17
9094,523,8,16.5,2025-09-16 07:12
9095,1111,8,32.5,2025-01-17 11:18
9096,896,1,33.0,2025-03-15 06:13
9097,2447,14,12.0,2025-10-12 07:50
9098,2435,24,19.0,2025-04-05 11:51
9099,1962,1,21.5,2025-09-28 08:29
9100,376,19,35.0,2025-10-27 02:56
9101,870,25,31.0,2025-03-03 14:32
9102,2292,26,18.5,2025-09-12 12:10
9103,138,25,31.5,2025-09-04 04:38
9104,864,27,9.5,2025-01-13 23:03
9105,1986,21,20.5,2025-02-09 07:36
9106,2111,10,14.5,2025-11-14 18:24
9107,2418,5,26.0,2025-03-28 21:25
9108,2191,4,14.0,2025-08-02 04:16
9109,475,13,16.0,2025-08-30 12:07
9110,674,14,10.5,2025-08-31 18:39
9111,1315,22,31.0,2025-08-07 09:21
9112,1976,8,27.5,2025-08-27 08:47
9113,612,27,6.5,2025-10-08 09:35
9114,2296,5,26.5,2025-05-02 19:39
9115,694,24,9.5,2025-03-31 16:21
9116,1882,3,9.5,2025-01-29 02:55
9117,2049,13,17.5,2025-05-25 11:48
9118,2272,27,6.5,2025-07-04 12:18
9119,1621,2,26.0,2025-11-16 16:32
9120,207,14,4.5,2025-06-08 19:45
9121,1262,20,16.0,2025-04-25 21:01
9122,973,16,9.5,2025-09-06 04:43
9123,2448,27,30.0,2025-11-05 00:08
9124,875,22,31.5,2025-08-10 10:46
9125,2353,15,31.0,2025-11-13 23:52
9126,502,10,16.0,2025-08-11 13:04
9127,478,27,14.5,2025-08-13 03:03
9128,628,3,6.5,2025-04-18 13:34
9129,409,2,25.0,2025-10-31 19:39
9130,1450,24,20.0,2025-11-15 11:08
9131,899,12,16.5,2024-12-17 13:52
9132,1933,26,9.0,2025-06-09 13:41
9133,1957,20,15.0,2025-08-29 18:51
9134,740,7,5.0,2024-12-31 23:22
9135,1220,8,5.0,2024-12-26 16:17
9136,1259,22,20.0,2025-07-06 09:06
9137,1463,19,16.0,2025-09-29 14:18
9138,226,6,10.0,2025-04-29 13:52
9139,1024,23,15.0,2024-12-16 21:03
9140,1286,25,29.5,2025-01-01 13:05
9141,199,14,22.5,2025-10-10 08:46
9142,841,1,31.0,2025-11-02 14:28
9143,2222,9,37.0,2025-08-23 10:56
9144,1572,15,19.5,2025-11-24 01:32
9145,1483,22,16.0,2025-01-30 08:55
9146,1045,24,21.5,2025-07-01 20:04
9147,2468,13,30.0,2025-01-08 22:18
9148,1983,25,21.5,2025-04-14 06:37
9149,459,12,24.0,2025-02-21 10:18
9150,221,25,28.0,2025-08-27 22:18
9151,1634,27,23.0,2025-11-15 06:09
9152,559,22,11.5,2025-11-22 13:21
9153,1618,27,31.5,2025-04-03 04:29
9154,1687,3,16.0,2025-04-01 19:35
9155,1517,17,35.5,2025-01-04 08:29
9156,1935,18,29.0,2025-06-01 03:13
9157,1883,3,13.0,2025-03-21 22:20
9158,342,26,24.5,2025-01-30 11:35
9159,709,5,26.5,2025-01-21 03:27
9160,760,23,5.5,2025-08-17 05:21
9161,2414,14,25.0,2025-11-21 00:46
9162,1674,11,10.5,2025-06-18 18:36
9163,1937,14,26.5,2024-12-29 10:28
9164,2333,6,16.0,2025-01-17 03:26
9165,79,8,24.5,2025-03-22 11:50
9166,108,15,5.0,2025-01-10 04:45
9167,354,15,35.0,2025-06-13 08:54
9168,1665,7,6.5,2025-05-11 03:18
9169,461,13,14.5,2025-10-02 09:49
9170,1918,6,9.5,2025-04-02 09:28
9171,1123,16,16.0,2025-01-26 10:20
9172,287,18,39.0,2025-01-28 23:15
9173,2357,15,11.0,2025-03-23 17:32
9174,195,25,5.5,2025-03-22 04:32
9175,1081,10,4.5,2025-04-28 00:37
9176,336,16,30.0,2025-07-04 21:18
9177,189,25,29.0,2025-10-26 06:46
9178,24,11,24.0,2025-04-23 04:14
9179,1051,27,10.0,2025-01-05 04:18
9180,384,7,16.0,2025-08-08 12:15
9181,1539,6,29.0,2025-09-27 01:42
9182,124,12,16.5,2025-06-25 12:36
9183,403,14,18.0,2025-01-16 06:28
9184,1404,23,27.0,2025-04-21 02:31
9185,1517,20,5.5,2025-08-16 06:32
9186,1032,14,27.0,2025-12-06 04:55
9187,980,9,4.5,2025-09-23 12:46
9188,1916,25,26.0,2025-01-16 17:15
9189,2200,14,5.5,2025-09-05 14:55
9190,2343,3,21.0,2025-04-27 04:54
9191,2161,3,19.5,2025-08-03 20:00
9192,1176,13,18.5,2025-01-23 07:05
9193,2237,5,36.0,2024-12-27 17:40
9194,417,23,16.0,2025-01-01 20:46
9195,579,8,9.0,2025-03-27 06:38
9196,1061,6,19.0,2025-01-02 13:30
9197,364,19,14.5,2025-03-16 02:04
9198,276,6,28.0,2025-11-01 20:51
9199,1898,11,20.5,2025-11-08 05:34
9200,1218,18,24.5,2025-08-23 03:04
9201,688,17,15.0,2025-01-10 01:43
9202,1192,11,16.5,2025-04-19 10:57
9203,1545,20,18.5,2025-08-23 19:00
9204,902,20,5.0,2025-03-14 18:17
9205,1888,19,22.5,2025-05-27 14:17
9206,1350,12,16.5,2025-11-05 12:58
9207,2492,25,5.5,2025-09-27 12:01
9208,422,14,23.5,2025-07-24 16:42
9209,1791,6,42.5,2025-11-16 09:03
9210,1244,13,24.0,2025-04-17 09:23
9211,413,7,23.5,2025-08-27 17:45
9212,382,7,25.0,2025-07-05 13:05
9213,2408,10,5.5,2025-01-25 08:02
9214,2459,27,30.5,2025-11-08 08:59
9215,1933,2,30.0,2025-08-16 05:24
9216,554,26,6.5,2025-01-27 22:42
9217,426,11,16.0,2025-08-31 04:53
9218,2213,16,18.0,2025-06-25 06:45
9219,1527,21,28.5,2025-02-12 15:46
9220,1067,7,9.5,2025-01-27 16:58
9221,1361,14,17.5,2025-08-04 16:19
9222,1138,19,25.0,2025-11-28 02:16
9223,2313,11,26.0,2024-12-18 05:39
9224,2257,11,24.0,2025-07-03 21:52
9225,1465,20,34.5,2024-12-17 04:54
9226,984,18,28.5,2025-10-21 04:37
9227,128,15,30.5,2025-02-21 01:12
9228,901,19,26.0,2025-11-26 11:33
9229,37,16,21.0,2025-05-21 03:45
9230,687,4,32.5,2025-10-25 01:10
9231,1506,14,4.5,2024-12-10 10:46
9232,499,12,20.0,2025-12-06 23:54
9233,1353,15,29.0,2025-05-23 23:16
9234,1676,22,14.5,2025-07-12 11:19
9235,649,25,16.0,2025-04-28 21:27
9236,1774,10,4.5,2025-09-12 01:29
9237,233,25,20.5,2025-05-19 17:10
9238,1590,12,24.0,2025-06-10 05:10
9239,54,13,21.5,2025-03-16 04:17
9240,2381,26,25.0,2025-06-12 02:19
9241,680,20,6.5,2025-05-15 04:18
9242,2102,25,14.5,2025-05-16 08:30
9243,1379,8,4.5,2025-11-06 07:06
9244,844,27,10.0,2025-05-14 01:44
9245,1475,6,5.5,2025-07-15 04:00
9246,2025,9,16.0,2025-10-13 07:26
9247,1307,4,32.5,2025-04-15 03:25
9248,138,22,16.0,2025-08-24 05:40
9249,557,7,35.0,2025-02-05 03:01
9250,2359,26,34.0,2025-07-05 15:00
9251,631,20,30.5,2025-07-04 02:29
9252,1293,27,18.5,2025-04-09 07:25
9253,1789,21,5.0,2025-07-11 03:41
9254,885,13,4.5,2025-06-27 06:46
9255,2472,7,26.5,2025-04-29 12:32
9256,1285,10,20.5,2025-01-13 03:35
9257,180,4,19.5,2025-11-18 21:27
9258,1124,25,18.0,2025-05-26 21:25
9259,682,11,14.0,2025-09-10 09:35
9260,2395,9,16.5,2025-07-13 10:46
9261,973,5,4.5,2025-06-01 20:13
9262,195,21,12.0,2025-12-01 19:29
9263,302,17,10.0,2025-11-08 11:31
9264,2348,11,34.0,2025-01-07 19:32
9265,2212,7,21.5,2025-11-23 23:05
9266,2007,26,9.5,2025-01-17 11:00
9267,1148,15,20.0,2025-01-23 05:53
9268,771,27,24.5,2025-04-24 15:51
9269,2495,16,31.0,2025-10-13 10:24
9270,1959,21,9.5,2025-07-01 23:38
9271,1573,7,31.5,2025-06-06 23:00
9272,87,4,31.0,2025-02-14 12:13
9273,23,25,29.0,2025-05-30 14:57
9274,76,14,11.0,2025-02-14 18:04
9275,656,27,17.0,2025-02-16 07:02
9276,1530,22,14.0,2025-06-20 22:26
9277,654,19,14.0,2025-10-10 07:14
9278,830,4,4.5,2025-06-21 07:23
9279,148,19,11.5,2025-08-31 12:21
9280,2182,17,11.5,2025-06-12 03:19
9281,473,13,19.0,2025-11-01 04:14
9282,1909,12,27.5,2025-03-11 18:39
9283,2061,20,34.0,2024-12-11 07:50
9284,2166,27,28.5,2025-04-17 16:42
9285,585,4,20.0,2025-11-03 09:03
9286,1929,3,19.0,2025-06-18 03:30
9287,1190,9,10.0,2025-09-04 10:14
9288,1087,21,23.5,2024-12-29 13:32
9289,1526,11,23.5,2025-05-04 05:10
9290,2092,13,16.0,2024-12-07 22:49
9291,1106,23,31.0,2025-05-01 20:38
9292,1787,19,5.5,2025-07-22 14:09
9293,832,3,5.5,2025-10-15 12:52
9294,1276,22,18.0,2025-03-28 02:59
9295,1854,18,20.0,2025-07-01 12:15
9296,211,19,10.5,2025-07-21 15:26
9297,1759,3,32.5,2025-05-01 06:28
9298,348,22,15.0,2025-10-25 03:39
9299,1766,14,22.5,2025-06-25 10:04
9300,894,21,9.5,2025-09-01 01:48
9301,2052,27,9.5,2025-07-09 04:55
9302,1009,4,6.5,2025-02-12 10:22
9303,37,6,19.5,2025-10-20 05:00
9304,2485,2,31.0,2025-02-26 14:19
9305,796,26,16.0,2024-12-24 06:47
9306,946,3,30.5,2025-06-11 20:41
9307,161,14,20.0,2025-08-28 21:53
9308,376,7,25.5,2025-01-18 11:32
9309,1429,2,26.5,2025-04-28 05:04
9310,41,27,21.5,2025-07-01 04:34
9311,1969,11,25.5,2025-03-26 20:12
9312,770,15,26.0,2025-02-27 11:17
9313,1842,5,10.0,2025-06-01 21:12
9314,1475,16,16.0,2025-05-12 06:27
9315,2350,22,10.0,2025-06-24 03:02
9316,2492,16,25.5,2025-10-12 20:37
9317,2498,25,26.5,2025-08-18 04:57
9318,2495,12,5.5,2024-12-08 21:59
9319,1779,19,24.5,2025-10-09 08:41
9320,548,16,5.5,2025-04-13 23:37
9321,691,1,19.5,2024-12-15 21:20
9322,1280,11,37.5,2025-09-06 05:01
9323,51,12,29.5,2025-04-22 03:34
9324,449,6,4.5,2025-04-24 06:29
9325,1151,22,11.0,2025-09-17 18:58
9326,244,4,32.5,2024-12-23 14:07
9327,887,26,6.5,2025-02-09 08:02
9328,1398,7,6.5,2025-09-19 07:46
9329,1623,23,5.0,2025-03-23 02:27
9330,2286,4,22.0,2025-03-31 12:25
9331,216,16,25.5,2025-03-12 03:46
9332,160,11,39.0,2025-03-13 09:51
9333,557,7,32.5,2025-03-13 01:55
9334,1824,9,11.0,2025-06-28 07:24
9335,193,14,17.0,2025-05-16 16:14
9336,1377,2,9.0,2025-06-28 20:31
9337,1878,5,15.0,2025-07-29 23:39
9338,1865,7,23.5,2025-11-13 07:40
9339,2278,1,26.0,2025-11-19 22:18
9340,1890,20,25.5,2025-10-29 06:43
9341,316,19,34.5,2025-04-20 17:03
9342,871,10,26.0,2025-11-08 23:57
9343,1385,2,15.0,2025-08-29 05:23
9344,1028,23,25.5,2025-07-29 22:29
9345,1197,13,20.5,2025-11-25 02:30
9346,1078,13,11.0,2025-08-30 16:35
9347,1858,5,30.5,2025-04-25 12:47
9348,1376,20,17.0,2025-09-15 04:02
9349,1683,18,5.5,2025-02-02 16:34
9350,1233,17,19.5,2025-05-04 17:23
9351,479,11,15.0,2024-12-08 13:28
9352,1364,9,5.0,2025-09-24 06:03
9353,1201,3,25.0,2025-03-07 05:47
9354,2474,13,11.0,2025-07-30 12:09
9355,1827,25,5.5,2025-11-21 21:50
9356,1234,26,10.5,2025-05-02 04:31
9357,1311,8,35.0,2025-05-03 17:30
9358,148,5,25.5,2025-09-10 12:54
9359,1775,24,10.0,2025-01-29 06:16
9360,1212,16,16.0,2025-05-22 21:33
9361,784,7,35.5,2025-04-22 02:21
9362,1491,4,24.0,2025-05-05 12:42
9363,606,3,19.0,2025-10-08 03:18
9364,1466,9,22.5,2025-08-14 01:57
9365,1329,22,16.0,2025-10-10 22:43
9366,855,17,5.5,2025-05-20 08:03
9367,664,11,15.0,2025-01-20 20:52
9368,2215,10,14.5,2025-08-17 06:03
9369,2082,9,14.5,2025-06-11 11:30
9370,1482,4,28.0,2024-12-18 17:28
9371,2076,13,10.5,2025-02-27 01:13
9372,1997,27,14.5,2025-03-04 11:02
9373,686,13,15.0,2025-09-27 05:43
9374,76,3,24.0,2025-09-24 20:24
9375,52,27,12.0,2025-03-09 22:51
9376,2134,21,6.5,2025-07-15 03:09
9377,1263,18,6.5,2025-03-18 11:11
9378,1587,4,22.0,2025-09-24 20:13
9379,1987,12,14.5,2024-12-27 00:26
9380,2262,21,9.5,2024-12-12 07:02
9381,1050,2,26.0,2025-09-01 11:10
9382,98,26,16.0,2025-04-16 18:48
9383,281,14,25.0,2025-04-01 09:13
9384,496,5,4.5,2025-06-05 06:16
9385,491,4,5.5,2025-07-22 04:50
9386,312,17,16.5,2025-02-09 17:40
9387,730,25,9.5,2025-01-02 20:26
9388,448,4,22.0,2025-08-21 11:35
9389,1312,7,4.5,2025-03-02 17:23
9390,1871,5,34.0,2025-01-25 23:28
9391,1388,11,9.5,2025-01-24 04:45
9392,1749,22,9.5,2025-11-27 20:32
9393,2030,18,24.5,2025-02-20 15:24
9394,1354,18,23.5,2025-01-02 11:43
9395,1800,1,12.0,2025-04-22 01:06
9396,1417,27,6.5,2025-12-06 12:43
9397,24,5,15.5,2025-02-20 20:09
9398,232,14,9.5,2025-10-09 00:42
9399,1453,24,26.5,2025-05-31 02:29
9400,129,17,23.0,2025-08-26 16:58
9401,1078,18,16.0,2025-08-16 03:48
9402,1748,13,5.0,2024-12-20 11:46
9403,589,3,10.5,2025-04-04 15:01
9404,1437,11,10.5,2025-01-20 18:48
9405,404,13,20.0,2025-09-14 16:02
9406,1288,2,33.0,2025-07-24 22:36
9407,1595,18,20.5,2025-07-22 10:36
9408,609,26,9.5,2025-11-04 17:19
9409,2477,26,9.5,2025-04-25 02:42
9410,1714,22,16.5,2025-11-05 05:04
9411,2145,12,9.5,2025-01-27 13:23
9412,1603,8,33.0,2024-12-24 05:40
9413,1691,20,20.0,2025-10-05 16:23
9414,830,6,26.0,2025-04-06 20:25
9415,1546,1,12.0,2025-08-23 13:43
9416,2385,4,30.5,2025-11-15 01:04
9417,1246,21,31.5,2025-05-17 09:12
9418,1963,1,29.0,2025-05-31 09:21
9419,962,27,30.0,2025-07-11 01:01
9420,1685,20,17.5,2025-06-28 23:12
9421,1382,17,10.5,2025-06-05 20:24
9422,2163,2,32.0,2025-07-13 09:49
9423,352,9,16.0,2025-11-12 00:49
9424,1713,16,31.0,2025-01-24 09:54
9425,1613,6,11.0,2025-04-03 13:22
9426,566,26,27.5,2025-07-16 08:49
9427,1903,11,28.5,2025-09-22 18:14
9428,246,15,5.0,2025-07-08 09:26
9429,407,19,25.0,2025-06-16 13:05
9430,2166,25,31.5,2025-01-07 14:31
9431,1090,14,16.5,2025-06-18 23:42
9432,2451,15,27.5,2025-09-19 19:29
9433,1131,27,35.5,2025-09-07 15:22
9434,174,4,31.0,2025-03-23 16:41
9435,1328,6,26.0,2025-07-11 15:51
9436,1989,27,29.5,2025-03-21 21:26
9437,8,9,19.5,2025-02-11 01:19
9438,1703,15,5.5,2025-10-30 09:56
9439,950,6,18.0,2025-10-12 02:50
9440,1651,5,14.5,2025-09-09 21:57
9441,440,4,26.0,2025-07-17 10:01
9442,819,4,35.0,2025-07-22 18:11
9443,2098,24,16.0,2025-10-04 09:17
9444,112,14,11.5,2025-10-02 07:18
9445,2066,22,30.0,2025-09-02 20:30
9446,603,17,9.5,2025-09-11 20:52
9447,27,6,6.5,2025-05-30 00:33
9448,2148,16,26.5,2025-02-24 23:46
9449,2039,27,9.5,2025-01-21 11:35
9450,2142,23,35.0,2025-04-26 05:50
9451,740,24,31.5,2024-12-30 07:53
9452,2275,24,16.0,2025-05-04 14:24
9453,551,1,11.0,2025-05-17 05:26
9454,2142,19,24.5,2025-06-05 03:19
9455,1903,11,22.0,2025-08-22 10:46
9456,2321,2,35.5,2025-04-12 13:32
9457,2389,26,6.5,2025-11-27 20:31
9458,1569,18,17.0,2025-01-07 04:09
9459,1533,1,29.0,2024-12-24 12:55
9460,1168,23,20.5,2025-07-16 14:45
9461,1020,23,24.0,2024-12-23 22:24
9462,2388,26,26.0,2025-01-20 07:00
9463,1038,27,30.0,2025-05-26 21:45
9464,1384,18,9.5,2025-11-05 04:14
9465,1230,22,22.5,2025-03-03 01:16
9466,1663,15,24.5,2024-12-29 09:26
9467,1691,27,22.0,2025-11-22 02:53
9468,1624,19,26.5,2025-07-27 20:48
9469,159,3,30.5,2025-11-06 10:16
9470,472,26,6.5,2025-04-10 01:52
9471,1513,21,23.5,2025-10-05 09:58
9472,2050,11,35.0,2025-04-05 22:23
9473,2291,15,4.5,2025-08-17 07:21
9474,2069,4,26.0,2025-12-02 22:56
9475,561,16,23.0,2025-05-08 18:20
9476,2150,1,5.5,2025-11-17 20:34
9477,1176,17,23.0,2025-03-26 00:11
9478,176,25,9.5,2025-03-31 13:55
9479,476,17,24.0,2025-09-09 08:04
9480,559,11,11.5,2025-03-27 09:42
9481,1165,26,28.0,2025-01-02 00:43
9482,1404,8,10.5,2025-10-08 21:36
9483,369,10,17.0,2025-01-06 16:29
9484,1115,2,18.5,2025-08-29 10:42
9485,2375,25,9.5,2025-09-07 01:04
9486,421,25,36.5,2025-01-26 14:23
9487,2377,23,26.5,2025-08-05 15:41
9488,182,25,15.5,2025-06-30 15:21
9489,503,3,6.5,2025-09-03 20:05
9490,1826,12,10.0,2025-08-14 01:08
9491,1225,4,19.5,2025-11-14 09:50
9492,1935,20,22.0,2025-06-12 02:52
9493,1398,26,5.5,2024-12-21 00:31
9494,418,26,20.0,2025-08-11 12:29
9495,1384,17,27.0,2025-08-14 02:57
9496,1004,7,19.5,2025-03-21 18:26
9497,2199,17,4.5,2025-11-17 22:35
9498,918,12,29.0,2025-10-17 18:44
9499,1532,16,20.0,2025-04-26 10:18
9500,2285,5,14.5,2025-04-19 16:30
9501,2004,1,11.5,2025-03-22 02:19
9502,2069,19,9.5,2025-04-02 19:26
9503,459,13,17.0,2025-11-19 21:53
9504,2031,25,29.0,2025-04-23 01:55
9505,1887,1,5.0,2025-08-14 11:20
9506,2203,16,16.0,2025-04-11 12:18
9507,1330,25,19.5,2025-05-07 19:01
9508,1863,13,24.0,2025-02-24 12:07
9509,2291,1,22.5,2025-09-17 02:05
9510,1916,19,25.5,2024-12-12 14:07
9511,1193,15,14.5,2025-05-24 09:43
9512,1010,7,11.5,2025-04-24 01:23
9513,853,26,6.5,2025-10-17 15:48
9514,249,1,21.0,2025-11-08 02:13
9515,328,1,9.0,2025-01-14 10:11
9516,2023,16,29.5,2025-09-19 22:36
9517,523,15,14.0,2025-07-08 02:17
9518,1941,26,14.0,2025-08-13 01:33
9519,2493,9,5.5,2025-08-30 05:42
9520,280,23,37.5,2025-05-31 00:21
9521,870,16,9.5,2025-05-11 10:37
9522,1062,20,25.0,2025-06-13 07:42
9523,624,20,11.0,2025-07-04 06:11
9524,379,8,27.0,2025-09-29 04:53
9525,1843,6,29.0,2025-01-08 12:20
9526,2102,22,31.0,2025-04-12 15:50
9527,1446,11,26.0,2025-09-14 08:18
9528,1790,7,9.0,2025-09-14 00:27
9529,98,23,5.0,2025-03-18 22:29
9530,47,25,28.0,2025-08-12 03:28
9531,232,17,25.0,2025-05-27 08:04
9532,1026,19,24.5,2025-11-14 08:50
9533,1502,26,19.0,2025-12-01 08:45
9534,1923,19,11.0,2025-01-11 11:49
9535,1232,12,9.5,2025-03-21 05:16
9536,360,24,33.5,2025-05-27 17:30
9537,566,3,10.0,2025-09-05 05:49
9538,1136,3,30.5,2025-10-19 15:43
9539,1782,11,26.5,2025-04-29 23:00
9540,200,16,10.5,2025-06-05 17:24
9541,1469,11,19.0,2025-01-04 22:46
9542,23,12,11.0,2025-07-31 12:17
9543,1749,21,19.0,2025-08-25 09:56
9544,366,27,29.0,2025-04-10 23:53
9545,2232,26,21.0,2025-11-28 08:55
9546,893,9,16.0,2025-09-19 05:35
9547,2431,22,12.0,2025-07-28 20:43
9548,1293,14,17.0,2025-01-04 12:00
9549,396,11,38.5,2025-04-30 20:12
9550,2461,16,29.5,2025-09-11 23:25
9551,1122,23,10.5,2025-04-24 00:47
9552,1186,9,26.5,2025-06-25 20:53
9553,377,25,26.5,2025-02-10 19:52
9554,1252,24,30.5,2025-03-03 04:20
9555,965,18,24.5,2025-01-23 11:38
9556,77,25,29.5,2025-08-24 05:43
9557,102,11,9.0,2025-06-26 23:09
9558,1473,24,14.5,2025-06-13 02:25
9559,730,5,24.5,2025-05-16 15:58
9560,70,12,31.0,2025-06-18 13:19
9561,885,10,16.5,2025-05-19 21:41
9562,331,20,33.0,2025-05-04 03:36
9563,602,1,34.0,2025-05-11 08:01
9564,2195,1,9.0,2025-01-11 21:09
9565,1657,7,28.5,2025-08-16 23:18
9566,823,13,35.5,2025-05-30 17:38
9567,2280,9,22.5,2025-04-02 15:29
9568,315,6,6.5,2025-09-29 15:33
9569,502,20,26.5,2025-07-22 21:50
9570,1637,10,6.5,2025-04-05 09:03
9571,1813,3,10.5,2025-08-12 21:12
9572,4,26,10.5,2025-06-13 17:24
9573,1283,9,5.5,2025-06-01 16:33
9574,1279,19,11.5,2025-03-30 12:09
9575,1845,13,29.0,2025-07-09 10:34
9576,997,17,9.5,2025-04-02 13:37
9577,2386,27,14.5,2025-04-19 09:21
9578,1316,17,5.5,2025-08-14 19:15
9579,1608,5,24.0,2025-09-04 13:46
9580,1858,1,26.5,2025-07-25 22:14
9581,1692,5,11.0,2024-12-31 20:30
9582,2372,15,11.5,2025-05-30 17:04
9583,285,16,26.5,2025-02-10 22:23
9584,1745,16,15.0,2025-02-16 16:37
9585,2174,15,16.5,2025-03-11 02:21
9586,2279,20,26.5,2025-03-23 16:41
9587,1048,12,5.0,2025-09-19 22:20
9588,1418,21,31.5,2025-07-02 05:17
9589,1089,3,34.5,2025-09-15 00:33
9590,1478,20,5.0,2025-11-11 23:17
9591,2187,27,11.0,2025-04-29 18:12
9592,2131,11,25.5,2025-07-27 04:57
9593,112,12,31.5,2025-04-01 13:15
9594,2309,4,14.5,2025-03-24 09:33
9595,553,15,20.5,2025-11-06 07:23
9596,1874,15,24.5,2025-12-05 23:51
9597,560,12,19.0,2025-03-14 04:17
9598,201,21,9.5,2024-12-10 07:31
9599,916,3,9.0,2025-02-17 06:36
9600,2082,10,10.0,2025-04-17 10:40
9601,1101,21,5.5,2025-06-18 11:13
9602,793,1,9.5,2025-05-06 11:50
9603,1019,24,14.0,2025-08-25 10:29
9604,155,2,16.5,2025-01-15 12:56
9605,1177,5,24.5,2025-01-29 14:56
9606,1525,13,30.0,2025-04-03 03:03
9607,1183,4,19.0,2024-12-10 04:22
9608,1092,5,9.5,2025-06-15 17:24
9609,1111,27,34.5,2025-01-10 02:52
9610,81,20,20.5,2025-02-10 03:20
9611,18,2,32.0,2024-12-17 14:57
9612,1306,27,9.5,2025-03-11 02:07
9613,480,20,4.5,2025-01-13 14:33
9614,944,15,13.0,2025-05-17 13:12
9615,1862,13,14.0,2025-05-27 09:49
9616,278,19,38.0,2025-01-06 05:58
9617,469,22,26.0,2025-07-25 22:44
9618,2119,9,18.0,2025-03-26 17:47
9619,2319,18,5.0,2025-06-16 07:36
9620,34,1,4.5,2025-03-11 22:15
9621,1089,8,17.0,2025-01-08 00:54
9622,2274,14,27.5,2025-11-29 17:10
9623,2060,10,16.0,2025-01-04 02:08
9624,2057,4,15.0,2025-05-06 19:32
9625,482,14,25.0,2025-05-06 07:27
9626,274,15,16.5,2025-03-05 13:31
9627,1744,25,11.5,2025-01-18 14:57
9628,1793,9,9.5,2025-10-12 18:56
9629,442,1,20.0,2025-09-02 12:19
9630,2085,1,19.5,2025-07-11 16:37
9631,653,9,29.5,2025-01-11 05:31
9632,2408,21,9.0,2025-04-14 04:16
9633,1969,18,16.0,2024-12-12 20:05
9634,2115,5,26.0,2025-01-20 23:46
9635,1219,24,5.0,2025-10-09 17:33
9636,791,3,37.0,2025-09-22 10:52
9637,1700,8,33.5,2025-08-04 13:03
9638,299,19,6.5,2025-10-23 10:09
9639,584,16,33.5,2025-06-06 22:17
9640,1848,3,19.0,2025-02-04 23:29
9641,2012,8,15.0,2025-07-04 12:53
9642,535,22,37.5,2025-07-20 04:01
9643,1904,6,14.5,2025-10-30 04:32
9644,60,1,15.0,2025-07-16 10:02
9645,1596,13,21.5,2025-07-03 08:57
9646,1941,10,32.5,2025-11-29 08:34
9647,1628,13,9.5,2025-02-24 19:46
9648,1517,22,26.0,2025-05-24 02:32
9649,2157,11,10.5,2024-12-20 05:35
9650,2173,10,13.0,2025-05-13 14:16
9651,809,4,19.0,2025-02-03 01:12
9652,1936,19,30.0,2025-04-01 16:49
9653,664,19,30.5,2025-02-11 09:36
9654,19,12,27.0,2025-09-04 15:13
9655,1606,11,21.0,2025-03-20 12:49
9656,2401,20,38.5,2025-01-21 01:34
9657,1097,16,20.5,2025-05-23 13:56
9658,212,1,14.0,2025-04-17 14:55
9659,2289,27,19.0,2025-04-16 20:08
9660,1896,13,13.5,2025-08-25 06:08
9661,568,9,10.0,2025-05-18 06:27
9662,2025,15,22.0,2024-12-11 10:16
9663,329,7,14.0,2025-11-08 12:31
9664,922,11,26.5,2025-11-20 01:08
9665,1163,17,24.0,2025-08-30 06:53
9666,1868,21,31.0,2025-05-28 17:21
9667,1002,1,29.5,2025-09-12 19:51
9668,181,2,36.0,2025-01-03 10:02
9669,2273,13,21.5,2025-05-29 00:08
9670,993,10,11.0,2025-04-10 19:00
9671,954,23,15.5,2025-02-08 02:12
9672,1273,14,32.0,2025-09-24 10:56
9673,1667,21,10.0,2025-01-14 02:40
9674,228,21,28.0,2025-06-19 01:44
9675,2344,6,26.0,2025-02-04 11:55
9676,915,8,9.0,2025-01-20 06:32
9677,168,10,34.5,2025-05-03 09:20
9678,1314,12,10.5,2025-11-07 02:12
9679,1516,17,18.0,2025-06-13 17:30
9680,747,10,9.5,2025-09-18 19:48
9681,1908,13,24.5,2025-10-01 18:30
9682,138,11,14.0,2025-05-26 11:54
9683,2347,8,21.0,2025-02-27 19:27
9684,1487,6,10.5,2025-03-04 16:00
9685,385,9,33.5,2025-03-19 15:04
9686,1202,12,35.5,2025-10-18 13:30
9687,2029,7,23.5,2025-06-02 03:48
9688,1638,1,19.5,2025-10-23 16:33
9689,1062,9,34.5,2025-04-04 19:40
9690,905,18,21.0,2025-11-07 22:44
9691,60,11,19.5,2025-01-28 01:20
9692,1152,12,15.0,2025-08-03 04:30
9693,1908,24,6.5,2025-01-06 18:10
9694,1618,22,16.0,2025-06-02 18:06
9695,1751,9,6.5,2025-07-09 02:14
9696,239,13,27.5,2025-11-08 21:57
9697,2273,2,11.5,2025-05-23 13:28
9698,268,1,30.5,2025-03-03 08:57
9699,2330,19,10.5,2025-07-12 18:25
9700,1677,21,32.5,2025-03-03 02:44
9701,985,3,16.0,2025-05-25 05:41
9702,709,20,5.5,2025-07-12 22:42
9703,1066,22,28.0,2025-04-20 09:25
9704,1360,16,14.0,2025-04-27 11:08
9705,1763,12,13.0,2025-11-03 20:13
9706,592,7,9.5,2025-06-14 21:28
9707,111,13,31.5,2025-05-04 19:14
9708,1604,1,25.5,2025-06-05 10:05
9709,1775,24,19.0,2025-07-29 13:46
9710,1218,18,23.0,2025-05-18 07:07
9711,180,5,5.0,2024-12-20 16:59
9712,2292,17,4.5,2024-12-24 15:49
9713,56,11,32.0,2025-10-05 01:36
9714,2394,3,30.0,2025-10-27 00:03
9715,255,11,30.5,2025-11-03 10:14
9716,1758,24,16.5,2025-08-11 10:46
9717,25,2,32.0,2025-07-25 03:18
9718,871,15,19.0,2025-04-01 14:10
9719,863,22,19.5,2025-02-13 18:21
9720,823,4,5.0,2025-07-03 11:22
9721,1099,9,16.0,2025-05-19 17:49
9722,1487,11,28.0,2024-12-08 21:55
9723,885,6,31.0,2025-10-18 21:09
9724,1282,11,29.0,2025-07-07 09:39
9725,151,25,15.5,2025-06-21 12:08
9726,383,14,32.0,2025-06-27 14:56
9727,262,21,24.0,2025-01-17 10:37
9728,1252,27,21.5,2025-02-28 00:42
9729,692,8,15.0,2025-06-04 22:00
9730,1330,2,22.5,2025-11-12 23:33
9731,1388,23,21.0,2025-01-05 08:43
9732,1843,8,17.0,2025-07-03 18:20
9733,137,18,4.5,2025-03-24 00:22
9734,1377,10,16.5,2025-10-09 22:21
9735,449,25,22.5,2024-12-25 09:20
9736,2219,12,27.0,2025-04-19 14:57
9737,1118,15,10.5,2025-06-23 16:12
9738,307,14,37.0,2025-05-20 15:02
9739,2304,1,11.0,2025-04-26 22:47
9740,1744,4,13.5,2025-02-16 19:30
9741,1806,2,31.5,2025-07-15 18:10
9742,494,8,32.0,2025-09-25 23:18
9743,1804,5,34.0,2025-04-08 03:32
9744,620,23,40.0,2025-08-10 14:41
9745,1356,8,23.5,2025-10-20 15:56
9746,1107,16,25.5,2025-10-01 20:53
9747,1676,13,21.5,2025-06-12 19:23
9748,1789,18,16.0,2025-07-01 03:34
9749,171,8,4.5,2025-09-15 10:08
9750,1264,16,20.0,2025-07-14 04:22
9751,382,13,11.5,2025-12-06 23:53
9752,567,24,4.5,2025-08-24 13:08
9753,605,18,19.5,2025-11-03 06:56
9754,1574,15,28.0,2025-08-13 03:20
9755,1233,7,31.0,2024-12-10 16:45
9756,2100,15,29.0,2025-04-25 23:09
9757,1275,25,31.5,2025-04-18 06:24
9758,2072,24,9.5,2025-08-06 20:07
9759,50,25,10.0,2025-06-26 07:52
9760,1391,26,4.5,2025-10-22 21:42
9761,2290,27,27.0,2025-04-06 11:20
9762,2034,11,14.0,2025-09-02 22:40
9763,1875,22,4.5,2025-11-15 18:26
9764,938,8,16.0,2025-03-22 06:17
9765,2343,8,40.5,2025-08-14 21:01
9766,1740,7,26.0,2025-06-07 17:58
9767,1402,14,26.0,2025-01-20 00:35
9768,788,2,17.5,2025-08-22 23:50
9769,1965,2,31.5,2025-04-22 08:16
9770,1363,18,5.0,2025-04-29 03:08
9771,973,11,5.0,2025-11-10 11:51
9772,914,22,36.5,2025-10-13 16:12
9773,1092,9,28.5,2025-03-22 17:13
9774,1960,17,24.5,2025-05-01 12:32
9775,1553,14,11.5,2025-05-30 10:53
9776,840,3,18.5,2024-12-09 12:52
9777,1916,11,4.5,2025-05-26 19:46
9778,180,24,9.5,2025-05-17 17:07
9779,117,18,9.5,2025-11-06 20:28
9780,1269,18,34.0,2025-12-01 20:32
9781,1982,23,4.5,2025-04-17 12:44
9782,1369,16,27.0,2025-11-20 23:04
9783,502,19,32.0,2024-12-29 05:08
9784,196,12,15.5,2025-01-24 15:33
9785,1078,6,26.5,2025-06-29 15:52
9786,1079,13,17.0,2025-04-11 21:27
9787,2056,17,25.5,2025-03-07 12:00
9788,443,9,4.5,2025-04-29 08:20
9789,207,17,9.5,2025-01-22 15:27
9790,18,7,15.5,2025-05-31 19:19
9791,1448,13,17.0,2025-06-20 22:20
9792,794,9,12.0,2025-07-15 12:00
9793,781,25,14.5,2025-11-25 16:19
9794,2031,12,6.5,2025-08-26 19:04
9795,1259,24,10.5,2025-11-29 09:36
9796,1800,9,25.5,2025-10-09 06:41
9797,176,7,12.0,2025-04-12 17:12
9798,1986,13,15.0,2025-03-16 03:30
9799,1458,5,22.5,2025-01-22 16:54
9800,2152,21,29.5,2025-10-08 23:18
9801,2415,17,20.0,2025-01-20 04:48
9802,1697,26,16.0,2025-08-31 23:22
9803,2073,21,25.5,2025-07-07 22:03
9804,1240,4,26.0,2025-07-23 00:05
9805,1447,19,31.5,2025-07-08 21:53
9806,2217,18,31.5,2025-08-10 12:06
9807,2130,22,15.5,2025-08-09 15:51
9808,801,6,26.0,2025-06-24 06:54
9809,464,2,6.5,2025-10-26 07:16
9810,123,15,29.0,2025-05-12 21:42
9811,1171,7,22.5,2025-07-02 03:36
9812,1099,1,9.5,2025-01-27 22:40
9813,810,24,4.5,2025-08-20 15:54
9814,1790,23,14.5,2025-08-30 12:22
9815,46,21,16.0,2025-01-06 18:44
9816,1641,18,34.0,2025-09-10 15:08
9817,2037,4,9.5,2025-06-08 01:19
9818,770,3,34.5,2025-09-07 08:55
9819,1773,18,37.0,2025-01-17 02:12
9820,337,4,5.5,2025-09-17 05:23
9821,1140,19,19.5,2025-08-20 13:41
9822,1555,18,9.5,2025-08-27 11:08
9823,220,4,30.0,2024-12-30 00:37
9824,848,10,4.5,2025-04-15 18:04
9825,1086,9,31.0,2025-11-13 13:16
9826,1521,26,21.5,2025-05-01 19:13
9827,1802,8,4.5,2025-01-13 21:18
9828,1297,3,31.5,2025-05-01 20:04
9829,880,27,24.0,2025-04-11 19:49
9830,112,27,22.0,2025-03-29 04:39
9831,447,19,14.0,2024-12-14 06:58
9832,1719,26,21.5,2025-01-03 00:19
9833,1611,12,14.5,2025-04-16 05:55
9834,1043,15,23.5,2025-02-10 20:51
9835,1029,20,25.5,2024-12-07 05:06
9836,1897,3,12.0,2025-04-27 20:21
9837,1379,24,14.0,2025-09-06 03:20
9838,413,6,4.5,2025-03-16 10:55
9839,825,21,9.0,2025-01-27 10:04
9840,1347,27,20.5,2025-06-05 10:34
9841,1247,22,21.0,2025-01-03 09:37
9842,1133,24,9.5,2025-03-30 11:02
9843,257,22,26.0,2025-05-12 18:06
9844,589,14,4.5,2025-09-24 20:29
9845,1568,3,23.5,2024-12-25 00:02
9846,1077,18,23.0,2025-01-17 16:13
9847,2370,5,34.5,2025-09-20 12:44
9848,2443,11,4.5,2025-07-26 16:23
9849,1259,18,15.0,2024-12-09 20:02
9850,1772,13,26.0,2025-11-17 08:21
9851,967,10,5.5,2025-08-17 06:38
9852,1259,24,5.0,2025-08-27 01:36
9853,1982,26,24.5,2025-04-11 22:44
9854,2043,11,15.0,2025-03-09 15:53
9855,1077,3,39.0,2025-03-09 23:50
9856,1628,22,19.5,2025-01-03 18:26
9857,386,9,5.5,2025-11-04 00:50
9858,1562,5,15.0,2025-11-27 12:34
9859,465,11,9.5,2025-08-28 20:18
9860,1279,7,12.0,2025-11-30 22:58
9861,1249,20,5.5,2025-02-18 02:36
9862,780,5,33.5,2024-12-29 01:22
9863,382,1,30.5,2025-11-19 13:44
9864,124,6,19.0,2024-12-07 11:35
9865,1731,3,4.5,2025-01-06 08:26
9866,205,4,9.0,2025-02-27 14:48
9867,316,9,6.5,2025-10-06 17:31
9868,485,2,36.0,2025-11-06 05:33
9869,1271,20,26.5,2025-08-24 04:33
9870,272,5,30.0,2025-09-09 07:22
9871,1352,13,15.0,2025-05-13 16:21
9872,1653,3,21.0,2025-05-08 21:40
9873,1405,8,24.5,2025-07-22 21:27
9874,2022,26,24.5,2024-12-12 02:30
9875,1672,15,9.0,2024-12-31 00:16
9876,2075,14,26.0,2025-01-12 19:28
9877,1150,16,10.5,2025-08-26 02:44
9878,2440,22,24.5,2025-08-08 16:38
9879,358,20,11.0,2025-05-26 18:52
9880,1987,13,11.0,2025-04-12 13:11
9881,1675,17,20.5,2025-01-01 04:08
9882,145,23,6.5,2024-12-20 06:50
9883,1284,11,5.0,2024-12-31 20:00
9884,486,19,17.5,2025-06-07 01:41
9885,977,16,30.0,2025-04-15 18:59
9886,853,27,18.0,2025-10-07 22:15
9887,1005,15,29.5,2024-12-20 06:46
9888,538,14,10.0,2025-09-18 16:06
9889,525,20,9.5,2024-12-25 20:50
9890,2174,11,13.0,2024-12-23 10:20
9891,2000,27,6.5,2025-02-11 07:17
9892,200,21,14.0,2025-09-25 23:00
9893,507,24,11.0,2025-02-14 12:57
9894,427,25,4.5,2025-12-03 15:53
9895,351,17,19.5,2025-03-06 08:58
9896,1370,26,32.0,2025-09-10 06:53
9897,148,21,26.0,2025-05-29 22:04
9898,679,19,20.5,2025-05-01 04:11
9899,92,27,34.5,2025-02-23 23:31
9900,2241,6,33.5,2025-12-03 00:26
9901,2382,5,37.5,2025-06-22 21:21
9902,1783,4,17.0,2025-08-11 12:50
9903,1509,10,14.5,2025-07-11 09:13
9904,2112,23,25.5,2025-03-28 18:55
9905,1944,20,4.5,2025-06-12 02:19
9906,903,1,29.5,2025-11-23 10:48
9907,1191,22,5.0,2025-09-30 07:11
9908,1561,13,9.0,2024-12-12 18:13
9909,2370,25,13.0,2025-04-23 17:05
9910,741,11,26.0,2025-03-21 02:57
9911,984,24,24.5,2025-09-30 21:41
9912,1573,8,27.5,2025-05-04 07:31
9913,810,20,14.5,2025-07-09 05:37
9914,2011,2,18.5,2025-04-24 16:27
9915,1664,4,26.0,2025-09-02 15:43
9916,1962,18,25.5,2024-12-08 16:17
9917,2396,23,22.0,2025-07-01 12:01
9918,1546,13,27.5,2025-11-29 17:42
9919,2225,26,22.5,2025-07-10 00:54
9920,310,5,22.0,2025-08-04 11:08
9921,338,14,22.0,2025-12-01 23:50
9922,1264,15,32.0,2025-06-20 20:27
9923,1223,20,6.5,2025-02-18 20:04
9924,2113,24,13.0,2025-04-09 05:11
9925,1106,8,10.5,2025-08-18 20:49
9926,2114,3,16.0,2025-03-10 04:00
9927,1553,10,5.0,2025-08-17 18:48
9928,1767,2,19.5,2025-01-15 04:21
9929,1934,12,21.5,2025-02-20 06:47
9930,1822,4,33.0,2025-04-26 19:41
9931,1339,25,4.5,2025-07-21 11:35
9932,24,17,23.0,2025-05-15 04:02
9933,906,17,5.5,2025-12-02 22:53
9934,1338,6,6.5,2025-10-12 11:00
9935,2462,11,28.5,2025-05-30 19:27
9936,1826,5,11.0,2025-01-26 22:11
9937,2500,5,21.5,2025-05-01 10:04
9938,1502,4,14.5,2024-12-10 23:30
9939,295,20,15.0,2025-07-12 21:26
9940,1457,26,9.0,2025-03-03 17:29
9941,229,21,16.0,2025-05-05 21:14
9942,226,15,27.0,2025-11-13 15:45
9943,1956,17,30.0,2025-01-08 08:30
9944,414,10,17.5,2025-07-21 12:44
9945,1647,22,25.5,2024-12-19 02:14
9946,2142,13,22.0,2025-11-30 21:51
9947,1489,17,27.5,2025-10-07 21:18
9948,188,5,5.0,2025-07-25 09:41
9949,955,24,16.0,2025-11-07 14:24
9950,1915,6,21.0,2025-04-07 12:49
9951,1412,27,16.0,2025-02-14 16:31
9952,1887,5,16.5,2025-01-27 00:07
9953,345,21,4.5,2025-10-19 19:17
9954,396,7,27.0,2025-04-11 05:59
9955,190,3,4.5,2025-01-18 01:29
9956,1107,11,5.5,2025-10-03 08:18
9957,456,15,21.0,2025-06-10 18:12
9958,1091,10,22.5,2025-03-18 19:04
9959,2206,15,26.5,2025-09-02 03:00
9960,1837,19,21.0,2025-02-15 01:39
9961,1273,18,4.5,2025-09-19 03:30
9962,538,20,4.5,2025-03-22 00:36
9963,884,1,23.5,2025-08-16 16:13
9964,1664,20,26.0,2025-01-19 11:43
9965,661,12,37.5,2025-06-26 20:53
9966,1759,10,32.0,2025-04-16 18:57
9967,2311,11,9.5,2025-08-09 13:39
9968,1278,3,21.5,2025-08-29 17:03
9969,2093,16,13.5,2025-09-12 06:36
9970,962,25,22.0,2025-11-08 05:28
9971,1718,9,12.0,2025-01-31 21:29
9972,1338,15,22.0,2025-10-06 10:11
9973,1312,22,4.5,2025-08-21 03:56
9974,2417,24,15.0,2025-12-06 08:42
9975,2489,17,37.5,2025-05-30 08:22
9976,536,18,29.5,2025-03-02 12:37
9977,938,25,16.0,2025-04-29 08:39
9978,1046,15,11.0,2025-07-14 03:04
9979,931,26,26.0,2025-01-13 16:02
9980,2140,12,16.0,2025-10-13 22:33
9981,2237,25,9.0,2025-07-28 09:50
9982,958,3,35.5,2025-01-08 11:15
9983,483,17,26.0,2025-04-28 11:45
9984,1948,26,34.5,2025-11-13 21:42
9985,88,16,17.0,2025-11-10 11:01
9986,1056,11,20.5,2025-07-10 03:36
9987,1447,19,29.5,2025-11-03 13:05
9988,2390,10,27.5,2025-11-12 16:40
9989,1704,1,10.5,2025-06-11 13:27
9990,123,7,22.5,2025-08-22 05:31
9991,896,8,5.0,2025-07-18 07:33
9992,1833,24,4.5,2025-03-31 22:42
9993,1693,27,5.0,2025-06-04 10:16
9994,1761,23,30.5,2025-11-03 20:24
9995,1798,11,6.5,2024-12-14 16:22
9996,1234,7,31.5,2025-11-17 11:27
9997,826,27,15.0,2025-03-30 12:16
9998,459,10,25.5,2024-12-25 01:36
9999,632,21,29.0,2025-02-21 14:48
10000,535,16,20.0,2025-07-02 09:59
10001,1179,6,32.0,2025-02-04 16:57
10002,1935,6,22.0,2025-12-06 06:05
10003,202,8,31.0,2025-06-12 09:08
10004,1352,16,15.5,2025-10-26 04:25
10005,214,27,20.5,2025-02-08 22:20
10006,1903,14,29.0,2025-04-05 11:07
10007,1572,7,19.5,2025-06-08 01:00
10008,685,26,27.0,2025-02-13 23:51
10009,603,22,21.0,2025-02-01 08:57
10010,1446,13,31.5,2025-05-03 03:47
10011,1860,17,29.0,2025-09-17 21:23
10012,694,7,19.0,2025-07-11 05:16
10013,905,1,11.5,2025-06-01 07:54
10014,683,27,14.5,2025-01-22 17:14
10015,2137,2,11.0,2025-01-12 13:11
10016,2159,3,31.0,2025-08-12 14:34
10017,1862,26,15.5,2025-04-28 06:40
10018,1863,18,18.0,2025-04-04 15:29
10019,1967,17,19.5,2025-01-22 01:17
10020,2272,27,19.0,2024-12-09 14:34
10021,399,1,10.5,2025-09-16 16:10
10022,249,13,14.5,2025-02-14 03:46
10023,2292,8,13.0,2025-10-21 09:04
10024,1542,10,28.5,2025-06-06 22:23
10025,2259,20,5.0,2024-12-28 14:20
10026,393,7,5.0,2025-11-16 15:18
10027,540,19,24.5,2025-08-11 19:49
10028,1749,3,21.5,2025-02-15 15:17
10029,679,24,34.0,2025-04-24 22:45
10030,2233,24,4.5,2025-09-17 09:23
10031,307,25,4.5,2025-02-07 08:40
10032,2029,15,38.0,2025-09-22 13:37
10033,1136,2,9.5,2025-02-25 17:13
10034,2307,1,26.0,2025-08-19 22:45
10035,556,26,35.0,2025-07-25 10:55
10036,2479,1,25.5,2025-05-15 18:18
10037,2141,19,5.0,2025-02-14 09:33
10038,163,7,22.0,2025-02-02 22:09
10039,2081,10,24.5,2025-09-17 12:37
10040,1062,8,26.0,2025-05-26 22:13
10041,2214,16,28.0,2025-11-02 04:37
10042,1042,22,29.5,2025-09-24 08:35
10043,2052,1,15.5,2025-02-25 21:45
10044,1672,14,6.5,2025-02-06 10:42
10045,2426,13,14.0,2025-05-24 22:28
10046,1841,5,30.5,2024-12-12 10:31
10047,858,18,20.5,2025-02-18 23:10
10048,2096,11,20.0,2025-10-03 23:17
10049,1956,26,15.0,2025-08-20 13:52
10050,115,13,24.5,2025-09-27 22:31
10051,384,8,11.0,2024-12-31 19:59
10052,388,9,11.5,2025-08-13 11:24
10053,237,26,6.5,2025-03-23 01:50
10054,2232,1,34.0,2025-09-04 17:08
10055,1328,10,6.5,2025-01-18 08:08
10056,2376,26,10.0,2025-03-03 10:46
10057,1087,12,5.0,2025-08-17 11:26
10058,805,1,13.0,2025-11-01 01:04
10059,1938,4,5.5,2025-09-18 23:09
10060,67,26,9.5,2025-03-06 04:56
10061,1421,7,14.0,2025-10-12 17:38
10062,1524,23,5.0,2025-07-05 23:01
10063,1261,11,29.5,2025-06-27 22:56
10064,2128,5,19.5,2025-03-18 19:09
10065,1868,22,9.5,2025-06-19 14:43
10066,713,19,5.5,2025-02-03 03:53
10067,861,10,15.0,2025-07-02 20:10
10068,829,15,6.5,2025-05-17 01:21
10069,1112,21,16.0,2025-08-09 05:27
10070,1711,22,13.0,2025-03-20 17:01
10071,1042,9,27.0,2025-09-08 14:08
10072,1977,12,17.5,2025-02-16 02:40
10073,1603,5,10.5,2025-04-29 08:59
10074,2321,10,15.0,2024-12-29 23:45
10075,353,19,29.5,2025-10-24 04:11
10076,632,9,27.0,2025-09-15 05:02
10077,867,26,19.5,2025-09-26 17:42
10078,1876,12,16.5,2025-05-13 22:46
10079,1197,11,16.0,2025-02-03 08:09
10080,978,4,28.5,2025-02-23 18:49
10081,2357,1,21.0,2025-02-13 23:05
10082,155,11,9.0,2025-02-02 02:56
10083,765,27,21.0,2025-09-07 21:58
10084,524,10,16.0,2025-07-04 18:13
10085,1082,27,4.5,2025-06-23 01:16
10086,705,8,5.0,2025-10-16 07:30
10087,948,6,5.5,2025-02-23 07:12
10088,328,18,35.0,2024-12-31 09:50
10089,1066,6,28.5,2025-06-26 23:42
10090,1194,17,4.5,2025-09-25 22:48
10091,2431,16,20.5,2025-01-31 01:59
10092,587,20,32.5,2025-08-15 13:07
10093,2421,1,16.0,2025-01-31 01:24
10094,1899,12,24.5,2025-04-05 04:57
10095,668,11,14.5,2025-01-26 01:17
10096,316,16,15.0,2025-08-14 00:57
10097,2384,26,15.0,2025-05-13 13:00
10098,1428,8,4.5,2025-01-19 09:42
10099,2388,7,16.0,2025-06-02 06:41
10100,1406,13,9.5,2025-03-29 07:28
10101,316,15,27.0,2025-05-07 01:35
10102,1934,18,15.0,2025-03-11 10:28
10103,2193,24,24.5,2025-05-30 14:48
10104,1969,11,17.0,2025-08-27 04:30
10105,608,23,16.0,2025-01-12 14:56
10106,2334,27,19.5,2025-05-07 15:06
10107,1752,21,21.5,2025-10-10 21:32
10108,2195,25,34.0,2025-04-24 11:36
10109,1418,7,5.5,2025-11-21 22:17
10110,372,26,6.5,2025-08-05 23:23
10111,1764,20,18.0,2025-04-07 11:39
10112,2412,11,5.5,2025-06-30 10:46
10113,282,21,9.5,2025-03-29 05:23
10114,1368,25,13.0,2025-09-15 02:19
10115,52,1,9.0,2025-05-29 04:55
10116,2140,4,10.5,2025-07-14 18:39
10117,1926,8,5.5,2025-08-05 06:05
10118,2131,4,6.5,2025-10-10 03:18
10119,22,15,19.0,2025-09-05 14:45
10120,2153,18,20.5,2025-05-25 11:46
10121,1698,24,15.0,2025-09-22 23:22
10122,2300,19,26.5,2024-12-11 23:21
10123,233,1,21.5,2024-12-25 03:36
10124,564,16,36.5,2025-10-14 06:54
10125,69,2,4.5,2025-09-05 01:39
10126,843,15,25.5,2025-08-12 23:17
10127,813,22,26.5,2025-03-10 03:58
10128,1601,11,26.5,2025-07-02 07:08
10129,635,10,9.5,2025-03-18 18:42
10130,429,5,25.5,2025-07-11 19:27
10131,1600,6,24.0,2025-05-21 14:49
10132,19,11,24.0,2024-12-31 22:45
10133,1675,20,10.0,2025-10-07 11:23
10134,94,16,24.5,2025-08-23 13:33
10135,1450,16,31.0,2025-03-10 10:27
10136,1033,6,5.5,2025-07-29 07:54
10137,1813,26,16.5,2025-03-19 16:06
10138,123,10,9.5,2025-05-06 07:20
10139,1563,17,25.5,2025-02-25 10:15
10140,69,10,16.0,2025-03-13 19:05
10141,2202,7,11.5,2025-10-23 18:33
10142,1199,27,20.5,2025-03-29 05:06
10143,374,3,31.0,2025-01-31 23:18
10144,897,26,21.5,2025-10-11 01:30
10145,181,12,10.0,2025-06-17 06:25
10146,2227,8,9.5,2025-07-25 08:46
10147,307,24,15.0,2025-02-07 10:57
10148,1124,22,6.5,2025-03-08 14:11
10149,407,14,5.5,2025-07-10 00:20
10150,830,12,10.5,2025-08-28 13:26
10151,1959,3,24.5,2025-06-23 14:05
10152,1758,13,33.0,2025-05-31 06:18
10153,871,9,19.0,2025-10-06 01:30
10154,1422,14,4.5,2025-07-27 00:01
10155,2023,18,31.0,2025-11-10 11:57
10156,1790,13,33.5,2025-05-20 20:58
10157,58,16,15.0,2025-04-27 21:57
10158,2025,26,12.0,2025-10-26 14:48
10159,554,20,23.5,2025-10-15 07:06
10160,1417,4,26.5,2025-01-06 12:28
10161,363,21,32.0,2025-03-07 09:32
10162,2096,26,10.0,2025-03-21 10:29
10163,473,11,11.5,2025-07-07 00:57
10164,1359,5,10.0,2025-10-12 07:12
10165,66,18,29.0,2025-12-04 09:03
10166,1388,7,5.0,2024-12-07 08:54
10167,1606,1,10.0,2025-03-26 01:05
10168,2026,24,32.0,2025-10-02 15:38
10169,2392,5,19.5,2025-07-27 02:59
10170,1424,14,14.0,2025-11-11 09:28
10171,1192,26,15.0,2025-10-12 16:45
10172,2276,19,9.0,2025-08-27 08:20
10173,1620,22,10.5,2024-12-27 04:36
10174,745,17,28.5,2025-10-18 20:22
10175,86,8,32.5,2025-05-26 22:25
10176,656,11,11.5,2025-05-26 13:11
10177,1137,26,32.0,2025-05-19 04:06
10178,2118,3,17.0,2025-10-08 07:15
10179,1402,22,15.0,2025-12-05 01:24
10180,1562,11,36.0,2024-12-21 00:40
10181,1694,12,20.0,2025-09-14 05:32
10182,1602,9,15.0,2025-03-23 04:11
10183,457,15,4.5,2025-09-01 14:29
10184,1241,15,18.0,2024-12-27 08:01
10185,2045,24,28.5,2025-02-08 12:41
10186,2414,10,11.0,2025-07-01 01:24
10187,1428,6,11.0,2025-07-01 01:56
10188,1283,20,26.0,2025-01-20 08:44
10189,1820,20,32.0,2025-09-06 10:31
10190,2168,24,25.5,2025-11-30 00:06
10191,1717,15,18.5,2025-04-01 04:15
10192,1616,18,14.0,2025-08-10 05:15
10193,1559,11,21.5,2025-02-02 23:22
10194,2278,11,29.0,2025-08-30 15:44
10195,1150,22,10.0,2024-12-19 23:55
10196,2410,3,31.0,2025-07-23 10:01
10197,1505,10,25.5,2025-06-05 01:20
10198,1177,23,27.0,2025-08-07 06:46
10199,533,20,23.5,2025-02-12 01:33
10200,931,7,27.5,2025-03-07 00:36
10201,2489,15,11.5,2025-08-30 09:31
10202,2100,2,40.0,2024-12-11 17:58
10203,61,4,13.5,2025-06-02 07:19
10204,1819,12,15.0,2025-01-12 23:34
10205,1247,3,5.0,2025-03-05 09:23
10206,461,19,15.5,2025-09-06 07:35
10207,1718,9,26.0,2025-03-10 04:05
10208,983,21,5.0,2025-01-24 07:18
10209,506,11,29.5,2025-07-05 04:41
10210,1104,21,6.5,2025-01-24 18:39
10211,2209,11,5.0,2025-01-01 07:40
10212,621,4,31.5,2025-04-28 20:42
10213,966,14,19.5,2025-07-19 04:02
10214,495,2,20.5,2025-01-27 18:02
10215,2433,20,16.5,2025-11-19 11:38
10216,1429,2,4.5,2025-01-06 01:44
10217,811,5,5.0,2025-11-20 22:59
10218,503,23,9.5,2025-04-18 09:37
10219,1662,3,19.5,2025-11-08 09:15
10220,1421,7,6.5,2025-08-19 12:42
10221,509,9,9.5,2025-05-14 09:43
10222,1772,24,19.5,2025-11-07 07:01
10223,355,12,27.0,2025-09-12 18:37
10224,994,21,35.5,2025-11-19 04:57
10225,1759,16,4.5,2025-10-11 20:39
10226,1742,3,16.0,2025-08-10 07:38
10227,1228,21,6.5,2025-03-06 21:56
10228,947,4,5.5,2025-01-12 18:23
10229,52,21,24.5,2025-10-13 13:31
10230,1985,19,25.5,2025-02-16 01:58
10231,521,15,23.5,2024-12-28 02:28
10232,2078,24,4.5,2025-10-01 16:02
10233,2288,3,31.5,2025-05-09 22:57
10234,1409,5,25.5,2025-09-11 15:28
10235,1693,9,4.5,2025-10-19 18:12
10236,1479,20,12.0,2024-12-13 07:14
10237,271,25,32.0,2025-11-27 22:44
10238,1374,14,27.5,2025-09-08 21:09
10239,2487,24,19.5,2025-07-06 09:42
10240,1689,2,15.5,2025-07-20 06:00
10241,489,12,9.5,2025-07-03 03:59
10242,945,11,31.0,2025-02-26 04:50
10243,206,18,16.5,2025-05-05 21:41
10244,442,21,11.0,2025-04-24 18:46
10245,476,18,16.0,2025-03-04 15:32
10246,5,7,24.5,2025-04-13 07:02
10247,1014,17,29.0,2025-12-03 20:50
10248,352,11,20.5,2025-09-26 02:03
10249,770,9,9.5,2025-11-06 22:22
10250,1866,14,14.0,2025-06-17 22:39
10251,2066,5,5.0,2025-08-05 14:03
10252,2228,7,27.0,2025-01-15 13:55
10253,617,24,19.0,2025-06-20 21:26
10254,968,5,20.5,2025-08-15 20:07
10255,1131,16,19.5,2025-03-30 12:55
10256,2103,14,25.0,2025-09-13 23:08
10257,878,2,11.5,2025-01-11 16:14
10258,1611,20,10.5,2025-05-23 13:48
10259,1109,21,25.5,2025-08-29 02:02
10260,716,6,36.0,2025-10-13 10:35
10261,716,9,15.0,2025-08-08 21:33
10262,853,10,5.5,2024-12-07 11:42
10263,2397,1,9.0,2025-07-18 13:44
10264,2176,7,23.5,2025-01-27 17:44
10265,482,20,11.0,2025-09-04 11:09
10266,1499,19,26.0,2025-09-11 16:45
10267,33,22,21.0,2025-11-09 16:15
10268,1757,18,9.5,2025-11-22 21:04
10269,786,24,36.0,2024-12-15 01:28
10270,1037,14,19.5,2024-12-08 17:10
10271,729,18,9.5,2025-10-25 06:50
10272,139,13,15.0,2025-04-19 12:19
10273,558,25,5.5,2025-07-25 02:02
10274,920,9,33.0,2025-07-23 00:51
10275,1287,8,40.5,2024-12-24 02:23
10276,1154,1,27.5,2025-10-28 00:23
10277,1732,11,21.0,2025-02-21 14:31
10278,2311,10,17.0,2025-03-05 02:23
10279,995,5,16.0,2025-03-02 14:10
10280,2421,18,23.0,2025-02-21 02:20
10281,247,1,15.0,2025-10-08 04:32
10282,1192,19,38.5,2024-12-12 22:51
10283,994,9,39.5,2025-02-15 03:18
10284,760,6,30.0,2025-10-09 06:10
10285,2301,5,9.0,2025-07-06 04:25
10286,1422,8,5.5,2024-12-15 19:51
10287,1739,5,27.5,2025-07-11 11:08
10288,893,1,25.0,2025-09-19 14:13
10289,113,17,6.5,2025-09-26 04:28
10290,747,27,29.0,2024-12-12 00:17
10291,510,26,27.0,2025-02-24 11:40
10292,1414,5,24.0,2025-08-02 02:31
10293,793,19,19.0,2025-08-11 16:50
10294,2206,7,5.0,2025-07-22 12:29
10295,2490,13,16.5,2025-01-09 07:47
10296,1983,8,21.5,2025-08-15 19:16
10297,1271,3,13.0,2025-07-02 23:05
10298,1013,14,30.5,2025-11-12 12:52
10299,2203,25,26.5,2025-09-14 01:04
10300,777,27,4.5,2025-10-19 20:03
10301,2289,13,26.5,2025-07-27 10:57
10302,540,15,4.5,2025-05-07 01:13
10303,2395,18,19.0,2025-11-17 15:25
10304,441,17,6.5,2025-09-19 19:26
10305,59,18,10.0,2025-03-26 12:39
10306,450,9,21.0,2024-12-14 11:20
10307,341,14,4.5,2025-05-25 07:03
10308,2047,6,22.0,2024-12-23 03:51
10309,2227,23,28.5,2025-06-18 04:06
10310,2041,13,29.5,2025-02-04 18:02
10311,521,12,25.0,2025-06-14 21:51
10312,2067,10,21.0,2025-09-03 04:34
10313,1834,14,6.5,2025-08-14 08:12
10314,2213,14,9.5,2025-08-31 07:47
10315,1864,22,21.0,2025-11-19 05:50
10316,311,20,22.5,2025-04-10 12:24
10317,64,5,15.0,2025-08-27 12:40
10318,1661,22,39.0,2024-12-26 06:33
10319,2448,22,21.5,2024-12-20 07:02
10320,672,15,4.5,2025-01-14 02:39
10321,1163,21,5.0,2025-02-19 05:29
10322,10,7,17.0,2025-09-23 12:22
10323,1905,16,31.5,2025-11-27 03:03
10324,253,23,11.0,2025-05-27 10:08
10325,26,25,14.5,2024-12-26 08:45
10326,1332,12,20.5,2025-08-16 22:59
10327,842,10,27.5,2025-09-20 16:11
10328,506,19,30.0,2025-08-13 06:09
10329,1854,21,4.5,2025-07-25 16:56
10330,1068,10,10.0,2025-11-01 06:09
10331,2200,17,32.0,2025-09-21 15:39
10332,1560,9,9.5,2025-04-09 13:30
10333,449,14,15.0,2025-03-15 16:18
10334,171,14,9.5,2025-09-21 17:10
10335,754,13,32.0,2024-12-31 08:00
10336,949,26,24.5,2025-10-08 03:54
10337,1107,7,25.5,2025-05-19 22:36
10338,1808,8,5.0,2025-12-03 16:45
10339,2001,12,25.5,2025-10-16 19:47
10340,1751,16,20.0,2025-11-28 05:24
10341,2174,27,20.5,2025-10-22 05:09
10342,635,11,10.5,2025-01-13 16:08
10343,1601,12,20.0,2025-05-12 09:13
10344,1524,13,6.5,2025-06-26 17:47
10345,374,21,25.5,2025-01-03 00:22
10346,2396,6,10.0,2025-04-12 12:05
10347,2066,18,34.5,2025-02-06 10:39
10348,333,16,30.5,2024-12-18 02:23
10349,1536,4,37.5,2025-05-21 00:16
10350,485,21,16.0,2025-08-06 00:48
10351,96,21,31.0,2025-01-26 17:52
10352,219,2,5.5,2025-01-24 20:42
10353,1900,8,14.5,2025-11-14 12:32
10354,2430,18,20.5,2025-01-07 03:32
10355,2010,18,34.5,2025-11-16 01:32
10356,1302,1,29.5,2025-10-17 14:33
10357,270,27,34.5,2025-03-14 04:20
10358,578,10,14.0,2025-06-06 20:31
10359,1895,26,14.5,2025-10-17 17:38
10360,1598,1,9.5,2025-05-03 06:00
10361,1438,27,4.5,2025-05-24 07:22
10362,290,1,20.0,2025-07-22 10:22
10363,2173,17,10.0,2025-10-12 03:02
10364,907,20,5.0,2025-09-05 13:42
10365,112,9,9.5,2025-05-23 03:05
10366,628,2,14.5,2025-09-22 03:49
10367,1175,11,16.0,2025-08-08 06:57
10368,1236,4,12.0,2025-06-10 21:48
10369,1180,23,29.0,2025-06-21 21:41
10370,1174,11,11.0,2025-09-22 06:01
10371,18,14,9.5,2025-11-19 00:12
10372,1709,25,23.5,2025-01-26 06:04
10373,383,8,6.5,2025-10-26 05:08
10374,473,23,4.5,2025-06-25 23:16
10375,1050,12,6.5,2025-04-28 20:51
10376,1031,10,22.0,2025-05-26 12:14
10377,395,10,5.5,2025-10-14 11:34
10378,197,1,10.5,2024-12-14 15:52
10379,2221,6,9.5,2025-01-11 03:20
10380,2195,19,31.0,2025-10-31 13:08
10381,527,24,30.0,2025-06-25 21:28
10382,1952,23,29.5,2025-03-03 13:21
10383,332,24,9.5,2025-08-24 20:26
10384,818,24,18.5,2025-11-11 05:41
10385,979,9,6.5,2025-10-06 03:58
10386,182,17,16.0,2025-02-18 04:14
10387,2140,16,14.5,2025-05-14 06:34
10388,1966,20,22.5,2025-09-24 15:22
10389,2035,15,27.0,2025-07-25 06:10
10390,2017,23,12.0,2025-03-13 06:20
10391,2359,24,15.0,2025-01-30 09:14
10392,2366,21,5.0,2025-03-22 17:43
10393,2077,27,20.5,2025-01-25 18:57
10394,2160,27,9.5,2025-09-29 19:18
10395,2292,8,16.5,2025-06-24 19:39
10396,1467,18,14.5,2025-03-01 22:11
10397,1340,11,9.0,2025-05-26 03:14
10398,73,1,29.0,2025-08-03 13:22
10399,1408,22,21.5,2025-08-23 20:42
10400,1127,11,11.0,2025-08-12 20:39
10401,2220,12,33.0,2024-12-10 14:32
10402,31,1,9.5,2025-03-20 15:51
10403,1736,18,26.5,2025-02-18 18:13
10404,702,1,26.5,2025-08-23 13:57
10405,1080,8,27.0,2025-08-31 12:45
10406,880,6,6.5,2025-08-20 13:52
10407,128,20,25.5,2025-05-13 01:50
10408,855,4,18.5,2025-10-29 19:07
10409,1727,24,9.5,2025-07-20 23:18
10410,1123,8,9.5,2025-01-10 06:41
10411,949,15,32.0,2025-02-01 18:20
10412,2153,24,10.5,2025-06-26 20:05
10413,1847,14,10.5,2025-05-17 11:57
10414,737,4,14.0,2025-03-25 10:38
10415,160,18,25.0,2025-06-11 03:52
10416,718,8,22.0,2025-05-30 08:16
10417,2203,16,9.5,2024-12-21 15:07
10418,1058,4,11.5,2025-11-09 13:32
10419,888,15,33.5,2025-03-06 16:50
10420,1188,7,33.5,2025-03-10 18:24
10421,2401,23,30.5,2025-01-19 21:41
10422,2414,6,5.5,2025-02-26 22:07
10423,360,19,10.5,2025-11-30 23:29
10424,1285,2,5.5,2025-06-07 16:20
10425,1232,9,28.0,2025-07-06 10:08
10426,1059,17,5.5,2025-08-25 18:50
10427,1804,6,11.0,2025-01-31 10:13
10428,1919,13,10.0,2025-09-30 04:46
10429,1235,25,6.5,2025-06-15 18:17
10430,67,14,9.5,2025-06-12 23:43
10431,1194,2,12.0,2025-02-03 13:34
10432,1333,14,15.5,2025-06-11 17:48
10433,779,21,34.0,2025-10-04 01:43
10434,1727,16,9.5,2025-02-15 10:40
10435,2388,24,37.5,2025-04-22 15:33
10436,1433,13,20.5,2025-06-04 06:43
10437,442,15,5.5,2025-01-25 16:07
10438,1696,4,18.5,2025-07-09 04:55
10439,1153,1,22.5,2025-04-25 07:00
10440,834,13,16.5,2025-11-23 10:34
10441,227,27,21.5,2025-08-21 23:45
10442,521,6,31.0,2025-04-13 00:29
10443,31,12,5.0,2025-08-20 15:14
10444,1135,18,9.5,2025-11-27 23:16
10445,1370,19,21.5,2025-01-12 21:09
10446,1609,14,19.0,2024-12-09 06:47
10447,1817,19,31.0,2025-07-25 15:18
10448,2219,5,13.0,2024-12-31 16:34
10449,1920,16,25.0,2025-01-17 14:34
10450,1519,27,17.5,2025-01-10 14:22
10451,2372,23,5.0,2025-11-24 15:21
10452,138,22,26.5,2025-04-19 10:46
10453,2379,5,29.5,2025-07-03 13:09
10454,1809,7,11.5,2025-05-09 00:49
10455,1169,5,9.5,2025-03-14 08:36
10456,1212,25,21.0,2025-03-24 20:05
10457,1928,21,30.5,2025-11-06 07:03
10458,172,19,17.0,2025-03-16 15:42
10459,1050,21,27.0,2025-11-03 00:18
10460,990,13,5.0,2025-11-18 08:28
10461,73,21,29.0,2025-07-21 13:17
10462,2359,9,17.0,2025-02-07 02:33
10463,1707,8,29.5,2025-04-07 04:58
10464,2451,1,30.0,2025-08-19 13:33
10465,1268,19,5.5,2025-06-30 21:37
10466,473,23,29.0,2025-06-30 18:26
10467,381,1,29.0,2025-02-21 11:02
10468,1422,9,32.5,2025-07-27 04:58
10469,858,6,18.0,2025-04-29 07:21
10470,412,13,10.5,2025-01-05 01:49
10471,1553,14,31.0,2025-09-29 10:40
10472,2428,23,35.0,2025-02-01 07:01
10473,292,24,5.5,2025-03-25 00:38
10474,551,10,13.0,2025-02-28 07:03
10475,833,24,17.0,2025-11-17 20:40
10476,1931,19,36.5,2025-01-10 20:01
10477,2433,15,33.5,2025-05-02 08:29
10478,1595,18,6.5,2025-05-07 21:04
10479,63,2,36.5,2025-06-10 01:13
10480,1964,11,24.0,2025-02-13 17:27
10481,1306,26,27.0,2025-07-20 13:12
10482,118,13,11.5,2025-01-22 14:26
10483,1200,14,12.0,2025-06-29 15:25
10484,1137,14,24.0,2025-10-02 02:35
10485,2012,5,15.0,2024-12-21 17:07
10486,1358,20,25.5,2025-10-03 15:51
10487,2131,18,27.5,2025-07-17 13:17
10488,1806,23,9.5,2025-01-10 05:51
10489,1874,23,6.5,2025-08-08 04:13
10490,933,7,21.5,2025-03-30 00:28
10491,2208,26,9.5,2025-04-30 16:44
10492,1466,9,29.5,2025-07-10 00:07
10493,1135,13,23.0,2025-09-11 01:58
10494,2007,19,22.0,2024-12-09 13:55
10495,459,20,9.5,2024-12-26 21:05
10496,1492,1,28.5,2025-01-21 15:56
10497,2361,4,14.0,2024-12-29 21:26
10498,13,13,30.0,2025-10-31 14:24
10499,2052,20,27.0,2025-02-26 19:59
10500,1299,18,14.0,2025-10-31 18:17
10501,2489,22,16.0,2025-09-02 11:40
10502,1552,15,9.5,2025-09-30 13:45
10503,1532,12,16.0,2025-10-25 03:42
10504,462,26,21.5,2024-12-18 02:57
10505,234,27,31.5,2025-03-06 02:50
10506,758,25,26.0,2025-11-30 01:30
10507,2302,6,18.5,2025-02-07 17:55
10508,406,4,20.0,2025-02-15 21:10
10509,334,10,10.0,2025-04-29 20:16
10510,1588,16,35.5,2025-04-29 00:02
10511,1247,27,25.5,2025-01-23 11:49
10512,1906,17,4.5,2025-03-08 00:02
10513,1597,15,29.5,2025-10-22 03:15
10514,2297,27,27.5,2025-06-26 13:02
10515,1312,19,10.0,2025-08-15 12:18
10516,1545,14,22.5,2025-05-31 01:33
10517,111,11,15.5,2025-07-17 04:32
10518,381,1,28.5,2025-10-01 21:57
10519,489,18,33.5,2025-04-20 13:07
10520,1921,18,23.5,2025-06-24 13:39
10521,2073,11,26.0,2025-06-09 18:50
10522,1710,20,15.0,2025-01-28 18:26
10523,1466,8,17.0,2024-12-30 22:12
10524,153,14,23.0,2025-01-11 23:22
10525,1887,26,32.0,2025-06-23 02:43
10526,1279,21,15.5,2025-08-30 10:51
10527,433,9,16.0,2025-02-28 19:24
10528,2143,18,10.0,2025-07-28 04:46
10529,935,9,30.0,2025-06-21 23:26
10530,652,21,31.5,2025-09-08 16:30
10531,263,22,22.0,2025-10-02 20:40
10532,857,3,9.5,2025-04-06 08:26
10533,626,21,5.0,2025-04-08 18:12
10534,86,5,26.5,2025-02-12 21:47
10535,8,14,5.0,2025-02-08 12:02
10536,1354,23,27.0,2025-07-03 23:27
10537,1828,8,32.0,2025-10-27 09:27
10538,1525,11,29.5,2025-07-25 05:41
10539,1163,25,25.0,2024-12-20 12:04
10540,242,19,5.5,2025-06-21 15:25
10541,1545,10,26.5,2025-05-24 13:53
10542,2465,11,9.5,2025-08-08 12:46
10543,2413,2,29.0,2025-03-27 14:11
10544,578,12,15.0,2025-02-17 09:08
10545,1379,19,16.0,2025-07-17 20:19
10546,899,23,17.0,2025-01-18 11:07
10547,738,12,5.0,2025-04-26 12:31
10548,1811,20,19.0,2025-04-11 04:44
10549,2464,4,9.5,2024-12-20 12:33
10550,2216,27,17.5,2025-04-30 19:43
10551,929,14,15.5,2025-07-13 12:12
10552,1597,18,17.5,2025-03-01 08:55
10553,2495,27,23.0,2025-10-20 11:37
10554,711,11,15.0,2025-09-12 14:37
10555,2156,27,24.0,2025-06-09 23:49
10556,2105,12,9.5,2025-11-01 07:05
10557,1656,8,20.5,2025-01-15 04:53
10558,406,15,4.5,2025-07-19 12:54
10559,657,10,25.0,2025-11-11 01:13
10560,1400,27,31.0,2024-12-09 07:37
10561,1923,19,15.0,2025-06-03 10:28
10562,570,3,26.0,2025-09-18 05:49
10563,1557,11,26.0,2025-01-06 04:55
10564,175,2,18.5,2025-03-27 16:09
10565,236,18,5.5,2025-03-13 20:37
10566,922,1,21.5,2025-08-18 18:03
10567,2150,27,31.0,2025-02-15 20:10
10568,2374,6,21.5,2025-05-31 17:21
10569,472,10,4.5,2025-01-26 12:06
10570,1978,14,9.5,2025-08-03 04:26
10571,472,7,27.0,2025-06-05 14:39
10572,726,11,10.5,2025-09-07 10:56
10573,619,22,5.0,2025-11-06 07:46
10574,2406,25,5.0,2025-08-11 00:10
10575,2421,25,27.0,2025-04-08 17:04
10576,462,14,31.0,2025-08-08 17:18
10577,1657,24,23.0,2025-11-08 03:58
10578,1941,3,10.5,2024-12-21 09:22
10579,2121,23,19.5,2025-11-03 18:49
10580,952,14,16.5,2025-04-26 04:52
10581,578,11,14.0,2025-09-27 04:29
10582,2151,19,11.5,2025-05-14 15:26
10583,941,9,25.5,2025-04-21 05:56
10584,852,25,19.0,2025-01-17 22:38
10585,2465,14,6.5,2025-03-19 00:20
10586,2036,6,9.5,2024-12-21 06:05
10587,727,12,14.5,2025-08-25 02:15
10588,1506,2,24.5,2025-12-01 21:51
10589,1479,17,16.5,2025-02-18 22:15
10590,605,16,21.5,2025-04-23 12:58
10591,1304,4,11.0,2025-07-23 17:09
10592,2329,12,14.0,2025-03-16 21:36
10593,811,6,28.0,2025-09-09 11:01
10594,1178,1,9.5,2025-05-07 12:22
10595,849,2,19.0,2025-01-15 14:26
10596,1209,6,34.0,2025-05-07 01:04
10597,2430,17,9.5,2025-08-21 05:54
10598,751,22,19.5,2025-04-18 21:48
10599,251,13,20.0,2025-07-25 11:13
10600,1969,9,14.0,2025-01-27 18:06
10601,1428,24,32.5,2025-09-12 08:13
10602,1539,23,4.5,2025-06-06 18:11
10603,1293,3,23.5,2025-09-11 19:49
10604,1220,21,28.5,2025-05-03 16:39
10605,42,5,15.5,2025-08-07 05:08
10606,924,16,4.5,2025-04-18 21:51
10607,1013,15,5.0,2025-06-08 13:59
10608,499,8,10.5,2025-08-26 11:11
10609,1083,17,14.0,2025-09-19 23:22
10610,307,18,5.5,2025-08-07 00:16
10611,1794,23,29.0,2025-09-23 00:32
10612,97,19,9.5,2025-09-01 03:35
10613,1421,16,20.5,2025-04-27 18:38
10614,1286,1,31.0,2024-12-09 21:06
10615,824,22,14.5,2025-01-23 22:58
10616,876,15,20.5,2025-09-11 08:09
10617,1565,18,22.5,2025-04-18 11:22
10618,1215,13,5.0,2025-02-03 02:56
10619,690,15,44.5,2025-11-22 00:26
10620,727,21,5.5,2025-09-29 05:38
10621,1009,16,5.5,2025-04-12 17:39
10622,591,13,16.0,2025-11-14 23:16
10623,153,15,33.0,2025-05-17 17:50
10624,340,23,13.0,2025-09-13 17:12
10625,1664,13,5.0,2025-04-28 07:48
10626,2167,3,19.5,2025-01-17 09:43
10627,1271,5,10.0,2025-06-04 07:11
10628,2252,24,5.0,2025-11-13 18:16
10629,1911,13,19.5,2025-04-27 23:18
10630,2492,6,15.5,2025-06-27 23:20
10631,2496,3,14.0,2025-06-09 09:48
10632,353,10,6.5,2025-10-17 15:32
10633,164,22,25.5,2025-04-23 05:08
10634,1401,10,23.0,2025-07-01 02:52
10635,1644,3,25.5,2025-06-27 18:46
10636,145,7,19.5,2025-02-05 04:29
10637,1331,18,24.5,2025-02-19 13:46
10638,401,19,9.0,2025-04-08 15:54
10639,2251,16,6.5,2025-07-24 08:18
10640,2293,9,16.0,2025-05-04 04:56
10641,1577,26,11.0,2025-06-19 08:52
10642,1136,2,30.5,2025-02-05 00:42
10643,1871,27,21.0,2025-02-11 14:02
10644,2340,24,20.5,2025-08-15 11:35
10645,162,11,4.5,2025-03-29 05:27
10646,912,16,22.5,2025-05-01 14:36
10647,1277,15,20.0,2025-11-22 06:32
10648,1712,3,4.5,2025-04-21 01:52
10649,1465,16,16.0,2025-07-17 12:22
10650,293,1,23.0,2025-03-19 02:15
10651,318,22,33.0,2025-06-10 21:36
10652,850,10,30.0,2025-05-27 19:58
10653,2105,21,11.0,2025-01-17 00:33
10654,538,14,24.5,2025-05-09 21:49
10655,23,16,24.5,2025-04-24 14:58
10656,92,4,14.0,2025-03-11 15:06
10657,186,12,10.0,2025-07-01 16:47
10658,1957,8,4.5,2025-06-21 02:19
10659,95,18,15.0,2025-03-18 14:42
10660,827,12,16.5,2025-11-09 11:42
10661,1772,13,6.5,2025-02-04 21:05
10662,101,9,4.5,2025-06-07 15:35
10663,506,8,4.5,2025-05-21 14:49
10664,1111,13,16.0,2025-10-30 11:56
10665,2119,17,15.5,2025-11-29 05:02
10666,437,16,26.5,2025-10-01 23:21
10667,2297,1,10.5,2025-06-07 17:14
10668,165,26,10.0,2025-05-21 05:42
10669,809,3,19.0,2025-10-08 07:12
10670,2427,8,21.0,2025-04-10 02:41
10671,624,4,5.5,2025-08-17 21:54
10672,2073,16,28.0,2025-06-11 11:10
10673,1228,22,28.0,2025-06-02 10:10
10674,648,4,12.0,2025-09-20 18:41
10675,641,5,30.0,2025-07-08 04:52
10676,2219,1,20.5,2025-09-03 14:06
10677,2284,22,31.0,2025-04-18 03:39
10678,956,13,16.0,2025-03-18 09:21
10679,1678,19,16.5,2025-09-13 09:17
10680,1446,26,17.0,2025-06-19 13:35
10681,1823,22,19.5,2025-08-10 03:05
10682,2386,2,11.0,2025-03-31 05:53
10683,18,18,23.5,2025-08-21 15:52
10684,1466,22,30.0,2025-09-02 17:55
10685,1366,25,26.5,2025-07-18 09:14
10686,2020,3,20.0,2025-11-05 09:19
10687,1704,17,21.0,2025-09-14 07:43
10688,1408,20,25.0,2025-11-03 04:20
10689,453,7,14.5,2025-09-23 19:35
10690,215,3,22.5,2025-10-30 18:05
10691,59,19,5.0,2025-06-21 01:25
10692,832,5,5.5,2025-06-27 05:47
10693,1649,8,9.5,2025-06-09 06:54
10694,1758,4,18.0,2025-05-16 13:17
10695,416,18,16.5,2025-08-10 05:36
10696,2244,9,19.5,2025-08-29 13:08
10697,1498,3,14.5,2025-02-18 03:39
10698,2403,14,20.0,2025-09-16 21:14
10699,472,9,6.5,2025-04-11 18:26
10700,1672,4,23.0,2025-11-28 14:36
10701,1432,3,21.0,2025-07-21 13:44
10702,98,21,9.0,2025-09-02 12:28
10703,163,5,11.0,2025-10-02 00:30
10704,836,3,26.0,2025-10-13 21:55
10705,2412,25,6.5,2025-04-17 23:16
10706,1284,5,20.5,2025-10-14 22:57
10707,437,6,18.0,2025-10-25 02:06
10708,2401,5,6.5,2025-01-02 16:34
10709,1572,1,19.5,2025-10-04 17:59
10710,1696,20,16.0,2025-07-15 07:55
10711,1358,12,5.5,2025-02-21 21:09
10712,1781,4,22.5,2025-08-23 09:35
10713,2269,13,26.0,2025-11-18 05:50
10714,1793,2,14.5,2025-08-02 08:18
10715,1807,17,15.0,2025-08-04 03:34
10716,1075,19,5.5,2025-05-05 13:45
10717,1117,10,15.0,2025-06-08 23:10
10718,862,1,6.5,2025-04-08 12:11
10719,36,14,25.0,2025-05-01 18:32
10720,1599,17,34.0,2025-05-31 22:31
10721,741,14,6.5,2025-05-20 16:28
10722,688,12,5.5,2025-08-17 09:26
10723,1013,14,29.0,2025-06-01 15:23
10724,209,5,15.5,2025-09-26 22:13
10725,1533,6,11.5,2025-03-06 17:59
10726,1880,18,15.0,2025-08-11 21:59
10727,1220,13,6.5,2025-11-11 10:41
10728,45,20,12.0,2025-03-29 14:40
10729,2459,8,5.0,2025-06-16 13:16
10730,405,19,6.5,2025-05-01 04:26
10731,285,21,9.5,2025-10-07 19:34
10732,1581,24,18.5,2024-12-30 00:45
10733,1161,17,17.0,2025-07-31 00:41
10734,106,9,25.5,2025-03-16 04:32
10735,411,8,25.5,2024-12-26 10:59
10736,1357,23,6.5,2025-03-15 03:51
10737,2388,24,18.0,2025-09-11 07:11
10738,1941,8,24.5,2025-01-19 19:56
10739,322,19,5.0,2025-07-03 15:19
10740,1850,23,21.0,2024-12-24 21:14
10741,2202,16,6.5,2025-03-02 09:59
10742,184,21,30.5,2024-12-30 16:43
10743,884,26,10.0,2025-08-20 11:51
10744,2486,27,15.5,2025-03-08 08:47
10745,1983,16,10.0,2025-05-02 23:59
10746,1543,20,16.0,2025-08-20 06:22
10747,176,17,24.5,2025-11-26 17:23
10748,1192,9,36.5,2025-06-10 22:52
10749,924,15,15.0,2025-05-09 11:24
10750,1324,20,20.5,2025-08-05 19:16
10751,442,12,15.5,2025-04-04 09:22
10752,1050,9,20.5,2025-01-19 01:45
10753,1940,20,4.5,2025-05-23 21:10
10754,2258,8,25.5,2025-03-08 09:00
10755,309,18,30.5,2025-05-06 07:28
10756,1579,11,29.0,2025-09-26 19:12
10757,1980,16,14.5,2025-03-05 03:33
10758,1754,24,9.5,2025-02-05 05:07
10759,2045,14,28.0,2025-05-24 00:01
10760,274,23,6.5,2025-05-04 04:41
10761,784,19,28.5,2025-11-18 00:19
10762,603,4,22.0,2025-06-02 19:39
10763,1555,2,6.5,2025-03-31 15:30
10764,1018,1,20.0,2025-05-17 18:52
10765,1797,3,20.0,2025-11-07 14:13
10766,963,7,16.0,2025-02-06 00:32
10767,954,8,5.0,2025-01-23 17:16
10768,1023,14,30.0,2025-06-12 07:54
10769,2395,20,6.5,2025-07-27 11:40
10770,731,5,11.0,2025-05-21 21:38
10771,428,19,31.5,2025-05-04 21:56
10772,2132,8,9.5,2025-09-06 17:49
10773,1148,1,21.5,2025-07-14 05:56
10774,122,27,20.5,2025-05-08 17:37
10775,610,11,6.5,2025-10-26 04:00
10776,730,11,9.5,2025-01-03 13:00
10777,2037,2,22.5,2025-02-04 05:43
10778,588,24,9.5,2025-06-07 02:45
10779,2455,20,9.5,2025-05-31 15:51
10780,1006,22,5.5,2025-06-12 18:57
10781,2013,27,10.0,2025-03-03 23:15
10782,1417,20,9.5,2025-06-04 18:53
10783,1018,17,5.0,2025-11-18 22:46
10784,1593,8,10.0,2025-08-24 12:43
10785,428,10,20.0,2025-05-31 15:35
10786,2167,21,14.5,2025-09-17 20:44
10787,1070,4,28.5,2025-05-04 22:12
10788,598,6,19.5,2025-01-11 04:11
10789,760,17,22.5,2025-11-09 19:14
10790,1610,18,4.5,2025-07-28 01:05
10791,2252,14,5.0,2025-08-12 09:38
10792,1269,12,29.0,2025-05-03 10:46
10793,66,14,29.5,2025-10-25 11:22
10794,2169,16,25.5,2025-08-01 05:42
10795,1159,5,9.0,2024-12-14 17:41
10796,1307,9,9.5,2025-05-14 12:14
10797,1676,6,20.0,2025-07-22 04:09
10798,1464,11,27.5,2025-10-16 23:56
10799,992,13,22.0,2024-12-11 17:16
10800,2273,2,16.0,2025-11-27 07:50
10801,308,5,19.0,2024-12-11 16:31
10802,1955,22,11.5,2025-03-12 11:09
10803,1573,26,21.0,2025-06-22 06:57
10804,1468,25,19.5,2024-12-29 01:59
10805,2295,4,14.0,2025-09-23 10:38
10806,3,26,6.5,2025-02-13 05:28
10807,1948,25,16.0,2025-07-08 05:58
10808,1301,24,12.0,2025-06-20 08:46
10809,884,7,5.0,2024-12-25 20:55
10810,1422,15,25.0,2025-04-16 03:30
10811,2083,21,19.5,2025-10-15 06:46
10812,1170,17,31.0,2025-05-25 02:00
10813,1428,15,19.0,2025-03-08 23:42
10814,306,18,15.0,2025-03-10 07:48
10815,229,5,5.5,2025-08-22 01:37
10816,1307,18,16.0,2024-12-16 21:41
10817,858,26,25.0,2025-08-23 03:15
10818,241,11,9.5,2025-04-26 01:49
10819,393,24,36.5,2025-10-30 11:54
10820,249,5,14.5,2025-05-24 03:03
10821,547,8,5.0,2025-05-22 06:46
10822,1381,26,23.5,2025-10-09 07:53
10823,897,21,6.5,2025-10-28 03:48
10824,1613,11,22.5,2025-07-01 15:28
10825,1654,19,5.0,2025-03-04 22:02
10826,802,19,28.5,2025-05-07 00:14
10827,2254,6,17.5,2025-03-31 18:05
10828,2244,21,27.0,2025-11-22 02:55
10829,354,25,40.5,2024-12-15 01:33
10830,783,8,22.5,2025-10-10 20:17
10831,572,6,5.5,2025-01-06 16:31
10832,1001,6,15.0,2025-02-06 15:17
10833,1270,1,37.5,2025-10-21 07:38
10834,207,1,5.5,2025-06-04 20:19
10835,191,21,19.5,2025-07-11 23:12
10836,1175,24,5.5,2024-12-25 18:07
10837,295,24,11.5,2025-02-12 07:17
10838,1931,11,4.5,2025-04-28 03:56
10839,1693,6,5.5,2025-10-31 02:08
10840,335,12,4.5,2025-11-10 18:06
10841,1034,11,28.5,2025-06-20 15:26
10842,223,10,32.0,2025-06-04 06:29
10843,1047,22,9.5,2025-09-28 21:01
10844,605,18,24.5,2025-04-29 19:17
10845,1935,6,15.0,2025-07-03 07:45
10846,1305,13,33.0,2025-06-27 18:54
10847,861,23,10.5,2025-05-01 15:11
10848,956,26,5.5,2025-08-30 19:27
10849,581,18,9.5,2025-06-01 00:49
10850,359,2,20.5,2025-05-22 19:48
10851,2102,1,22.5,2025-02-27 17:12
10852,1793,26,25.0,2025-03-19 23:28
10853,1175,16,4.5,2025-05-27 23:02
10854,2396,27,32.0,2025-09-07 07:47
10855,2059,24,22.5,2025-04-22 18:45
10856,1460,25,24.5,2025-10-28 21:37
10857,542,27,30.5,2025-06-22 04:01
10858,875,7,22.5,2025-02-09 03:35
10859,1241,22,40.0,2025-05-11 21:43
10860,2478,17,10.0,2025-05-21 19:39
10861,25,17,32.0,2025-07-31 03:00
10862,586,11,10.0,2025-07-02 16:14
10863,763,21,24.5,2025-06-18 03:06
10864,1986,26,19.0,2025-09-24 19:47
10865,2394,27,23.5,2025-10-01 14:21
10866,1529,20,21.0,2025-08-08 00:04
10867,1015,10,15.0,2025-01-16 15:19
10868,854,2,32.5,2025-06-27 11:30
10869,742,10,11.5,2025-08-09 06:38
10870,2007,5,20.5,2025-07-20 14:44
10871,2231,3,24.5,2025-01-12 10:10
10872,110,25,17.0,2025-10-20 14:58
10873,520,24,6.5,2025-01-09 07:56
10874,2256,7,24.0,2025-09-11 03:35
10875,1552,19,27.5,2025-03-16 05:13
10876,1072,26,5.0,2025-02-06 17:26
10877,862,15,36.0,2025-02-28 03:22
10878,1768,13,22.5,2025-10-22 22:16
10879,2118,10,32.0,2025-04-14 18:47
10880,25,16,20.5,2025-04-08 10:47
10881,329,19,5.5,2025-02-12 06:25
10882,1727,8,5.0,2025-11-19 11:02
10883,2072,17,4.5,2025-08-05 14:00
10884,140,19,21.0,2025-01-21 20:49
10885,286,24,10.5,2025-08-31 02:40
10886,2142,2,16.0,2025-03-12 08:41
10887,1743,19,5.0,2025-05-02 07:13
10888,2103,13,6.5,2025-11-07 12:38
10889,2400,20,28.5,2025-08-20 06:10
10890,2176,5,21.0,2025-10-09 05:14
10891,351,2,23.0,2025-07-26 03:12
10892,1416,21,25.0,2025-05-01 15:32
10893,1635,15,10.0,2025-11-06 07:20
10894,1427,15,9.5,2025-01-04 16:25
10895,1187,21,9.5,2024-12-21 13:14
10896,853,20,6.5,2025-04-06 16:39
10897,1669,3,9.5,2025-07-21 22:25
10898,1039,11,28.5,2025-04-05 15:51
10899,1155,23,36.5,2025-06-09 21:31
10900,1210,9,14.5,2025-02-05 20:10
10901,780,4,6.5,2025-10-02 16:59
10902,990,26,11.0,2024-12-24 19:37
10903,1956,21,16.0,2025-09-28 12:30
10904,1070,25,29.0,2025-07-24 16:49
10905,358,7,9.5,2025-03-22 22:53
10906,2200,14,21.0,2025-02-12 05:50
10907,1973,22,6.5,2025-07-05 07:22
10908,941,20,17.0,2025-06-17 15:30
10909,1274,18,10.0,2024-12-31 05:37
10910,1932,25,31.0,2025-03-01 06:09
10911,2455,8,19.0,2025-08-24 20:06
10912,2432,7,27.0,2025-07-12 13:47
10913,662,22,11.5,2025-04-14 12:17
10914,772,10,19.0,2025-08-29 11:54
10915,2226,18,6.5,2025-08-27 19:58
10916,259,24,27.5,2025-06-03 14:47
10917,1750,22,29.5,2025-09-03 14:45
10918,903,18,19.0,2025-10-04 15:54
10919,2016,5,15.0,2025-11-27 23:49
10920,939,14,27.5,2025-07-06 01:18
10921,644,18,15.0,2025-08-05 14:14
10922,993,19,27.0,2025-03-27 05:43
10923,333,25,25.0,2025-07-10 01:13
10924,1111,11,16.5,2025-02-18 03:16
10925,28,11,27.5,2025-11-03 03:23
10926,633,14,9.5,2025-11-17 07:38
10927,225,2,25.5,2025-06-28 05:37
10928,797,4,9.5,2025-05-12 05:43
10929,31,6,23.5,2025-09-25 17:20
10930,856,9,16.5,2025-09-06 06:21
10931,1946,6,19.0,2025-11-12 10:39
10932,2106,27,9.5,2025-03-27 18:02
10933,470,16,5.5,2025-09-11 10:59
10934,591,13,26.0,2025-02-04 21:49
10935,1006,27,10.0,2025-09-23 22:44
10936,596,10,15.0,2025-10-07 20:00
10937,988,9,11.5,2025-03-03 18:54
10938,455,26,10.0,2025-01-31 16:15
10939,125,20,10.0,2025-09-26 08:55
10940,1185,27,29.5,2025-11-03 12:07
10941,2301,11,10.0,2025-04-27 10:04
10942,2047,7,17.0,2025-02-09 10:25
10943,2398,11,10.5,2025-05-18 08:23
10944,576,18,15.0,2025-05-29 13:19
10945,1138,21,4.5,2025-06-26 09:16
10946,2497,16,15.5,2025-10-13 22:46
10947,1573,2,34.5,2025-08-18 00:53
10948,826,21,22.0,2024-12-18 22:35
10949,1808,24,37.5,2025-05-13 07:18
10950,902,4,25.0,2025-09-29 09:57
10951,1676,16,37.0,2025-11-03 02:26
10952,1210,1,9.0,2025-01-01 00:23
10953,1307,12,21.5,2025-09-24 13:52
10954,1220,22,19.5,2025-03-15 23:59
10955,1954,18,33.5,2025-05-11 10:37
10956,962,1,20.5,2024-12-28 09:45
10957,532,5,11.0,2025-02-02 21:15
10958,1547,27,20.5,2025-09-07 03:31
10959,826,6,29.5,2025-04-21 05:01
10960,455,9,29.0,2025-05-03 07:15
10961,1037,7,26.0,2025-02-18 10:19
10962,2379,5,19.5,2025-09-02 02:45
10963,2347,19,15.5,2025-01-28 08:08
10964,2425,19,5.5,2024-12-14 16:03
10965,1710,6,24.0,2025-08-13 16:41
10966,612,15,19.5,2025-02-27 16:24
10967,1170,10,5.5,2025-08-15 14:36
10968,315,21,9.5,2025-07-07 09:33
10969,1564,17,10.0,2025-04-13 13:49
10970,257,14,20.5,2025-01-24 00:53
10971,1398,8,33.0,2025-05-01 00:22
10972,15,1,18.0,2025-03-04 14:34
10973,584,6,29.0,2025-11-15 21:13
10974,2150,8,25.5,2025-01-03 12:52
10975,1319,3,6.5,2025-03-01 17:54
10976,1406,26,11.0,2025-03-11 14:01
10977,782,8,26.0,2025-02-17 18:56
10978,2475,12,31.0,2025-01-16 23:35
10979,989,10,29.0,2025-07-05 09:47
10980,1179,5,33.5,2025-08-31 04:22
10981,839,19,32.0,2025-04-17 23:55
10982,1651,5,29.0,2025-08-18 17:29
10983,2361,18,11.0,2025-03-04 09:04
10984,2180,5,24.0,2024-12-15 08:39
10985,965,2,26.0,2025-04-12 14:15
10986,938,5,14.0,2025-08-03 19:57
10987,902,3,26.5,2025-03-09 11:06
10988,849,24,21.5,2024-12-13 23:04
10989,1606,27,5.5,2025-08-04 06:42
10990,1030,1,5.5,2025-02-21 03:00
10991,2399,20,23.5,2025-01-03 13:08
10992,1995,26,32.0,2025-01-28 13:21
10993,1169,25,35.5,2025-01-25 18:44
10994,166,2,10.5,2025-03-31 13:12
10995,792,19,31.5,2025-01-20 15:57
10996,1583,13,23.5,2025-09-11 16:23
10997,908,7,16.0,2025-10-07 02:23
10998,2101,8,9.5,2025-07-23 13:55
10999,467,16,19.5,2025-01-11 13:27
11000,2390,2,6.5,2024-12-22 16:49
11001,802,3,15.0,2025-03-28 13:45
11002,1823,11,14.5,2025-07-01 15:48
11003,1953,12,5.0,2024-12-16 00:42
11004,1330,13,21.0,2025-05-13 12:37
11005,1973,11,29.0,2025-03-24 04:03
11006,1182,16,12.0,2025-06-14 00:32
11007,1735,26,27.0,2025-03-10 19:32
11008,246,16,11.5,2025-02-01 16:22
11009,1851,12,37.5,2025-08-06 21:22
11010,63,11,26.0,2025-02-09 06:02
11011,2050,13,23.5,2025-03-23 11:49
11012,1499,27,9.5,2025-04-05 00:36
11013,562,25,29.5,2025-07-28 18:30
11014,752,21,9.5,2025-11-14 21:12
11015,1971,17,25.0,2025-12-05 10:59
11016,2447,4,26.0,2025-08-21 15:47
11017,350,18,14.0,2025-01-03 23:36
11018,2207,17,20.5,2025-11-22 20:38
11019,31,16,20.5,2025-02-11 06:01
11020,1832,24,19.0,2025-11-17 03:37
11021,430,26,4.5,2025-03-10 16:51
11022,397,11,23.0,2025-04-06 19:50
11023,652,27,32.5,2025-04-18 06:32
11024,602,25,5.0,2025-08-15 16:41
11025,2446,5,16.0,2025-06-06 10:20
11026,668,4,22.0,2025-01-28 18:45
11027,581,8,5.0,2025-05-30 10:54
11028,741,10,16.5,2025-10-02 17:20
11029,605,4,28.5,2025-04-01 21:32
11030,876,23,30.0,2025-01-13 15:19
11031,295,10,32.0,2025-08-30 23:46
11032,1706,20,5.0,2025-06-04 09:22
11033,1959,23,20.0,2024-12-07 04:13
11034,983,12,6.5,2025-08-06 11:32
11035,184,8,10.0,2025-08-28 13:26
11036,2186,4,24.5,2025-10-29 08:11
11037,381,11,22.0,2025-08-08 02:31
11038,1809,2,34.0,2025-07-16 13:12
11039,457,2,27.5,2025-03-15 19:14
11040,1863,18,6.5,2025-06-12 07:54
11041,669,13,11.5,2025-07-09 15:09
11042,2165,14,39.5,2025-05-23 08:59
11043,1235,16,22.5,2025-06-20 08:50
11044,1381,8,23.0,2024-12-07 19:32
11045,1481,16,20.5,2025-10-21 04:32
11046,880,22,22.0,2025-11-07 05:39
11047,1557,8,6.5,2025-08-27 18:13
11048,2180,26,6.5,2025-03-28 05:59
11049,1161,25,9.5,2025-09-27 09:17
11050,704,25,18.5,2025-07-15 22:43
11051,1673,1,15.0,2025-07-30 12:57
11052,170,13,11.0,2025-09-14 00:10
11053,2040,2,30.5,2025-07-05 04:15
11054,1345,2,20.5,2025-09-20 19:31
11055,151,24,11.0,2025-10-29 04:50
11056,2015,24,26.5,2025-11-11 10:23
11057,2406,9,24.0,2025-02-10 08:09
11058,981,14,16.5,2025-07-12 14:49
11059,2482,7,26.5,2025-11-05 17:45
11060,1276,11,21.5,2025-03-09 17:23
11061,1142,1,20.5,2025-11-02 21:39
11062,2226,22,5.0,2025-06-02 10:04
11063,1037,18,6.5,2025-05-31 01:10
11064,1740,15,13.0,2025-11-13 11:47
11065,2159,16,31.5,2025-06-22 01:19
11066,347,26,25.5,2025-08-14 01:19
11067,296,21,35.5,2025-11-28 19:51
11068,734,17,37.5,2025-11-03 18:08
11069,2363,24,20.5,2025-09-12 23:46
11070,2217,14,15.0,2025-11-05 23:56
11071,1163,16,32.0,2025-11-16 15:43
11072,141,9,31.0,2025-04-21 02:57
11073,1767,24,29.5,2025-03-11 05:56
11074,1759,13,27.0,2025-12-03 19:50
11075,377,9,30.5,2025-10-29 18:28
11076,2231,17,14.5,2025-04-29 02:39
11077,1973,13,14.0,2025-02-25 14:03
11078,607,5,5.0,2025-02-21 19:56
11079,262,12,9.5,2025-01-22 20:13
11080,1072,21,26.0,2025-10-06 09:15
11081,2158,2,15.5,2025-06-21 17:32
11082,2161,22,14.0,2025-09-17 11:38
11083,2126,23,18.5,2025-07-15 11:15
11084,1666,20,19.0,2025-01-24 19:25
11085,532,1,30.5,2025-02-20 11:50
11086,356,15,25.5,2025-01-01 13:24
11087,1198,12,4.5,2025-10-03 00:10
11088,1484,11,14.5,2025-10-17 23:25
11089,472,13,20.0,2025-03-03 09:08
11090,638,25,36.0,2024-12-15 09:21
11091,779,7,32.5,2025-08-12 12:59
11092,103,2,27.5,2025-01-08 04:53
11093,63,13,28.0,2025-05-12 14:18
11094,553,24,20.0,2025-03-16 03:52
11095,2168,26,5.0,2025-03-23 07:15
11096,1556,18,31.5,2025-11-26 21:41
11097,671,2,10.0,2025-05-21 02:02
11098,608,17,28.5,2025-07-19 23:22
11099,608,8,9.5,2025-01-11 20:40
11100,485,12,9.0,2025-05-18 14:08
11101,130,17,31.0,2025-07-03 16:53
11102,1990,15,31.0,2025-04-03 04:18
11103,1050,5,16.0,2025-04-22 09:49
11104,707,2,10.5,2025-08-11 11:05
11105,1404,18,15.5,2025-09-07 03:19
11106,905,17,11.5,2025-08-29 02:44
11107,931,19,20.5,2025-09-02 22:01
11108,728,19,5.5,2025-09-15 06:09
11109,2308,17,35.5,2025-03-20 09:15
11110,958,20,16.0,2025-10-07 12:43
11111,1429,8,10.5,2025-01-26 13:19
11112,2408,12,4.5,2025-10-26 12:17
11113,1612,21,21.0,2024-12-07 23:52
11114,1269,11,31.5,2025-02-21 09:12
11115,510,3,15.0,2025-03-14 15:07
11116,1714,2,14.5,2025-07-06 12:38
11117,970,20,21.5,2025-04-24 15:35
11118,1422,6,16.5,2025-01-16 14:46
11119,1192,26,20.0,2025-03-23 06:32
11120,1391,1,11.5,2025-07-02 00:04
11121,972,12,23.0,2025-09-02 14:16
11122,2446,20,23.0,2025-12-02 07:18
11123,1987,25,22.5,2025-04-08 03:53
11124,1199,5,20.0,2025-08-23 18:50
11125,2012,16,20.5,2025-11-06 10:49
11126,467,3,32.5,2025-05-21 22:39
11127,713,20,31.5,2025-11-18 16:50
11128,1397,17,9.5,2025-03-14 02:32
11129,9,2,16.0,2024-12-16 04:11
11130,641,8,31.0,2025-07-06 23:39
11131,1897,4,18.5,2025-10-18 22:26
11132,1517,13,6.5,2025-06-11 17:37
11133,2449,25,16.0,2025-07-15 06:49
11134,201,2,5.0,2025-06-15 23:02
11135,2296,26,27.0,2025-04-11 10:09
11136,2191,27,5.5,2025-08-27 04:36
11137,1034,18,35.0,2025-08-04 19:01
11138,2035,23,5.0,2025-05-19 15:09
11139,1689,27,33.5,2025-05-24 11:32
11140,1288,5,18.5,2025-04-08 08:47
11141,438,18,19.0,2024-12-27 13:50
11142,1475,27,21.5,2025-04-22 13:40
11143,570,6,11.5,2025-05-04 16:12
11144,596,4,14.5,2025-10-20 19:19
11145,49,21,29.0,2025-10-19 17:38
11146,928,15,11.0,2025-11-13 00:37
11147,1970,18,17.5,2025-02-17 06:01
11148,1018,6,10.5,2025-04-05 04:24
11149,1600,17,22.5,2025-11-13 14:12
11150,544,9,32.5,2025-10-14 17:45
11151,1937,4,35.5,2025-01-05 11:56
11152,645,22,15.0,2025-02-10 10:05
11153,2381,5,29.5,2025-06-17 07:59
11154,740,1,18.5,2025-10-27 13:57
11155,1058,15,4.5,2025-07-03 19:12
11156,270,7,27.0,2025-01-14 02:38
11157,828,23,11.5,2025-09-10 21:29
11158,1029,23,29.5,2025-10-21 21:11
11159,1343,26,19.0,2025-09-28 18:58
11160,1035,12,14.5,2025-03-22 21:04
11161,1512,7,31.0,2025-05-01 05:05
11162,135,13,21.0,2025-10-15 02:03
11163,1680,15,30.0,2025-08-13 09:14
11164,603,8,31.0,2025-04-15 06:19
11165,1113,22,14.0,2024-12-19 01:49
11166,1167,21,26.0,2025-03-14 06:27
11167,887,2,30.0,2025-03-28 08:03
11168,1620,6,33.5,2025-03-09 07:07
11169,1249,10,9.5,2025-04-14 14:32
11170,1872,4,26.0,2025-10-25 00:32
11171,188,22,24.0,2025-10-15 03:26
11172,1944,22,24.0,2025-01-23 03:36
11173,660,3,5.5,2025-08-07 08:45
11174,1887,16,20.5,2025-03-24 00:29
11175,500,24,26.5,2025-07-12 11:46
11176,1965,26,29.0,2025-08-11 02:08
11177,927,14,32.5,2025-06-24 20:09
11178,492,19,9.5,2025-08-07 02:41
11179,489,6,10.5,2025-09-04 13:39
11180,301,15,5.5,2025-10-26 08:59
11181,1367,23,5.0,2025-08-29 05:38
11182,574,25,23.0,2025-01-02 04:32
11183,2031,15,29.0,2025-01-21 05:54
11184,1477,1,11.5,2025-05-12 05:39
11185,1929,20,14.5,2025-02-24 11:33
11186,1241,6,31.5,2025-07-10 18:46
11187,2047,25,18.5,2025-06-13 02:07
11188,415,21,19.5,2025-09-29 06:11
11189,753,20,16.5,2025-07-01 06:51
11190,1264,4,6.5,2025-07-06 03:50
11191,625,15,13.0,2025-10-29 06:19
11192,2465,8,26.5,2025-11-24 06:19
11193,323,13,6.5,2025-10-10 15:41
11194,1469,17,6.5,2025-02-15 04:53
11195,191,3,14.5,2025-07-28 21:02
11196,809,23,15.0,2025-11-03 13:09
11197,775,13,4.5,2025-11-28 08:35
11198,1553,8,21.0,2025-04-14 11:11
11199,1120,26,11.0,2025-05-31 03:18
11200,709,16,31.0,2025-11-07 05:58
11201,97,11,10.5,2025-04-09 15:19
11202,1368,12,14.0,2025-10-05 10:50
11203,117,9,18.0,2025-07-25 20:17
11204,2170,27,31.0,2025-01-16 09:46
11205,679,1,4.5,2025-09-22 21:36
11206,1340,23,11.0,2025-03-31 22:35
11207,2029,23,4.5,2025-02-11 03:08
11208,1862,8,15.0,2025-02-13 22:00
11209,1547,27,9.5,2025-05-28 13:56
11210,510,2,16.5,2025-07-02 15:04
11211,265,5,11.0,2025-08-05 01:44
11212,975,25,31.0,2025-06-09 20:33
11213,905,18,21.5,2025-10-10 12:53
11214,1570,4,10.5,2025-01-29 12:52
11215,1380,12,11.0,2025-04-01 05:48
11216,2349,4,30.0,2024-12-28 21:05
11217,2063,21,21.5,2025-04-08 02:00
11218,2035,19,30.5,2025-11-28 15:51
11219,1982,20,20.0,2025-04-21 15:36
11220,2459,16,32.5,2025-07-09 22:22
11221,2276,2,11.5,2025-09-01 14:53
11222,1341,12,19.0,2025-02-05 14:06
11223,1321,22,11.5,2025-11-08 11:36
11224,1854,11,16.5,2025-01-19 13:39
11225,1379,1,16.0,2025-10-11 14:26
11226,562,6,4.5,2025-01-27 00:00
11227,2115,19,23.5,2025-01-09 20:08
11228,1015,22,18.0,2025-11-28 22:11
11229,740,6,5.5,2025-08-06 11:29
11230,79,23,26.5,2024-12-26 09:17
11231,790,18,9.5,2025-08-23 15:39
11232,1399,21,20.5,2025-10-29 18:54
11233,1878,21,29.0,2025-05-24 22:46
11234,1623,14,35.0,2025-02-19 13:18
11235,1226,27,14.5,2025-02-02 04:58
11236,1662,24,15.0,2025-11-25 07:25
11237,1599,8,28.0,2025-10-19 08:54
11238,2343,16,27.0,2025-02-14 22:46
11239,11,11,23.0,2025-08-17 01:11
11240,1872,26,14.5,2025-11-03 23:14
11241,803,5,20.5,2025-07-19 09:32
11242,128,25,17.5,2024-12-20 20:21
11243,1887,4,6.5,2025-06-25 00:30
11244,1079,12,35.0,2025-06-11 19:51
11245,10,6,27.0,2025-11-04 02:01
11246,877,19,23.0,2025-03-11 10:34
11247,433,10,13.0,2025-09-14 23:17
11248,335,13,22.5,2025-04-21 03:23
11249,417,5,6.5,2025-03-10 00:02
11250,1668,9,11.0,2025-11-14 04:14
11251,190,17,24.5,2025-12-03 18:11
11252,2238,26,26.0,2025-11-13 06:49
11253,622,17,9.5,2025-02-20 11:03
11254,803,18,13.5,2025-05-05 09:10
11255,1404,22,9.5,2025-09-26 02:39
11256,815,18,5.0,2025-03-25 13:05
11257,204,17,16.0,2025-09-11 13:33
11258,431,26,9.5,2025-09-06 05:43
11259,1283,9,18.5,2025-06-11 17:04
11260,803,10,20.0,2025-09-27 21:26
11261,2082,25,33.5,2024-12-11 01:54
11262,789,3,9.5,2025-01-15 14:26
11263,1080,22,11.0,2025-01-12 04:13
11264,79,16,9.5,2025-03-06 16:58
11265,1788,10,11.0,2025-11-15 15:34
11266,405,25,28.0,2025-02-26 08:21
11267,2453,5,5.0,2025-03-19 10:34
11268,118,16,9.5,2025-08-14 14:02
11269,873,25,25.5,2025-10-26 21:48
11270,754,1,18.0,2025-01-15 00:58
11271,1238,10,29.0,2025-07-04 20:12
11272,2374,11,37.0,2025-08-08 07:57
11273,1054,26,9.5,2025-10-27 19:57
11274,1743,13,5.0,2025-11-05 14:01
11275,1456,1,34.0,2025-10-01 15:10
11276,1900,23,10.5,2025-09-08 19:28
11277,1166,22,12.0,2025-01-22 07:26
11278,1661,11,31.0,2025-04-12 06:33
11279,587,21,28.5,2025-05-31 06:50
11280,1226,21,18.0,2025-11-25 12:33
11281,1289,14,11.0,2025-02-20 20:43
11282,1037,19,15.0,2025-07-11 17:52
11283,2423,19,20.5,2025-04-11 10:11
11284,1381,14,10.0,2025-04-23 02:29
11285,2034,11,6.5,2025-04-30 02:50
11286,745,4,24.0,2025-01-31 17:48
11287,1948,19,10.5,2025-08-02 17:52
11288,760,7,13.0,2025-03-22 11:08
11289,691,10,16.0,2025-12-05 06:13
11290,751,25,31.0,2025-02-18 19:10
11291,1493,7,12.0,2025-07-30 16:22
11292,246,12,29.0,2025-09-14 01:46
11293,966,12,22.5,2025-06-18 15:20
11294,1586,20,16.5,2025-05-14 22:38
11295,1057,2,25.0,2025-01-10 08:53
11296,1815,1,30.5,2025-05-17 21:26
11297,1067,20,15.5,2024-12-09 16:13
11298,1672,26,30.0,2024-12-17 00:49
11299,2299,5,6.5,2025-12-06 12:45
11300,711,4,4.5,2025-03-26 08:30
11301,513,20,39.0,2025-10-07 05:24
11302,1876,18,9.5,2025-07-31 21:01
11303,74,1,5.0,2025-05-28 14:09
11304,1245,13,20.0,2025-01-13 19:25
11305,2472,25,26.0,2025-10-06 16:11
11306,1468,8,27.5,2025-09-25 10:51
11307,1258,7,28.0,2025-10-13 16:52
11308,1291,2,25.5,2025-03-19 03:58
11309,1751,26,31.0,2025-06-04 04:28
11310,2338,2,5.5,2025-05-27 22:47
11311,712,10,16.0,2025-01-26 07:04
11312,202,9,15.0,2025-06-12 22:17
11313,293,19,26.5,2025-06-02 21:17
11314,2381,17,16.0,2025-06-10 17:26
11315,2319,11,9.5,2024-12-07 04:20
11316,253,7,30.0,2025-03-29 11:19
11317,985,6,27.0,2025-05-27 19:23
11318,349,27,23.0,2025-07-29 07:48
11319,2069,13,21.5,2025-07-13 02:28
11320,695,12,17.0,2025-10-07 23:05
11321,564,25,26.0,2025-09-26 10:38
11322,1789,26,14.0,2024-12-07 23:23
11323,2476,2,34.0,2025-09-26 16:33
11324,1822,7,5.5,2025-07-20 21:29
11325,393,20,31.0,2025-02-18 02:12
11326,1746,7,5.0,2025-08-04 00:19
11327,1098,26,4.5,2025-02-01 20:39
11328,938,10,21.0,2025-11-15 01:21
11329,160,27,31.0,2025-03-31 08:01
11330,2100,26,9.5,2024-12-27 08:49
11331,811,12,26.5,2025-10-09 02:12
11332,521,4,26.5,2025-03-04 01:04
11333,331,6,5.5,2025-04-28 06:02
11334,1354,27,30.0,2025-05-24 07:50
11335,1015,21,14.0,2025-11-10 13:27
11336,1154,20,9.5,2025-08-28 03:08
11337,1835,12,25.0,2025-03-20 23:00
11338,2195,17,11.0,2025-06-20 13:08
11339,440,5,30.0,2025-11-03 17:05
11340,189,21,18.5,2025-06-24 18:21
11341,1139,7,20.5,2025-10-20 01:30
11342,2178,2,9.5,2024-12-29 22:20
11343,1614,26,12.0,2025-02-18 23:17
11344,1323,6,11.0,2025-08-09 23:54
11345,1983,10,24.5,2025-01-28 04:18
11346,108,4,4.5,2025-10-27 10:13
11347,1999,5,12.0,2025-03-23 10:50
11348,536,27,15.0,2025-08-07 18:51
11349,1555,8,36.5,2025-07-22 17:10
11350,1717,25,14.5,2025-01-11 17:00
11351,368,3,15.0,2024-12-26 10:39
11352,2304,26,10.5,2025-02-26 14:32
11353,519,17,19.0,2025-09-01 06:16
11354,2020,5,36.5,2024-12-24 03:52
11355,2295,26,15.5,2025-04-09 09:30
11356,245,4,5.5,2024-12-24 15:28
11357,1471,2,27.0,2025-06-27 08:11
11358,894,26,14.5,2025-11-16 04:19
11359,1685,24,5.0,2025-11-05 03:01
11360,1887,15,33.5,2025-05-22 08:38
11361,614,6,9.5,2025-01-09 05:40
11362,1180,26,10.0,2025-11-10 12:12
11363,889,24,11.0,2025-09-03 06:42
11364,1675,6,10.5,2025-07-16 21:10
11365,1603,25,10.0,2025-01-28 11:09
11366,2422,26,13.0,2025-06-04 12:14
11367,1283,24,25.5,2025-06-22 22:05
11368,1165,15,31.5,2025-01-12 05:45
11369,477,11,29.0,2025-05-07 23:12
11370,1786,16,28.0,2025-06-20 03:29
11371,899,18,18.0,2025-02-10 10:00
11372,2154,16,14.5,2024-12-14 07:01
11373,404,2,25.0,2025-07-25 03:39
11374,2194,18,14.5,2025-07-15 06:57
11375,1755,9,26.0,2025-03-06 00:05
11376,414,3,5.5,2025-07-24 15:13
11377,454,18,9.5,2025-05-02 08:32
11378,1831,1,9.5,2025-04-06 17:42
11379,2048,2,26.0,2025-09-23 20:35
11380,1042,25,24.5,2025-11-15 06:57
11381,62,9,20.5,2025-06-26 20:47
11382,1720,27,35.0,2024-12-20 09:41
11383,1164,24,9.5,2025-10-01 04:06
11384,579,27,26.0,2025-11-15 19:42
11385,1078,15,15.0,2025-09-18 16:59
11386,215,14,36.5,2025-01-30 15:12
11387,11,14,14.5,2025-10-20 18:09
11388,1302,23,9.5,2025-11-05 16:38
11389,481,21,16.5,2025-02-24 14:52
11390,316,11,16.0,2025-07-15 15:46
11391,44,2,15.5,2025-01-15 10:41
11392,2322,8,19.5,2025-11-29 03:57
11393,2422,4,26.0,2025-02-08 04:31
11394,926,15,4.5,2025-10-25 19:28
11395,1790,7,33.0,2025-11-27 17:19
11396,428,15,29.5,2025-02-05 04:08
11397,234,12,28.0,2025-10-24 00:12
11398,1880,24,31.5,2024-12-24 00:05
11399,161,8,19.5,2025-01-18 01:04
11400,499,15,20.0,2025-08-18 10:05
11401,1969,25,11.5,2025-11-09 07:47
11402,789,16,6.5,2025-01-20 16:59
11403,2102,20,14.0,2025-09-25 20:19
11404,1439,23,25.0,2025-05-10 14:16
11405,102,22,13.5,2025-09-10 15:08
11406,2157,21,15.0,2025-04-20 19:56
11407,69,20,14.5,2025-04-16 16:44
11408,1414,23,31.0,2025-09-26 17:43
11409,1834,16,26.5,2025-04-26 11:34
11410,2338,20,21.0,2025-03-22 21:57
11411,1316,21,26.5,2025-10-21 05:01
11412,1138,6,14.5,2025-01-20 23:59
11413,607,21,12.0,2025-11-25 06:25
11414,1705,6,21.0,2024-12-12 12:43
11415,559,18,34.5,2025-05-22 04:19
11416,2202,9,11.5,2025-06-08 16:23
11417,2437,27,24.5,2025-12-05 02:22
11418,1447,10,9.5,2025-07-26 06:02
11419,276,7,6.5,2025-01-16 17:39
11420,1324,19,37.0,2025-05-22 20:36
11421,896,19,21.0,2025-10-21 14:17
11422,1010,9,5.0,2025-03-31 18:52
11423,1722,9,11.5,2025-05-17 20:13
11424,754,12,31.5,2025-12-01 13:42
11425,638,6,14.5,2025-05-09 22:10
11426,2476,25,4.5,2025-07-25 21:50
11427,2071,24,17.0,2024-12-28 18:37
11428,2162,3,5.5,2025-04-11 22:14
11429,2177,15,19.5,2025-06-24 21:23
11430,2250,11,31.0,2025-08-30 18:57
11431,1454,8,15.5,2025-02-03 06:32
11432,1280,6,36.0,2025-03-13 22:04
11433,1981,1,5.5,2025-07-06 22:27
11434,697,21,16.0,2025-08-16 01:59
11435,469,10,29.5,2025-05-29 15:31
11436,2012,25,16.0,2025-04-25 03:46
11437,1279,7,9.5,2025-08-11 13:41
11438,129,6,22.0,2025-09-30 20:07
11439,1195,7,6.5,2025-06-08 03:22
11440,1415,9,20.5,2025-09-16 23:37
11441,509,22,9.0,2025-11-02 12:22
11442,876,22,20.5,2025-10-08 13:07
11443,779,21,25.0,2025-05-28 14:56
11444,2181,4,25.0,2025-05-30 22:21
11445,39,23,23.0,2025-08-05 12:20
11446,2156,4,20.5,2025-04-25 21:29
11447,1992,14,9.5,2024-12-11 02:42
11448,1250,17,21.0,2025-03-22 02:01
11449,1014,7,17.5,2025-08-23 09:35
11450,762,4,23.0,2025-07-05 18:15
11451,1928,4,19.5,2025-07-14 20:11
11452,746,8,21.0,2024-12-26 10:51
11453,1453,14,29.0,2025-08-05 14:37
11454,85,22,15.0,2024-12-22 13:37
11455,2176,6,4.5,2024-12-24 04:44
11456,1291,1,6.5,2025-04-06 21:46
11457,953,10,14.5,2025-02-16 13:50
11458,1595,1,23.0,2024-12-22 17:39
11459,1292,15,36.0,2025-01-21 14:08
11460,773,21,26.5,2025-08-07 10:36
11461,1838,4,19.5,2025-04-11 09:45
11462,1434,4,24.5,2025-12-03 06:16
11463,684,26,11.0,2025-02-04 15:52
11464,776,14,5.0,2025-09-10 14:17
11465,205,22,24.0,2025-11-07 22:36
11466,293,11,9.5,2025-07-16 07:20
11467,1928,19,10.0,2025-01-18 15:44
11468,2435,13,4.5,2025-10-02 09:53
11469,1387,12,10.5,2025-03-17 08:05
11470,911,18,27.0,2024-12-12 14:05
11471,1622,14,28.0,2025-09-13 18:25
11472,1254,27,5.5,2025-09-18 19:38
11473,591,19,14.5,2025-07-31 19:05
11474,1246,3,6.5,2025-11-10 14:56
11475,11,14,18.5,2025-12-02 23:39
11476,746,1,5.0,2025-08-28 10:33
11477,504,24,22.5,2025-11-10 14:26
11478,2196,3,26.0,2025-04-07 09:23
11479,1757,25,20.0,2025-11-28 04:06
11480,871,1,14.5,2025-01-19 18:40
11481,2439,25,35.0,2025-03-16 06:51
11482,771,3,26.0,2025-09-15 11:48
11483,946,11,16.0,2025-05-20 10:53
11484,536,5,5.0,2024-12-12 02:14
11485,2317,2,26.5,2025-09-22 15:45
11486,1873,23,5.0,2025-08-25 11:03
11487,1577,2,9.5,2025-09-04 04:25
11488,1979,2,29.5,2024-12-29 10:29
11489,1168,25,22.5,2025-06-07 19:04
11490,944,7,26.5,2025-10-01 18:23
11491,1979,5,23.5,2025-02-04 15:49
11492,1233,15,4.5,2025-04-29 13:00
11493,2365,20,32.5,2025-10-01 21:11
11494,1547,9,13.0,2024-12-07 17:13
11495,836,24,15.5,2025-09-28 09:46
11496,1583,9,25.0,2025-06-08 11:12
11497,339,7,5.5,2025-05-24 23:45
11498,2477,19,9.5,2025-07-18 22:17
11499,2080,3,4.5,2025-08-22 22:20
11500,1553,10,30.5,2025-03-03 01:56
11501,396,17,9.5,2025-08-14 18:44
11502,1888,10,18.5,2025-03-24 20:21
11503,666,10,24.5,2025-05-18 09:34
11504,774,13,19.0,2025-03-07 18:07
11505,859,6,26.5,2025-03-16 12:45
11506,1692,8,9.5,2025-09-14 17:06
11507,1367,7,5.5,2025-04-28 02:31
11508,1183,27,9.0,2025-04-14 17:09
11509,884,16,14.0,2024-12-13 22:01
11510,1190,15,13.0,2025-09-07 17:46
11511,803,24,32.0,2024-12-17 07:40
11512,458,5,4.5,2025-03-28 22:10
11513,1511,14,17.0,2025-03-12 22:26
11514,710,9,17.5,2025-03-07 20:54
11515,2339,4,16.5,2025-06-20 08:02
11516,737,13,11.5,2025-03-24 13:34
11517,2126,3,14.0,2025-05-04 11:45
11518,1365,18,19.0,2025-08-07 21:02
11519,909,3,29.0,2025-05-21 10:40
11520,2031,9,5.0,2025-04-14 19:23
11521,513,15,18.5,2025-04-16 17:33
11522,256,22,11.5,2025-07-16 15:59
11523,1856,4,19.5,2025-02-24 07:29
11524,2017,14,25.5,2025-07-11 18:51
11525,1500,23,12.0,2024-12-23 06:11
11526,1382,13,35.0,2025-03-17 12:32
11527,1542,26,24.5,2025-05-20 21:18
11528,2404,15,17.5,2025-05-28 15:50
11529,603,22,5.0,2025-11-14 20:51
11530,242,10,24.5,2025-08-02 02:03
11531,1783,2,28.0,2025-06-24 11:47
11532,1887,20,14.5,2025-08-01 09:49
11533,1165,23,29.0,2025-06-08 16:12
11534,587,21,24.5,2025-11-20 09:32
11535,259,15,36.5,2025-04-28 08:15
11536,2482,6,24.5,2025-08-12 09:49
11537,1076,17,9.5,2025-04-26 21:13
11538,539,10,20.0,2025-10-17 15:30
11539,465,21,20.0,2025-04-30 05:15
11540,1638,26,9.5,2025-06-08 23:26
11541,551,13,4.5,2025-01-09 01:32
11542,1601,1,11.0,2025-04-26 06:01
11543,348,5,6.5,2025-07-02 16:29
11544,1527,18,11.5,2025-10-27 06:46
11545,883,8,29.0,2025-07-31 12:57
11546,957,24,5.5,2025-09-15 08:28
11547,1313,27,30.5,2025-10-19 23:54
11548,2491,11,5.5,2025-01-31 04:45
11549,329,24,16.0,2025-08-28 15:07
11550,2433,6,15.0,2025-08-22 07:17
11551,928,22,19.5,2025-08-13 22:23
11552,696,24,5.0,2025-02-17 08:28
11553,627,15,28.5,2025-09-01 06:01
11554,574,20,11.5,2025-05-05 16:04
11555,1839,27,4.5,2025-11-06 06:07
11556,1260,7,11.0,2025-08-05 20:00
11557,1656,16,23.5,2025-11-14 02:36
11558,945,9,30.0,2025-02-18 00:29
11559,1278,14,9.5,2025-03-10 04:49
11560,2281,18,16.0,2025-01-14 00:56
11561,2338,23,33.0,2025-01-16 05:34
11562,285,25,15.5,2025-10-16 19:46
11563,664,1,29.0,2025-06-08 03:49
11564,1085,5,16.5,2025-07-22 11:09
11565,1634,13,14.0,2025-12-05 22:05
11566,1517,16,12.0,2025-06-16 05:59
11567,1367,26,10.0,2025-04-18 04:42
11568,2077,16,28.0,2025-01-11 08:46
11569,628,2,5.0,2025-07-31 21:34
11570,656,23,4.5,2025-02-15 08:18
11571,509,13,14.5,2025-07-02 10:23
11572,2050,5,22.0,2025-01-31 11:28
11573,2160,23,5.0,2025-03-25 18:25
11574,2081,5,5.0,2025-08-26 05:36
11575,1813,21,4.5,2025-03-25 01:25
11576,398,8,34.5,2025-09-29 22:33
11577,399,8,30.0,2025-05-29 01:34
11578,2386,14,20.5,2025-04-26 14:16
11579,2022,8,4.5,2025-07-28 01:54
11580,1263,19,21.0,2024-12-11 07:38
11581,325,8,25.0,2025-01-07 23:27
11582,1988,5,9.0,2025-04-23 00:47
11583,1177,24,14.0,2025-03-21 22:56
11584,351,10,35.0,2024-12-17 16:35
11585,1593,8,9.5,2025-03-08 16:13
11586,2308,1,33.0,2025-07-22 06:02
11587,557,17,11.0,2025-10-27 03:43
11588,87,15,10.0,2025-03-25 11:20
11589,1526,26,14.0,2025-09-06 02:47
11590,553,12,31.5,2025-06-03 20:26
11591,1402,16,5.5,2025-02-18 09:29
11592,668,7,24.0,2025-07-04 09:56
11593,895,16,5.0,2025-07-16 04:10
11594,810,20,10.5,2025-11-21 08:43
11595,1102,23,5.5,2025-08-24 03:23
11596,1666,21,6.5,2025-05-06 20:44
11597,44,19,19.5,2025-02-17 02:49
11598,1486,26,24.0,2025-06-15 06:42
11599,1498,9,32.0,2025-07-06 17:40
11600,749,13,9.5,2024-12-17 16:25
11601,195,25,12.0,2025-04-12 04:03
11602,504,10,11.5,2025-09-19 13:57
11603,373,26,5.5,2025-05-22 00:09
11604,683,19,6.5,2025-09-18 23:47
11605,1904,23,5.0,2025-09-25 17:21
11606,828,16,30.0,2025-03-19 05:40
11607,2274,8,26.0,2025-08-17 12:07
11608,1949,23,15.0,2025-12-01 07:22
11609,13,19,9.5,2025-06-13 20:38
11610,1212,26,37.0,2025-08-01 16:04
11611,727,22,30.5,2025-11-25 09:04
11612,1725,6,35.5,2025-10-13 12:47
11613,294,25,6.5,2024-12-15 03:03
11614,1765,14,24.5,2025-10-20 17:51
11615,757,8,10.5,2025-01-29 09:15
11616,1633,17,5.5,2025-05-18 21:23
11617,360,2,18.5,2025-09-27 22:07
11618,312,23,36.0,2025-08-31 19:42
11619,434,13,30.5,2025-03-05 19:22
11620,2307,19,29.0,2025-03-12 05:27
11621,109,8,10.0,2024-12-23 20:00
11622,482,5,16.0,2025-10-12 07:48
11623,2305,3,11.5,2025-03-21 10:36
11624,2497,27,5.5,2025-05-07 14:41
11625,449,24,26.0,2025-10-28 02:37
11626,2293,5,5.5,2025-03-12 23:36
11627,130,14,37.5,2025-05-29 13:31
11628,1006,25,38.5,2025-01-28 10:24
11629,2079,19,5.5,2025-10-17 06:48
11630,1978,6,4.5,2025-01-01 21:05
11631,17,20,4.5,2025-06-18 11:10
11632,677,9,5.0,2025-05-11 14:09
11633,1122,26,35.5,2025-08-17 11:00
11634,1508,27,6.5,2025-11-12 01:52
11635,595,2,31.0,2025-08-26 12:21
11636,1691,26,6.5,2025-07-13 06:13
11637,2056,17,22.0,2024-12-19 17:14
11638,359,8,19.0,2025-01-08 22:16
11639,496,8,24.0,2025-12-03 13:15
11640,965,5,24.5,2025-07-09 13:57
11641,39,21,21.0,2025-05-21 12:16
11642,1256,25,9.5,2025-05-05 08:34
11643,2063,18,13.0,2025-11-04 20:32
11644,2371,18,26.0,2024-12-31 05:44
11645,2041,6,18.5,2025-09-25 05:26
11646,1539,25,28.5,2025-06-23 00:00
11647,1531,26,27.0,2025-05-06 16:58
11648,171,6,25.0,2025-02-20 01:48
11649,480,21,32.0,2024-12-25 14:52
11650,576,12,11.5,2025-09-02 10:47
11651,1906,11,26.5,2025-06-08 08:44
11652,589,13,21.0,2025-10-11 04:22
11653,253,26,24.5,2025-09-30 14:36
11654,2095,24,5.5,2025-07-01 21:07
11655,582,7,30.0,2025-11-22 18:20
11656,1430,24,21.5,2025-10-08 06:19
11657,2180,22,29.5,2025-10-05 05:01
11658,1353,10,6.5,2025-12-02 09:43
11659,1181,20,21.5,2025-11-15 12:56
11660,1931,19,9.5,2025-08-13 12:42
11661,2463,8,16.0,2024-12-08 18:59
11662,1990,1,38.0,2025-05-05 20:16
11663,2078,5,28.0,2025-08-19 19:59
11664,586,5,9.5,2025-08-22 09:43
11665,704,23,13.0,2025-12-01 13:38
11666,337,27,29.5,2025-02-28 22:57
11667,1997,24,5.5,2025-11-13 23:09
11668,1594,1,25.0,2025-02-26 11:26
11669,2383,5,32.5,2025-05-13 23:31
11670,1560,13,23.0,2025-01-08 18:36
11671,2448,14,9.5,2025-05-29 10:20
11672,2394,18,35.0,2025-09-26 13:12
11673,282,12,25.5,2025-04-28 12:07
11674,410,17,13.0,2025-03-13 08:13
11675,1393,27,27.0,2025-11-26 20:33
11676,545,17,19.5,2025-02-26 13:20
11677,445,24,32.0,2025-03-29 02:56
11678,2292,2,5.5,2025-05-24 03:33
11679,2207,13,32.5,2024-12-18 17:53
11680,1265,26,19.5,2025-11-28 09:54
11681,1872,13,25.5,2025-03-22 07:43
11682,1501,10,4.5,2025-06-17 11:17
11683,1727,25,12.0,2025-05-20 05:03
11684,2108,3,23.0,2025-01-14 06:54
11685,1230,13,35.5,2025-10-30 09:20
11686,1247,17,24.0,2025-06-01 21:48
11687,2031,21,4.5,2025-09-25 11:57
11688,1972,25,29.0,2025-04-28 12:56
11689,508,3,20.0,2025-10-07 05:19
11690,1763,15,10.5,2025-08-18 23:27
11691,557,3,10.0,2025-08-14 10:28
11692,238,18,26.5,2025-09-18 21:36
11693,94,9,26.5,2025-06-12 09:21
11694,2253,27,31.0,2025-12-04 12:13
11695,859,1,9.5,2025-10-16 22:02
11696,2378,16,5.0,2025-07-16 13:24
11697,2195,20,9.5,2025-02-24 21:37
11698,1045,13,9.5,2025-06-19 22:03
11699,546,26,9.5,2025-08-10 13:35
11700,538,11,26.5,2025-02-07 19:59
11701,2167,18,16.5,2025-06-27 05:05
11702,472,8,4.5,2025-10-03 00:28
11703,1194,7,19.0,2025-05-20 21:38
11704,946,11,5.5,2025-07-09 14:38
11705,258,19,9.5,2025-10-31 00:15
11706,1895,1,4.5,2025-06-23 12:40
11707,1129,1,31.0,2025-08-30 21:51
11708,1270,7,11.5,2025-09-14 14:13
11709,241,26,30.5,2025-04-21 21:47
11710,1533,5,21.0,2025-03-07 13:19
11711,1937,18,20.0,2025-05-06 12:31
11712,810,22,26.0,2025-08-04 12:14
11713,601,8,23.0,2025-02-09 03:29
11714,2485,20,35.0,2025-02-21 16:32
11715,1614,5,18.0,2025-11-30 07:45
11716,2108,7,6.5,2025-05-04 15:01
11717,1235,4,21.0,2025-07-30 06:00
11718,1828,19,20.0,2025-05-04 02:39
11719,1929,11,23.5,2025-05-31 09:42
11720,1968,12,27.5,2025-07-10 18:24
11721,806,3,28.0,2024-12-28 16:19
11722,635,13,4.5,2025-02-17 18:28
11723,2136,13,13.0,2025-04-09 14:55
11724,1633,5,9.5,2025-03-04 07:24
11725,225,25,21.5,2025-07-13 14:50
11726,818,1,10.5,2024-12-12 01:49
11727,1924,19,4.5,2025-07-21 10:14
11728,2414,19,33.5,2025-05-30 19:47
11729,1765,20,16.0,2025-02-01 14:31
11730,2463,15,26.5,2025-09-29 04:19
11731,345,18,16.0,2025-11-11 19:41
11732,1960,3,25.0,2025-11-10 13:22
11733,1894,22,32.0,2025-09-08 19:17
11734,1125,10,26.5,2025-06-03 06:35
11735,803,2,15.0,2025-01-07 21:55
11736,1824,17,27.0,2025-06-22 06:27
11737,447,9,15.0,2025-05-14 20:20
11738,2167,25,15.0,2025-06-10 23:14
11739,1303,9,4.5,2025-08-27 06:02
11740,363,12,11.0,2025-08-06 03:38
11741,723,8,10.0,2025-11-01 23:15
11742,474,4,21.5,2025-05-13 21:45
11743,403,5,5.5,2025-08-18 03:46
11744,577,5,6.5,2025-07-17 00:52
11745,2046,6,14.5,2025-07-28 20:51
11746,700,11,6.5,2025-11-20 08:26
11747,2059,13,16.5,2025-11-10 06:54
11748,262,18,9.5,2025-07-08 00:52
11749,808,27,32.5,2025-09-15 02:21
11750,1496,27,16.5,2025-05-30 09:51
11751,436,13,26.5,2025-03-19 11:28
11752,88,15,24.5,2025-10-10 11:49
11753,809,23,28.5,2024-12-07 05:16
11754,25,7,19.0,2025-01-25 00:31
11755,1673,19,26.0,2024-12-25 08:24
11756,1980,26,18.0,2025-11-23 11:40
11757,474,10,5.0,2025-01-24 23:11
11758,225,11,19.5,2025-06-06 14:14
11759,1775,1,9.5,2025-03-18 06:31
11760,793,25,5.0,2025-08-18 12:18
11761,1981,12,11.0,2025-11-13 09:39
11762,871,4,14.0,2025-07-05 09:10
11763,1987,27,40.0,2025-05-27 01:09
11764,260,4,30.0,2025-04-09 04:09
11765,407,6,25.5,2025-05-10 11:23
11766,2233,15,10.5,2024-12-13 14:53
11767,2302,26,34.0,2025-09-29 04:49
11768,883,13,11.5,2025-10-03 12:32
11769,849,23,18.5,2024-12-20 19:53
11770,1427,23,28.0,2025-01-28 19:31
11771,1631,5,12.0,2025-04-13 09:40
11772,920,26,11.5,2025-06-04 08:35
11773,1224,17,28.0,2025-03-28 00:16
11774,1774,19,34.0,2025-06-08 04:23
11775,1024,3,37.0,2024-12-16 00:04
11776,1782,22,21.0,2025-08-15 19:25
11777,78,24,25.5,2024-12-20 17:13
11778,517,23,20.0,2025-08-07 05:31
11779,629,10,16.5,2025-10-27 11:38
11780,2154,18,5.5,2025-07-30 15:40
11781,195,4,23.5,2025-01-22 02:47
11782,1593,21,35.0,2025-07-07 19:37
11783,1712,3,4.5,2025-09-24 08:14
11784,385,18,24.5,2025-09-22 02:19
11785,1680,21,26.5,2025-06-26 17:23
11786,1040,9,14.0,2025-11-23 23:42
11787,1981,12,4.5,2024-12-09 21:06
11788,204,23,16.0,2025-08-24 21:04
11789,514,13,23.5,2025-10-30 02:27
11790,666,4,9.5,2025-08-26 17:32
11791,606,10,21.5,2025-11-26 23:23
11792,337,11,18.5,2025-03-27 01:46
11793,406,1,19.5,2024-12-27 02:21
11794,303,22,25.5,2024-12-10 16:10
11795,1,21,23.0,2025-02-17 06:29
11796,444,10,21.5,2025-09-26 22:25
11797,1718,4,20.5,2025-02-11 23:48
11798,707,25,26.0,2025-01-31 01:16
11799,1427,24,30.5,2025-07-04 22:05
11800,1814,20,10.0,2025-01-03 14:09
11801,401,5,35.0,2025-01-27 10:00
11802,2049,26,25.5,2025-02-11 21:01
11803,364,10,15.0,2025-05-12 06:06
11804,587,1,20.5,2025-04-25 09:21
11805,937,17,5.0,2025-01-07 02:00
11806,1663,3,11.5,2025-11-07 20:20
11807,399,18,5.0,2025-11-19 19:28
11808,453,19,6.5,2025-05-29 05:08
11809,2029,10,15.5,2025-09-17 06:35
11810,2022,15,19.5,2025-04-19 02:48
11811,1977,27,13.0,2025-02-26 02:11
11812,1009,1,17.5,2025-11-17 17:47
11813,2065,22,5.0,2025-07-25 14:01
11814,1375,10,15.0,2025-07-29 14:40
11815,1362,17,28.0,2025-03-28 04:34
11816,1072,16,26.5,2025-11-12 22:38
11817,1559,3,29.5,2025-08-31 11:56
11818,1466,27,23.5,2025-08-24 01:50
11819,1952,9,22.5,2025-11-25 17:47
11820,2299,2,24.0,2025-03-25 12:23
11821,106,6,17.0,2025-11-13 00:10
11822,383,9,19.0,2025-01-25 22:28
11823,1427,15,27.5,2025-03-13 04:30
11824,937,1,26.0,2025-02-07 22:32
11825,476,2,14.5,2025-02-26 23:07
11826,2361,21,20.5,2025-07-28 11:34
11827,950,1,9.5,2025-11-09 13:03
11828,1604,4,20.0,2025-08-14 07:47
11829,1582,22,36.5,2025-07-01 14:38
11830,1017,26,5.5,2025-04-09 06:25
11831,821,12,29.0,2025-04-20 12:19
11832,861,6,26.0,2025-03-08 04:32
11833,69,10,24.0,2025-04-21 09:15
11834,725,15,21.0,2025-05-21 13:23
11835,2402,7,12.0,2025-03-30 07:13
11836,1758,24,36.5,2025-02-07 07:04
11837,211,6,5.5,2025-07-07 08:54
11838,981,24,9.5,2025-03-23 15:56
11839,836,25,19.0,2025-04-12 07:15
11840,2192,25,16.0,2025-10-21 15:28
11841,1291,22,29.0,2025-01-15 10:17
11842,204,7,14.5,2025-08-29 10:55
11843,632,15,29.0,2025-07-12 21:46
11844,866,18,29.0,2025-09-19 01:30
11845,1622,17,31.5,2025-05-16 18:12
11846,1670,20,24.0,2025-02-12 08:11
11847,314,9,13.0,2025-02-13 21:29
11848,1465,21,32.0,2025-07-11 11:07
11849,316,7,9.5,2025-07-13 04:38
11850,760,4,11.5,2025-07-25 20:55
11851,1871,22,34.0,2025-08-15 02:57
11852,1774,21,19.5,2024-12-24 20:58
11853,2489,24,5.0,2025-05-19 22:24
11854,1604,4,9.5,2025-11-17 20:49
11855,1983,3,19.5,2025-10-05 04:14
11856,1629,21,30.0,2025-03-25 05:22
11857,1657,7,23.5,2025-03-31 14:49
11858,1346,27,10.0,2025-05-25 03:23
11859,1245,21,24.0,2025-07-25 05:51
11860,771,15,34.5,2024-12-29 04:37
11861,2116,12,10.5,2025-11-20 23:13
11862,1594,17,18.5,2025-06-22 06:20
11863,835,18,20.5,2025-10-23 09:30
11864,2475,13,22.5,2025-11-10 12:35
11865,1843,11,32.5,2025-10-26 00:09
11866,838,19,14.0,2024-12-29 16:58
11867,322,20,15.0,2025-03-22 01:51
11868,322,15,29.5,2025-08-03 09:32
11869,2115,22,31.0,2025-03-01 12:53
11870,288,5,5.5,2025-01-10 18:39
11871,1569,15,20.5,2025-01-19 09:03
11872,669,11,16.0,2025-05-07 02:19
11873,2231,2,25.0,2025-09-21 13:23
11874,2265,23,10.0,2025-06-10 04:41
11875,2405,25,21.0,2025-08-24 02:34
11876,219,12,21.0,2025-01-09 16:19
11877,697,14,14.5,2025-07-17 19:45
11878,1643,12,10.0,2024-12-10 08:33
11879,1270,6,5.0,2025-11-22 19:06
11880,2333,2,16.5,2025-07-30 01:29
11881,2413,14,9.5,2025-01-28 15:08
11882,614,1,38.0,2025-03-11 23:41
11883,1685,24,5.0,2025-03-15 02:53
11884,2281,24,4.5,2025-07-24 18:18
11885,2431,3,4.5,2025-06-08 02:10
11886,2367,16,20.0,2025-05-27 11:11
11887,681,5,9.5,2025-05-09 09:15
11888,435,10,25.5,2025-06-12 06:24
11889,359,21,9.5,2025-07-07 05:39
11890,1491,2,24.0,2025-08-22 02:18
11891,8,11,26.5,2024-12-07 06:47
11892,2057,16,5.0,2025-03-30 01:03
11893,162,6,18.5,2024-12-10 18:17
11894,1003,8,32.0,2025-01-01 04:52
11895,668,7,11.0,2025-03-23 06:33
11896,228,11,31.5,2025-09-14 07:48
11897,1978,24,5.5,2025-08-27 12:16
11898,190,8,10.5,2025-08-06 19:53
11899,1919,14,5.5,2025-05-03 07:56
11900,1104,25,5.0,2025-08-23 07:45
11901,1667,23,10.5,2025-03-25 19:16
11902,175,20,15.0,2025-09-17 05:05
11903,933,2,14.5,2025-06-26 07:35
11904,1331,21,5.5,2025-10-04 07:30
11905,972,16,30.0,2025-02-08 10:24
11906,1762,9,10.0,2025-05-08 13:49
11907,252,12,36.5,2025-11-11 15:45
11908,1241,24,29.5,2025-01-22 06:21
11909,680,8,9.5,2025-07-15 19:52
11910,914,27,9.5,2024-12-07 18:45
11911,1793,18,21.0,2025-09-29 03:29
11912,1783,9,33.5,2025-05-29 12:14
11913,1886,23,14.5,2025-06-28 11:54
11914,63,8,6.5,2025-07-01 17:25
11915,1585,12,25.5,2025-09-06 10:50
11916,2198,14,14.5,2025-04-13 06:54
11917,1019,21,15.5,2025-08-31 01:41
11918,1256,11,26.0,2025-02-24 23:30
11919,730,7,17.0,2025-05-04 06:55
11920,1668,14,24.0,2025-01-28 13:12
11921,2212,23,19.5,2025-02-07 13:30
11922,107,2,30.0,2025-07-27 22:20
11923,605,27,9.5,2025-01-01 16:09
11924,15,19,24.5,2025-11-29 16:42
11925,2434,12,4.5,2025-01-29 18:57
11926,97,26,20.5,2025-07-21 07:17
11927,2374,26,5.5,2024-12-20 04:59
11928,930,27,18.0,2025-07-06 02:22
11929,1983,24,9.5,2025-06-05 07:57
11930,1292,18,16.5,2025-07-29 07:06
11931,2195,10,28.0,2025-07-09 20:04
11932,733,1,5.0,2025-09-26 20:45
11933,254,1,20.5,2025-07-18 07:43
11934,402,16,22.0,2025-04-14 01:41
11935,1784,19,20.0,2025-03-27 23:13
11936,31,11,35.0,2025-02-15 21:27
11937,374,27,5.0,2025-02-05 07:56
11938,1688,14,15.0,2025-05-11 19:20
11939,672,5,9.5,2024-12-28 22:01
11940,685,26,21.5,2025-04-14 07:42
11941,721,21,24.5,2025-08-21 01:57
11942,500,15,11.5,2025-11-17 23:25
11943,2354,27,14.5,2025-10-07 10:57
11944,1185,23,5.0,2025-09-09 23:38
11945,1773,19,23.5,2025-04-10 02:45
11946,1106,15,27.0,2025-03-07 22:10
11947,841,1,18.0,2025-09-21 00:11
11948,2118,21,22.0,2025-04-04 06:37
11949,80,22,27.5,2025-07-16 06:16
11950,1270,8,18.5,2025-06-19 17:56
11951,2325,4,19.0,2025-06-19 07:58
11952,2094,19,25.5,2025-01-23 13:33
11953,2152,9,6.5,2024-12-07 05:12
11954,1566,23,6.5,2025-01-09 15:04
11955,767,22,21.5,2025-10-13 02:34
11956,874,9,29.0,2025-05-29 09:15
11957,378,23,20.5,2025-10-27 06:39
11958,2006,7,6.5,2025-01-21 04:31
11959,1075,11,30.0,2025-09-30 15:38
11960,1969,3,25.0,2025-04-30 22:22
11961,1709,26,5.0,2025-09-07 01:29
11962,2236,1,28.5,2025-08-17 03:46
11963,457,24,14.5,2025-09-30 16:18
11964,2013,27,5.0,2025-06-09 17:00
11965,1998,27,26.5,2025-04-17 00:10
11966,1138,1,26.5,2025-09-22 17:20
11967,2143,6,33.0,2025-05-27 01:05
11968,2097,19,15.5,2025-07-27 19:25
11969,2389,5,10.5,2024-12-28 02:02
11970,1270,21,10.0,2025-08-16 09:30
11971,1866,8,43.0,2025-08-19 17:50
11972,251,16,26.5,2025-02-03 03:06
11973,116,2,9.5,2025-08-27 12:14
11974,2473,13,5.5,2025-11-23 11:35
11975,1224,14,24.5,2025-04-29 09:18
11976,2320,22,15.0,2025-08-22 20:51
11977,1431,7,14.5,2025-09-28 14:04
11978,1175,17,9.5,2025-10-28 15:29
11979,289,9,9.5,2025-08-16 02:15
11980,800,17,19.5,2025-09-05 02:17
11981,1479,11,6.5,2025-08-28 21:19
11982,874,20,17.0,2025-11-14 11:29
11983,850,17,14.5,2025-07-28 14:21
11984,1092,11,25.5,2025-02-24 22:58
11985,2307,4,17.5,2025-10-14 15:20
11986,9,23,27.0,2025-07-16 05:11
11987,2359,1,15.0,2025-08-31 02:01
11988,166,3,21.0,2025-08-28 12:05
11989,787,25,27.5,2025-07-04 14:51
11990,1031,8,23.5,2025-10-25 03:02
11991,295,9,24.0,2025-07-18 15:22
11992,748,23,4.5,2025-03-18 15:40
11993,1642,25,23.5,2025-06-25 14:53
11994,1086,27,34.5,2025-10-18 01:30
11995,1712,21,9.5,2025-09-18 10:13
11996,2186,12,32.0,2025-01-19 12:48
11997,1192,22,4.5,2025-01-19 17:11
11998,983,1,14.0,2025-11-21 19:00
11999,2067,24,4.5,2025-03-12 01:29
12000,1365,6,5.5,2025-05-08 16:14
12001,2336,13,28.0,2025-11-10 07:30
12002,2307,11,26.5,2025-10-31 04:56
12003,2192,25,5.5,2025-05-03 04:35
12004,2183,5,20.5,2025-10-20 03:08
12005,856,27,19.0,2025-04-22 06:36
12006,498,15,13.0,2025-01-24 20:05
12007,1104,8,32.5,2025-07-20 15:57
12008,1601,18,35.5,2024-12-14 05:29
12009,1347,21,29.5,2025-11-03 15:27
12010,422,5,4.5,2025-01-26 22:01
12011,2220,22,10.0,2025-10-31 23:31
12012,1735,11,15.5,2025-10-06 00:23
12013,1088,2,17.5,2025-01-24 03:24
12014,189,6,12.0,2025-03-19 21:29
12015,960,2,11.5,2025-10-19 12:48
12016,676,1,11.5,2025-11-09 19:13
12017,169,10,21.0,2025-04-15 10:05
12018,2098,18,23.5,2025-01-27 07:25
12019,1719,18,36.5,2025-05-30 17:19
12020,297,3,20.5,2025-08-17 21:06
12021,119,4,29.5,2025-03-23 00:07
12022,1341,26,5.0,2024-12-28 12:34
12023,1110,10,18.5,2025-01-11 07:09
12024,2479,12,9.5,2025-05-01 05:42
12025,384,9,25.5,2025-01-26 01:40
12026,799,11,30.0,2025-02-19 21:21
12027,1641,26,25.5,2025-10-19 00:14
12028,42,12,9.5,2025-08-25 18:09
12029,2272,10,5.0,2025-09-09 17:29
12030,1511,26,20.5,2025-03-26 18:19
12031,751,12,30.5,2025-03-22 05:35
12032,1279,24,11.5,2024-12-22 02:21
12033,2483,14,26.0,2025-07-27 05:14
12034,1908,3,4.5,2025-11-07 17:33
12035,2258,1,35.0,2025-05-17 07:11
12036,1507,11,6.5,2025-02-17 13:40
12037,1748,11,31.0,2025-07-07 22:17
12038,1361,26,6.5,2025-07-11 18:39
12039,1752,20,9.5,2025-11-02 12:19
12040,1832,14,35.5,2025-04-03 09:21
12041,1440,14,18.5,2025-07-20 23:37
12042,1513,14,17.5,2025-10-05 02:07
12043,434,23,6.5,2025-01-05 01:24
12044,1939,19,11.0,2024-12-27 22:47
12045,1345,11,16.5,2024-12-08 06:23
12046,2232,22,5.0,2024-12-08 01:18
12047,1765,25,32.5,2025-03-16 11:13
12048,1988,15,17.0,2025-08-12 19:57
12049,283,15,4.5,2025-08-07 09:55
12050,923,20,9.5,2025-06-22 17:36
12051,2123,2,23.5,2025-10-13 23:22
12052,473,16,27.5,2025-09-30 01:11
12053,1965,4,30.5,2025-12-05 20:47
12054,2230,23,5.5,2025-02-12 15:02
12055,1683,24,5.0,2025-08-08 20:54
12056,2263,5,33.5,2025-11-08 02:44
12057,198,11,15.0,2025-09-16 19:06
12058,729,3,5.5,2025-07-01 07:25
12059,1046,4,21.0,2025-08-05 16:48
12060,1197,4,9.5,2025-07-23 11:12
12061,338,8,9.5,2024-12-31 20:39
12062,221,4,19.0,2025-11-15 06:58
12063,1899,4,18.5,2025-11-13 09:38
12064,1472,15,5.5,2025-08-25 17:05
12065,2411,1,33.0,2025-10-26 18:07
12066,1610,20,4.5,2025-06-18 08:52
12067,1651,4,5.5,2025-07-18 13:54
12068,408,13,9.0,2025-01-06 01:22
12069,2408,14,20.5,2025-11-16 22:36
12070,308,22,12.0,2025-09-03 08:59
12071,454,17,16.0,2024-12-14 02:07
12072,1447,8,26.0,2025-08-09 15:21
12073,977,15,6.5,2025-07-23 15:00
12074,2048,8,12.0,2025-04-24 22:26
12075,1848,2,18.5,2025-09-07 20:33
12076,1549,17,13.0,2025-09-17 06:45
12077,2454,9,17.5,2025-06-22 22:52
12078,425,19,21.5,2025-04-06 11:40
12079,1161,17,34.5,2025-04-05 01:31
12080,174,9,15.0,2025-10-30 17:38
12081,1944,8,15.0,2025-09-24 19:09
12082,171,15,13.5,2025-05-08 04:58
12083,1804,14,21.0,2025-08-11 02:55
12084,730,24,26.0,2025-07-30 00:18
12085,297,25,35.5,2025-08-30 21:24
12086,1767,1,20.5,2025-07-20 06:51
12087,28,14,5.5,2024-12-26 14:43
12088,2067,4,9.5,2025-02-12 12:31
12089,2294,19,28.5,2025-05-01 20:22
12090,656,1,4.5,2025-02-02 20:50
12091,496,4,10.0,2025-05-20 17:28
12092,668,13,15.0,2025-02-24 06:17
12093,1396,12,17.0,2024-12-28 13:41
12094,524,22,24.5,2025-09-08 18:33
12095,619,13,14.0,2025-08-14 02:22
12096,1606,15,19.0,2025-10-08 21:38
12097,1810,13,25.5,2025-06-30 13:13
12098,959,12,10.0,2024-12-22 05:06
12099,1911,1,29.5,2025-10-24 07:04
12100,869,22,15.0,2025-03-30 10:45
12101,88,16,19.5,2025-05-26 04:29
12102,627,1,21.5,2025-05-23 17:34
12103,1690,19,5.0,2025-02-20 01:27
12104,1279,23,5.5,2025-10-25 06:10
12105,1307,13,28.0,2025-04-18 07:37
12106,1287,25,29.0,2025-07-27 01:48
12107,2029,5,22.0,2025-01-16 10:17
12108,1476,5,10.5,2025-10-19 11:39
12109,2273,22,24.5,2025-06-22 19:48
12110,1814,7,10.0,2025-05-19 05:54
12111,744,6,19.0,2025-06-19 21:34
12112,1000,8,26.0,2025-08-01 15:15
12113,1420,14,6.5,2025-01-17 12:06
12114,673,12,24.0,2025-05-09 03:06
12115,950,11,24.5,2024-12-18 10:28
12116,2101,17,11.5,2025-11-03 21:04
12117,583,11,21.5,2025-08-21 01:13
12118,1804,13,21.5,2025-11-28 23:05
12119,1831,13,10.0,2025-10-16 16:25
12120,894,12,4.5,2025-04-21 15:08
12121,2360,26,35.0,2025-02-07 00:36
12122,813,19,29.0,2025-09-12 12:06
12123,1511,23,9.0,2025-05-24 10:39
12124,1612,16,21.5,2025-01-19 18:10
12125,1070,18,22.0,2025-01-29 07:11
12126,143,2,15.5,2024-12-13 23:32
12127,2108,16,31.0,2025-05-13 18:45
12128,200,2,16.5,2025-11-18 17:46
12129,1933,24,14.0,2025-06-14 22:16
12130,1044,24,20.0,2025-04-28 01:19
12131,2163,12,23.5,2025-05-21 05:59
12132,181,9,5.0,2025-03-07 12:26
12133,2396,8,13.0,2025-07-28 22:15
12134,1344,21,29.5,2025-11-30 18:46
12135,2439,3,25.5,2025-06-09 06:58
12136,1142,16,31.0,2025-05-24 11:04
12137,1659,18,24.0,2025-11-24 16:49
12138,778,1,12.0,2025-09-14 23:46
12139,942,6,9.0,2024-12-22 19:24
12140,1298,13,27.5,2025-10-17 23:29
12141,1677,17,17.0,2025-07-31 22:09
12142,1501,23,9.0,2025-03-21 18:39
12143,33,27,33.5,2025-01-28 08:47
12144,477,20,25.5,2025-06-12 01:11
12145,1311,18,9.5,2025-08-31 09:21
12146,2468,26,14.5,2025-03-30 05:25
12147,1831,23,4.5,2025-10-08 16:18
12148,1354,13,22.5,2025-07-31 20:01
12149,1043,5,33.5,2025-04-11 22:53
12150,1159,16,15.0,2025-06-02 18:14
12151,2178,27,9.5,2025-12-01 00:29
12152,1887,26,15.0,2025-01-28 16:43
12153,1889,23,9.5,2025-03-16 14:02
12154,482,18,28.5,2025-09-09 10:24
12155,1288,10,21.5,2025-11-21 00:29
12156,2353,26,25.5,2025-06-23 23:49
12157,1936,25,31.0,2025-04-25 15:40
12158,2080,13,16.0,2025-08-27 21:09
12159,2201,12,6.5,2025-11-24 05:34
12160,617,4,25.5,2025-02-23 06:06
12161,973,12,25.5,2025-05-04 15:27
12162,381,12,24.0,2025-01-18 21:14
12163,2450,24,9.5,2025-11-12 20:21
12164,1194,12,38.5,2025-09-09 00:59
12165,1203,17,9.0,2025-05-04 20:25
12166,1947,22,5.0,2025-10-31 10:13
12167,115,25,29.5,2025-05-30 02:49
12168,530,14,20.5,2025-11-11 15:06
12169,1259,3,21.5,2025-04-28 11:53
12170,2059,3,30.5,2025-02-12 17:08
12171,329,20,6.5,2025-05-13 14:34
12172,641,3,29.5,2025-08-19 21:10
12173,582,10,20.5,2024-12-29 18:12
12174,947,25,33.0,2025-03-13 01:49
12175,211,22,18.0,2025-05-11 17:38
12176,225,26,21.0,2025-09-19 14:35
12177,569,19,9.5,2025-08-23 05:37
12178,1282,18,6.5,2025-05-23 08:05
12179,1155,3,5.5,2024-12-15 21:47
12180,986,14,5.5,2025-09-17 09:40
12181,1514,14,9.5,2025-08-08 02:14
12182,1861,16,5.0,2025-10-02 21:43
12183,220,25,30.0,2025-04-15 15:11
12184,1835,5,5.5,2025-01-28 09:57
12185,528,27,19.5,2025-08-25 02:28
12186,1591,17,5.5,2025-10-11 17:47
12187,1744,19,5.0,2025-06-14 12:02
12188,1093,19,24.5,2025-10-26 15:16
12189,731,16,16.0,2025-08-01 20:21
12190,999,2,25.5,2025-11-08 09:10
12191,1992,2,5.5,2025-08-02 15:23
12192,288,10,20.5,2025-01-18 01:34
12193,2188,26,6.5,2025-10-27 14:59
12194,386,21,28.5,2025-07-24 21:04
12195,1217,20,33.5,2025-07-29 06:49
12196,795,1,34.5,2024-12-29 16:02
12197,682,24,33.0,2025-07-21 14:28
12198,2284,4,6.5,2025-07-26 16:58
12199,120,25,22.5,2025-04-07 14:46
12200,2386,16,32.0,2025-02-16 00:55
12201,1660,7,19.0,2025-05-02 09:01
12202,1222,25,10.0,2025-02-11 10:42
12203,1557,11,24.5,2025-02-20 13:38
12204,646,2,15.5,2025-04-12 16:14
12205,2399,12,20.0,2025-07-24 02:08
12206,889,27,27.5,2025-03-25 15:09
12207,1916,16,12.0,2025-09-08 11:47
12208,1505,4,5.0,2025-06-18 14:52
12209,377,14,5.0,2025-07-08 07:37
12210,1159,14,5.5,2025-05-27 11:56
12211,1269,4,5.0,2025-08-30 18:41
12212,609,20,6.5,2025-03-13 05:47
12213,512,2,23.0,2025-10-10 23:10
12214,958,17,17.0,2025-05-08 12:59
12215,1251,25,25.5,2025-07-23 11:24
12216,2312,17,33.0,2025-08-08 22:52
12217,5,14,20.0,2025-06-27 18:05
12218,1979,22,6.5,2025-02-22 19:19
12219,563,1,26.0,2025-02-09 22:19
12220,1482,17,9.0,2025-03-25 02:44
12221,293,5,6.5,2025-01-04 07:11
12222,1495,17,19.5,2025-01-06 21:18
12223,25,27,11.0,2025-09-23 19:29
12224,613,6,30.0,2025-08-11 02:21
12225,714,8,25.0,2025-01-23 06:41
12226,1574,17,9.5,2025-10-25 03:09
12227,2329,14,16.0,2025-11-18 12:20
12228,2050,21,18.5,2025-02-03 19:21
12229,2133,14,29.0,2024-12-09 14:38
12230,888,20,5.5,2025-06-23 06:39
12231,418,16,14.5,2025-01-27 14:34
12232,30,8,5.0,2025-05-11 04:38
12233,873,23,26.0,2025-03-30 17:55
12234,2007,6,6.5,2025-03-20 09:20
12235,2269,24,27.0,2025-03-17 18:18
12236,2397,11,9.5,2025-09-06 06:05
12237,130,16,13.0,2024-12-14 22:29
12238,404,9,33.5,2025-10-05 18:05
12239,2085,3,21.5,2025-12-02 20:54
12240,2274,24,19.0,2025-05-25 00:15
12241,760,25,4.5,2025-03-17 09:42
12242,1544,11,27.0,2024-12-31 10:44
12243,345,24,5.5,2025-04-07 16:36
12244,255,5,31.0,2025-09-13 01:48
12245,1203,14,14.0,2025-04-03 05:20
12246,810,4,5.5,2025-09-15 18:10
12247,2478,4,19.5,2025-02-28 19:06
12248,442,18,24.0,2025-04-26 07:26
12249,1633,19,12.0,2025-08-13 01:37
12250,2268,10,4.5,2025-10-10 13:44
12251,1674,4,29.0,2025-02-12 12:34
12252,1374,15,22.5,2025-08-20 18:53
12253,1587,26,11.0,2025-09-06 02:43
12254,8,25,13.0,2025-05-26 12:11
12255,1787,21,5.0,2025-08-05 04:37
12256,2473,22,24.5,2025-07-01 00:24
12257,58,5,4.5,2025-06-08 10:55
12258,1658,23,10.5,2025-06-05 14:36
12259,1492,2,15.0,2025-02-16 08:35
12260,1783,6,11.5,2025-03-03 15:43
12261,1271,13,31.0,2025-11-16 08:54
12262,1947,11,20.5,2025-06-06 11:02
12263,1988,16,5.5,2025-04-19 22:32
12264,599,22,29.0,2025-02-27 17:27
12265,1485,15,4.5,2025-09-05 10:31
12266,2180,4,18.5,2025-07-23 08:51
12267,450,5,31.0,2025-12-02 15:41
12268,2270,23,25.0,2025-08-30 15:34
12269,196,12,23.0,2025-10-07 09:57
12270,19,22,28.5,2024-12-07 11:48
12271,1400,14,26.0,2025-07-20 08:34
12272,2047,18,27.0,2025-02-18 10:14
12273,1013,3,11.5,2024-12-13 07:42
12274,77,8,9.5,2025-08-05 03:53
12275,2431,25,6.5,2025-08-14 20:31
12276,591,21,18.0,2025-05-19 07:17
12277,1282,27,13.0,2025-04-20 21:27
12278,17,22,15.0,2025-01-03 06:58
12279,291,27,24.0,2025-08-11 20:49
12280,1086,22,18.0,2025-01-07 16:48
12281,202,8,9.5,2025-12-02 18:22
12282,1334,2,34.0,2025-09-09 04:48
12283,719,21,14.5,2025-02-04 19:57
12284,294,8,25.0,2025-05-18 01:09
12285,306,4,14.0,2025-02-06 02:16
12286,495,18,4.5,2025-01-14 15:13
12287,197,7,13.0,2025-08-02 13:22
12288,1569,19,27.0,2025-10-31 17:35
12289,1965,20,35.0,2025-09-11 00:37
12290,21,19,31.5,2025-01-20 05:15
12291,1317,15,15.0,2025-10-11 16:47
12292,2272,16,29.0,2025-03-21 19:35
12293,1613,22,5.5,2025-11-24 18:59
12294,1521,9,40.5,2025-06-24 05:19
12295,2354,19,21.5,2025-11-16 03:54
12296,848,20,5.5,2025-02-24 08:45
12297,1938,8,31.5,2025-04-25 09:01
12298,2159,27,10.5,2025-10-09 10:54
12299,2426,23,26.5,2025-06-01 02:20
12300,1928,8,18.5,2025-05-26 20:45
12301,2443,2,30.5,2025-06-26 20:57
12302,704,26,23.5,2024-12-29 10:18
12303,659,19,20.5,2025-02-06 05:03
12304,1584,11,21.0,2025-09-24 02:23
12305,1879,19,22.0,2025-08-18 05:20
12306,1932,27,4.5,2024-12-20 18:02
12307,931,20,5.0,2025-10-02 09:27
12308,657,19,9.5,2025-03-13 12:02
12309,2323,18,16.0,2024-12-31 17:13
12310,1484,12,26.5,2025-03-04 11:56
12311,1988,5,10.0,2025-05-02 12:40
12312,1944,10,26.5,2025-01-17 08:30
12313,1799,9,5.5,2025-01-05 18:35
12314,115,25,12.0,2025-11-17 15:28
12315,236,22,27.0,2025-01-10 10:03
12316,770,24,19.5,2024-12-12 14:59
12317,1169,16,20.0,2025-10-18 18:51
12318,1902,26,4.5,2025-07-26 05:55
12319,1128,22,5.5,2025-09-18 01:46
12320,74,5,5.5,2025-01-21 19:28
12321,542,11,5.0,2025-04-04 16:22
12322,1310,17,19.5,2025-01-12 12:20
12323,2408,18,15.0,2025-11-26 11:55
12324,2006,21,10.0,2025-08-31 14:37
12325,1697,19,23.5,2025-06-11 00:12
12326,1805,15,11.0,2025-10-03 18:47
12327,1403,20,23.0,2025-06-28 08:54
12328,1531,1,28.0,2025-11-08 00:57
12329,657,9,5.0,2025-08-04 04:43
12330,1105,4,14.0,2025-03-28 03:42
12331,1308,6,15.0,2024-12-08 01:33
12332,1508,12,27.0,2025-08-10 05:51
12333,39,12,11.0,2025-03-14 21:22
12334,1257,12,15.0,2025-08-21 15:44
12335,163,13,21.5,2025-08-12 12:38
12336,1415,25,19.5,2025-01-21 23:50
12337,1984,18,35.5,2025-04-01 20:24
12338,2157,16,19.0,2025-08-26 00:51
12339,438,6,6.5,2025-02-14 22:29
12340,1488,2,20.5,2025-03-01 05:29
12341,1612,18,14.0,2025-01-04 21:45
12342,240,12,29.0,2025-05-29 03:43
12343,695,4,6.5,2025-11-04 23:49
12344,537,6,17.0,2025-09-17 20:08
12345,2460,11,18.5,2025-08-01 17:07
12346,1771,5,23.0,2025-02-07 20:41
12347,961,18,10.5,2025-07-20 15:32
12348,562,20,4.5,2025-10-23 13:10
12349,1200,7,21.5,2025-02-15 12:33
12350,1748,3,24.0,2025-06-21 12:31
12351,512,11,29.5,2025-09-02 19:51
12352,613,24,31.5,2025-11-23 04:09
12353,1427,24,19.5,2025-09-26 00:40
12354,1326,14,19.5,2025-11-25 00:37
12355,523,25,4.5,2025-05-17 15:27
12356,540,11,31.0,2024-12-25 16:48
12357,129,27,15.0,2024-12-18 23:03
12358,2175,5,15.0,2025-10-18 12:29
12359,1670,5,11.0,2025-03-19 19:49
12360,2080,17,6.5,2025-08-02 17:30
12361,1112,20,11.5,2025-07-09 12:16
12362,413,25,5.0,2025-05-18 08:09
12363,514,2,4.5,2025-06-26 19:41
12364,1208,3,21.0,2025-05-30 21:33
12365,1122,9,9.5,2025-04-03 19:36
12366,600,7,30.0,2024-12-19 18:36
12367,620,16,5.0,2025-06-10 10:29
12368,1914,27,9.5,2025-06-11 03:42
12369,597,6,31.5,2025-02-24 00:54
12370,1208,6,19.5,2024-12-21 03:53
12371,2136,5,21.5,2025-02-26 18:34
12372,675,10,21.5,2025-12-01 07:34
12373,162,10,25.5,2025-03-01 18:42
12374,1903,2,24.5,2025-11-17 20:57
12375,390,20,25.5,2025-09-20 07:57
12376,1025,5,10.0,2025-10-21 07:19
12377,2247,6,5.5,2025-07-16 05:40
12378,2333,11,28.0,2025-09-17 18:00
12379,1883,6,26.5,2025-06-13 20:09
12380,1901,11,25.5,2025-05-08 17:22
12381,1379,19,14.5,2025-08-08 07:25
12382,1142,22,26.0,2025-11-23 23:38
12383,653,6,5.0,2025-11-14 19:32
12384,402,8,30.0,2025-10-03 01:12
12385,1741,1,6.5,2025-04-25 19:15
12386,1203,23,5.0,2025-04-02 11:02
12387,2347,12,29.0,2025-08-02 02:56
12388,1604,1,9.5,2025-09-08 14:48
12389,526,21,30.0,2025-12-01 07:44
12390,660,8,35.0,2025-04-27 04:57
12391,1379,16,9.5,2025-04-23 21:06
12392,1027,19,25.5,2025-01-17 07:02
12393,578,18,23.5,2025-09-18 02:00
12394,738,11,23.5,2025-04-24 14:30
12395,1296,3,4.5,2025-05-10 22:23
12396,2,21,34.5,2025-01-11 03:58
12397,2011,16,21.5,2024-12-15 05:12
12398,138,19,23.5,2025-07-17 03:43
12399,1284,9,35.0,2025-08-14 12:40
12400,1943,11,24.5,2025-03-14 02:32
12401,1098,13,36.5,2024-12-18 22:53
12402,2020,1,21.5,2025-10-25 07:09
12403,1872,7,15.5,2025-11-21 22:51
12404,2483,21,15.0,2025-04-05 22:39
12405,2079,3,11.5,2025-10-01 20:00
12406,553,7,20.0,2025-07-14 17:42
12407,2051,4,6.5,2025-07-01 17:20
12408,1113,6,31.0,2025-09-17 15:33
12409,1213,26,29.5,2025-05-08 09:37
12410,210,10,16.0,2025-01-14 18:05
12411,1231,18,18.0,2025-05-02 11:41
12412,2219,5,26.0,2025-08-09 22:51
12413,2322,16,21.5,2025-11-27 10:30
12414,329,27,27.0,2025-08-07 15:01
12415,1210,1,10.0,2025-06-24 04:57
12416,14,1,5.5,2025-05-23 04:15
12417,2327,12,22.5,2025-07-08 16:30
12418,905,9,24.0,2025-11-05 15:21
12419,2460,21,26.0,2025-05-29 18:28
12420,2264,10,4.5,2025-05-27 17:38
12421,626,7,12.0,2025-06-27 19:53
12422,442,25,26.5,2025-04-20 11:01
12423,695,24,16.0,2025-01-08 13:21
12424,1872,23,9.0,2025-04-26 22:24
12425,988,24,31.0,2025-11-12 04:13
12426,1091,5,31.0,2025-08-19 03:22
12427,740,19,11.5,2025-06-04 20:31
12428,1682,13,17.5,2025-10-05 04:23
12429,2352,16,34.0,2025-06-30 21:12
12430,1295,18,24.5,2025-10-12 06:19
12431,1907,1,11.0,2025-04-08 13:27
12432,498,15,10.0,2025-10-19 06:37
12433,661,27,34.5,2025-11-10 01:16
12434,1442,16,20.5,2025-09-27 18:17
12435,348,3,22.0,2025-03-30 08:08
12436,2292,20,10.0,2025-07-31 18:24
12437,400,22,32.0,2025-09-09 20:33
12438,1249,26,6.5,2025-06-07 00:10
12439,135,14,15.0,2025-05-11 01:00
12440,1878,8,19.0,2025-08-17 15:45
12441,32,22,34.0,2025-09-11 09:09
12442,1643,12,26.5,2025-05-06 22:38
12443,648,8,25.5,2025-03-24 13:16
12444,2492,15,9.5,2025-05-27 10:13
12445,1457,6,13.0,2025-08-17 14:36
12446,1930,14,9.5,2025-01-12 15:22
12447,2455,22,26.0,2025-04-20 00:27
12448,371,25,17.0,2025-05-30 11:10
12449,527,21,26.5,2025-05-22 01:04
12450,1634,14,9.5,2024-12-24 06:57
12451,1879,4,23.5,2025-01-20 09:42
12452,520,2,28.0,2025-04-19 22:25
12453,1605,22,30.5,2025-03-02 07:03
12454,1964,19,14.5,2025-10-30 01:09
12455,1451,25,4.5,2025-03-31 05:06
12456,786,11,6.5,2025-09-19 19:32
12457,2173,17,30.0,2025-10-06 16:48
12458,75,23,28.5,2025-09-28 07:53
12459,1347,8,19.5,2025-08-31 18:25
12460,2144,8,29.0,2025-03-05 00:02
12461,1749,1,25.5,2025-04-08 15:55
12462,2486,2,30.5,2025-03-22 11:47
12463,1907,2,23.5,2025-08-11 21:14
12464,2317,22,9.5,2025-09-18 23:40
12465,988,10,6.5,2025-03-28 10:53
12466,2235,25,10.0,2025-03-27 01:18
12467,734,12,31.5,2025-10-02 13:48
12468,1500,5,14.0,2024-12-07 23:10
12469,1554,24,26.0,2025-08-02 06:53
12470,647,25,5.5,2025-04-26 19:44
12471,559,22,18.5,2025-09-20 04:17
12472,1213,27,14.5,2025-08-18 04:44
12473,771,12,25.5,2025-07-28 15:49
12474,2448,17,34.5,2025-07-14 05:32
12475,327,18,14.0,2025-11-26 05:55
12476,1946,6,29.0,2024-12-07 17:22
12477,552,12,15.0,2025-10-14 22:00
12478,1267,23,5.5,2024-12-14 13:49
12479,995,13,5.5,2025-01-10 07:02
12480,2122,3,30.5,2025-08-27 03:45
12481,2290,4,14.0,2025-07-26 18:31
12482,12,9,4.5,2025-01-20 19:43
12483,1723,3,19.0,2024-12-25 16:57
12484,538,18,15.0,2025-03-21 09:55
12485,674,25,25.0,2025-10-16 13:15
12486,1697,2,27.0,2025-03-10 23:31
12487,1231,27,9.5,2025-06-09 15:35
12488,1826,14,9.5,2025-02-16 18:06
12489,699,1,31.0,2025-10-21 23:29
12490,1094,22,15.0,2025-06-04 05:22
12491,769,3,5.5,2025-08-03 22:30
12492,6,1,28.0,2025-10-30 03:27
12493,499,3,6.5,2024-12-09 06:06
12494,2100,16,10.5,2025-09-10 08:27
12495,1503,6,25.0,2025-02-15 05:27
12496,951,7,28.0,2025-07-04 14:12
12497,722,16,10.0,2025-10-30 12:41
12498,1430,19,37.5,2025-03-03 08:38
12499,356,12,29.5,2025-05-07 00:41
12500,1267,10,29.0,2025-03-16 22:05
12501,627,9,35.0,2025-01-15 07:36
12502,331,17,37.0,2025-04-06 17:38
12503,1206,11,23.5,2025-02-04 19:42
12504,1182,18,21.0,2025-12-05 17:04
12505,2489,18,20.5,2025-08-05 10:40
12506,536,5,19.0,2025-05-03 04:36
12507,2099,10,9.5,2025-08-01 11:02
12508,1720,22,9.5,2025-09-08 01:49
12509,1804,21,24.5,2025-02-19 09:57
12510,1708,15,27.5,2025-01-28 19:15
12511,2379,10,22.5,2024-12-09 08:31
12512,2140,18,13.0,2025-10-08 04:55
12513,1773,24,26.0,2025-02-12 08:29
12514,941,27,9.5,2024-12-27 01:45
12515,156,23,26.0,2025-10-19 08:12
12516,1103,7,4.5,2025-03-03 04:56
12517,1520,1,28.5,2025-09-28 10:50
12518,1587,11,32.0,2025-07-17 10:37
12519,1437,13,23.0,2025-03-04 12:23
12520,796,11,23.0,2025-03-26 18:23
12521,715,4,29.0,2024-12-10 20:44
12522,2438,7,30.5,2025-04-28 11:27
12523,2029,11,27.5,2025-07-26 15:36
12524,1803,5,24.5,2025-06-08 04:56
12525,142,15,20.0,2025-05-17 03:26
12526,2204,10,29.0,2025-11-09 13:22
12527,131,17,9.0,2025-01-25 11:27
12528,1152,11,6.5,2025-10-08 20:27
12529,1653,2,32.5,2025-11-27 20:59
12530,664,25,11.0,2025-12-02 07:22
12531,608,9,19.5,2025-08-06 20:06
12532,1018,14,5.5,2025-03-16 15:14
12533,1500,5,27.0,2025-07-23 01:21
12534,484,10,26.0,2025-08-19 19:11
12535,1379,6,14.5,2025-07-10 19:16
12536,1083,22,30.0,2025-02-07 15:10
12537,309,2,22.0,2025-03-20 23:52
12538,521,19,4.5,2025-10-22 16:52
12539,571,26,16.0,2025-06-28 09:49
12540,1060,12,26.0,2025-01-24 20:24
12541,428,6,32.0,2025-12-05 21:20
12542,453,12,16.0,2024-12-17 19:40
12543,2385,24,18.0,2025-05-13 18:04
12544,360,9,24.0,2025-09-16 14:35
12545,828,23,9.5,2025-06-09 04:13
12546,2489,11,34.5,2025-03-10 04:38
12547,1110,23,20.5,2024-12-24 12:39
12548,1321,21,27.5,2025-11-21 09:27
12549,1723,18,29.5,2025-02-02 20:17
12550,374,21,25.0,2025-12-06 05:44
12551,1661,3,11.0,2025-02-20 12:08
12552,182,24,5.5,2025-02-05 07:26
12553,2494,19,11.0,2025-11-25 01:12
12554,2353,5,26.5,2025-05-10 07:24
12555,1630,19,25.0,2025-07-20 06:38
12556,299,13,19.5,2025-05-02 03:51
12557,1293,5,20.5,2025-05-11 18:38
12558,1979,22,31.0,2025-07-09 23:37
12559,586,26,25.0,2025-02-02 11:16
12560,1126,27,30.5,2025-05-17 06:10
12561,464,24,36.5,2024-12-18 12:25
12562,2358,26,31.5,2024-12-24 09:33
12563,2262,22,24.5,2025-11-11 11:15
12564,1978,18,15.0,2025-09-23 18:17
12565,192,5,23.5,2025-09-06 06:19
12566,1169,19,27.5,2025-04-15 17:18
12567,389,26,18.5,2025-01-23 17:40
12568,2226,2,12.0,2025-06-07 12:33
12569,2026,23,16.0,2025-04-30 12:32
12570,1725,21,14.0,2025-04-11 21:14
12571,1395,6,18.5,2025-09-03 16:41
12572,1735,17,31.0,2025-04-07 20:16
12573,1680,24,24.5,2025-04-13 14:31
12574,886,19,33.5,2025-03-05 22:46
12575,493,4,12.0,2025-10-19 11:29
12576,1887,8,16.0,2025-05-06 17:48
12577,2193,4,4.5,2025-11-27 23:08
12578,1041,4,25.5,2025-08-04 18:57
12579,1731,14,5.0,2025-09-03 18:40
12580,1666,3,26.0,2025-03-13 17:36
12581,837,10,13.0,2025-07-05 14:01
12582,1629,2,28.5,2025-04-01 06:55
12583,421,17,16.5,2025-08-20 04:58
12584,978,16,10.5,2024-12-18 07:52
12585,2206,15,15.0,2025-07-31 10:57
12586,1658,12,4.5,2025-07-25 01:53
12587,2173,23,20.0,2025-07-17 09:35
12588,284,2,6.5,2025-01-08 19:07
12589,2338,6,5.5,2025-10-14 07:19
12590,499,7,30.0,2025-01-22 09:28
12591,1983,15,6.5,2024-12-30 04:35
12592,337,20,20.5,2025-02-09 18:26
12593,1676,21,22.0,2025-08-31 21:47
12594,877,11,19.0,2025-01-05 00:36
12595,1169,17,9.5,2025-02-02 19:55
12596,1324,8,28.5,2025-10-04 02:05
12597,1091,13,14.5,2025-10-26 02:09
12598,1892,20,27.0,2025-08-14 18:55
12599,830,15,9.5,2025-06-09 02:12
12600,1761,26,25.5,2025-07-15 05:22
12601,1274,7,21.5,2025-06-18 18:33
12602,2405,26,25.5,2024-12-29 05:49
12603,1715,11,4.5,2025-10-10 16:07
12604,600,23,4.5,2025-07-10 00:41
12605,1210,14,31.5,2025-09-05 15:47
12606,2317,4,5.5,2025-06-22 02:29
12607,238,10,18.5,2025-01-13 04:45
12608,244,12,14.5,2025-08-05 10:52
12609,1086,22,21.0,2025-10-09 15:03
12610,1064,11,26.5,2025-04-26 06:44
12611,466,22,4.5,2025-06-17 20:58
12612,2063,7,21.5,2025-05-18 07:25
12613,1227,22,20.0,2025-11-30 17:56
12614,2043,20,29.0,2025-11-29 08:30
12615,2289,22,20.5,2025-06-01 01:54
12616,1687,17,9.5,2025-03-18 03:26
12617,2388,13,10.5,2025-08-08 13:58
12618,2254,10,11.0,2025-07-24 23:34
12619,96,21,22.5,2025-06-10 20:34
12620,353,24,5.5,2024-12-24 03:22
12621,628,3,26.0,2024-12-19 08:28
12622,1787,21,24.0,2025-11-15 23:23
12623,1297,25,19.0,2025-07-21 02:32
12624,235,18,5.5,2024-12-26 18:33
12625,1552,14,25.5,2025-06-29 21:56
12626,199,16,31.0,2025-05-01 11:07
12627,1363,26,33.5,2025-04-14 13:19
12628,884,4,24.5,2025-08-30 11:46
12629,1703,11,26.5,2025-08-31 23:18
12630,1200,2,30.0,2025-03-10 01:23
12631,1239,26,26.5,2025-08-07 13:47
12632,1129,20,35.5,2025-07-15 06:18
12633,288,8,15.5,2025-11-04 17:07
12634,957,13,27.0,2025-04-14 00:12
12635,2150,23,4.5,2025-11-02 22:10
12636,2302,16,31.0,2025-07-13 06:46
12637,1515,4,19.5,2025-11-20 05:17
12638,2467,6,23.5,2025-09-01 23:22
12639,1091,16,33.5,2025-08-17 23:31
12640,865,24,24.5,2025-12-05 06:41
12641,1097,6,32.0,2025-07-19 15:07
12642,302,3,31.0,2025-11-14 20:44
12643,441,23,9.5,2025-07-11 16:17
12644,1543,11,5.0,2025-02-10 22:50
12645,1628,11,36.5,2025-08-12 16:31
12646,2010,20,5.5,2025-01-12 19:04
12647,1907,12,22.0,2025-04-27 04:36
12648,688,22,9.5,2025-04-30 09:53
12649,1123,24,20.5,2025-01-21 04:31
12650,2142,20,30.5,2025-10-04 11:25
12651,2460,14,29.5,2024-12-11 07:45
12652,256,21,9.5,2025-08-25 11:59
12653,386,8,16.0,2025-03-10 17:58
12654,1661,27,25.5,2024-12-25 23:29
12655,730,13,22.5,2025-09-23 04:04
12656,1279,19,15.0,2025-07-18 22:42
12657,1759,8,25.5,2025-08-03 03:39
12658,1262,8,12.0,2025-07-27 17:32
12659,2465,2,24.5,2025-08-16 20:04
12660,655,15,16.5,2025-07-01 05:01
12661,46,12,28.5,2025-08-18 23:45
12662,807,25,10.0,2025-02-12 13:27
12663,1108,17,30.0,2025-05-27 01:43
12664,2084,13,19.5,2025-07-24 21:53
12665,1057,22,13.0,2025-03-17 13:04
12666,950,15,26.0,2025-10-07 03:51
12667,1546,25,18.5,2025-03-05 06:56
12668,1261,2,9.5,2025-05-03 14:35
12669,606,19,9.5,2025-03-10 09:40
12670,579,20,15.0,2025-05-28 11:45
12671,2263,4,4.5,2025-01-26 13:01
12672,123,20,20.0,2025-07-09 18:08
12673,1530,10,34.0,2025-09-03 12:33
12674,11,6,29.5,2025-03-18 04:29
12675,1953,4,31.5,2025-11-04 19:18
12676,1930,4,18.5,2025-03-15 21:58
12677,477,14,5.0,2025-10-17 06:23
12678,1863,2,18.0,2025-09-05 17:02
12679,1178,19,14.5,2025-05-28 07:41
12680,24,22,27.0,2025-08-09 08:50
12681,2274,10,33.0,2025-01-15 06:45
12682,188,6,16.0,2025-08-30 10:01
12683,249,21,28.0,2025-05-05 21:17
12684,1720,5,31.0,2025-06-20 16:59
12685,736,16,28.0,2025-10-25 17:12
12686,1562,4,22.0,2025-07-23 06:51
12687,1997,4,20.5,2025-09-15 21:40
12688,197,21,34.5,2024-12-13 15:15
12689,274,17,16.0,2025-10-05 07:10
12690,1125,9,34.0,2025-07-19 19:36
12691,2360,2,27.0,2025-08-20 12:16
12692,940,9,18.5,2025-01-28 15:30
12693,321,25,26.0,2024-12-13 18:16
12694,1399,5,12.0,2025-01-21 05:16
12695,2154,13,6.5,2025-05-01 20:32
12696,914,15,17.5,2025-07-08 18:45
12697,72,27,32.0,2024-12-07 06:37
12698,1016,1,5.0,2024-12-24 02:57
12699,156,24,6.5,2025-05-26 19:18
12700,2166,4,14.5,2025-07-09 16:04
12701,167,21,16.5,2025-11-13 05:56
12702,2173,12,6.5,2024-12-25 02:35
12703,2170,9,9.5,2025-06-27 21:02
12704,1077,20,20.5,2025-07-12 15:12
12705,840,13,15.0,2025-10-31 16:30
12706,2141,11,11.0,2025-10-11 06:12
12707,2266,21,12.0,2025-10-11 01:45
12708,2437,12,28.5,2025-07-01 00:41
12709,2390,5,15.5,2025-08-14 02:56
12710,1689,21,14.5,2025-02-26 00:10
12711,77,1,11.0,2025-01-15 14:45
12712,1574,20,22.0,2025-03-28 07:22
12713,892,1,29.0,2025-01-31 20:19
12714,113,18,4.5,2025-08-06 23:05
12715,2213,22,16.0,2025-02-14 17:20
12716,775,20,23.5,2025-01-26 17:33
12717,408,27,5.0,2025-07-13 02:12
12718,1731,24,17.5,2025-09-07 07:30
12719,2494,18,25.5,2025-05-02 04:54
12720,2140,22,4.5,2025-11-19 03:04
12721,508,26,14.5,2025-09-16 07:14
12722,1531,4,19.0,2025-11-02 05:40
12723,2197,14,21.5,2025-01-07 19:41
12724,942,19,21.5,2025-09-16 02:25
12725,2248,13,5.0,2025-01-28 00:47
12726,1138,17,21.0,2025-09-07 08:41
12727,1699,15,23.5,2025-04-21 23:59
12728,1066,1,6.5,2025-06-18 08:05
12729,1427,3,25.5,2024-12-21 23:10
12730,1538,2,24.0,2025-07-31 00:54
12731,2239,14,14.5,2025-01-21 09:00
12732,2210,27,15.0,2025-06-21 12:47
12733,889,17,5.0,2025-08-22 12:46
12734,563,3,9.5,2025-02-13 08:39
12735,775,24,4.5,2025-09-13 05:30
12736,2135,24,16.5,2025-11-25 21:21
12737,445,14,23.5,2025-09-27 19:03
12738,415,22,23.0,2025-03-08 16:38
12739,2444,1,29.0,2025-02-21 15:23
12740,1897,13,37.0,2025-11-11 16:17
12741,89,12,9.5,2025-01-23 14:07
12742,757,20,22.5,2025-07-15 18:38
12743,875,12,21.0,2025-07-16 15:27
12744,144,7,9.5,2025-08-20 08:15
12745,1187,4,16.5,2025-09-05 20:36
12746,1623,12,16.0,2025-08-28 14:45
12747,1021,11,12.0,2025-12-05 18:18
12748,30,2,6.5,2025-10-14 16:23
12749,175,11,32.0,2025-06-24 21:33
12750,738,1,22.0,2024-12-10 22:34
12751,776,4,20.0,2024-12-13 18:31
12752,1754,24,29.0,2025-12-02 05:39
12753,2054,26,20.5,2025-04-15 23:11
12754,2426,7,30.5,2025-04-12 13:34
12755,2247,25,5.5,2025-07-18 17:16
12756,1658,13,11.0,2025-10-14 12:59
12757,2455,8,28.5,2025-12-06 12:22
12758,1076,5,10.0,2025-03-03 15:23
12759,175,27,4.5,2025-04-02 20:03
12760,1428,23,10.5,2025-07-27 20:59
12761,1353,16,18.5,2024-12-07 06:12
12762,2069,11,20.0,2025-08-18 07:33
12763,574,16,26.5,2025-09-20 20:32
12764,1534,5,20.5,2025-06-21 14:18
12765,212,21,17.0,2025-10-23 22:45
12766,688,22,21.5,2025-11-14 22:28
12767,1848,7,18.5,2025-10-21 10:25
12768,844,6,32.5,2025-10-29 00:12
12769,2186,2,32.0,2025-12-06 16:58
12770,1831,17,10.5,2025-10-05 09:21
12771,1845,27,21.0,2025-08-23 23:17
12772,2321,8,5.0,2025-07-09 18:11
12773,1236,9,10.5,2025-05-30 21:13
12774,2259,14,15.5,2025-04-22 20:13
12775,1521,6,11.5,2025-04-08 20:22
12776,1345,11,22.5,2025-06-14 19:55
12777,1235,2,14.5,2025-05-05 18:00
12778,928,14,12.0,2025-01-08 09:33
12779,2050,14,25.0,2025-09-15 06:09
12780,290,5,9.5,2024-12-08 22:08
12781,22,20,11.0,2025-07-28 00:35
12782,573,8,6.5,2025-04-13 10:39
12783,2399,6,4.5,2024-12-27 14:45
12784,1385,17,25.0,2025-09-20 02:02
12785,1200,27,19.0,2025-06-30 21:52
12786,1518,1,16.5,2025-07-07 09:52
12787,1369,17,28.0,2025-03-25 07:12
12788,1850,11,19.0,2025-07-03 00:32
12789,1002,24,9.5,2025-04-30 18:32
12790,166,18,29.0,2025-09-05 23:50
12791,1108,17,22.0,2024-12-17 09:03
12792,2468,10,6.5,2025-02-05 19:21
12793,1663,10,31.0,2025-03-28 15:59
12794,1631,7,20.5,2025-04-01 09:00
12795,1219,19,22.5,2025-03-15 03:41
12796,334,2,5.5,2024-12-09 00:46
12797,1960,27,5.0,2025-10-03 03:04
12798,367,10,5.0,2025-07-03 03:28
12799,1659,18,34.0,2025-03-19 07:23
12800,171,27,5.5,2025-10-07 01:47
12801,2444,3,5.0,2025-07-28 10:03
12802,2263,11,5.0,2025-11-01 07:57
12803,627,13,27.0,2025-08-13 00:56
12804,2176,23,29.5,2025-07-04 00:23
12805,826,1,19.0,2025-03-27 00:32
12806,1408,8,9.5,2025-01-04 03:43
12807,1778,19,16.5,2024-12-27 15:25
12808,2171,27,29.5,2025-05-19 02:27
12809,2155,23,11.0,2025-03-11 18:11
12810,1989,23,36.0,2025-04-26 18:28
12811,1586,9,5.0,2025-01-17 18:56
12812,1234,4,26.5,2025-06-25 19:26
12813,1530,9,27.5,2025-06-01 17:30
12814,44,1,31.5,2025-10-16 20:20
12815,2250,2,4.5,2025-02-01 07:33
12816,1088,18,19.5,2025-09-27 17:13
12817,956,21,17.5,2025-10-28 23:47
12818,299,13,13.5,2025-06-22 11:31
12819,1814,1,4.5,2025-09-29 02:09
12820,289,4,19.0,2025-05-30 17:07
12821,177,27,23.0,2025-12-03 22:01
12822,600,3,14.5,2025-09-06 00:57
12823,2088,7,6.5,2025-05-26 14:35
12824,1206,3,5.5,2025-01-14 20:00
12825,2412,14,16.0,2025-06-01 09:08
12826,2463,16,25.0,2025-11-25 01:26
12827,1400,5,13.0,2025-10-14 21:39
12828,1116,12,14.0,2025-02-25 13:03
12829,1106,18,33.0,2025-01-24 18:42
12830,809,14,35.5,2025-03-16 21:17
12831,595,14,20.5,2025-05-14 06:30
12832,158,2,20.0,2025-10-17 18:29
12833,403,23,16.0,2025-06-01 03:39
12834,1756,1,31.0,2025-05-08 02:16
12835,397,2,19.0,2025-08-14 04:40
12836,2349,21,19.5,2025-12-01 12:41
12837,1443,11,9.5,2025-01-06 17:49
12838,2001,2,29.0,2025-11-12 12:14
12839,1949,14,10.5,2025-04-11 11:28
12840,432,12,36.0,2025-01-30 10:12
12841,234,21,30.5,2025-02-20 21:06
12842,231,3,20.5,2025-06-18 00:31
12843,449,1,10.0,2025-08-06 01:37
12844,882,9,5.0,2025-10-26 07:13
12845,2194,19,21.0,2024-12-07 20:47
12846,1299,6,33.0,2025-04-20 07:46
12847,936,15,4.5,2025-06-24 16:31
12848,1988,22,16.0,2025-02-01 00:33
12849,771,3,14.0,2025-06-04 11:47
12850,2435,27,10.0,2025-04-09 14:14
12851,1506,1,15.0,2025-03-26 18:35
12852,1173,13,29.5,2025-09-19 23:15
12853,1971,6,22.0,2025-01-13 14:16
12854,281,20,11.0,2025-04-12 15:47
12855,1639,14,19.0,2025-05-14 19:42
12856,2457,16,9.5,2024-12-15 04:33
12857,1803,15,30.5,2025-06-09 21:57
12858,1759,16,40.0,2025-11-14 07:31
12859,1097,12,20.0,2025-10-04 20:41
12860,1914,21,4.5,2025-03-28 07:35
12861,2230,24,36.0,2025-04-20 19:23
12862,1177,25,32.5,2025-03-01 19:06
12863,1729,25,5.0,2025-12-07 00:43
12864,1381,27,36.5,2025-06-15 02:48
12865,1344,11,15.5,2025-12-06 06:17
12866,524,20,5.0,2025-09-06 17:06
12867,1356,18,10.0,2025-07-16 22:35
12868,676,1,5.0,2025-04-28 17:36
12869,2322,7,11.0,2025-05-01 11:05
12870,483,25,14.5,2024-12-07 20:24
12871,1498,21,31.0,2025-02-23 22:07
12872,2149,27,14.5,2025-01-16 19:05
12873,241,20,33.5,2025-08-14 01:16
12874,1714,18,22.5,2025-03-26 10:59
12875,2305,2,22.0,2025-03-30 22:14
12876,2239,2,21.0,2025-01-14 22:33
12877,1820,2,11.5,2025-07-16 18:32
12878,441,12,25.5,2025-11-07 20:51
12879,439,4,25.5,2025-11-03 22:01
12880,2211,3,23.5,2025-07-08 12:42
12881,2479,3,5.5,2025-01-10 06:04
12882,1720,24,6.5,2025-04-09 05:14
12883,1547,13,22.0,2025-11-23 04:59
12884,1718,22,4.5,2025-01-25 10:36
12885,895,3,24.5,2025-01-17 05:15
12886,1677,13,40.0,2025-08-28 13:29
12887,2077,4,24.0,2025-01-16 06:06
12888,1542,14,22.0,2025-07-22 14:14
12889,1323,20,35.5,2025-10-14 14:47
12890,1099,24,14.5,2025-01-30 10:51
12891,1694,5,16.0,2025-11-25 14:56
12892,1835,14,18.0,2024-12-07 10:01
12893,86,7,31.5,2025-01-20 19:39
12894,2110,14,6.5,2025-03-17 08:26
12895,1563,19,23.5,2025-01-12 10:26
12896,291,27,5.0,2025-05-17 04:35
12897,2331,25,11.0,2025-03-14 09:34
12898,964,27,29.5,2025-08-08 12:45
12899,1816,23,25.5,2025-05-09 12:04
12900,97,21,29.0,2025-08-30 11:20
12901,256,7,24.0,2025-06-16 06:56
12902,1838,9,35.0,2025-10-10 07:58
12903,2198,6,5.5,2025-05-24 13:56
12904,1294,26,10.0,2025-10-04 02:38
12905,288,17,11.5,2025-03-30 14:57
12906,1400,1,30.0,2025-05-26 02:47
12907,1555,6,15.0,2025-11-13 21:32
12908,1567,13,19.5,2025-09-17 10:21
12909,1553,18,25.5,2025-01-03 06:56
12910,1834,8,20.0,2025-01-23 04:29
12911,2282,16,28.0,2025-02-11 17:54
12912,568,8,39.5,2025-08-17 20:30
12913,1190,11,22.5,2025-07-01 02:09
12914,453,16,27.5,2025-04-05 06:09
12915,813,1,15.5,2025-04-26 00:07
12916,2398,19,19.0,2025-04-21 04:40
12917,927,15,12.0,2025-06-08 23:05
12918,1759,27,29.0,2024-12-11 21:38
12919,850,2,5.0,2025-06-12 19:47
12920,1237,7,5.5,2025-08-12 20:38
12921,1788,2,18.5,2025-06-26 11:04
12922,497,24,15.5,2025-11-01 15:57
12923,1112,9,6.5,2025-05-25 10:30
12924,1896,5,29.5,2025-02-24 04:57
12925,590,14,11.0,2025-02-15 04:35
12926,1981,22,24.0,2025-07-20 02:04
12927,2359,24,15.0,2024-12-25 07:35
12928,1517,5,14.5,2025-01-06 19:57
12929,881,5,24.0,2025-09-18 16:24
12930,2330,4,28.0,2025-01-27 13:28
12931,587,2,9.5,2025-02-05 19:21
12932,861,17,35.5,2025-09-11 14:38
12933,2058,13,21.0,2025-03-16 07:16
12934,2374,5,10.5,2025-08-22 22:34
12935,1546,22,28.5,2025-03-21 10:08
12936,1778,21,9.5,2025-06-18 10:37
12937,1326,21,30.5,2025-07-21 19:29
12938,769,4,19.5,2025-07-08 21:55
12939,703,16,30.0,2025-05-15 05:02
12940,194,21,5.0,2024-12-20 01:41
12941,1811,16,9.5,2025-02-01 19:26
12942,1750,23,19.5,2025-08-17 12:08
12943,1908,11,14.5,2025-06-14 20:20
12944,2097,9,4.5,2024-12-13 02:44
12945,1724,15,21.0,2025-05-27 14:36
12946,252,24,11.0,2025-03-01 03:47
12947,767,14,25.5,2025-08-10 03:49
12948,1889,11,15.0,2025-12-03 17:07
12949,1541,20,4.5,2025-03-16 10:17
12950,1208,3,16.0,2025-07-17 17:04
12951,732,17,25.5,2025-04-25 12:11
12952,2094,25,27.0,2025-01-18 20:11
12953,908,2,21.5,2025-01-09 13:26
12954,222,16,17.5,2025-04-21 14:18
12955,173,7,16.5,2025-07-20 19:57
12956,2159,5,11.0,2025-11-28 11:45
12957,565,8,10.0,2025-04-14 11:44
12958,2275,3,29.0,2025-10-23 15:27
12959,538,4,9.5,2024-12-31 05:02
12960,645,10,5.0,2025-03-30 06:07
12961,1764,6,38.0,2025-11-06 03:34
12962,1618,11,28.5,2025-09-17 12:59
12963,769,15,16.5,2025-02-17 18:06
12964,1904,24,11.5,2025-04-15 01:29
12965,1045,16,24.0,2025-11-20 17:32
12966,577,10,19.0,2025-07-31 17:39
12967,1114,12,11.0,2025-07-01 21:49
12968,1147,7,19.5,2025-09-30 11:04
12969,1954,24,4.5,2025-11-30 10:41
12970,917,17,32.5,2025-11-23 23:52
12971,2179,5,14.0,2025-03-01 16:43
12972,200,26,14.0,2025-06-08 02:52
12973,2394,15,19.0,2025-03-15 21:18
12974,894,27,27.5,2025-05-19 18:58
12975,2444,18,10.5,2025-10-03 06:43
12976,627,23,24.0,2025-10-30 07:32
12977,381,13,22.5,2025-03-21 05:29
12978,654,24,9.5,2025-05-05 13:24
12979,274,12,5.0,2025-01-29 21:48
12980,1496,26,30.5,2025-09-10 16:08
12981,43,19,19.5,2025-11-08 05:42
12982,1166,1,30.0,2025-03-30 13:28
12983,772,26,14.5,2025-06-16 13:57
12984,300,2,30.5,2025-04-18 02:14
12985,1685,8,9.0,2025-09-09 06:43
12986,2296,5,20.0,2025-03-14 23:02
12987,1794,24,9.5,2025-12-04 17:04
12988,2218,10,30.0,2025-03-21 08:03
12989,1574,11,26.0,2025-08-01 14:58
12990,1122,9,31.0,2025-07-30 17:07
12991,1473,5,39.0,2025-03-26 08:27
12992,1179,22,5.5,2024-12-19 14:47
12993,1529,18,33.5,2025-02-11 17:14
12994,2303,20,15.0,2025-09-26 09:47
12995,989,14,25.0,2024-12-24 22:07
12996,1367,5,5.5,2025-03-28 00:11
12997,1422,19,29.0,2025-02-25 04:34
12998,881,21,4.5,2025-03-23 19:59
12999,14,4,20.0,2025-01-29 15:46
13000,1600,16,4.5,2025-03-16 03:06
13001,1918,14,29.0,2025-03-18 17:24
13002,871,9,14.0,2025-08-12 09:44
13003,1828,6,25.0,2025-01-21 11:20
13004,19,19,14.5,2025-11-23 18:23
13005,543,8,21.5,2025-05-22 22:06
13006,1632,10,19.5,2025-03-29 05:25
13007,1446,23,25.0,2025-06-16 12:07
13008,1477,9,21.5,2025-07-21 07:38
13009,430,17,19.5,2025-05-03 09:20
13010,1233,14,35.0,2025-11-04 04:44
13011,1069,8,16.0,2025-01-06 11:01
13012,2084,21,26.5,2025-01-04 08:15
13013,972,5,5.5,2025-05-09 07:41
13014,1012,24,19.0,2025-04-30 12:30
13015,1810,5,14.0,2025-03-30 06:47
13016,2281,7,26.5,2025-01-23 17:32
13017,1708,17,30.5,2025-06-16 11:44
13018,377,23,5.5,2024-12-26 13:52
13019,733,18,15.0,2025-02-13 18:17
13020,1604,13,34.0,2025-10-09 22:32
13021,1573,14,5.5,2025-09-19 10:27
13022,442,14,28.5,2025-11-30 04:50
13023,1093,11,5.0,2025-05-29 02:15
13024,225,2,5.0,2025-03-23 19:45
13025,658,21,10.5,2025-03-21 13:31
13026,681,16,38.5,2025-06-05 13:45
13027,1143,2,35.5,2025-08-08 12:13
13028,2105,11,14.0,2025-05-26 08:55
13029,1665,4,11.5,2025-06-18 10:30
13030,84,21,5.0,2025-10-31 22:48
13031,1790,19,19.5,2025-02-18 05:55
13032,1030,15,19.0,2025-08-20 03:33
13033,1179,10,21.5,2025-05-04 10:09
13034,2433,23,21.5,2025-06-20 19:47
13035,1224,14,19.0,2025-03-25 19:07
13036,40,15,31.5,2025-01-09 14:58
13037,195,1,35.5,2025-03-11 03:09
13038,2153,22,25.5,2025-09-09 20:33
13039,658,20,20.5,2025-05-05 03:59
13040,553,12,15.5,2025-03-13 16:18
13041,232,26,31.0,2025-08-29 05:57
13042,1774,2,25.5,2025-06-08 22:12
13043,2133,15,10.0,2025-06-12 15:57
13044,594,14,19.0,2025-08-16 14:26
13045,2464,5,15.5,2025-06-15 17:13
13046,305,20,10.5,2025-01-02 05:35
13047,1166,7,19.5,2025-08-26 14:16
13048,1397,23,19.5,2025-01-02 22:23
13049,104,8,20.5,2025-03-15 00:33
13050,94,11,32.5,2025-07-05 00:54
13051,270,4,19.0,2025-09-27 14:31
13052,2031,4,5.5,2024-12-26 20:39
13053,2464,25,4.5,2025-04-08 10:38
13054,2282,26,10.0,2025-06-26 09:01
13055,2236,11,5.5,2025-07-16 13:11
13056,1273,14,19.0,2025-07-30 16:02
13057,870,1,30.0,2025-03-13 19:49
13058,1714,22,9.0,2025-05-01 04:46
13059,896,7,36.0,2025-02-23 22:58
13060,891,21,14.0,2025-11-13 15:50
13061,1003,18,10.0,2025-09-18 07:40
13062,43,6,21.0,2025-05-05 15:34
13063,366,11,16.0,2025-08-17 12:01
13064,1189,5,21.0,2025-10-17 02:29
13065,1882,10,19.0,2024-12-19 05:36
13066,1916,10,5.0,2025-11-27 18:27
13067,2485,18,15.5,2025-12-02 15:18
13068,851,27,10.0,2025-07-13 15:21
13069,357,10,4.5,2025-01-06 08:34
13070,1184,26,5.5,2025-05-01 04:29
13071,913,2,30.5,2025-05-16 09:13
13072,943,23,28.5,2025-04-12 09:26
13073,1424,3,13.0,2025-06-21 20:57
13074,616,5,23.0,2025-01-13 20:55
13075,1926,9,25.5,2025-03-03 21:40
13076,335,22,9.5,2025-04-06 07:28
13077,949,23,27.0,2025-10-08 20:38
13078,734,14,22.0,2025-10-01 21:25
13079,1098,6,30.5,2025-08-10 06:43
13080,331,17,19.0,2025-05-28 21:29
13081,2326,1,23.0,2025-03-17 07:45
13082,211,24,31.0,2025-08-24 07:09
13083,2014,2,14.5,2025-06-04 04:54
13084,454,5,5.0,2025-09-22 23:40
13085,1711,12,4.5,2025-08-31 21:35
13086,1526,27,25.0,2024-12-16 01:01
13087,2020,17,22.5,2025-07-07 15:52
13088,1747,14,5.5,2025-06-22 06:24
13089,2399,26,22.5,2025-08-19 08:55
13090,1103,27,23.0,2025-02-09 09:24
13091,487,19,9.5,2025-09-03 07:55
13092,1039,21,41.5,2025-10-31 04:08
13093,839,8,24.0,2025-04-14 17:49
13094,73,5,24.5,2025-07-05 19:56
13095,882,17,30.0,2025-01-11 20:18
13096,149,4,9.5,2025-09-10 05:14
13097,300,15,37.5,2025-05-04 00:54
13098,1105,4,16.5,2025-09-10 18:28
13099,1478,7,23.0,2025-08-03 00:33
13100,823,20,33.5,2025-01-22 04:32
13101,637,2,30.0,2025-04-11 11:24
13102,2324,14,9.5,2025-02-24 03:16
13103,2362,6,35.5,2025-05-16 20:14
13104,476,22,30.5,2025-03-20 17:36
13105,1361,5,31.5,2025-09-25 04:37
13106,308,26,5.0,2025-01-05 23:36
13107,1229,11,28.0,2024-12-13 11:53
13108,908,13,11.0,2025-05-07 17:45
13109,1370,22,11.0,2025-03-03 05:10
13110,1679,17,18.5,2025-05-17 13:50
13111,1036,21,13.0,2025-11-23 06:24
13112,2376,3,28.5,2025-10-12 16:59
13113,331,6,18.5,2025-07-18 13:50
13114,2249,5,25.0,2025-09-24 03:35
13115,470,4,5.0,2025-09-09 21:05
13116,1739,24,9.5,2025-05-04 19:18
13117,237,2,5.0,2024-12-08 21:59
13118,2474,12,19.5,2025-06-20 20:24
13119,1052,5,16.5,2025-06-11 09:43
13120,1478,7,36.5,2025-06-17 06:33
13121,1978,6,4.5,2025-09-09 14:44
13122,542,20,20.5,2025-03-28 20:58
13123,694,8,14.5,2025-08-31 00:27
13124,1401,16,19.5,2025-03-04 08:50
13125,1078,2,21.5,2025-04-06 03:12
13126,1959,4,17.5,2025-04-21 09:01
13127,475,14,18.5,2025-02-21 23:26
13128,860,7,25.5,2025-01-14 04:39
13129,806,22,21.5,2025-11-28 13:11
13130,287,13,24.0,2025-05-07 08:08
13131,249,4,22.5,2025-10-21 04:56
13132,863,18,27.5,2024-12-16 04:27
13133,946,10,30.0,2025-04-21 06:55
13134,506,1,32.5,2025-08-12 22:42
13135,615,14,9.5,2025-12-02 00:19
13136,343,20,28.5,2025-03-16 01:45
13137,1406,8,10.5,2025-11-19 01:12
13138,443,7,4.5,2025-10-04 10:44
13139,583,13,22.0,2025-01-14 16:31
13140,2292,8,30.0,2025-06-08 13:51
13141,2352,13,4.5,2025-06-09 20:45
13142,609,16,9.5,2024-12-08 00:48
13143,1950,6,15.5,2025-06-05 10:26
13144,90,24,9.5,2025-04-12 22:25
13145,2051,16,26.5,2025-09-06 20:46
13146,2122,5,14.0,2025-09-03 05:30
13147,2065,14,35.0,2025-05-25 07:25
13148,1950,13,10.5,2025-05-10 16:15
13149,747,27,4.5,2025-06-01 01:09
13150,1097,13,31.0,2025-04-30 07:55
13151,2492,23,16.0,2024-12-22 22:46
13152,38,8,28.0,2025-05-03 10:08
13153,267,21,19.5,2025-02-17 12:51
13154,2337,4,34.5,2025-06-25 14:23
13155,1102,22,4.5,2025-04-10 02:10
13156,1258,23,5.0,2025-07-31 15:09
13157,2385,9,21.5,2024-12-25 07:27
13158,5,13,21.5,2025-11-30 08:23
13159,2387,12,17.0,2025-05-29 11:45
13160,856,1,6.5,2024-12-07 08:49
13161,9,15,9.5,2024-12-31 02:11
13162,2273,15,15.0,2025-04-27 01:10
13163,1353,2,15.5,2025-12-01 13:58
13164,979,23,37.5,2025-10-19 04:59
13165,2268,25,5.0,2024-12-22 06:50
13166,1348,8,6.5,2025-08-21 22:41
13167,968,8,29.5,2025-05-18 01:50
13168,1,23,14.5,2025-07-24 06:08
13169,2017,12,15.0,2025-04-10 00:07
13170,2477,4,9.5,2025-11-18 08:56
13171,960,27,24.0,2025-05-19 09:26
13172,1215,23,38.5,2025-07-12 06:27
13173,1081,4,31.5,2025-03-24 23:44
13174,1339,10,17.0,2025-01-24 02:25
13175,2131,23,15.5,2025-01-03 21:29
13176,216,17,12.0,2025-03-27 13:08
13177,1975,2,19.0,2025-12-04 09:49
13178,729,5,31.5,2025-08-13 15:04
13179,1534,24,20.0,2025-06-09 12:42
13180,2284,25,21.5,2025-07-05 00:31
13181,1969,22,32.5,2025-05-17 08:16
13182,72,17,9.5,2025-11-11 08:33
13183,810,21,30.5,2025-03-03 08:23
13184,2176,10,6.5,2025-05-15 01:45
13185,994,16,5.0,2025-02-10 15:08
13186,2243,25,4.5,2025-10-13 21:09
13187,1384,24,24.0,2025-08-28 19:55
13188,1203,21,30.5,2025-02-02 04:45
13189,421,11,14.0,2024-12-25 10:52
13190,1760,21,14.0,2025-11-02 15:21
13191,496,24,17.0,2025-01-24 19:55
13192,1485,11,19.0,2025-11-11 13:13
13193,2183,27,23.0,2025-08-29 06:33
13194,566,8,32.0,2024-12-16 04:16
13195,1260,15,10.0,2025-02-20 23:43
13196,2475,10,26.5,2025-03-02 11:10
13197,2216,5,6.5,2025-09-02 18:47
13198,396,15,30.0,2025-12-05 05:00
13199,1240,4,29.5,2025-03-01 22:32
13200,1580,6,17.5,2025-07-09 12:42
13201,868,4,9.5,2025-05-16 07:38
13202,2058,2,23.5,2025-08-18 21:44
13203,1456,18,6.5,2025-07-24 05:47
13204,1530,25,19.0,2024-12-07 18:04
13205,993,20,14.0,2025-05-23 12:34
13206,2192,27,9.5,2025-07-30 08:32
13207,1236,27,24.0,2025-01-18 12:19
13208,146,1,19.0,2025-09-02 03:21
13209,117,9,16.0,2025-07-28 15:12
13210,268,22,15.0,2025-02-04 20:07
13211,1744,17,14.0,2025-10-15 19:04
13212,49,20,31.5,2025-01-22 20:02
13213,1857,13,24.5,2025-10-03 16:39
13214,921,25,16.0,2025-04-06 22:06
13215,917,7,20.0,2025-04-10 16:51
13216,732,20,27.0,2025-10-04 23:28
13217,1295,8,31.5,2025-09-11 17:10
13218,367,26,16.0,2025-05-16 00:53
13219,1004,18,21.0,2025-02-05 13:53
13220,316,4,16.5,2025-07-21 17:02
13221,366,4,26.5,2025-08-15 20:36
13222,1606,20,14.5,2025-03-31 03:08
13223,1410,20,32.5,2025-01-05 14:40
13224,2317,4,11.0,2025-05-28 09:01
13225,599,21,14.5,2025-08-30 00:22
13226,1359,4,5.0,2025-06-18 13:15
13227,2180,12,33.5,2025-06-05 08:34
13228,1677,25,11.0,2025-01-16 17:24
13229,1353,14,6.5,2025-02-03 14:21
13230,94,10,10.0,2025-09-02 14:47
13231,887,24,34.5,2024-12-09 07:44
13232,650,8,24.0,2025-04-19 22:01
13233,1138,20,14.0,2025-08-10 16:27
13234,885,22,10.5,2025-06-04 23:42
13235,1026,12,21.5,2025-06-13 00:51
13236,1009,5,16.5,2025-01-13 19:49
13237,1592,1,21.0,2025-09-16 03:58
13238,243,10,21.0,2024-12-23 18:46
13239,2452,22,6.5,2025-04-11 03:26
13240,285,5,31.0,2025-04-26 07:26
13241,2302,11,26.0,2024-12-13 22:56
13242,1968,3,20.0,2025-09-17 04:52
13243,785,18,10.5,2025-09-21 08:24
13244,856,11,24.0,2025-07-18 00:36
13245,112,13,16.0,2025-05-23 01:54
13246,1278,22,9.5,2024-12-19 11:00
13247,1538,15,25.0,2025-02-06 09:34
13248,195,23,9.5,2025-02-19 18:37
13249,1257,8,32.0,2025-01-14 02:16
13250,129,23,5.0,2025-11-13 22:16
13251,332,1,5.5,2025-10-25 16:41
13252,256,11,5.5,2025-01-02 07:40
13253,1928,23,6.5,2025-10-14 10:36
13254,276,27,28.5,2025-10-18 15:50
13255,361,22,23.5,2025-10-03 21:59
13256,309,14,25.0,2025-08-23 12:04
13257,116,4,19.5,2025-01-13 01:03
13258,212,4,15.5,2025-07-28 10:10
13259,2488,14,16.5,2025-01-24 19:02
13260,1002,20,31.5,2025-07-24 14:47
13261,2115,3,16.0,2025-01-03 10:46
13262,36,5,25.0,2025-11-09 18:56
13263,1022,15,17.5,2025-10-26 12:19
13264,674,23,31.0,2025-11-06 11:39
13265,1567,5,5.5,2025-04-12 03:53
13266,2426,23,26.0,2025-07-04 02:52
13267,850,11,26.0,2025-09-06 23:03
13268,481,15,5.5,2025-04-21 14:35
13269,2024,5,31.0,2025-11-10 19:38
13270,1899,6,26.5,2025-03-15 18:13
13271,1682,6,20.0,2025-05-08 01:30
13272,1695,4,4.5,2025-05-25 23:51
13273,1352,24,20.5,2025-01-19 09:30
13274,435,11,12.0,2025-03-21 19:18
13275,2444,3,5.0,2025-03-04 22:51
13276,2285,18,33.5,2025-06-29 01:01
13277,2352,16,26.5,2025-03-24 13:25
13278,529,19,27.0,2025-11-17 02:04
13279,1900,22,35.5,2025-07-31 03:34
13280,2033,23,23.5,2025-12-02 22:46
13281,1785,12,21.5,2025-06-22 05:14
13282,213,1,28.5,2025-05-06 09:01
13283,819,16,14.0,2025-11-03 23:14
13284,1512,5,11.0,2025-06-14 00:00
13285,1433,17,25.0,2025-08-14 06:41
13286,1753,20,5.0,2025-04-01 10:09
13287,1912,18,22.5,2025-02-03 21:31
13288,594,10,10.0,2025-06-22 15:23
13289,231,12,27.5,2025-10-25 10:42
13290,957,22,5.0,2025-02-06 05:34
13291,1993,14,33.5,2025-07-21 13:30
13292,2426,3,33.0,2025-09-23 17:55
13293,512,24,34.5,2025-09-15 10:39
13294,564,9,22.0,2025-09-30 00:19
13295,881,18,16.5,2025-05-18 19:14
13296,687,7,38.5,2025-08-25 00:27
13297,179,12,9.0,2025-07-29 00:53
13298,1624,23,5.5,2025-10-19 18:09
13299,1451,21,19.5,2025-02-12 02:39
13300,1744,27,5.0,2025-02-09 03:12
13301,1433,10,16.0,2025-06-07 22:30
13302,875,27,21.0,2025-04-03 05:34
13303,454,6,24.0,2024-12-19 16:03
13304,1583,6,14.5,2025-09-03 00:25
13305,1274,18,11.0,2025-03-15 21:46
13306,750,21,11.5,2025-07-16 07:47
13307,1646,6,5.0,2025-04-19 09:27
13308,2269,7,9.0,2025-10-11 19:29
13309,1449,27,4.5,2025-12-06 02:24
13310,1524,20,6.5,2025-08-22 17:43
13311,469,16,5.5,2025-02-09 08:31
13312,2366,6,22.5,2025-09-13 19:33
13313,2157,20,27.0,2025-07-20 19:32
13314,1270,4,4.5,2024-12-09 22:35
13315,1209,22,34.0,2025-11-22 12:10
13316,313,24,30.5,2025-06-28 19:38
13317,956,20,26.5,2025-07-20 01:05
13318,253,26,24.0,2025-01-18 21:12
13319,1295,25,16.5,2025-08-15 21:18
13320,852,12,28.0,2025-01-17 22:22
13321,647,2,5.5,2025-08-09 15:05
13322,1576,27,22.0,2025-09-19 19:01
13323,1748,11,21.5,2025-06-02 21:14
13324,2097,12,4.5,2025-05-07 17:03
13325,169,5,21.5,2025-08-10 08:25
13326,1361,3,34.5,2025-05-19 07:10
13327,2440,8,22.5,2025-07-03 08:04
13328,536,25,24.5,2024-12-07 02:44
13329,531,14,5.5,2025-05-10 09:05
13330,2451,5,5.5,2025-06-22 12:19
13331,2327,11,14.5,2025-05-24 05:09
13332,2363,25,31.5,2025-03-15 18:49
13333,1662,23,30.5,2025-05-24 05:57
13334,243,17,4.5,2025-02-07 08:27
13335,32,27,28.0,2025-10-04 06:28
13336,1429,12,31.0,2025-08-24 15:02
13337,226,26,15.5,2025-04-10 03:21
13338,681,17,30.5,2024-12-10 16:33
13339,1020,17,21.5,2025-08-14 08:56
13340,565,27,23.5,2025-03-15 07:00
13341,2039,27,13.0,2025-02-15 08:36
13342,798,25,11.0,2025-02-09 05:19
13343,2225,25,33.0,2025-08-11 11:51
13344,1299,20,4.5,2025-04-04 13:48
13345,2269,25,13.0,2025-07-16 21:11
13346,1317,1,16.0,2025-03-31 18:49
13347,410,16,5.0,2025-03-24 22:18
13348,1504,25,5.5,2025-07-31 21:45
13349,2227,4,15.0,2025-01-29 07:47
13350,1192,9,11.0,2025-10-18 04:10
13351,706,16,29.5,2025-11-04 06:01
13352,1735,21,20.0,2025-04-03 06:52
13353,1593,11,16.5,2025-06-15 08:12
13354,1146,27,18.5,2025-05-22 16:24
13355,2165,25,14.5,2025-08-02 05:44
13356,1051,21,14.0,2025-01-24 05:34
13357,1621,14,36.0,2025-04-09 09:06
13358,377,18,31.5,2025-02-27 13:07
13359,1532,11,13.0,2025-05-06 11:19
13360,759,16,26.0,2025-08-27 15:38
13361,359,20,26.0,2025-01-19 21:42
13362,1103,21,29.0,2025-08-09 07:30
13363,1400,7,19.0,2025-07-29 23:07
13364,1331,13,17.0,2025-05-30 17:30
13365,2397,27,9.5,2025-05-23 12:02
13366,1013,17,23.0,2025-08-12 23:13
13367,1403,19,5.0,2025-05-09 10:38
13368,1850,4,28.5,2025-10-30 12:35
13369,2259,1,9.5,2025-01-09 22:14
13370,1859,6,14.0,2025-03-30 18:06
13371,1000,3,20.5,2025-08-17 02:23
13372,216,24,25.5,2025-09-21 22:17
13373,22,18,6.5,2025-10-01 03:48
13374,2454,3,21.0,2025-02-26 11:41
13375,1390,22,5.0,2025-04-25 14:25
13376,2001,15,9.5,2025-04-06 05:05
13377,958,19,21.5,2025-07-13 14:29
13378,928,5,5.0,2025-04-13 00:04
13379,1440,18,11.0,2024-12-17 04:37
13380,1030,7,19.0,2025-05-18 17:44
13381,1633,24,14.5,2025-01-11 13:50
13382,851,15,20.5,2025-01-15 01:33
13383,1119,10,37.0,2025-05-15 17:06
13384,2167,12,21.0,2025-02-26 11:34
13385,445,2,22.0,2025-01-04 06:26
13386,775,2,4.5,2025-05-11 17:58
13387,134,18,11.5,2025-01-05 07:53
13388,1710,19,24.0,2025-01-06 02:00
13389,524,17,16.0,2024-12-21 14:35
13390,2468,12,18.5,2024-12-30 17:10
13391,1472,24,9.5,2025-05-17 18:24
13392,402,20,14.0,2025-09-20 22:21
13393,794,18,35.0,2024-12-09 20:22
13394,57,27,15.0,2025-10-25 02:54
13395,761,1,11.0,2025-04-03 07:38
13396,217,18,21.5,2025-06-14 05:13
13397,1389,18,33.5,2025-05-15 07:32
13398,2208,14,21.0,2025-04-06 08:46
13399,1721,24,35.0,2025-05-18 20:09
13400,2211,25,21.0,2025-08-20 18:48
13401,800,12,5.0,2025-11-09 10:48
13402,1443,14,25.5,2025-11-27 08:01
13403,863,26,27.0,2025-10-17 21:38
13404,94,20,30.5,2025-05-02 13:34
13405,2052,1,21.0,2025-06-29 05:01
13406,2065,5,19.5,2025-09-01 14:45
13407,369,13,26.5,2025-02-24 03:09
13408,540,26,18.5,2025-05-13 19:34
13409,2350,25,10.5,2025-03-05 16:53
13410,24,24,29.0,2024-12-23 22:59
13411,2356,25,11.0,2025-02-13 19:29
13412,1639,15,10.5,2025-08-07 18:54
13413,1994,6,4.5,2025-02-10 06:53
13414,1980,26,20.0,2025-03-29 12:28
13415,1892,9,18.5,2025-04-06 18:47
13416,174,17,20.5,2025-11-25 01:01
13417,1477,26,5.0,2025-02-01 04:58
13418,2202,21,18.5,2025-01-10 10:35
13419,517,8,19.0,2025-06-02 13:51
13420,2355,15,38.5,2025-03-23 23:18
13421,1800,21,18.5,2025-05-30 18:19
13422,1720,27,5.5,2025-04-29 08:40
13423,1869,19,20.0,2024-12-31 08:53
13424,435,3,14.5,2025-09-21 02:34
13425,1290,22,26.5,2025-01-25 22:25
13426,186,17,5.0,2025-03-27 19:59
13427,234,17,15.0,2025-11-16 18:49
13428,1553,12,6.5,2025-11-25 19:15
13429,2174,2,5.0,2025-12-01 18:44
13430,815,5,19.0,2025-10-12 13:02
13431,560,23,5.0,2025-02-20 06:06
13432,1877,4,4.5,2025-04-24 13:44
13433,1994,3,27.0,2025-09-14 00:03
13434,955,4,25.5,2025-07-06 20:34
13435,2480,11,6.5,2025-10-30 20:33
13436,1759,18,21.0,2025-10-31 22:45
13437,303,20,4.5,2025-09-02 17:08
13438,421,12,6.5,2025-06-29 19:58
13439,1444,13,26.0,2025-05-28 00:19
13440,1151,23,15.0,2024-12-31 16:50
13441,255,20,17.0,2024-12-19 03:14
13442,2310,23,18.5,2025-09-28 16:19
13443,1200,24,31.5,2025-07-27 13:34
13444,1832,18,15.0,2025-10-06 19:24
13445,562,17,14.0,2025-08-10 03:31
13446,2097,21,27.5,2025-11-16 08:36
13447,1208,8,22.5,2025-01-07 06:37
13448,397,16,28.0,2025-01-22 09:59
13449,1752,14,22.5,2025-01-09 20:00
13450,1703,23,31.0,2025-07-07 19:17
13451,1285,20,30.5,2025-06-25 14:04
13452,2283,10,5.0,2025-08-27 01:14
13453,1227,7,18.5,2025-06-30 02:37
13454,288,5,9.0,2025-11-26 20:53
13455,42,25,16.0,2025-10-06 02:00
13456,1990,26,5.5,2025-12-06 16:23
13457,1465,7,21.0,2025-11-04 15:02
13458,787,13,30.5,2025-07-23 18:26
13459,506,12,28.0,2025-06-16 18:18
13460,559,9,6.5,2025-09-16 07:03
13461,62,23,4.5,2025-05-02 17:57
13462,2347,2,17.5,2025-02-26 03:57
13463,589,17,9.5,2025-11-11 02:02
13464,1414,13,14.5,2025-02-15 07:49
13465,1896,23,14.5,2025-08-31 11:23
13466,725,1,9.5,2025-01-19 23:45
13467,939,11,24.0,2025-02-15 15:52
13468,1895,15,20.0,2025-10-23 21:48
13469,1139,11,28.0,2025-05-06 21:22
13470,1524,4,35.0,2025-07-03 02:59
13471,585,10,6.5,2025-10-06 12:13
13472,1699,2,19.5,2025-08-31 07:21
13473,762,21,28.0,2025-02-23 19:15
13474,1933,27,9.5,2025-06-19 18:20
13475,576,14,25.0,2025-04-04 13:53
13476,1149,5,32.0,2025-09-13 18:15
13477,579,14,11.0,2025-04-20 08:06
13478,2057,12,32.5,2025-10-17 18:22
13479,1825,23,15.5,2025-01-25 14:49
13480,935,23,16.0,2025-03-08 04:17
13481,2321,19,17.0,2025-11-12 03:17
13482,1696,8,15.0,2025-03-22 22:49
13483,925,22,27.5,2025-10-23 12:14
13484,2247,5,12.0,2024-12-31 07:26
13485,927,18,16.5,2025-05-16 11:19
13486,2261,16,6.5,2025-09-08 06:21
13487,1188,11,16.0,2025-05-13 13:21
13488,216,5,16.5,2025-09-09 12:45
13489,1636,20,10.0,2025-08-05 21:18
13490,1269,8,33.5,2025-01-23 13:52
13491,1315,7,20.5,2025-07-21 06:03
13492,1253,14,15.0,2024-12-13 05:34
13493,1549,16,15.0,2025-07-12 05:58
13494,2180,13,23.0,2025-07-02 00:06
13495,1613,7,6.5,2025-08-01 12:24
13496,1965,19,30.0,2025-02-28 07:13
13497,96,27,15.0,2025-06-10 13:05
13498,319,10,24.0,2025-07-08 11:35
13499,2203,21,24.0,2025-10-18 17:51
13500,857,6,5.5,2025-02-11 16:59
13501,1753,10,21.5,2025-02-23 02:18
13502,1783,15,33.5,2025-10-05 16:56
13503,550,18,33.5,2025-03-24 19:10
13504,2479,13,23.5,2025-01-13 22:07
13505,1353,16,23.5,2025-05-11 07:52
13506,778,27,23.5,2025-12-04 20:05
13507,868,7,4.5,2025-05-23 15:02
13508,389,13,17.5,2024-12-12 21:48
13509,1768,26,25.5,2025-05-03 00:19
13510,1520,2,22.5,2025-10-02 20:09
13511,2171,6,25.0,2025-06-08 16:08
13512,2178,27,10.0,2025-03-16 00:25
13513,1356,11,11.5,2025-05-29 12:08
13514,1682,19,15.0,2025-09-08 00:20
13515,34,27,19.5,2025-09-01 19:43
13516,720,10,26.0,2024-12-25 23:06
13517,2212,27,23.0,2025-10-25 16:25
13518,2024,25,16.0,2024-12-20 12:42
13519,1735,18,21.5,2025-05-20 01:50
13520,2200,17,16.5,2025-06-05 15:28
13521,2133,21,10.0,2025-01-09 18:23
13522,1577,21,14.5,2025-09-13 23:33
13523,2082,5,9.5,2025-04-24 11:42
13524,2461,21,11.5,2025-07-15 03:10
13525,6,15,33.5,2025-01-14 17:47
13526,1693,26,35.5,2025-01-13 06:48
13527,1547,4,39.5,2025-10-14 09:16
13528,2489,3,30.0,2025-09-22 01:38
13529,921,14,31.0,2025-09-04 16:01
13530,1456,27,20.5,2025-06-13 05:05
13531,1124,11,18.0,2025-09-09 22:00
13532,2048,20,19.5,2024-12-23 10:38
13533,961,4,14.0,2025-02-27 03:09
13534,1052,11,22.5,2024-12-18 08:13
13535,1340,18,29.5,2025-04-20 17:00
13536,1422,25,35.0,2025-07-31 21:08
13537,1296,12,25.5,2025-08-12 11:36
13538,2370,10,30.5,2025-02-27 22:12
13539,1964,27,16.5,2025-03-24 15:10
13540,2003,19,5.0,2025-01-04 23:50
13541,1392,10,25.0,2025-03-25 07:54
13542,2222,11,5.5,2025-11-30 07:29
13543,235,2,23.0,2024-12-31 07:21
13544,2373,14,6.5,2025-11-26 00:42
13545,1778,14,12.0,2025-04-23 15:13
13546,2376,12,31.5,2025-09-27 19:38
13547,80,19,20.0,2025-11-01 10:53
13548,493,15,5.5,2024-12-16 16:44
13549,658,15,14.0,2025-10-13 21:49
13550,2064,9,20.5,2025-04-06 02:44
13551,2331,5,36.0,2025-02-22 06:23
13552,939,12,32.5,2025-05-13 11:48
13553,2414,12,27.0,2024-12-21 17:48
13554,322,16,12.0,2025-03-11 22:11
13555,1796,10,6.5,2025-11-07 01:56
13556,1923,10,20.0,2025-06-13 06:10
13557,1643,11,31.0,2025-11-01 18:20
13558,134,1,26.0,2024-12-28 05:21
13559,203,6,11.0,2025-01-24 07:55
13560,1071,2,27.5,2025-04-10 09:55
13561,2340,8,14.0,2024-12-12 04:49
13562,551,25,21.0,2025-08-08 17:49
13563,1069,24,24.5,2025-03-16 23:44
13564,382,17,17.5,2025-07-06 09:56
13565,1190,8,25.0,2025-03-17 10:53
13566,2347,11,15.0,2025-02-06 18:44
13567,2339,25,12.0,2025-03-05 12:48
13568,2210,20,17.5,2025-11-22 14:33
13569,1214,2,10.5,2025-03-02 14:43
13570,488,18,5.0,2025-09-17 15:27
13571,940,1,9.0,2025-01-06 23:05
13572,1582,5,4.5,2025-09-29 13:25
13573,2088,25,11.0,2025-12-04 07:02
13574,459,17,5.0,2025-03-13 22:43
13575,1070,3,23.5,2025-08-04 03:47
13576,2130,16,11.0,2025-06-19 17:40
13577,1368,7,23.0,2025-03-16 17:54
13578,1996,12,11.5,2025-06-25 03:11
13579,1935,23,29.5,2025-04-21 07:41
13580,1208,3,33.0,2025-06-06 09:39
13581,1680,10,32.0,2025-08-21 03:27
13582,2170,19,25.5,2025-03-11 15:49
13583,1016,7,28.0,2025-07-09 19:24
13584,192,2,5.5,2025-05-28 03:22
13585,2243,12,15.0,2024-12-16 15:22
13586,622,27,33.0,2025-11-12 20:34
13587,482,21,14.5,2025-06-15 23:40
13588,247,7,5.0,2025-06-14 14:50
13589,2020,12,21.0,2025-04-22 14:35
13590,528,4,39.5,2025-06-05 00:41
13591,443,12,4.5,2025-05-20 13:39
13592,467,16,21.5,2025-01-06 11:50
13593,327,1,4.5,2024-12-29 05:08
13594,1459,15,9.5,2025-05-20 12:18
13595,676,25,10.5,2025-10-16 07:13
13596,1287,25,9.5,2025-05-31 17:53
13597,972,21,26.0,2024-12-11 10:18
13598,386,8,5.0,2025-07-22 20:22
13599,1641,1,4.5,2025-06-29 16:35
13600,788,8,5.5,2025-05-20 10:41
13601,2265,16,21.5,2025-09-19 02:25
13602,1790,24,16.0,2025-05-18 08:35
13603,691,8,11.5,2025-06-21 14:33
13604,1358,25,11.5,2025-12-03 22:59
13605,59,1,24.0,2025-07-23 02:36
13606,355,24,26.0,2025-11-05 16:06
13607,2118,2,19.0,2025-05-03 07:17
13608,868,2,19.0,2025-04-28 19:53
13609,576,21,11.5,2025-11-05 03:11
13610,154,8,36.0,2025-09-21 11:42
13611,1116,15,20.5,2025-03-25 23:47
13612,1742,26,12.0,2025-02-03 13:37
13613,2215,16,24.0,2025-03-16 04:57
13614,847,21,25.0,2025-09-07 16:11
13615,983,2,33.5,2024-12-27 09:57
13616,1790,7,28.0,2025-07-10 16:27
13617,1612,12,21.5,2025-09-27 16:00
13618,214,23,9.5,2025-03-28 02:46
13619,1660,13,26.5,2025-09-15 13:09
13620,1056,24,25.0,2025-08-12 14:43
13621,297,20,24.0,2025-07-11 05:12
13622,565,26,10.0,2025-03-21 17:39
13623,816,17,30.5,2025-08-03 00:41
13624,1874,11,16.0,2025-09-06 07:24
13625,1636,15,5.0,2025-10-13 11:43
13626,640,4,32.5,2025-06-27 19:37
13627,2342,14,15.0,2025-02-23 07:12
13628,436,22,14.0,2025-10-02 06:00
13629,864,12,25.0,2025-04-18 11:23
13630,372,5,18.0,2025-12-02 06:28
13631,10,9,18.5,2025-10-01 23:23
13632,934,9,11.0,2025-02-09 04:41
13633,758,19,14.0,2025-04-19 22:22
13634,426,10,25.0,2025-08-24 04:36
13635,1375,23,30.0,2025-03-31 00:52
13636,1519,14,31.0,2025-11-06 16:47
13637,2275,14,33.0,2025-07-27 14:29
13638,1563,3,10.0,2025-05-04 04:12
13639,916,5,5.5,2025-11-20 00:58
13640,1111,3,29.0,2025-08-29 05:59
13641,1889,26,17.5,2025-08-02 08:37
13642,1716,10,24.0,2025-07-24 01:09
13643,1533,9,22.5,2025-11-06 09:54
13644,1200,21,25.5,2025-03-22 04:18
13645,387,3,35.0,2025-07-16 19:27
13646,528,25,25.5,2025-06-30 05:18
13647,733,18,31.0,2025-03-18 22:24
13648,2313,22,28.0,2025-04-21 02:09
13649,2199,16,11.5,2025-03-02 06:24
13650,2118,27,25.0,2025-01-23 18:48
13651,772,19,11.0,2025-01-07 12:38
13652,1282,16,20.0,2025-11-23 11:55
13653,1,9,37.5,2025-09-05 10:58
13654,1300,27,14.5,2025-02-22 09:25
13655,2267,6,22.5,2025-11-13 11:19
13656,782,1,21.5,2025-07-30 07:00
13657,2106,20,30.5,2025-05-01 16:23
13658,952,1,17.5,2025-05-18 07:15
13659,152,23,9.5,2025-12-01 18:27
13660,1445,25,15.0,2025-09-15 03:36
13661,310,23,10.0,2025-03-24 19:17
13662,1444,9,29.5,2025-10-18 23:38
13663,1162,10,16.0,2025-04-17 15:54
13664,81,25,28.0,2024-12-09 04:25
13665,2137,16,11.5,2025-09-15 20:42
13666,190,18,35.0,2025-03-09 18:17
13667,2298,2,21.5,2025-08-23 18:00
13668,2431,4,24.0,2025-11-22 15:52
13669,647,14,37.5,2025-07-15 04:36
13670,1074,3,35.5,2025-08-13 05:12
13671,2219,19,24.5,2025-08-17 14:32
13672,1312,8,27.0,2025-03-28 04:36
13673,2026,11,16.0,2025-11-01 00:55
13674,2494,23,6.5,2025-11-20 21:36
13675,759,21,20.5,2025-10-14 09:54
13676,2334,17,17.5,2025-05-27 06:45
13677,1880,15,21.0,2025-08-18 16:26
13678,715,1,5.5,2024-12-19 10:24
13679,1288,15,27.5,2025-03-05 02:22
13680,1669,3,41.5,2025-01-08 16:15
13681,2102,19,16.0,2025-06-07 00:08
13682,1200,15,25.5,2025-02-13 12:25
13683,1091,17,26.5,2025-05-21 20:16
13684,461,23,17.5,2025-08-22 21:09
13685,375,15,10.5,2024-12-29 09:21
13686,1250,11,32.5,2025-06-13 19:37
13687,1844,3,35.5,2025-01-15 02:51
13688,2403,13,6.5,2025-09-29 10:16
13689,492,13,21.5,2025-09-25 22:56
13690,2383,21,16.0,2025-04-04 02:43
13691,1156,3,24.0,2025-10-09 06:47
13692,924,14,30.0,2025-01-15 13:51
13693,2319,16,15.0,2025-11-15 12:28
13694,651,4,10.0,2025-08-03 23:40
13695,2401,16,13.0,2025-03-19 12:57
13696,161,13,5.0,2025-05-27 12:13
13697,245,18,31.0,2025-01-28 10:18
13698,2470,22,4.5,2025-05-29 10:50
13699,506,5,9.5,2025-10-26 14:25
13700,2180,10,24.5,2025-11-04 05:51
13701,945,20,29.5,2025-08-08 08:08
13702,1782,4,29.0,2025-05-29 08:33
13703,2386,19,5.5,2025-09-23 11:28
13704,974,16,25.0,2025-06-29 02:14
13705,452,22,19.5,2025-02-14 18:17
13706,923,21,14.5,2025-10-25 05:26
13707,902,22,35.0,2024-12-15 13:41
13708,2425,9,14.5,2025-10-29 00:43
13709,108,23,36.0,2025-05-13 22:20
13710,1106,14,14.0,2025-04-18 06:06
13711,1227,6,10.0,2025-05-07 06:43
13712,897,12,14.0,2024-12-19 05:38
13713,1379,9,31.5,2025-06-10 00:48
13714,135,19,9.5,2025-11-14 19:13
13715,1925,1,14.0,2025-05-17 01:48
13716,2058,12,36.5,2025-02-01 17:38
13717,1069,6,24.0,2025-07-15 00:58
13718,2441,10,16.0,2024-12-24 01:48
13719,1086,25,32.5,2025-01-30 14:06
13720,2254,10,26.0,2025-08-28 04:47
13721,794,17,9.5,2025-03-29 22:39
13722,193,26,14.5,2025-04-26 05:32
13723,105,13,11.0,2025-06-20 17:31
13724,2067,26,10.5,2025-03-21 18:32
13725,2281,11,24.5,2024-12-17 11:44
13726,957,4,35.0,2025-06-06 02:28
13727,2468,18,29.0,2025-01-24 05:31
13728,2005,27,29.0,2025-06-12 01:05
13729,531,3,27.5,2025-03-21 02:47
13730,540,14,27.5,2025-02-17 14:11
13731,1172,26,11.5,2024-12-11 00:59
13732,519,6,21.0,2025-01-16 06:15
13733,1008,3,15.5,2025-09-18 21:17
13734,907,25,5.5,2025-12-05 21:04
13735,126,18,9.5,2025-04-22 13:26
13736,668,18,20.5,2025-09-01 20:54
13737,548,3,9.5,2025-09-02 11:00
13738,1525,19,14.0,2025-06-27 23:34
13739,1912,12,28.5,2025-04-26 07:44
13740,2247,12,9.5,2025-07-25 14:00
13741,83,26,33.5,2025-06-22 09:27
13742,386,10,15.0,2025-10-05 04:32
13743,1097,2,6.5,2025-02-24 01:16
13744,1491,15,20.5,2025-03-21 16:06
13745,1136,27,28.0,2024-12-30 17:02
13746,1634,27,5.0,2025-08-20 17:49
13747,1029,19,24.0,2025-06-09 18:07
13748,2028,6,10.5,2025-07-13 23:22
13749,866,5,5.0,2025-07-03 07:55
13750,1293,2,15.5,2024-12-11 21:57
13751,703,14,27.5,2025-01-05 21:52
13752,440,19,35.0,2025-02-17 06:18
13753,592,12,29.0,2025-03-01 16:41
13754,607,15,21.0,2025-09-16 15:49
13755,94,21,29.5,2025-04-12 07:18
13756,1998,1,9.5,2025-06-27 07:46
13757,1734,1,12.0,2025-05-26 00:31
13758,1177,7,26.0,2025-02-10 04:08
13759,1597,13,13.0,2025-06-28 03:30
13760,90,26,23.5,2025-03-05 13:39
13761,1311,16,29.0,2025-01-25 05:02
13762,2126,18,27.5,2025-01-01 16:57
13763,549,8,20.0,2025-08-05 22:01
13764,466,23,24.0,2025-01-30 12:55
13765,1236,20,16.5,2025-10-09 23:23
13766,1863,25,15.5,2025-02-27 03:20
13767,9,21,22.0,2025-01-25 05:37
13768,943,2,6.5,2025-07-10 14:15
13769,1037,3,18.5,2025-11-19 18:24
13770,2070,22,11.5,2025-11-12 03:02
13771,2332,18,28.5,2025-05-25 17:23
13772,673,19,38.0,2025-10-11 23:27
13773,1564,8,20.0,2025-04-18 11:55
13774,1955,5,25.0,2025-03-25 10:38
13775,315,25,14.0,2025-04-15 20:06
13776,1633,17,4.5,2025-03-31 11:11
13777,1572,16,10.0,2025-01-29 20:23
13778,2470,25,4.5,2025-02-02 04:46
13779,796,25,21.0,2025-03-21 03:12
13780,1988,23,24.5,2025-06-19 06:09
13781,1722,9,9.5,2025-03-28 20:45
13782,1487,27,31.0,2025-09-02 21:36
13783,2018,21,9.5,2025-04-06 02:17
13784,385,19,39.5,2025-10-04 08:02
13785,1962,13,10.5,2025-11-21 23:36
13786,2158,16,35.0,2025-01-05 16:16
13787,996,16,19.5,2025-11-22 08:35
13788,851,9,5.0,2025-09-14 03:06
13789,2305,12,30.5,2025-06-05 07:41
13790,1755,15,6.5,2025-01-27 16:25
13791,1119,8,29.5,2025-05-11 08:31
13792,763,14,28.5,2025-10-10 01:01
13793,2473,4,22.0,2025-10-10 13:21
13794,2365,8,32.0,2025-08-22 23:49
13795,634,13,29.5,2025-08-19 23:52
13796,1345,14,16.5,2025-07-18 00:26
13797,896,26,27.0,2025-04-15 22:28
13798,2496,17,4.5,2025-01-24 21:33
13799,1918,17,27.5,2025-11-04 16:20
13800,1205,10,11.5,2025-04-02 20:36
13801,397,9,9.5,2024-12-13 23:13
13802,1548,16,32.5,2025-09-25 22:52
13803,538,9,5.5,2025-02-03 13:51
13804,182,13,12.0,2025-07-15 10:53
13805,580,8,16.5,2025-02-14 14:06
13806,2377,17,16.0,2024-12-27 11:40
13807,2250,6,11.5,2024-12-26 04:39
13808,1739,15,5.0,2025-09-09 02:32
13809,620,16,14.5,2025-10-24 05:46
13810,443,4,26.0,2025-04-01 02:49
13811,2216,8,25.5,2025-09-28 05:32
13812,1658,2,11.5,2025-07-29 14:50
13813,2058,19,19.5,2025-09-23 05:14
13814,824,11,33.5,2025-07-15 16:12
13815,1960,4,30.0,2025-08-11 13:01
13816,2321,27,10.5,2025-01-15 10:33
13817,1572,1,26.0,2025-06-28 02:38
13818,742,13,5.5,2025-09-24 21:50
13819,577,18,14.5,2025-06-21 21:35
13820,214,16,5.0,2025-11-21 19:15
13821,561,27,15.0,2025-10-12 15:29
13822,1899,7,28.0,2025-03-25 15:44
13823,1910,15,22.0,2025-01-29 11:18
13824,445,19,21.0,2025-11-23 03:12
13825,2457,27,6.5,2025-08-12 09:52
13826,404,21,27.5,2025-06-15 10:26
13827,946,10,33.5,2024-12-31 22:47
13828,2415,22,18.5,2025-07-24 20:41
13829,186,19,24.0,2025-06-10 07:32
13830,1039,22,5.5,2025-03-03 11:11
13831,2044,9,5.0,2025-03-23 05:07
13832,672,8,26.5,2025-05-26 15:41
13833,598,14,14.5,2025-11-20 15:09
13834,69,10,26.0,2025-05-30 14:46
13835,2065,15,14.0,2025-02-15 21:32
13836,823,8,10.0,2025-01-08 06:50
13837,646,13,36.0,2025-02-22 02:28
13838,357,17,24.5,2025-07-08 14:40
13839,1772,10,33.0,2024-12-26 14:58
13840,1125,3,4.5,2025-04-04 10:41
13841,1678,11,9.5,2025-10-24 09:28
13842,317,5,20.5,2025-01-05 01:47
13843,1610,24,9.5,2025-08-30 23:21
13844,1935,11,28.5,2025-06-18 00:30
13845,2093,13,5.0,2025-09-24 18:39
13846,354,11,4.5,2024-12-11 02:42
13847,228,13,16.5,2025-09-17 06:17
13848,100,16,5.0,2025-03-04 14:42
13849,347,1,25.5,2025-06-14 09:31
13850,393,14,19.0,2025-08-22 05:10
13851,2404,20,25.0,2025-04-10 13:15
13852,695,8,10.0,2025-10-21 21:42
13853,1857,6,9.5,2025-03-05 01:01
13854,117,18,16.5,2025-07-25 15:07
13855,692,18,35.5,2025-09-19 21:44
13856,296,23,28.5,2025-04-17 15:47
13857,745,26,5.5,2025-11-01 02:56
13858,2469,12,21.5,2025-06-05 03:49
13859,1551,23,17.5,2025-06-08 10:28
13860,585,9,6.5,2025-11-09 12:51
13861,1588,12,14.5,2025-12-05 03:23
13862,1015,13,14.5,2024-12-29 11:16
13863,1101,14,14.5,2025-07-24 06:53
13864,978,21,23.5,2025-03-10 11:16
13865,1778,8,33.5,2025-06-03 18:50
13866,2010,13,10.0,2025-04-20 10:15
13867,383,10,30.5,2025-11-22 05:00
13868,754,8,4.5,2025-07-12 02:09
13869,789,6,25.5,2025-05-20 00:50
13870,1696,18,21.0,2025-01-21 02:47
13871,520,11,12.0,2025-03-22 03:44
13872,2429,18,17.0,2025-06-16 12:19
13873,1810,22,23.5,2025-05-11 04:22
13874,1064,6,25.5,2025-07-05 00:54
13875,1113,15,5.0,2025-05-21 18:34
13876,1937,20,29.0,2025-09-27 00:11
13877,2103,18,15.0,2025-02-02 18:39
13878,681,15,18.0,2025-02-21 08:32
13879,2491,12,16.0,2025-09-25 02:31
13880,2312,12,4.5,2025-10-17 22:35
13881,130,8,29.5,2025-09-06 12:48
13882,97,2,20.0,2025-04-04 13:06
13883,1951,12,4.5,2025-08-03 22:45
13884,1175,4,6.5,2025-04-09 15:10
13885,1695,14,26.0,2025-08-31 17:47
13886,1430,6,10.5,2025-08-18 09:30
13887,1548,5,5.0,2025-09-28 08:28
13888,1371,24,6.5,2025-02-19 01:04
13889,1657,25,28.0,2025-08-06 14:01
13890,1227,3,10.5,2025-01-06 22:13
13891,57,13,22.0,2025-04-28 13:22
13892,1470,2,11.0,2025-06-17 13:35
13893,1742,22,11.5,2025-06-14 01:31
13894,1040,2,11.5,2025-08-04 11:07
13895,241,5,5.5,2025-01-17 07:52
13896,1085,21,11.5,2025-07-23 06:11
13897,2430,12,17.5,2024-12-21 00:41
13898,403,25,24.0,2025-08-06 09:32
13899,1043,3,27.0,2025-07-24 19:31
13900,763,14,9.5,2025-06-22 09:39
13901,1209,14,9.5,2025-02-09 23:27
13902,309,23,15.0,2025-03-05 08:59
13903,1077,20,12.0,2025-02-20 22:53
13904,496,23,6.5,2025-03-09 04:02
13905,329,1,30.0,2025-05-10 15:48
13906,181,17,20.5,2025-01-26 04:57
13907,1475,9,23.0,2025-05-18 14:04
13908,1735,23,9.5,2025-11-24 04:24
13909,1024,24,10.0,2025-10-05 06:09
13910,2280,8,20.0,2025-11-07 21:35
13911,777,11,17.5,2025-07-05 17:11
13912,1498,15,32.0,2025-02-15 06:51
13913,2078,2,32.5,2025-02-07 13:12
13914,2175,13,21.0,2025-04-03 15:11
13915,52,5,5.0,2025-02-17 11:36
13916,1826,16,14.0,2024-12-25 14:52
13917,1134,17,16.0,2025-01-09 07:54
13918,1707,11,9.0,2025-10-21 04:40
13919,1712,10,4.5,2025-01-15 22:55
13920,1711,7,26.0,2025-03-14 00:39
13921,348,21,9.5,2025-11-23 07:57
13922,2172,17,16.0,2025-04-30 11:00
13923,2310,24,28.5,2025-01-07 06:34
13924,1792,12,4.5,2025-11-24 08:32
13925,311,3,5.0,2025-06-08 02:45
13926,1958,24,20.5,2025-03-22 06:02
13927,583,10,4.5,2024-12-25 15:44
13928,2325,20,15.0,2025-08-20 23:22
13929,689,26,33.0,2025-03-23 23:33
13930,449,10,24.5,2025-12-05 15:12
13931,1208,21,14.5,2025-05-08 00:22
13932,1471,27,30.0,2025-05-28 11:39
13933,447,6,20.5,2024-12-12 22:18
13934,628,2,28.5,2025-01-21 11:03
13935,2150,25,9.5,2025-04-06 08:43
13936,71,9,30.0,2025-02-08 11:35
13937,2392,24,29.0,2025-02-08 01:19
13938,2131,9,12.0,2025-07-17 00:51
13939,1739,11,20.0,2025-04-10 13:01
13940,875,11,21.0,2025-03-17 08:33
13941,596,27,15.0,2025-11-29 02:19
13942,1387,26,10.0,2025-06-26 13:20
13943,1711,17,4.5,2024-12-18 05:45
13944,1113,8,9.5,2025-06-11 09:40
13945,1475,14,19.5,2025-07-05 00:09
13946,719,3,24.0,2025-09-26 00:37
13947,1008,14,25.0,2025-01-06 11:20
13948,1201,11,29.0,2025-03-25 22:32
13949,2199,10,15.0,2025-09-19 05:14
13950,1591,19,14.0,2025-03-12 21:03
13951,244,21,5.5,2025-05-30 15:22
13952,1841,8,10.5,2025-05-28 14:44
13953,160,5,30.5,2025-07-20 05:29
13954,1215,11,32.0,2025-03-27 21:40
13955,348,21,24.0,2025-10-15 00:12
13956,1257,6,10.0,2025-09-13 18:30
13957,2331,14,26.0,2024-12-14 22:34
13958,2032,11,30.5,2025-11-18 07:18
13959,249,25,29.5,2025-01-29 12:27
13960,1331,13,16.0,2024-12-25 21:23
13961,2051,6,5.5,2025-06-26 01:48
13962,865,14,25.0,2025-01-10 23:53
13963,1701,9,32.5,2025-07-22 21:55
13964,2,21,25.5,2025-05-12 21:00
13965,1307,18,19.0,2025-04-02 00:47
13966,1749,4,39.5,2025-06-22 10:33
13967,951,15,38.5,2025-09-16 02:37
13968,391,9,32.0,2025-03-28 13:24
13969,1731,5,26.5,2025-05-10 09:12
13970,103,23,25.5,2025-09-01 17:14
13971,60,14,9.5,2025-02-15 04:13
13972,957,19,17.5,2025-03-29 04:34
13973,1728,10,20.5,2025-07-22 23:54
13974,2285,18,4.5,2025-10-08 11:59
13975,1737,4,17.0,2025-07-17 21:30
13976,1357,4,29.0,2025-10-09 18:51
13977,526,1,15.5,2025-12-03 00:45
13978,815,20,5.5,2025-02-06 19:47
13979,238,21,31.0,2025-07-26 15:02
13980,131,1,10.0,2025-01-17 07:07
13981,620,12,27.5,2025-03-05 02:50
13982,665,24,10.0,2025-11-19 16:29
13983,516,1,21.5,2025-04-21 23:30
13984,1397,24,12.0,2025-11-06 09:50
13985,371,5,23.5,2025-12-02 01:32
13986,227,22,11.0,2025-03-26 22:24
13987,2248,3,4.5,2025-04-04 05:00
13988,199,22,24.0,2024-12-21 17:30
13989,1298,7,19.5,2024-12-23 12:27
13990,2273,14,5.0,2024-12-31 23:11
13991,635,22,9.5,2025-10-15 17:45
13992,701,19,16.0,2025-11-04 04:32
13993,532,3,33.0,2025-10-30 00:22
13994,763,11,15.0,2025-04-12 01:01
13995,1905,27,28.0,2025-07-20 03:37
13996,1087,3,4.5,2025-04-07 15:03
13997,307,15,5.5,2025-05-04 05:05
13998,2357,6,25.5,2025-06-11 12:45
13999,1969,16,22.5,2025-08-26 10:03
14000,1198,25,29.0,2025-05-12 13:54
14001,1272,9,15.0,2024-12-11 20:04
14002,1449,2,6.5,2025-10-16 21:32
14003,2291,22,15.0,2025-09-26 21:35
14004,2045,27,9.5,2025-09-27 22:05
14005,1219,12,5.5,2025-06-08 22:16
14006,663,19,26.0,2025-12-04 17:25
14007,2036,3,10.5,2025-10-08 08:13
14008,200,5,16.0,2025-09-17 00:49
14009,1929,2,10.0,2025-04-29 07:56
14010,1523,24,29.5,2025-07-22 02:43
14011,448,26,5.0,2025-01-16 05:49
14012,1902,4,4.5,2024-12-28 01:45
14013,981,19,12.0,2025-08-15 14:00
14014,220,25,31.0,2025-09-13 11:19
14015,1316,11,28.0,2025-09-09 04:06
14016,2437,14,11.5,2025-02-01 00:27
14017,354,25,11.5,2025-08-23 11:20
14018,385,27,5.0,2025-07-13 14:37
14019,2096,22,9.5,2025-06-01 13:53
14020,1991,22,19.0,2025-01-30 18:31
14021,133,17,21.5,2025-09-02 03:12
14022,994,15,22.5,2025-07-21 19:16
14023,1462,21,24.0,2024-12-07 04:03
14024,603,8,34.0,2025-08-16 00:30
14025,663,18,16.0,2025-11-03 00:58
14026,393,8,14.0,2025-04-24 22:27
14027,1522,27,32.5,2025-01-19 14:50
14028,1687,6,9.5,2024-12-26 03:19
14029,867,26,16.5,2025-10-17 16:05
14030,1898,27,20.5,2025-09-07 07:09
14031,363,19,6.5,2025-05-02 01:24
14032,474,22,9.5,2025-11-15 09:06
14033,1533,10,23.0,2025-04-08 20:38
14034,128,8,21.5,2025-03-06 04:46
14035,2398,17,24.0,2025-10-12 00:19
14036,1715,2,19.5,2025-05-07 09:53
14037,1712,3,16.0,2025-03-26 04:47
14038,1441,26,26.5,2025-03-25 08:26
14039,2303,23,13.0,2025-03-19 21:01
14040,2381,23,16.0,2025-11-20 13:27
14041,2318,12,29.5,2025-02-27 22:48
14042,768,27,15.0,2025-07-07 09:54
14043,2022,19,18.5,2025-09-16 02:52
14044,898,7,28.5,2025-08-27 16:37
14045,355,3,22.5,2025-03-27 04:54
14046,32,20,30.0,2025-03-19 23:27
14047,1,8,16.0,2025-10-04 10:23
14048,2431,1,6.5,2025-01-31 22:31
14049,2499,7,12.0,2025-02-09 09:49
14050,2075,6,5.0,2024-12-08 16:14
14051,878,7,5.0,2025-10-29 05:09
14052,934,10,23.0,2025-12-05 18:41
14053,2334,27,6.5,2025-07-24 00:03
14054,363,21,27.5,2025-03-22 23:16
14055,1484,7,29.0,2025-07-12 15:03
14056,1474,20,17.0,2025-07-11 21:55
14057,1058,19,14.5,2025-10-25 13:35
14058,2429,4,9.5,2025-11-05 02:45
14059,1511,16,30.0,2025-06-19 02:27
14060,2282,11,28.5,2025-05-05 02:08
14061,480,12,28.5,2025-05-27 10:23
14062,1147,8,9.5,2025-02-03 20:55
14063,1825,25,11.5,2025-12-04 02:09
14064,2097,9,9.5,2025-06-04 05:06
14065,1069,3,15.5,2025-07-01 07:38
14066,2038,10,26.5,2025-01-19 04:51
14067,1059,2,6.5,2025-05-08 16:22
14068,956,23,9.5,2025-07-05 11:21
14069,1935,20,24.0,2025-06-26 00:24
14070,2364,24,11.0,2025-04-25 19:05
14071,1596,22,34.0,2025-02-14 04:51
14072,2128,13,6.5,2025-05-17 08:23
14073,2287,21,18.5,2025-10-31 11:56
14074,1618,14,24.0,2025-09-18 12:30
14075,1245,20,16.0,2025-06-23 06:33
14076,2328,11,4.5,2025-07-28 06:38
14077,454,19,30.0,2025-03-16 08:21
14078,1519,23,20.0,2025-01-17 10:36
14079,727,23,25.0,2025-06-04 02:49
14080,1603,18,33.0,2025-03-29 22:09
14081,1571,24,33.0,2025-09-21 23:13
14082,1586,1,12.0,2025-03-16 10:11
14083,1689,21,24.0,2025-10-04 11:41
14084,1397,1,6.5,2025-05-05 01:02
14085,1185,23,9.0,2025-06-25 13:15
14086,1211,24,16.0,2025-06-03 22:54
14087,2148,26,11.0,2025-10-05 13:27
14088,2313,6,16.5,2025-05-04 16:24
14089,1574,8,27.0,2025-02-16 04:16
14090,1451,22,5.5,2025-02-03 14:39
14091,1088,4,5.5,2025-06-22 04:47
14092,2199,21,4.5,2025-10-31 09:22
14093,1038,26,12.0,2025-09-24 12:57
14094,326,6,20.0,2025-08-27 02:55
14095,2275,22,10.0,2025-08-31 17:38
14096,671,16,24.5,2025-09-03 08:41
14097,1226,4,9.5,2025-09-07 18:26
14098,215,4,18.5,2025-11-23 09:46
14099,1209,12,13.0,2025-07-06 18:02
14100,356,3,30.5,2025-03-17 05:13
14101,299,23,14.5,2025-07-28 09:23
14102,1146,17,5.5,2025-03-28 15:17
14103,1530,23,4.5,2025-07-11 04:08
14104,2298,26,5.5,2025-11-29 00:45
14105,317,21,24.0,2025-10-19 01:41
14106,249,16,21.5,2025-05-03 15:55
14107,2012,1,14.0,2025-04-18 13:36
14108,599,26,14.5,2024-12-25 04:01
14109,1084,12,15.0,2025-04-06 09:00
14110,319,19,10.5,2025-03-26 11:23
14111,1004,3,28.0,2025-10-03 09:18
14112,378,14,19.5,2025-06-07 13:19
14113,1240,6,6.5,2025-09-21 00:30
14114,1129,3,11.0,2025-11-18 16:18
14115,359,19,25.5,2025-08-03 16:36
14116,1583,23,26.5,2025-07-04 18:30
14117,2273,24,24.5,2025-02-07 17:25
14118,1770,5,5.5,2025-09-12 04:31
14119,146,8,16.0,2025-08-28 08:44
14120,1167,26,31.5,2024-12-24 16:14
14121,1821,11,9.0,2025-10-18 17:24
14122,963,8,4.5,2025-08-05 16:46
14123,2201,10,29.0,2025-09-22 17:17
14124,696,7,17.0,2025-08-21 18:14
14125,1601,22,12.0,2025-12-01 23:50
14126,381,14,4.5,2025-01-01 20:33
14127,332,23,4.5,2025-08-05 21:43
14128,1095,24,12.0,2025-03-10 01:30
14129,511,6,26.5,2025-08-13 22:24
14130,1643,6,12.0,2025-06-10 22:59
14131,1893,12,19.5,2025-02-24 06:10
14132,207,18,21.0,2025-09-07 05:29
14133,2066,24,10.0,2025-01-18 11:24
14134,2205,6,20.5,2025-10-02 03:54
14135,333,1,14.5,2025-02-08 05:17
14136,1410,19,17.5,2024-12-13 14:44
14137,530,1,25.5,2025-02-14 06:45
14138,1021,8,17.0,2025-10-04 03:37
14139,1953,16,5.5,2025-05-07 15:29
14140,1103,23,11.5,2025-03-11 12:49
14141,1339,16,12.0,2025-10-22 18:51
14142,1706,5,15.0,2025-01-28 05:04
14143,1294,4,35.5,2025-07-04 14:11
14144,427,3,27.0,2025-09-19 15:42
14145,784,3,10.0,2025-11-27 00:00
14146,887,14,14.5,2025-03-17 22:41
14147,1277,4,11.5,2024-12-21 17:36
14148,1930,23,28.5,2025-11-27 00:52
14149,846,27,9.5,2025-07-19 16:51
14150,1368,22,6.5,2025-07-22 20:36
14151,975,16,5.0,2025-06-10 16:23
14152,419,15,37.5,2024-12-15 00:31
14153,146,25,14.0,2024-12-21 17:20
14154,2050,22,37.0,2025-07-31 13:43
14155,2295,23,21.0,2025-07-27 02:34
14156,1668,5,36.0,2025-08-30 01:49
14157,2110,5,21.0,2025-07-23 12:53
14158,1618,22,21.0,2025-03-05 07:07
14159,1831,14,11.5,2025-05-21 21:32
14160,1180,1,17.5,2025-08-19 23:26
14161,2258,19,10.5,2025-10-12 07:54
14162,622,11,32.5,2025-02-01 03:25
14163,2289,10,9.0,2025-03-02 17:57
14164,2156,20,19.5,2025-04-05 10:42
14165,535,8,12.0,2025-06-14 01:44
14166,490,24,15.0,2025-08-03 17:26
14167,265,13,31.0,2025-10-31 03:50
14168,1462,11,28.5,2025-07-04 00:46
14169,1994,3,4.5,2025-06-10 20:44
14170,1948,17,5.0,2025-03-01 18:06
14171,1602,26,5.5,2025-06-15 16:28
14172,351,22,6.5,2025-04-30 18:34
14173,804,25,36.5,2025-05-12 16:01
14174,335,1,13.0,2025-11-07 03:03
14175,2317,12,9.5,2025-11-20 06:44
14176,1616,20,10.5,2025-11-18 21:45
14177,2390,20,19.0,2025-11-14 22:59
14178,369,10,26.5,2025-09-03 15:50
14179,1611,22,12.0,2025-06-05 10:05
14180,422,24,29.0,2025-09-24 12:46
14181,188,16,20.0,2025-04-02 19:51
14182,2431,23,25.5,2025-02-12 20:37
14183,1954,24,29.5,2025-01-08 04:09
14184,863,8,25.5,2025-07-24 09:47
14185,537,13,10.5,2025-07-10 03:32
14186,1112,26,5.0,2025-05-14 11:21
14187,464,20,15.0,2025-10-30 23:35
14188,12,20,32.5,2025-09-10 22:19
14189,2446,15,24.0,2025-02-05 14:24
14190,49,27,14.5,2025-02-06 18:48
14191,1438,22,9.5,2025-06-30 19:14
14192,2256,17,22.0,2025-08-15 17:00
14193,573,16,14.5,2025-11-17 23:49
14194,1155,7,20.0,2024-12-29 05:20
14195,1004,18,30.0,2025-11-26 17:24
14196,724,4,9.5,2025-09-10 04:21
14197,2224,9,19.5,2025-01-07 23:57
14198,529,4,24.5,2025-03-21 20:48
14199,843,2,6.5,2025-01-20 19:58
14200,2006,17,4.5,2025-04-01 05:29
14201,477,2,31.5,2025-04-27 18:07
14202,847,21,25.0,2025-09-29 23:48
14203,2274,12,5.0,2025-09-13 14:30
14204,367,21,9.5,2025-05-15 02:59
14205,30,13,30.5,2025-04-24 01:01
14206,1437,5,14.0,2024-12-15 18:13
14207,1541,6,27.0,2025-02-07 11:00
14208,1204,20,5.0,2025-07-04 01:10
14209,57,17,21.0,2025-04-16 01:50
14210,766,25,24.5,2025-04-21 10:44
14211,1169,15,27.0,2025-08-07 11:51
14212,555,27,10.0,2025-09-30 07:04
14213,2069,6,9.5,2025-02-04 19:31
14214,597,2,32.0,2025-02-14 00:41
14215,1097,13,33.5,2025-01-03 18:48
14216,871,24,6.5,2025-11-15 01:25
14217,1422,26,16.0,2025-01-20 17:22
14218,1280,25,14.0,2025-05-24 18:57
14219,931,5,9.5,2025-05-11 08:47
14220,1197,12,29.0,2025-05-31 15:35
14221,1948,26,30.0,2025-05-06 07:43
14222,1456,10,5.0,2025-08-15 02:52
14223,93,27,32.0,2025-02-27 10:10
14224,1254,2,27.0,2025-06-08 04:55
14225,84,26,22.5,2025-04-29 10:42
14226,2273,9,28.0,2024-12-16 12:24
14227,1270,9,29.5,2025-07-16 00:13
14228,415,22,13.5,2025-07-09 16:21
14229,901,12,26.0,2025-06-14 03:38
14230,736,5,9.0,2025-10-11 20:55
14231,1819,12,31.5,2025-06-14 10:35
14232,72,25,30.5,2025-10-01 23:11
14233,2215,26,30.0,2025-08-07 17:26
14234,1131,27,26.5,2025-05-15 05:48
14235,875,8,4.5,2025-07-27 08:08
14236,986,27,36.0,2024-12-31 08:43
14237,2456,3,28.0,2025-07-08 12:15
14238,1669,6,30.5,2024-12-26 15:30
14239,2066,17,5.0,2025-10-07 20:49
14240,1909,25,14.0,2025-03-24 11:05
14241,217,4,14.5,2025-07-28 22:10
14242,432,21,9.5,2025-12-05 17:01
14243,1375,4,21.0,2025-11-04 15:24
14244,1690,26,30.5,2025-04-01 05:03
14245,2181,18,19.5,2025-09-14 16:52
14246,381,14,24.5,2025-05-21 21:50
14247,1424,9,17.5,2025-10-07 19:53
14248,705,1,15.0,2025-05-13 06:06
14249,1155,26,16.0,2025-05-02 17:37
14250,1308,3,19.0,2025-03-12 12:17
14251,1854,23,25.0,2025-04-22 23:41
14252,1830,27,35.5,2025-05-06 21:42
14253,1275,22,11.0,2025-04-23 05:46
14254,101,21,29.5,2025-09-24 05:22
14255,1310,20,37.5,2025-04-20 01:17
14256,476,17,28.0,2025-04-01 22:47
14257,1708,8,5.0,2025-01-25 03:58
14258,124,7,29.0,2025-03-24 20:27
14259,187,18,25.0,2025-11-17 06:51
14260,1032,20,25.0,2024-12-23 00:50
14261,762,8,35.0,2025-02-16 11:59
14262,2374,25,27.5,2025-09-19 01:35
14263,1561,27,15.5,2025-03-04 02:54
14264,710,15,9.5,2025-09-17 00:51
14265,1959,26,16.0,2025-03-20 04:14
14266,2239,13,24.0,2025-08-29 07:44
14267,2259,11,10.5,2025-02-04 23:54
14268,2480,17,10.0,2025-05-16 15:02
14269,1561,17,10.0,2025-12-06 09:19
14270,1000,16,31.0,2025-10-16 00:30
14271,274,3,20.5,2025-05-11 11:26
14272,1509,2,5.5,2025-04-08 18:16
14273,1099,3,20.5,2025-02-12 16:01
14274,1191,2,6.5,2025-10-25 09:41
14275,2340,22,13.5,2025-05-03 00:26
14276,403,13,9.5,2025-04-29 08:52
14277,337,12,11.0,2025-10-26 05:30
14278,428,10,22.0,2025-01-21 10:15
14279,477,20,25.0,2025-09-17 00:26
14280,294,9,9.5,2025-05-20 20:22
14281,1832,23,31.0,2025-04-10 11:48
14282,1516,18,9.5,2025-11-16 04:37
14283,626,18,21.0,2025-04-26 14:54
14284,1987,23,5.0,2024-12-17 05:17
14285,1224,1,5.5,2025-06-12 20:43
14286,1827,5,32.0,2025-02-03 02:25
14287,1658,5,14.0,2025-01-23 04:53
14288,2421,1,17.5,2024-12-19 00:02
14289,958,19,11.0,2025-06-22 22:12
14290,2441,18,5.0,2025-02-24 11:14
14291,124,1,11.0,2025-09-27 01:57
14292,2329,4,35.0,2025-07-12 23:35
14293,922,11,33.5,2025-09-06 15:36
14294,332,8,11.0,2025-03-14 18:45
14295,198,11,15.0,2025-02-26 23:12
14296,769,8,30.0,2025-05-05 05:39
14297,283,22,19.0,2025-07-15 21:43
14298,1779,6,36.0,2025-02-13 05:15
14299,2385,4,9.0,2025-01-09 04:04
14300,1611,22,35.0,2025-06-17 10:59
14301,15,1,27.0,2025-08-28 13:13
14302,2271,20,14.0,2025-10-31 12:43
14303,1081,17,15.5,2025-09-01 00:11
14304,1165,19,16.0,2025-05-18 16:51
14305,183,25,42.5,2025-10-11 09:16
14306,2000,7,29.5,2025-05-15 16:18
14307,1115,11,21.0,2024-12-11 15:34
14308,239,27,16.0,2024-12-25 08:46
14309,1729,17,24.5,2025-02-25 06:54
14310,1227,27,36.5,2025-02-06 01:05
14311,191,3,30.0,2025-11-13 03:46
14312,114,15,21.5,2025-06-25 06:51
14313,899,10,34.5,2025-05-26 00:55
14314,331,12,25.5,2025-04-25 16:30
14315,1857,6,26.0,2024-12-30 08:53
14316,1885,23,5.0,2025-03-21 12:19
14317,161,19,10.0,2025-09-10 12:48
14318,2314,9,28.5,2025-03-02 20:21
14319,1512,16,31.0,2025-02-27 08:15
14320,1369,3,5.5,2025-03-26 13:17
14321,1729,6,10.0,2025-01-02 02:50
14322,607,18,6.5,2024-12-18 23:59
14323,119,22,14.0,2025-05-21 14:05
14324,711,4,19.0,2025-09-19 16:25
14325,66,25,5.5,2025-03-29 03:32
14326,1888,2,17.5,2025-12-01 14:05
14327,357,17,9.5,2024-12-20 21:01
14328,1085,25,4.5,2025-01-04 14:27
14329,958,19,15.5,2025-06-07 06:35
14330,317,20,9.5,2025-10-15 17:35
14331,1734,15,21.5,2025-02-04 07:49
14332,382,18,31.0,2025-10-07 16:29
14333,1769,13,19.5,2025-02-28 15:23
14334,1563,16,24.0,2025-09-01 03:25
14335,1515,15,31.5,2025-07-28 02:05
14336,1988,16,24.5,2025-05-27 10:52
14337,612,18,5.0,2025-05-30 04:29
14338,2162,17,31.0,2025-02-27 19:56
14339,1230,11,36.0,2025-01-18 05:09
14340,532,27,9.0,2025-11-25 14:03
14341,1385,27,15.0,2025-10-21 13:39
14342,324,20,30.5,2025-08-07 11:22
14343,23,15,25.0,2025-08-29 00:06
14344,1888,26,15.0,2025-11-12 13:49
14345,1739,19,24.5,2025-08-24 02:14
14346,1110,7,9.5,2025-10-23 07:19
14347,1556,9,9.0,2025-08-30 21:55
14348,2019,27,22.5,2024-12-21 06:27
14349,908,7,5.0,2025-09-18 22:54
14350,2485,6,14.5,2025-04-03 10:00
14351,538,6,24.0,2025-10-12 04:24
14352,2138,19,27.0,2025-11-20 21:54
14353,1042,8,15.0,2025-06-02 18:18
14354,1578,8,26.0,2025-03-04 18:47
14355,1924,23,11.0,2025-07-25 02:02
14356,56,16,19.5,2025-06-10 14:02
14357,2480,10,11.0,2025-08-13 18:40
14358,1474,20,11.0,2025-07-03 20:01
14359,2164,4,9.5,2025-06-25 22:20
14360,983,20,22.5,2025-11-01 18:31
14361,1690,12,20.5,2025-01-25 08:42
14362,1984,22,19.5,2025-02-23 05:48
14363,2143,27,20.0,2025-09-03 20:21
14364,949,15,20.0,2025-05-05 01:13
14365,1254,17,9.5,2025-08-14 20:13
14366,1965,26,16.0,2025-05-18 05:12
14367,1920,9,28.5,2025-12-04 11:11
14368,815,7,5.0,2025-06-14 07:37
14369,19,5,37.0,2025-07-02 20:26
14370,75,7,22.5,2025-06-24 23:36
14371,2461,14,24.5,2025-03-18 03:28
14372,774,4,5.0,2025-02-08 14:57
14373,439,21,28.0,2025-07-11 17:51
14374,1848,19,19.0,2025-10-02 09:17
14375,1208,14,22.5,2025-03-16 05:55
14376,858,8,9.5,2025-11-19 10:39
14377,1755,22,15.0,2025-12-06 23:27
14378,1561,26,28.5,2025-02-11 01:47
14379,1736,12,4.5,2025-02-07 00:28
14380,2443,13,27.5,2025-05-03 03:30
14381,545,6,11.0,2025-08-24 02:45
14382,1437,25,28.5,2025-09-13 02:01
14383,1044,9,21.0,2025-01-09 00:18
14384,334,17,9.0,2025-11-11 11:51
14385,2396,22,5.5,2024-12-14 12:43
14386,1825,7,18.0,2025-11-03 00:46
14387,665,15,21.0,2025-10-06 17:19
14388,787,13,16.0,2025-10-28 09:14
14389,2394,12,32.0,2025-08-12 10:39
14390,635,1,9.5,2025-03-10 09:48
14391,708,1,21.5,2025-04-25 17:01
14392,1862,13,11.0,2025-02-18 19:43
14393,1604,18,9.0,2025-11-23 09:32
14394,2192,23,20.5,2025-07-26 09:57
14395,2416,24,4.5,2025-09-26 12:06
14396,872,24,20.5,2025-08-07 18:39
14397,1319,24,20.5,2025-02-11 18:07
14398,1163,18,18.5,2025-12-01 11:00
14399,2422,1,14.5,2025-09-06 18:51
14400,1928,14,21.5,2025-03-30 06:11
14401,658,3,20.0,2025-11-29 08:29
14402,2196,14,16.5,2025-08-04 22:55
14403,1251,14,6.5,2025-10-26 04:00
14404,2414,1,13.0,2025-02-08 01:34
14405,406,27,29.5,2025-02-20 15:36
14406,904,9,26.5,2025-08-10 22:41
14407,1064,22,6.5,2025-08-22 15:32
14408,1894,3,5.0,2025-11-25 00:42
14409,2226,16,31.0,2025-09-06 08:40
14410,1987,14,9.5,2025-02-09 22:47
14411,805,19,34.5,2025-11-20 07:30
14412,405,13,22.0,2025-12-07 00:21
14413,159,14,29.0,2024-12-28 22:54
14414,2244,18,5.0,2025-07-28 04:47
14415,738,16,28.0,2024-12-17 12:16
14416,1504,25,24.0,2025-06-19 08:07
14417,500,4,11.5,2025-02-07 00:30
14418,1790,14,9.5,2024-12-29 09:52
14419,2238,16,21.0,2025-07-28 12:15
14420,1382,8,15.0,2025-02-21 01:15
14421,2036,8,29.5,2025-02-18 13:50
14422,1058,2,5.5,2025-06-10 19:59
14423,455,23,31.0,2024-12-27 16:03
14424,1672,20,24.5,2025-05-14 19:21
14425,1214,24,21.0,2025-07-15 01:17
14426,754,23,14.0,2025-07-17 12:02
14427,2367,17,27.5,2025-07-24 19:39
14428,579,21,5.5,2025-05-14 01:07
14429,529,16,5.5,2025-05-17 06:58
14430,555,26,32.0,2025-05-18 15:58
14431,793,7,10.0,2025-05-07 09:07
14432,1733,12,6.5,2025-09-14 22:32
14433,510,4,27.5,2025-03-29 01:46
14434,1180,9,5.5,2025-03-05 20:27
14435,679,8,24.5,2025-05-23 10:04
14436,166,12,30.5,2025-06-13 12:45
14437,1231,18,29.5,2025-04-22 23:06
14438,1585,13,32.0,2025-06-04 05:05
14439,358,14,25.5,2025-02-16 14:48
14440,2063,15,4.5,2025-03-13 10:32
14441,27,25,9.5,2025-02-04 20:24
14442,893,3,10.0,2025-08-21 02:17
14443,888,22,6.5,2025-09-24 05:21
14444,77,23,4.5,2025-10-13 09:03
14445,1678,17,4.5,2024-12-22 04:37
14446,267,6,20.5,2025-05-03 09:30
14447,1762,16,31.5,2025-10-02 11:04
14448,733,3,12.0,2025-04-16 11:03
14449,197,18,19.0,2025-01-24 09:57
14450,521,13,9.5,2025-07-07 04:06
14451,1158,8,9.5,2025-02-25 07:20
14452,429,23,5.5,2025-11-14 11:55
14453,1071,21,14.5,2025-08-18 09:11
14454,934,19,20.0,2025-01-26 03:40
14455,468,2,35.5,2025-06-08 12:35
14456,1958,9,16.0,2025-09-30 01:11
14457,1036,9,5.5,2025-10-06 12:03
14458,983,17,40.5,2025-05-15 19:30
14459,519,2,9.5,2025-06-19 07:48
14460,620,18,21.5,2025-09-18 07:36
14461,2178,18,29.5,2025-11-05 12:15
14462,1122,13,10.5,2025-09-29 10:07
14463,507,27,33.0,2025-02-15 04:44
14464,1081,3,22.5,2025-05-27 23:28
14465,151,9,14.5,2025-02-25 19:35
14466,557,19,25.5,2025-11-04 19:31
14467,1850,27,25.5,2025-02-05 09:01
14468,1175,19,19.5,2025-01-25 02:55
14469,875,25,36.5,2025-03-27 10:24
14470,2012,9,15.5,2025-09-06 00:40
14471,601,18,13.0,2025-05-01 19:45
14472,1165,15,32.0,2025-06-22 05:04
14473,1200,25,36.5,2025-05-27 15:53
14474,71,9,15.0,2025-01-20 05:49
14475,555,2,29.0,2025-07-05 03:47
14476,2176,5,21.0,2025-04-10 18:28
14477,2454,27,15.5,2025-01-10 13:40
14478,125,26,5.5,2025-09-08 07:40
14479,726,20,20.5,2025-11-06 09:59
14480,737,13,22.5,2025-02-24 22:15
14481,1263,4,33.0,2025-02-11 16:46
14482,1122,13,5.0,2025-08-08 06:39
14483,1669,25,21.0,2025-09-30 17:28
14484,192,13,24.5,2025-04-12 06:37
14485,2019,22,28.0,2025-06-06 05:50
14486,302,8,9.5,2025-08-21 04:20
14487,666,2,20.5,2025-08-07 17:33
14488,761,24,26.0,2025-07-03 18:24
14489,726,14,28.5,2025-11-12 08:13
14490,2474,26,14.5,2025-01-06 17:53
14491,237,6,20.0,2025-07-02 20:49
14492,336,1,14.0,2024-12-28 10:20
14493,300,7,12.0,2025-11-11 15:16
14494,1123,20,25.5,2025-06-10 13:29
14495,727,8,34.5,2025-10-05 14:30
14496,1738,9,23.5,2025-07-18 01:15
14497,1923,2,22.5,2025-10-02 17:16
14498,402,4,17.5,2024-12-29 04:21
14499,718,7,20.5,2025-03-26 16:53
14500,202,1,31.0,2025-08-12 22:12
14501,2159,13,39.5,2025-11-21 14:16
14502,1264,19,24.0,2024-12-10 07:31
14503,1628,15,18.5,2025-03-04 18:29
14504,2097,23,5.0,2025-09-04 06:33
14505,1777,20,29.5,2025-08-29 08:48
14506,356,1,20.5,2025-04-18 09:43
14507,357,18,23.0,2025-02-14 04:59
14508,1634,21,15.0,2025-09-25 13:01
14509,853,3,30.0,2025-04-27 05:49
14510,512,19,33.5,2024-12-26 00:32
14511,1273,12,10.0,2025-02-08 18:30
14512,1291,3,15.0,2025-07-16 20:11
14513,86,27,10.5,2025-01-19 02:19
14514,1298,27,26.0,2025-03-01 10:35
14515,2384,1,14.0,2025-06-05 22:11
14516,114,14,9.5,2025-12-02 05:57
14517,2446,22,5.0,2025-11-30 05:39
14518,1596,27,19.5,2025-03-08 02:41
14519,884,22,24.5,2025-02-27 17:19
14520,1957,18,36.5,2025-08-22 20:00
14521,818,25,25.5,2025-05-17 16:21
14522,2256,25,20.0,2025-03-26 02:54
14523,1324,27,5.0,2025-01-05 07:49
14524,1582,1,14.0,2025-01-14 21:38
14525,444,11,10.0,2025-01-12 22:50
14526,1164,2,9.5,2025-01-08 07:30
14527,778,9,31.5,2025-01-27 19:42
14528,1413,1,29.5,2025-08-07 19:08
14529,1317,12,6.5,2024-12-14 17:30
14530,626,3,21.0,2025-11-23 20:30
14531,1609,9,20.0,2025-01-03 18:41
14532,11,22,14.5,2025-05-11 12:03
14533,1118,19,19.0,2025-06-05 21:36
14534,1957,8,11.0,2025-08-20 22:23
14535,359,26,28.5,2025-04-13 04:35
14536,206,18,25.0,2025-02-16 07:11
14537,2147,27,16.0,2025-06-24 10:39
14538,1947,26,26.0,2024-12-11 09:54
14539,1521,16,31.0,2025-03-10 16:58
14540,446,6,21.0,2025-01-16 17:40
14541,1113,1,26.5,2025-01-08 17:24
14542,2181,15,31.0,2025-03-12 23:53
14543,1153,1,26.5,2025-04-12 20:59
14544,2380,5,24.5,2025-02-26 00:00
14545,1313,4,29.0,2025-03-07 05:09
14546,1920,9,11.0,2025-04-17 12:58
14547,1176,26,27.0,2025-06-23 07:07
14548,1989,4,29.0,2025-09-30 15:12
14549,133,6,19.5,2025-06-28 11:11
14550,1518,13,26.0,2025-01-05 08:59
14551,69,11,20.5,2025-09-11 03:43
14552,1705,21,14.5,2025-06-15 12:17
14553,1342,23,20.0,2025-10-08 03:15
14554,156,18,6.5,2025-12-02 17:50
14555,47,17,30.5,2025-08-30 14:47
14556,2049,26,6.5,2025-07-17 07:28
14557,802,2,25.5,2025-07-28 07:02
14558,366,21,29.5,2025-04-26 03:39
14559,202,27,17.0,2025-11-08 20:38
14560,1277,26,30.5,2025-02-26 13:41
14561,2009,12,19.0,2025-04-07 16:45
14562,543,2,5.5,2025-07-13 10:50
14563,1458,8,21.5,2025-07-23 19:39
14564,2246,2,4.5,2025-05-08 08:28
14565,1923,8,6.5,2025-03-12 03:47
14566,502,2,6.5,2025-04-16 10:53
14567,2469,13,10.0,2025-10-14 00:00
14568,1626,25,24.0,2025-10-03 03:44
14569,2197,23,14.0,2025-03-08 02:54
14570,1660,26,17.5,2025-12-05 03:48
14571,185,1,5.0,2025-03-18 13:13
14572,861,7,29.5,2025-03-29 08:39
14573,214,7,20.5,2025-06-22 20:10
14574,231,27,14.5,2025-04-07 18:51
14575,425,19,16.5,2025-08-25 01:04
14576,2102,11,28.0,2025-06-17 01:26
14577,796,15,15.0,2025-08-10 20:35
14578,879,9,31.5,2025-04-29 13:19
14579,1177,25,25.0,2025-05-30 05:32
14580,717,4,19.5,2025-07-23 04:46
14581,1734,23,5.0,2025-09-11 07:15
14582,744,15,9.5,2025-06-28 04:51
14583,740,11,36.5,2025-03-09 19:14
14584,375,15,33.5,2025-04-12 01:48
14585,1303,17,9.0,2025-02-02 06:57
14586,712,22,11.0,2025-08-16 16:12
14587,2319,23,24.0,2024-12-15 16:09
14588,209,1,10.0,2025-08-25 01:04
14589,1284,8,13.0,2025-11-15 23:38
14590,1308,2,4.5,2025-07-08 08:28
14591,1428,15,14.5,2025-07-12 02:35
14592,18,7,6.5,2025-02-09 06:04
14593,142,7,17.0,2025-09-08 20:36
14594,2273,16,33.0,2025-07-30 22:52
14595,1954,7,16.0,2025-03-17 08:26
14596,2317,10,21.0,2025-08-11 03:45
14597,1190,25,29.0,2025-08-01 06:14
14598,2364,27,39.0,2025-03-29 12:40
14599,458,18,15.0,2025-05-09 11:38
14600,621,11,35.0,2025-05-20 18:54
14601,999,21,6.5,2025-10-30 11:31
14602,1449,24,29.0,2025-11-09 15:22
14603,1897,18,26.0,2024-12-31 06:08
14604,739,15,28.0,2025-01-21 18:04
14605,1226,20,19.5,2025-09-27 11:04
14606,708,3,30.5,2025-05-21 15:27
14607,1281,18,11.0,2025-06-30 12:51
14608,826,19,15.0,2025-09-04 01:58
14609,2258,14,32.0,2025-05-06 02:05
14610,659,3,14.0,2025-01-12 06:46
14611,464,17,28.5,2025-05-14 01:14
14612,1792,25,25.5,2025-06-30 12:07
14613,276,17,21.0,2025-01-18 08:58
14614,1236,5,24.0,2025-02-13 02:43
14615,2133,22,9.5,2025-08-15 04:37
14616,1644,9,5.5,2025-09-13 03:45
14617,357,2,9.5,2025-09-07 01:43
14618,174,11,18.5,2025-10-12 20:34
14619,146,23,16.0,2025-10-24 07:37
14620,419,25,16.5,2025-06-07 20:31
14621,1628,26,16.0,2025-03-31 06:24
14622,1969,4,15.0,2025-05-21 02:54
14623,2282,4,13.0,2025-08-03 14:52
14624,2077,8,24.5,2025-12-04 20:33
14625,802,14,14.5,2025-11-28 17:55
14626,1466,22,33.0,2025-10-07 08:55
14627,1203,18,14.5,2025-07-24 18:26
14628,2126,2,10.0,2025-11-15 18:25
14629,1172,14,35.5,2025-05-14 14:35
14630,217,7,30.0,2025-01-15 02:27
14631,85,25,16.0,2025-04-30 14:18
14632,116,21,19.0,2025-01-19 22:29
14633,268,26,26.0,2025-06-05 20:46
14634,250,17,19.0,2025-09-27 11:50
14635,1504,17,31.0,2025-06-03 18:47
14636,458,12,15.5,2025-05-12 21:05
14637,2043,11,24.5,2025-04-15 16:38
14638,1171,3,34.0,2025-05-23 17:14
14639,2138,20,31.0,2025-06-05 18:21
14640,1918,11,6.5,2025-01-10 21:29
14641,2406,22,15.0,2025-05-11 17:31
14642,1157,13,25.5,2025-06-18 14:39
14643,992,4,18.5,2025-10-25 05:41
14644,1154,2,30.0,2025-10-07 06:03
14645,255,27,37.0,2025-06-20 17:15
14646,659,22,28.0,2025-08-10 07:41
14647,997,10,41.5,2025-07-06 11:25
14648,752,4,10.0,2025-10-03 11:00
14649,2228,3,26.5,2025-09-29 22:06
14650,1249,27,25.0,2025-06-19 16:53
14651,1533,1,32.0,2025-06-09 01:39
14652,732,2,6.5,2025-10-07 00:59
14653,1588,4,15.0,2025-06-18 07:05
14654,1730,2,12.0,2025-11-23 10:43
14655,1142,23,30.0,2025-03-03 17:12
14656,550,15,11.5,2025-05-30 12:10
14657,290,26,21.5,2025-09-05 06:33
14658,988,27,9.5,2025-09-25 10:11
14659,372,18,6.5,2025-01-05 18:03
14660,1663,21,4.5,2025-02-18 15:39
14661,386,16,16.0,2025-09-28 16:04
14662,961,27,4.5,2025-01-05 04:50
14663,750,1,21.5,2025-04-10 03:15
14664,2048,15,11.5,2025-08-24 02:25
14665,762,18,18.5,2025-08-12 10:53
14666,377,4,6.5,2025-12-04 02:22
14667,602,15,19.5,2025-08-19 12:05
14668,2092,14,33.5,2025-01-11 15:04
14669,65,7,9.5,2025-11-17 22:05
14670,532,2,30.0,2025-11-18 13:52
14671,63,21,19.5,2025-04-27 22:00
14672,1876,25,21.5,2025-02-21 02:17
14673,248,7,24.0,2025-08-22 08:24
14674,1904,5,19.0,2025-08-11 06:24
14675,27,17,17.0,2025-10-10 20:23
14676,1371,5,25.5,2025-08-27 16:24
14677,1272,10,32.0,2025-06-06 18:32
14678,2291,10,10.5,2025-01-24 00:06
14679,2298,18,33.0,2025-05-23 02:52
14680,1745,25,18.5,2025-09-28 03:29
14681,1888,26,35.0,2025-04-25 04:37
14682,2365,9,5.0,2025-09-15 18:31
14683,2427,17,19.5,2025-08-09 04:09
14684,1570,6,11.0,2025-03-20 15:28
14685,357,9,5.0,2025-09-20 00:42
14686,980,16,9.5,2025-05-01 13:58
14687,1045,10,11.0,2024-12-21 15:14
14688,2398,13,14.5,2025-01-29 21:02
14689,783,23,20.0,2025-07-25 23:45
14690,2226,20,19.0,2025-09-30 12:53
14691,626,17,22.5,2025-08-18 21:20
14692,1531,22,6.5,2025-03-09 00:25
14693,2316,9,35.5,2025-03-14 01:43
14694,2357,9,5.0,2025-02-23 23:37
14695,735,17,31.0,2025-02-26 01:31
14696,836,1,25.5,2025-04-02 21:12
14697,2263,2,28.5,2025-03-30 18:09
14698,1801,20,23.0,2024-12-13 03:09
14699,1446,18,15.5,2025-06-13 01:43
14700,2032,19,9.5,2025-10-15 10:51
14701,2060,16,29.0,2025-09-19 09:08
14702,2250,18,34.5,2025-03-01 13:26
14703,2493,17,36.0,2025-07-04 22:02
14704,1534,21,9.5,2025-03-24 07:18
14705,966,2,19.5,2025-03-13 03:05
14706,1464,12,34.5,2025-05-31 13:01
14707,2254,1,4.5,2025-01-04 21:14
14708,704,27,25.5,2025-12-02 14:50
14709,2106,1,35.5,2025-07-26 11:57
14710,2197,11,9.5,2025-08-08 19:18
14711,107,10,25.5,2025-02-23 17:09
14712,866,8,11.0,2025-06-01 19:24
14713,370,18,21.0,2025-07-07 17:01
14714,626,27,30.0,2025-03-11 22:33
14715,1490,8,33.5,2025-03-27 18:36
14716,314,8,16.5,2025-09-22 11:52
14717,1217,22,14.5,2024-12-16 11:23
14718,350,15,30.0,2025-11-27 11:30
14719,424,12,5.0,2025-03-17 03:41
14720,247,12,9.5,2025-06-23 09:15
14721,1248,25,4.5,2025-03-15 11:27
14722,1419,10,13.0,2025-01-05 02:19
14723,2255,18,19.5,2024-12-31 22:23
14724,2027,5,25.5,2025-06-15 02:00
14725,182,23,4.5,2025-01-29 23:12
14726,928,10,10.5,2025-03-20 18:32
14727,1927,1,20.5,2025-09-19 22:13
14728,565,26,34.5,2024-12-11 23:39
14729,270,20,36.0,2025-02-24 02:25
14730,1145,16,22.0,2025-10-09 17:30
14731,1227,15,36.0,2025-05-22 06:12
14732,659,14,23.0,2025-04-07 04:00
14733,502,15,21.0,2025-05-08 15:31
14734,1976,2,16.0,2025-07-25 03:09
14735,1512,23,24.0,2024-12-23 04:15
14736,1372,27,14.5,2024-12-29 15:35
14737,2041,2,16.0,2025-03-17 15:51
14738,513,3,25.5,2025-07-03 00:12
14739,762,19,26.0,2025-08-20 09:35
14740,726,20,11.0,2025-09-06 23:30
14741,1927,3,9.5,2025-05-29 01:18
14742,2370,6,9.5,2025-04-12 08:23
14743,182,25,19.0,2024-12-09 01:34
14744,13,1,14.5,2025-10-26 18:23
14745,2007,7,16.0,2025-05-30 14:39
14746,1819,23,4.5,2025-11-27 05:41
14747,897,1,25.5,2025-10-02 22:30
14748,1533,18,11.5,2025-05-25 17:05
14749,2141,22,20.0,2025-04-30 01:45
14750,618,14,4.5,2025-09-04 07:17
14751,120,7,26.0,2025-10-26 13:28
14752,1306,6,10.0,2025-11-05 04:24
14753,1835,26,5.5,2025-09-09 10:12
14754,876,15,10.5,2025-06-01 22:58
14755,941,8,5.5,2025-02-28 22:31
14756,864,27,27.5,2025-10-18 00:01
14757,119,13,10.0,2025-05-04 05:53
14758,1848,18,6.5,2025-10-19 10:42
14759,1921,26,20.5,2025-10-06 06:32
14760,2163,4,35.5,2025-07-30 02:49
14761,2247,3,19.5,2025-04-04 16:30
14762,1442,17,17.5,2025-06-14 00:47
14763,1060,24,17.5,2025-09-29 10:57
14764,998,26,18.5,2025-08-10 02:56
14765,2346,11,21.0,2025-02-22 19:17
14766,2357,23,35.5,2025-09-03 19:54
14767,1269,12,16.0,2025-06-14 02:26
14768,638,14,6.5,2025-05-23 09:44
14769,1180,4,10.0,2025-05-24 03:01
14770,2446,7,16.0,2025-02-06 17:25
14771,1538,2,4.5,2025-03-15 15:00
14772,596,2,17.0,2025-02-15 22:30
14773,1682,15,20.0,2025-03-23 14:14
14774,2062,1,30.5,2025-11-25 04:11
14775,2005,9,29.0,2025-05-20 18:12
14776,1313,3,5.0,2025-06-18 10:57
14777,114,23,26.0,2025-07-16 02:40
14778,668,17,9.5,2025-02-05 00:06
14779,2337,18,24.0,2025-05-20 09:27
14780,1316,5,10.0,2025-06-04 20:48
14781,483,10,29.0,2025-04-25 15:44
14782,2003,2,12.0,2025-09-15 08:19
14783,1019,7,6.5,2025-09-18 11:58
14784,1735,15,6.5,2025-06-08 23:36
14785,1,10,4.5,2024-12-11 04:04
14786,108,14,21.0,2025-03-23 12:38
14787,732,9,14.5,2025-10-05 07:40
14788,1330,15,16.5,2024-12-22 12:29
14789,1907,13,40.0,2025-08-31 20:07
14790,1432,9,20.0,2025-06-29 08:39
14791,511,4,6.5,2025-04-27 04:03
14792,83,7,28.0,2025-11-30 13:36
14793,446,14,14.0,2025-01-23 16:47
14794,2310,11,26.5,2025-04-06 06:20
14795,302,22,21.0,2025-12-02 19:56
14796,1917,27,6.5,2025-06-21 11:57
14797,456,10,30.0,2025-01-16 15:56
14798,343,19,22.5,2025-03-11 23:28
14799,918,27,30.0,2025-01-12 08:24
14800,1693,9,5.0,2024-12-25 07:15
14801,783,1,29.0,2025-05-24 14:34
14802,1187,8,25.5,2025-11-12 19:29
14803,2132,25,16.5,2025-04-07 14:05
14804,327,17,13.0,2025-05-09 19:07
14805,366,5,11.5,2025-07-03 17:26
14806,2074,16,11.5,2025-01-09 19:34
14807,1750,22,12.0,2025-03-28 05:57
14808,2399,25,11.0,2025-03-19 22:19
14809,1115,5,24.0,2025-05-24 06:36
14810,929,2,32.5,2025-08-07 20:32
14811,1104,19,22.0,2025-05-17 13:13
14812,2285,22,4.5,2025-06-07 13:30
14813,435,10,26.5,2025-06-18 10:43
14814,1207,19,25.5,2025-05-28 22:30
14815,1606,24,14.0,2025-11-18 03:23
14816,1406,20,22.5,2025-10-11 16:55
14817,1591,19,16.0,2025-04-13 02:00
14818,1303,15,19.0,2025-09-30 05:18
14819,104,22,15.0,2025-10-30 10:26
14820,384,18,10.0,2025-07-23 03:49
14821,130,26,14.0,2025-10-15 12:51
14822,1986,5,11.5,2025-02-25 04:17
14823,1701,10,16.5,2025-09-04 04:24
14824,1942,20,24.5,2025-02-03 11:59
14825,549,7,9.5,2025-07-19 10:50
14826,687,7,19.5,2025-06-25 03:52
14827,1885,25,23.5,2025-09-22 17:18
14828,123,11,16.5,2025-01-09 11:55
14829,668,25,6.5,2025-07-11 09:44
14830,440,5,24.0,2025-06-18 19:25
14831,2457,19,16.5,2025-02-14 11:22
14832,452,13,4.5,2025-08-10 18:45
14833,2204,17,25.0,2025-01-21 00:56
14834,1133,24,32.5,2025-08-29 06:13
14835,1503,15,31.5,2025-02-09 09:57
14836,1444,2,30.5,2025-01-28 20:52
14837,1568,12,5.0,2025-08-28 18:13
14838,1185,1,21.5,2025-05-25 12:19
14839,181,6,26.0,2024-12-08 02:31
14840,854,11,31.0,2025-08-23 03:14
14841,395,14,23.0,2025-10-19 18:58
14842,172,20,20.0,2025-10-15 02:53
14843,1293,20,27.5,2025-03-12 04:47
14844,778,10,11.0,2024-12-20 23:11
14845,771,5,21.5,2025-04-24 00:45
14846,1454,19,21.0,2025-08-09 00:16
14847,1555,15,5.5,2025-03-01 03:13
14848,95,20,22.5,2025-09-09 11:20
14849,2070,10,20.5,2025-02-17 19:00
14850,396,27,5.5,2025-03-16 04:55
14851,1869,16,20.5,2024-12-25 04:04
14852,2069,5,19.0,2025-06-22 20:50
14853,876,25,15.5,2025-06-19 10:42
14854,2244,22,14.5,2025-09-16 08:22
14855,1592,22,10.0,2025-01-22 22:27
14856,385,1,15.0,2025-10-02 11:38
14857,917,11,29.5,2025-11-13 07:10
14858,1733,3,5.0,2025-07-06 06:35
14859,1985,5,14.0,2025-08-16 06:47
14860,756,27,4.5,2025-03-25 13:38
14861,960,23,25.5,2025-07-26 17:47
14862,2000,17,5.5,2024-12-22 00:45
14863,764,7,33.5,2025-06-09 05:17
14864,1855,13,23.0,2025-08-11 01:49
14865,2198,27,26.5,2025-01-24 04:48
14866,1027,15,6.5,2025-05-24 13:04
14867,1809,13,26.5,2025-08-04 22:19
14868,1282,22,6.5,2025-03-02 20:10
14869,2078,4,14.5,2025-09-15 00:11
14870,1142,4,27.0,2025-01-26 22:52
14871,380,6,35.0,2025-08-11 01:21
14872,26,15,30.0,2025-08-14 21:19
14873,1047,23,26.0,2025-09-27 20:38
14874,297,27,25.0,2025-03-04 05:24
14875,1608,9,26.0,2025-10-23 14:05
14876,537,3,19.0,2025-07-30 20:48
14877,184,13,5.5,2025-07-29 07:05
14878,801,23,4.5,2025-09-21 14:23
14879,2068,18,15.0,2025-11-12 08:29
14880,2016,14,27.0,2025-11-24 01:27
14881,266,16,12.0,2025-06-30 08:13
14882,936,5,5.5,2025-10-25 07:12
14883,655,7,25.5,2025-07-01 09:18
14884,1324,6,5.0,2025-01-05 14:37
14885,1685,11,31.5,2025-01-27 06:15
14886,706,27,15.5,2025-05-12 03:04
14887,2463,14,9.5,2025-05-14 07:28
14888,2138,25,24.0,2024-12-29 11:04
14889,189,1,35.5,2025-04-16 08:10
14890,1140,18,5.5,2025-07-15 02:06
14891,498,19,10.0,2025-06-21 11:24
14892,1471,21,35.5,2025-10-31 09:42
14893,2327,20,11.0,2025-11-21 03:36
14894,108,2,30.0,2025-05-20 01:58
14895,1737,14,29.5,2025-01-27 11:04
14896,2266,14,34.5,2025-02-16 07:28
14897,2200,9,11.0,2025-10-05 06:35
14898,1591,14,9.5,2025-03-14 02:25
14899,1686,3,9.5,2025-06-30 10:07
14900,2345,20,16.0,2025-05-25 01:52
14901,377,12,28.0,2025-01-22 09:16
14902,989,24,9.0,2025-03-22 06:44
14903,413,5,21.0,2025-04-27 00:08
14904,356,16,15.5,2025-11-27 16:38
14905,1340,15,12.0,2025-09-06 12:17
14906,336,14,25.5,2025-05-29 09:40
14907,2272,26,18.0,2025-02-14 15:04
14908,2384,16,33.5,2025-08-28 21:05
14909,165,2,16.5,2025-01-14 14:17
14910,561,14,9.5,2025-09-01 11:04
14911,1925,7,9.5,2025-01-09 06:48
14912,1589,19,6.5,2025-02-21 13:10
14913,2389,11,5.5,2025-12-05 20:32
14914,2001,2,28.0,2025-11-24 07:38
14915,35,6,4.5,2025-08-24 04:09
14916,970,22,15.0,2025-03-31 21:29
14917,552,4,20.0,2025-05-11 07:20
14918,492,21,26.0,2025-07-24 16:37
14919,344,2,9.5,2025-12-01 02:47
14920,1453,15,32.0,2024-12-11 00:58
14921,158,27,19.0,2025-09-28 10:42
14922,1345,11,15.5,2025-08-27 20:58
14923,728,25,9.5,2025-04-21 22:06
14924,2153,2,27.0,2025-07-25 20:58
14925,1058,9,15.5,2025-01-03 17:40
14926,1909,12,31.0,2025-06-02 17:40
14927,540,26,17.5,2025-08-18 02:59
14928,2426,6,4.5,2025-11-10 12:26
14929,901,24,27.0,2025-09-14 20:04
14930,1901,7,16.5,2025-05-01 01:53
14931,832,3,5.0,2025-01-09 05:14
14932,1832,14,25.0,2025-02-02 07:44
14933,410,27,20.5,2025-04-03 13:37
14934,1892,25,14.5,2024-12-15 04:01
14935,202,7,32.5,2025-05-08 10:38
14936,1839,2,19.5,2025-10-16 17:53
14937,1647,13,14.5,2025-10-16 13:02
14938,1354,17,14.5,2024-12-12 06:42
14939,212,4,23.5,2025-02-07 07:02
14940,1530,19,5.0,2025-09-18 04:42
14941,2140,13,26.0,2025-02-16 09:33
14942,1459,16,31.0,2025-10-13 13:58
14943,605,22,12.0,2025-07-15 04:10
14944,1065,5,16.5,2024-12-31 08:38
14945,1635,7,4.5,2025-02-20 06:06
14946,485,19,24.5,2025-09-05 06:24
14947,168,25,28.5,2025-03-31 23:17
14948,1743,19,22.0,2025-02-03 02:39
14949,998,19,24.5,2025-01-20 09:23
14950,1511,1,19.5,2025-02-03 06:26
14951,215,25,29.0,2025-02-18 00:16
14952,1147,24,9.5,2025-07-01 18:12
14953,170,6,13.5,2025-01-12 13:03
14954,1819,24,21.0,2025-02-12 10:47
14955,434,16,5.0,2025-07-06 18:45
14956,853,19,33.5,2025-07-09 11:06
14957,2140,18,31.0,2025-08-19 21:35
14958,583,7,9.5,2025-02-01 20:07
14959,1035,18,4.5,2025-05-14 05:08
14960,328,14,10.0,2024-12-08 00:32
14961,550,4,17.5,2025-11-24 06:46
14962,10,20,39.5,2024-12-29 12:51
14963,2497,25,18.5,2025-11-24 18:17
14964,2349,8,32.0,2025-04-30 13:00
14965,2157,19,25.0,2025-07-28 05:15
14966,1204,21,19.5,2025-03-30 13:20
14967,26,5,6.5,2025-11-16 20:28
14968,1926,11,10.0,2025-06-17 07:43
14969,1944,13,34.0,2025-06-08 14:00
14970,2324,1,4.5,2025-11-22 05:31
14971,2165,19,22.5,2025-09-13 05:51
14972,750,5,5.0,2025-12-03 23:49
14973,1850,14,19.5,2024-12-29 23:06
14974,1076,16,5.5,2024-12-10 20:53
14975,49,10,34.0,2025-07-23 14:36
14976,2026,2,25.5,2025-06-08 22:54
14977,2,21,9.5,2025-03-24 08:05
14978,945,20,19.0,2025-07-31 13:32
14979,2042,10,9.5,2025-04-23 19:03
14980,1669,1,31.5,2025-06-06 19:44
14981,1495,12,19.0,2025-04-29 12:42
14982,1823,10,5.0,2025-12-02 22:05
14983,2373,13,17.5,2025-10-13 07:59
14984,1714,17,32.0,2025-06-23 07:53
14985,1748,5,31.0,2025-09-26 10:22
14986,703,20,14.0,2025-06-19 01:36
14987,223,10,15.5,2025-11-08 16:19
14988,1571,8,36.0,2025-10-17 18:09
14989,1145,9,15.0,2025-05-25 04:40
14990,363,11,27.5,2025-03-28 09:13
14991,402,19,9.5,2024-12-19 23:01
14992,32,11,37.0,2025-03-06 22:10
14993,1967,19,28.5,2025-12-04 17:21
14994,1686,10,24.5,2025-06-08 05:33
14995,464,12,19.0,2025-06-09 04:15
14996,1936,24,33.5,2025-05-08 08:47
14997,1796,5,5.0,2025-05-25 17:58
14998,1404,11,16.0,2025-01-05 10:53
14999,2200,15,24.0,2025-06-27 14:33
15000,2041,10,20.5,2025-07-06 16:41
15001,2440,8,19.0,2025-05-24 20:34
15002,698,9,32.5,2025-02-13 10:17
15003,325,17,25.0,2025-07-31 08:42
15004,1715,12,16.5,2025-01-26 22:19
15005,813,15,15.5,2025-10-18 04:59
15006,1809,9,22.5,2025-12-01 03:44
15007,413,16,19.0,2025-09-21 15:43
15008,675,14,24.0,2025-06-01 18:42
15009,2359,25,28.5,2025-09-29 20:42
15010,2064,20,19.5,2025-02-20 07:03
15011,2258,25,5.0,2025-02-01 18:50
15012,1013,24,27.0,2025-02-21 21:34
15013,420,23,17.0,2025-06-01 02:18
15014,1383,14,6.5,2025-07-19 12:03
15015,1636,7,9.5,2025-12-02 06:21
15016,200,10,11.0,2025-07-10 10:40
15017,1325,19,27.5,2025-12-02 21:49
15018,2213,22,25.0,2025-05-18 19:32
15019,1560,4,29.5,2025-10-15 03:46
15020,2464,13,17.5,2025-11-02 04:25
15021,2363,22,25.5,2025-01-10 18:39
15022,884,24,6.5,2025-06-22 00:15
15023,525,9,15.0,2025-05-26 09:28
15024,1863,25,20.0,2025-10-18 23:39
15025,686,8,14.0,2025-11-30 06:43
15026,1345,18,21.5,2025-03-17 17:22
15027,182,8,4.5,2025-05-03 11:06
15028,653,17,21.0,2024-12-29 18:01
15029,4,2,5.0,2025-04-28 05:31
15030,132,9,20.0,2024-12-13 12:10
15031,246,8,29.5,2025-03-13 00:59
15032,804,25,23.5,2025-01-11 17:58
15033,2089,18,6.5,2025-05-02 06:17
15034,1527,3,22.0,2025-11-09 04:29
15035,96,8,27.5,2025-03-18 14:08
15036,1547,10,27.5,2025-05-22 18:40
15037,1479,14,26.0,2025-06-28 02:02
15038,1488,8,14.5,2025-07-22 15:05
15039,1237,1,11.0,2025-03-23 08:18
15040,75,19,14.5,2025-03-08 11:13
15041,559,8,31.0,2024-12-26 21:02
15042,2038,3,18.5,2025-06-27 12:45
15043,134,20,32.5,2024-12-30 08:41
15044,1866,10,9.5,2025-02-23 01:16
15045,2387,20,30.5,2025-09-12 07:20
15046,692,10,16.0,2025-11-01 05:32
15047,1480,25,14.5,2025-04-05 12:33
15048,287,23,16.0,2024-12-20 08:16
15049,1734,9,4.5,2025-11-03 16:49
15050,81,15,18.0,2025-07-10 01:07
15051,2067,2,14.5,2025-07-28 04:35
15052,2223,3,16.5,2025-05-13 18:02
15053,1445,20,9.5,2025-03-02 20:46
15054,680,9,5.5,2025-02-05 12:53
15055,2009,6,21.0,2025-11-11 06:54
15056,1364,15,14.5,2025-05-09 23:41
15057,2127,12,9.5,2025-10-18 14:04
15058,1391,4,25.0,2025-06-25 07:10
15059,510,25,21.5,2025-03-05 00:29
15060,684,8,6.5,2025-05-21 21:19
15061,814,21,27.0,2025-06-08 16:50
15062,2372,6,21.0,2025-02-06 12:09
15063,114,25,5.5,2025-11-13 05:43
15064,1491,16,16.5,2025-07-27 03:56
15065,1151,12,5.0,2025-09-21 23:29
15066,1257,6,27.0,2025-03-16 07:40
15067,1912,26,9.5,2025-06-26 14:31
15068,1817,9,9.5,2025-08-01 09:43
15069,975,3,18.0,2025-11-16 05:46
15070,786,26,9.5,2025-01-13 11:57
15071,2492,8,28.0,2025-01-16 17:18
15072,1616,23,20.5,2025-08-04 00:40
15073,1014,4,26.0,2024-12-17 21:12
15074,602,11,29.0,2025-09-23 14:41
15075,1728,7,5.0,2025-02-23 17:26
15076,1761,7,20.0,2025-01-21 01:45
15077,1855,17,26.5,2025-12-05 14:15
15078,446,16,15.0,2025-02-21 02:34
15079,1873,16,16.5,2025-08-10 12:50
15080,1576,20,12.0,2025-08-28 01:03
15081,1959,27,10.5,2025-11-02 01:32
15082,360,7,4.5,2025-04-05 12:09
15083,501,10,14.5,2025-07-16 16:13
15084,1780,21,6.5,2025-11-06 11:54
15085,33,8,29.5,2025-06-27 00:51
15086,727,23,23.0,2025-06-23 22:37
15087,1041,9,36.5,2025-06-19 22:21
15088,2198,20,12.0,2025-01-05 07:07
15089,1575,21,4.5,2025-05-04 22:46
15090,2202,10,25.5,2025-03-27 00:39
15091,1106,1,9.5,2025-05-06 19:33
15092,1074,15,27.5,2025-03-19 10:45
15093,1823,13,21.5,2025-08-22 09:46
15094,1268,5,16.0,2025-07-16 23:43
15095,38,25,19.5,2025-03-02 14:49
15096,1460,23,29.0,2025-06-22 12:35
15097,1969,25,27.0,2025-08-27 16:01
15098,304,10,22.0,2025-09-27 13:08
15099,2073,23,16.5,2025-12-01 17:27
15100,456,18,34.5,2025-02-03 20:16
15101,1969,8,39.5,2025-10-31 05:26
15102,729,1,23.5,2025-01-19 12:59
15103,1846,8,20.0,2025-07-01 20:41
15104,995,15,11.0,2025-01-10 11:50
15105,698,8,6.5,2025-06-25 18:28
15106,1873,25,23.5,2025-02-18 05:29
15107,1477,1,19.5,2025-11-15 14:54
15108,1810,5,24.0,2025-11-27 08:15
15109,1624,18,25.5,2025-03-31 11:22
15110,1211,4,14.0,2025-03-29 02:49
15111,1277,24,13.0,2025-02-21 09:31
15112,2070,15,10.5,2025-07-06 16:39
15113,457,22,33.5,2025-11-24 00:09
15114,1120,12,4.5,2025-04-22 03:18
15115,324,21,24.0,2025-05-31 03:20
15116,1700,15,23.0,2025-09-12 00:05
15117,2026,22,14.0,2024-12-11 23:51
15118,121,20,30.5,2025-01-10 11:35
15119,1359,5,6.5,2025-02-28 00:57
15120,1742,6,10.0,2025-05-18 08:20
15121,1581,23,9.5,2025-08-17 21:01
15122,1498,4,5.0,2025-03-12 08:55
15123,445,16,14.5,2025-01-02 04:06
15124,2174,8,21.0,2025-01-02 11:27
15125,1426,13,23.5,2024-12-15 08:50
15126,2420,1,12.0,2025-02-10 17:49
15127,1808,15,5.5,2025-11-19 02:38
15128,218,14,5.5,2025-01-07 17:41
15129,2395,4,39.5,2025-11-25 12:14
15130,1403,15,37.5,2025-11-23 13:41
15131,2494,23,17.0,2025-05-26 15:13
15132,2346,20,5.5,2025-01-17 11:13
15133,12,4,14.0,2025-06-30 03:44
15134,2323,2,27.5,2025-07-26 05:16
15135,1995,5,21.0,2025-07-29 11:06
15136,885,21,11.0,2025-10-28 15:31
15137,71,18,11.0,2025-04-12 19:03
15138,1987,6,25.5,2025-08-18 02:46
15139,1497,19,5.5,2025-10-11 15:47
15140,1574,4,4.5,2025-12-06 08:26
15141,2091,12,5.5,2025-04-11 22:11
15142,2049,17,5.5,2025-05-18 06:47
15143,1146,27,17.5,2025-05-09 15:33
15144,1091,22,9.5,2025-02-04 03:55
15145,411,19,16.0,2025-03-05 18:30
15146,2315,24,6.5,2025-09-08 18:30
15147,532,10,28.0,2025-10-20 19:19
15148,1588,23,18.5,2025-01-26 19:31
15149,1546,5,24.0,2024-12-20 06:54
15150,433,14,6.5,2025-08-18 13:20
15151,624,18,4.5,2025-09-06 08:17
15152,1147,27,15.0,2025-09-11 19:24
15153,1166,7,24.0,2025-02-07 22:19
15154,346,16,17.0,2025-04-08 10:54
15155,1267,6,9.5,2025-07-14 00:41
15156,1375,25,30.0,2025-03-10 10:33
15157,819,27,11.5,2025-08-26 22:50
15158,286,14,11.0,2025-04-01 01:42
15159,966,14,16.0,2025-07-05 08:59
15160,1268,20,16.0,2025-03-10 18:13
15161,1480,4,15.5,2025-05-30 03:27
15162,2214,17,5.5,2025-09-04 00:17
15163,889,22,5.5,2025-08-03 18:33
15164,733,24,23.5,2025-07-03 15:00
15165,578,10,12.0,2025-12-06 19:41
15166,2291,4,6.5,2025-02-24 11:33
15167,591,6,36.5,2025-10-09 12:45
15168,2094,21,14.0,2025-04-30 09:46
15169,1275,13,5.0,2025-04-02 17:34
15170,1416,16,18.5,2025-05-02 13:01
15171,2284,13,16.0,2025-04-14 11:24
15172,528,1,6.5,2025-05-27 00:16
15173,1237,13,24.0,2025-08-25 17:41
15174,1398,18,25.5,2025-09-15 20:22
15175,1481,1,6.5,2025-02-23 14:46
15176,1889,21,25.0,2025-02-25 05:53
15177,338,19,14.5,2025-06-12 21:01
15178,630,24,27.0,2025-06-05 12:13
15179,347,7,35.0,2025-10-11 09:02
15180,1340,7,40.5,2025-07-18 19:58
15181,2341,18,5.5,2024-12-22 09:01
15182,38,5,27.0,2025-11-30 05:56
15183,1022,19,23.5,2025-08-20 22:14
15184,254,17,16.5,2025-04-06 00:54
15185,1038,3,11.5,2025-06-13 09:44
15186,816,15,27.0,2025-02-01 23:49
15187,2008,27,26.0,2025-06-22 08:38
15188,1983,9,6.5,2024-12-31 22:57
15189,760,3,31.5,2025-08-10 20:55
15190,1837,16,20.5,2025-09-06 21:33
15191,1758,15,12.0,2025-01-26 08:52
15192,360,7,5.0,2025-03-09 02:50
15193,707,19,26.0,2025-11-09 12:39
15194,1011,20,19.0,2025-11-25 08:40
15195,2193,15,9.5,2025-09-23 13:35
15196,1994,19,9.5,2025-07-19 20:58
15197,1563,25,14.5,2025-08-07 06:44
15198,240,20,30.5,2025-02-18 17:43
15199,340,5,14.0,2025-06-13 00:25
15200,543,18,27.0,2025-10-02 11:25
15201,17,6,24.5,2025-09-16 12:45
15202,1692,21,6.5,2025-07-20 15:35
15203,2037,7,11.5,2025-04-28 13:39
15204,331,12,28.0,2025-03-16 00:58
15205,830,26,5.5,2024-12-25 18:20
15206,164,12,30.0,2025-03-13 12:29
15207,1445,13,6.5,2025-05-06 14:06
15208,100,21,43.0,2025-08-01 16:00
15209,1567,21,6.5,2025-09-04 10:48
15210,200,15,11.0,2025-07-30 03:53
15211,1641,8,4.5,2025-03-30 02:31
15212,2449,17,30.5,2025-05-23 17:31
15213,1289,11,11.0,2025-05-10 08:48
15214,1318,12,16.0,2025-08-16 16:28
15215,788,6,30.0,2025-09-22 07:59
15216,1504,26,4.5,2025-12-03 06:14
15217,2390,5,16.0,2024-12-14 12:20
15218,500,18,9.5,2025-03-20 17:29
15219,1250,24,5.0,2025-08-10 20:16
15220,1016,16,20.5,2025-03-15 00:16
15221,2386,21,10.0,2025-04-12 07:16
15222,1997,23,19.5,2025-07-03 00:40
15223,535,24,10.5,2025-03-07 05:45
15224,719,4,13.0,2025-09-27 04:49
15225,1059,3,17.5,2024-12-15 02:50
15226,477,19,29.0,2025-09-06 17:20
15227,1644,25,5.5,2025-07-09 18:50
15228,578,15,25.5,2025-05-26 15:39
15229,257,11,32.5,2025-01-26 02:11
15230,1580,3,9.0,2024-12-16 16:43
15231,1828,16,27.0,2025-06-12 16:09
15232,2323,21,33.5,2024-12-28 19:27
15233,1122,20,17.0,2025-09-14 17:16
15234,1651,15,25.5,2025-10-17 12:37
15235,1105,11,23.5,2025-08-15 17:41
15236,745,12,9.5,2025-08-02 11:59
15237,231,9,28.5,2025-11-19 05:31
15238,957,26,17.0,2025-11-08 10:42
15239,1753,14,5.0,2025-06-15 23:44
15240,1853,6,29.0,2025-12-02 14:43
15241,1989,1,28.5,2025-01-21 07:44
15242,761,2,34.5,2025-08-21 04:36
15243,2208,6,5.5,2025-05-15 19:31
15244,1339,21,30.0,2025-10-07 15:33
15245,2021,23,29.5,2025-11-24 16:18
15246,1513,22,12.0,2025-10-02 01:46
15247,1501,22,30.0,2025-02-24 14:14
15248,759,17,21.0,2025-03-29 17:51
15249,275,24,24.0,2025-06-19 22:08
15250,1414,24,19.5,2025-04-26 06:07
15251,272,3,24.5,2025-05-05 20:01
15252,2412,25,15.0,2024-12-24 03:43
15253,1891,16,19.5,2025-08-11 18:21
15254,1748,23,15.0,2025-05-23 07:57
15255,1040,1,19.0,2025-05-30 02:34
15256,2190,15,21.0,2024-12-19 07:45
15257,1915,21,23.0,2025-02-02 22:26
15258,887,8,25.5,2025-01-01 06:28
15259,1795,22,14.0,2025-01-27 13:40
15260,85,12,11.5,2025-06-08 19:33
15261,1344,24,9.5,2025-11-11 20:45
15262,1640,20,11.5,2025-04-15 22:28
15263,239,12,14.5,2025-01-08 18:19
15264,2335,16,19.0,2025-06-13 06:23
15265,2295,20,23.5,2024-12-19 10:21
15266,600,18,22.0,2025-07-18 15:04
15267,2371,25,31.5,2025-05-21 04:58
15268,636,1,9.5,2025-09-13 17:46
15269,368,20,33.5,2025-11-19 10:32
15270,1090,11,40.5,2025-01-14 03:03
15271,843,24,19.0,2025-08-30 14:05
15272,1571,6,6.5,2025-08-17 18:07
15273,1131,16,25.5,2025-09-27 10:30
15274,1730,17,5.5,2025-12-03 14:57
15275,1073,7,26.5,2025-06-29 00:32
15276,1892,11,22.5,2025-04-21 16:22
15277,1592,13,19.5,2025-10-17 08:27
15278,573,21,14.5,2025-01-12 10:44
15279,1244,14,29.5,2025-01-17 14:27
15280,2144,1,14.0,2025-08-25 08:13
15281,2203,2,24.5,2025-04-06 10:52
15282,1120,25,23.5,2025-01-21 21:32
15283,726,4,15.0,2025-06-25 00:41
15284,2311,7,16.0,2025-01-04 14:47
15285,209,24,31.5,2025-06-23 22:55
15286,1018,18,14.5,2025-10-18 18:07
15287,577,19,6.5,2025-05-14 16:47
15288,149,24,21.5,2025-08-22 06:19
15289,681,25,28.0,2025-06-18 20:10
15290,418,7,27.0,2025-10-15 08:01
15291,2362,10,10.0,2025-11-13 03:37
15292,1595,4,29.0,2025-05-02 14:19
15293,1986,17,19.0,2025-10-22 11:08
15294,923,23,6.5,2025-04-05 10:39
15295,387,1,5.0,2025-11-28 12:19
15296,348,18,14.0,2025-10-06 03:13
15297,2327,10,15.5,2025-06-07 02:39
15298,1838,7,10.5,2025-10-20 21:30
15299,2193,16,32.5,2025-08-27 16:30
15300,1853,10,26.5,2025-10-10 06:13
15301,567,16,5.0,2025-12-04 11:13
15302,1289,2,9.5,2025-03-19 09:01
15303,1217,23,31.5,2025-09-05 21:05
15304,1544,7,24.5,2025-02-11 06:48
15305,1427,4,19.5,2025-03-06 17:02
15306,510,10,31.0,2025-03-11 22:26
15307,574,21,16.0,2025-08-08 04:22
15308,17,18,31.0,2025-05-10 22:15
15309,313,1,27.0,2025-01-13 19:55
15310,1748,10,18.5,2025-09-27 23:51
15311,2244,10,24.0,2025-05-15 21:39
15312,122,18,24.5,2025-02-21 09:19
15313,1536,1,19.5,2025-05-29 03:30
15314,825,16,23.5,2025-09-17 22:06
15315,2386,23,27.5,2025-09-21 06:36
15316,1337,5,10.0,2025-07-18 21:52
15317,1289,16,24.0,2025-01-27 12:19
15318,38,11,21.5,2025-09-07 01:12
15319,489,21,19.0,2025-02-14 21:36
15320,7,1,33.5,2025-10-12 07:51
15321,1653,18,20.0,2025-04-30 20:27
15322,613,8,38.5,2025-05-25 14:57
15323,2343,19,20.5,2025-08-05 04:43
15324,1649,16,21.5,2025-07-18 04:01
15325,199,3,11.5,2025-09-18 02:21
15326,1607,1,21.0,2025-04-07 17:51
15327,2178,16,11.0,2025-06-02 05:42
15328,1616,12,9.5,2025-02-21 03:23
15329,425,22,33.0,2025-11-02 17:48
15330,2303,20,15.5,2025-11-25 10:32
15331,2348,26,5.0,2025-09-15 12:16
15332,682,14,38.0,2025-11-07 01:21
15333,1883,7,20.0,2025-04-27 00:03
15334,90,10,5.5,2025-08-21 11:04
15335,1827,2,16.0,2025-10-28 19:36
15336,2127,17,33.5,2025-11-03 18:40
15337,648,10,30.0,2024-12-22 10:48
15338,1934,14,16.5,2025-03-02 23:07
15339,1261,6,12.0,2025-09-07 04:05
15340,2043,15,23.5,2025-10-03 16:25
15341,514,26,14.0,2025-06-04 03:17
15342,172,1,18.5,2025-05-06 00:34
15343,2212,23,5.5,2025-04-26 04:02
15344,2052,11,35.5,2025-06-09 19:07
15345,1114,15,21.0,2025-05-09 18:29
15346,349,12,37.5,2025-11-20 10:31
15347,1888,26,31.0,2025-07-09 11:58
15348,1477,4,21.5,2025-01-02 06:25
15349,496,8,32.0,2025-08-02 08:45
15350,2001,27,16.0,2025-04-11 09:18
15351,1113,23,25.0,2025-01-10 02:48
15352,22,11,9.0,2024-12-07 10:06
15353,2500,19,28.5,2025-04-13 15:52
15354,2324,12,17.5,2025-10-27 03:04
15355,1708,27,13.0,2025-05-26 10:36
15356,1936,3,15.0,2025-01-28 03:47
15357,237,1,30.0,2025-05-29 23:16
15358,2381,11,5.0,2025-07-02 07:34
15359,1482,14,5.0,2025-07-29 13:39
15360,1276,10,4.5,2025-11-20 16:10
15361,896,19,20.5,2025-03-28 07:06
15362,1710,17,27.0,2025-05-08 06:10
15363,2024,11,20.0,2025-08-04 21:33
15364,2179,4,14.0,2024-12-28 17:22
15365,381,11,14.5,2025-05-25 23:47
15366,694,22,23.5,2025-06-13 20:33
15367,573,2,25.5,2025-10-06 12:59
15368,2342,27,30.0,2025-09-17 06:12
15369,155,23,4.5,2025-01-18 09:02
15370,2165,6,6.5,2025-09-18 12:02
15371,2357,6,11.0,2025-11-07 18:36
15372,2425,9,10.5,2025-06-18 01:39
15373,491,20,5.0,2025-06-26 12:42
15374,582,4,4.5,2025-07-18 15:52
15375,352,21,10.5,2024-12-10 21:20
15376,1042,14,39.5,2025-07-30 12:44
15377,2312,20,17.0,2025-10-10 15:48
15378,1621,26,9.0,2025-08-03 12:59
15379,2378,11,6.5,2025-09-20 03:49
15380,2063,24,16.5,2025-05-14 05:57
15381,1821,14,10.0,2025-04-19 02:22
15382,954,9,21.0,2025-07-03 02:09
15383,1513,11,9.0,2025-09-02 01:35
15384,841,27,26.0,2025-05-17 17:14
15385,1739,10,10.0,2025-04-22 08:57
15386,974,11,23.5,2025-11-05 18:52
15387,1938,6,34.0,2025-08-20 10:36
15388,1015,8,14.5,2025-02-21 13:49
15389,300,6,4.5,2025-07-06 04:27
15390,1096,11,31.0,2025-08-07 14:42
15391,1320,1,12.0,2025-11-25 02:59
15392,2321,8,10.0,2025-08-03 04:04
15393,898,25,24.5,2025-09-05 00:06
15394,1826,12,4.5,2025-11-09 18:23
15395,82,3,30.5,2025-10-16 10:39
15396,1330,6,5.0,2025-05-01 12:40
15397,1619,10,27.5,2025-04-20 06:59
15398,2268,24,23.5,2025-07-21 14:47
15399,2038,7,25.0,2025-04-17 15:34
15400,1644,11,5.0,2025-07-22 03:15
15401,2249,5,11.0,2025-01-04 13:35
15402,1802,14,15.0,2025-07-10 09:55
15403,1292,20,29.0,2024-12-12 09:41
15404,575,12,21.5,2025-03-19 01:59
15405,1741,21,22.0,2025-10-19 10:15
15406,1944,24,14.5,2025-02-03 21:57
15407,1223,27,21.0,2025-11-23 16:36
15408,1842,10,5.5,2024-12-11 03:50
15409,1914,2,23.0,2025-06-05 14:11
15410,456,15,25.0,2025-03-20 04:31
15411,2431,19,25.5,2025-06-21 03:01
15412,2309,14,35.5,2025-03-02 00:50
15413,1783,1,27.0,2025-10-16 06:01
15414,1661,1,17.0,2025-02-18 02:51
15415,2197,20,5.5,2025-06-18 13:37
15416,1698,27,27.0,2025-07-16 06:23
15417,983,3,24.0,2025-03-25 20:38
15418,2432,12,32.5,2024-12-30 10:23
15419,549,16,20.5,2025-01-01 06:41
15420,268,8,11.0,2025-06-21 00:33
15421,289,4,6.5,2025-11-14 12:37
15422,1387,15,9.5,2025-08-10 17:56
15423,81,2,15.0,2025-10-08 22:19
15424,2,14,30.0,2025-10-05 13:57
15425,1011,3,19.5,2025-01-18 11:34
15426,259,8,25.0,2025-08-18 21:33
15427,243,13,13.0,2024-12-18 10:19
15428,2041,12,31.0,2024-12-13 05:39
15429,1881,10,5.5,2025-02-09 01:44
15430,2068,3,33.0,2025-02-10 04:33
15431,2437,26,16.0,2025-11-08 08:10
15432,1104,11,20.5,2025-06-28 07:14
15433,1719,9,21.5,2025-09-09 21:41
15434,255,1,25.5,2025-07-21 13:31
15435,1368,7,4.5,2025-10-29 23:47
15436,2467,16,30.5,2025-02-09 15:27
15437,1154,9,25.0,2025-06-25 21:24
15438,1005,23,27.0,2025-10-21 11:26
15439,2335,24,5.5,2025-09-22 09:02
15440,1927,14,14.0,2025-03-23 07:31
15441,813,16,10.0,2025-05-31 21:57
15442,759,8,32.0,2025-01-10 00:35
15443,204,6,16.5,2025-02-16 11:36
15444,2363,21,14.0,2025-08-18 06:28
15445,1663,20,5.0,2025-04-19 19:50
15446,1002,11,21.0,2025-08-13 11:02
15447,841,9,22.5,2025-12-01 16:38
15448,36,21,28.5,2025-08-11 23:29
15449,729,3,9.5,2025-03-02 05:20
15450,1985,21,14.0,2025-03-01 19:23
15451,1808,25,10.0,2025-01-28 07:46
15452,740,3,15.5,2025-11-21 16:19
15453,1305,19,10.5,2025-04-20 15:56
15454,863,13,21.5,2025-10-23 23:49
15455,277,25,34.5,2025-05-27 01:21
15456,2009,16,6.5,2025-10-12 01:35
15457,1662,16,5.0,2025-09-08 05:09
15458,1898,26,20.0,2025-04-23 02:54
15459,2136,9,23.0,2025-01-04 17:16
15460,103,9,16.0,2025-01-26 15:00
15461,2175,12,23.0,2025-04-19 19:17
15462,1907,22,14.5,2024-12-25 03:38
15463,801,7,35.0,2025-08-08 08:23
15464,229,2,17.0,2025-09-20 13:15
15465,1763,22,21.0,2024-12-19 15:12
15466,1979,4,19.5,2024-12-28 11:44
15467,201,15,30.0,2025-03-01 10:02
15468,1459,18,28.0,2025-07-27 17:34
15469,2266,18,20.0,2025-03-09 07:08
15470,155,22,9.5,2025-05-02 16:04
15471,1546,9,33.0,2025-11-28 05:14
15472,913,21,11.5,2025-01-18 00:07
15473,1347,26,41.5,2025-07-15 04:50
15474,2299,6,24.5,2025-12-04 16:35
15475,108,16,6.5,2025-04-13 18:53
15476,11,6,15.5,2025-10-29 10:00
15477,2284,19,30.0,2024-12-24 03:43
15478,1253,6,15.0,2025-04-26 19:17
15479,225,27,5.5,2025-03-18 07:41
15480,1655,3,16.5,2025-04-10 03:19
15481,870,12,5.0,2025-05-26 06:49
15482,1987,22,31.5,2025-02-24 03:22
15483,1734,17,34.0,2025-10-20 14:31
15484,1472,3,14.5,2025-10-10 17:09
15485,2433,6,12.0,2025-07-03 06:39
15486,2049,1,9.0,2025-01-31 22:31
15487,20,15,18.5,2025-08-03 10:32
15488,42,3,9.0,2025-11-14 19:23
15489,1222,27,13.0,2025-09-04 05:49
15490,173,16,9.5,2025-06-13 15:49
15491,1693,3,35.5,2025-01-03 15:34
15492,1459,16,26.5,2025-04-08 03:19
15493,1778,22,14.0,2025-01-13 20:50
15494,4,3,11.0,2025-04-01 08:26
15495,1179,5,38.5,2025-09-14 00:00
15496,672,11,27.5,2025-09-11 08:29
15497,786,10,9.5,2025-06-07 12:09
15498,13,20,39.5,2025-07-12 15:29
15499,682,14,9.5,2025-11-13 01:05
15500,1790,20,9.0,2025-01-12 11:16
15501,1875,8,19.5,2025-04-25 08:10
15502,309,14,6.5,2025-05-14 23:01
15503,1846,9,27.0,2025-11-04 21:42
15504,1714,24,30.5,2025-08-15 16:07
15505,802,11,6.5,2025-02-02 12:29
15506,1820,8,24.0,2025-10-28 07:48
15507,2396,26,32.5,2025-08-19 13:15
15508,148,21,9.5,2025-06-30 02:04
15509,2453,12,6.5,2025-02-05 13:15
15510,1459,12,16.0,2025-10-21 18:39
15511,2329,20,30.0,2025-11-13 05:23
15512,1528,25,24.5,2025-07-20 23:45
15513,1684,26,27.0,2025-08-20 01:19
15514,2345,3,9.5,2025-11-20 20:44
15515,792,25,29.0,2025-09-13 15:09
15516,272,2,25.5,2025-05-15 07:23
15517,1275,7,18.0,2025-09-14 00:13
15518,661,15,25.5,2025-06-20 22:57
15519,393,5,5.5,2025-09-29 06:37
15520,2326,18,9.5,2025-03-21 22:03
15521,710,10,5.0,2025-01-20 03:52
15522,1214,3,11.5,2025-10-26 17:42
15523,1920,22,4.5,2025-09-30 02:09
15524,397,15,26.0,2025-06-02 12:33
15525,2396,16,12.0,2025-05-01 03:14
15526,440,1,12.0,2025-07-09 22:11
15527,430,25,9.5,2025-08-29 10:08
15528,732,18,15.0,2025-01-24 06:27
15529,1205,18,36.0,2025-06-11 18:05
15530,42,21,10.0,2025-08-01 08:32
15531,1307,7,25.5,2025-06-11 06:12
15532,959,22,20.0,2025-06-12 14:15
15533,2334,20,25.5,2025-01-23 01:17
15534,1410,14,26.5,2025-10-11 15:38
15535,608,16,4.5,2025-09-11 16:43
15536,908,8,5.0,2025-02-19 22:15
15537,286,12,32.0,2025-03-03 13:32
15538,1308,15,22.5,2025-03-12 16:05
15539,1608,16,22.0,2025-11-28 20:26
15540,1549,27,15.5,2025-09-07 01:49
15541,1752,14,5.5,2025-10-12 01:13
15542,1978,10,36.5,2025-09-25 21:13
15543,1065,9,5.0,2025-11-08 14:34
15544,1324,25,16.0,2025-05-30 17:21
15545,855,5,18.5,2025-06-06 02:33
15546,327,27,10.0,2025-10-10 11:51
15547,2120,27,29.0,2025-07-19 10:26
15548,85,3,34.5,2025-11-16 13:42
15549,865,17,25.5,2025-01-01 04:05
15550,1106,22,5.5,2025-08-05 23:05
15551,1970,13,30.5,2025-01-10 05:09
15552,652,7,16.0,2025-05-10 11:08
15553,782,27,21.0,2024-12-20 20:58
15554,389,26,10.0,2025-03-08 11:10
15555,2285,14,28.5,2025-11-28 11:10
15556,1487,26,5.0,2025-03-05 09:29
15557,363,22,21.5,2025-08-25 20:58
15558,543,7,16.5,2025-01-20 03:25
15559,402,21,25.0,2025-04-26 12:30
15560,1445,10,34.5,2025-11-28 11:52
15561,1322,17,11.0,2025-09-11 16:29
15562,461,21,19.5,2025-10-02 23:51
15563,2475,13,19.0,2025-10-22 15:20
15564,871,14,34.5,2024-12-30 18:18
15565,857,5,21.0,2025-07-26 08:11
15566,1315,19,15.0,2025-07-19 12:08
15567,1650,4,16.0,2025-03-19 06:33
15568,1505,13,22.0,2025-05-05 19:40
15569,98,13,4.5,2025-08-02 08:33
15570,1525,6,4.5,2025-03-24 15:57
15571,610,14,9.5,2025-11-18 12:46
15572,2329,23,36.5,2024-12-24 15:52
15573,1732,2,10.0,2025-11-17 06:18
15574,631,23,15.0,2025-11-25 03:56
15575,1961,24,16.0,2025-06-08 18:00
15576,2290,10,6.5,2025-09-25 14:40
15577,1002,3,15.0,2024-12-30 14:50
15578,1644,10,16.0,2025-07-10 09:54
15579,889,8,5.0,2025-10-30 23:56
15580,246,6,18.5,2025-07-18 01:46
15581,1185,5,16.5,2025-06-16 20:21
15582,769,11,16.5,2025-05-27 03:42
15583,1905,4,6.5,2025-07-08 12:21
15584,701,8,21.0,2025-06-27 07:32
15585,2207,19,5.0,2025-11-02 12:48
15586,1872,7,15.0,2025-03-23 21:15
15587,604,5,34.5,2025-02-27 08:22
15588,1123,12,5.0,2025-05-19 05:14
15589,1879,24,9.5,2025-02-05 13:02
15590,2213,9,6.5,2025-05-07 20:26
15591,2396,4,9.5,2025-04-11 21:03
15592,2058,14,29.5,2025-09-25 14:57
15593,2446,21,11.5,2025-11-23 23:21
15594,741,22,4.5,2025-07-16 00:33
15595,1959,18,4.5,2025-11-27 21:42
15596,1113,13,16.5,2025-05-16 18:19
15597,1002,23,33.5,2025-11-28 12:37
15598,2499,16,9.5,2025-11-23 00:14
15599,628,6,31.0,2025-03-27 00:36
15600,1236,10,9.5,2025-09-19 02:10
15601,973,4,5.5,2025-07-24 19:22
15602,437,19,36.5,2025-06-20 08:05
15603,1450,24,29.5,2025-05-08 01:42
15604,1986,24,9.5,2025-04-11 13:48
15605,2477,23,32.5,2025-03-12 18:38
15606,2043,13,29.5,2025-04-30 03:42
15607,1968,25,36.5,2025-01-08 10:12
15608,1750,16,29.5,2025-09-16 18:03
15609,1750,5,9.5,2025-09-17 14:07
15610,627,21,31.0,2025-06-25 09:47
15611,735,27,11.0,2025-04-07 14:07
15612,2228,1,14.0,2025-07-09 12:31
15613,223,7,25.5,2025-02-25 12:15
15614,338,20,14.0,2025-01-21 01:29
15615,701,20,25.5,2025-09-27 02:02
15616,1394,20,9.5,2025-07-22 15:38
15617,253,7,5.5,2025-04-14 20:30
15618,9,4,5.0,2025-08-12 11:16
15619,211,23,5.0,2025-05-07 14:52
15620,1981,3,21.5,2025-06-22 12:52
15621,841,12,11.5,2025-03-19 16:32
15622,1831,4,28.0,2025-06-21 00:04
15623,1548,7,16.5,2025-07-17 11:51
15624,1715,8,4.5,2025-03-10 02:16
15625,2396,24,19.5,2025-04-20 10:15
15626,1402,13,23.5,2025-11-17 22:47
15627,1158,11,4.5,2025-09-06 21:54
15628,247,6,15.5,2025-10-01 23:44
15629,1204,24,11.0,2024-12-14 17:37
15630,1065,16,26.5,2025-01-01 04:50
15631,2302,8,15.5,2025-08-24 04:24
15632,2188,4,32.5,2025-01-31 19:06
15633,1394,21,16.0,2025-07-20 20:07
15634,1240,3,10.5,2025-12-01 06:31
15635,2429,27,24.5,2025-04-11 14:11
15636,562,18,20.5,2025-06-27 22:37
15637,1260,20,14.5,2025-01-18 01:01
15638,2346,7,34.5,2025-03-31 03:49
15639,893,11,17.5,2025-07-26 10:26
15640,178,11,26.0,2025-01-20 08:42
15641,187,8,5.5,2025-08-17 03:47
15642,1781,17,31.5,2025-04-12 15:42
15643,49,21,5.0,2025-08-16 07:35
15644,1583,9,13.5,2025-03-27 17:01
15645,535,20,15.5,2025-05-12 05:28
15646,1246,18,18.5,2025-02-18 06:42
15647,37,1,28.0,2025-05-28 14:32
15648,1244,2,10.0,2025-02-01 11:22
15649,955,11,27.0,2025-06-06 02:43
15650,408,9,38.0,2025-01-26 18:51
15651,1436,1,12.0,2025-06-07 04:23
15652,2266,24,10.0,2025-12-05 11:29
15653,839,11,9.0,2025-07-01 11:37
15654,679,24,21.0,2024-12-10 20:20
15655,1015,10,16.0,2025-03-06 18:44
15656,2376,27,38.0,2025-11-18 23:09
15657,462,27,5.5,2025-09-11 07:30
15658,2415,11,6.5,2025-05-17 06:21
15659,829,17,9.5,2025-04-28 20:36
15660,1088,6,26.0,2025-04-10 11:16
15661,41,26,14.5,2025-05-09 02:07
15662,1623,9,18.5,2025-07-02 21:46
15663,1941,17,11.5,2024-12-11 09:19
15664,1790,7,21.5,2025-03-31 00:13
15665,174,10,6.5,2025-04-15 23:24
15666,475,7,26.0,2025-04-23 13:43
15667,1202,24,16.0,2025-07-29 22:00
15668,1604,14,11.0,2025-03-11 19:45
15669,1033,20,24.0,2025-05-06 17:52
15670,79,9,19.5,2025-09-07 19:00
15671,712,17,9.5,2025-01-01 17:14
15672,194,4,9.5,2025-11-20 11:15
15673,1119,6,23.0,2025-02-06 23:59
15674,708,6,5.5,2025-06-14 15:10
15675,1516,9,6.5,2025-10-26 07:04
15676,46,11,36.0,2025-07-17 09:33
15677,384,25,17.0,2025-08-31 15:49
15678,1265,3,12.0,2025-10-05 16:14
15679,659,25,15.5,2025-01-08 00:52
15680,545,8,22.0,2025-05-11 01:21
15681,478,5,11.5,2025-01-04 01:04
15682,306,21,26.0,2025-11-09 06:33
15683,224,3,21.5,2025-06-16 02:13
15684,198,7,18.5,2025-10-01 10:32
15685,2495,5,12.0,2025-09-18 00:23
15686,2043,13,40.0,2025-06-14 18:02
15687,1434,27,30.0,2025-02-25 21:25
15688,551,22,14.5,2025-08-16 09:19
15689,978,25,4.5,2025-08-25 19:20
15690,424,18,27.0,2025-01-07 05:06
15691,1157,5,26.0,2025-01-30 16:17
15692,16,24,5.0,2025-11-06 00:20
15693,2394,25,20.5,2025-02-27 05:51
15694,2435,21,17.0,2025-03-07 00:04
15695,244,23,14.5,2025-06-18 19:39
15696,265,26,26.0,2025-01-24 20:50
15697,707,21,4.5,2025-06-04 23:24
15698,979,6,4.5,2025-10-30 05:01
15699,1568,3,25.0,2025-10-19 09:09
15700,1375,9,26.0,2025-11-08 19:06
15701,797,13,23.0,2025-11-17 03:41
15702,1327,18,18.0,2025-01-02 21:52
15703,2034,15,18.0,2025-10-16 16:41
15704,1500,1,18.5,2025-05-02 08:42
15705,939,22,26.5,2025-10-03 09:20
15706,2459,7,15.0,2025-08-05 18:32
15707,1453,23,9.5,2025-08-27 06:36
15708,559,4,19.5,2025-03-13 19:54
15709,2276,5,16.0,2025-06-27 20:46
15710,1172,21,24.5,2025-09-15 04:47
15711,568,20,31.5,2025-08-12 10:16
15712,1707,22,30.5,2025-04-24 14:05
15713,850,7,16.0,2025-08-09 20:42
15714,664,3,25.5,2025-06-08 05:30
15715,2262,20,9.5,2025-03-31 09:58
15716,1750,26,29.5,2025-02-27 16:22
15717,131,7,19.0,2025-11-16 15:25
15718,225,1,12.0,2025-03-12 05:06
15719,2035,27,30.0,2025-09-27 16:29
15720,466,10,29.5,2025-06-08 00:58
15721,999,2,20.0,2025-07-15 03:19
15722,2239,25,33.5,2025-10-19 19:10
15723,1201,25,9.0,2025-05-18 05:49
15724,2090,24,6.5,2025-08-01 00:05
15725,440,27,26.5,2025-04-13 04:36
15726,562,18,19.5,2025-02-24 13:52
15727,2145,4,17.5,2025-09-22 04:10
15728,2219,22,5.5,2025-05-01 04:29
15729,1432,20,10.0,2025-06-22 23:39
15730,281,25,23.5,2025-10-08 17:44
15731,2498,7,17.5,2025-02-09 08:50
15732,1766,22,19.5,2025-10-25 02:29
15733,1689,21,9.5,2025-08-03 15:16
15734,2346,24,19.0,2025-06-21 10:56
15735,1897,7,14.5,2025-06-05 21:49
15736,904,8,19.5,2025-08-05 23:47
15737,1076,17,11.5,2025-01-14 22:34
15738,2245,7,15.5,2025-05-21 23:34
15739,1869,6,18.0,2025-10-16 05:53
15740,2219,10,16.5,2025-07-09 08:46
15741,62,3,32.5,2025-08-18 06:32
15742,2067,8,21.0,2025-11-29 00:47
15743,526,24,5.5,2025-04-07 14:22
15744,1786,23,15.0,2025-10-07 03:57
15745,134,4,14.5,2025-01-03 14:35
15746,1696,8,10.5,2025-04-12 18:59
15747,1760,12,11.0,2025-02-21 03:24
15748,575,21,15.5,2025-02-01 01:32
15749,1952,12,19.0,2025-04-23 04:12
15750,1861,5,24.0,2025-10-09 15:20
15751,462,12,36.5,2025-09-18 01:52
15752,512,7,22.0,2025-07-22 05:52
15753,744,19,17.5,2025-05-05 21:42
15754,1946,12,19.5,2025-11-07 08:47
15755,891,7,18.5,2025-04-05 02:42
15756,1186,25,14.0,2025-09-26 14:07
15757,211,7,9.5,2025-02-22 06:23
15758,1954,19,14.5,2025-11-02 07:13
15759,1445,3,13.5,2025-07-15 05:37
15760,681,10,9.5,2025-05-28 23:51
15761,168,4,25.0,2025-03-30 21:16
15762,1122,4,14.0,2025-01-01 01:30
15763,1744,19,11.0,2025-10-03 07:28
15764,2024,11,26.5,2025-11-14 15:29
15765,438,4,13.0,2025-03-16 05:24
15766,850,2,19.5,2025-11-07 05:58
15767,66,26,21.0,2025-01-09 02:24
15768,1216,14,14.5,2025-04-16 03:16
15769,333,11,9.5,2025-02-17 11:10
15770,117,25,10.5,2025-12-03 07:22
15771,1054,20,10.0,2025-10-17 16:42
15772,552,19,27.0,2025-07-18 18:12
15773,2457,16,29.0,2025-06-17 10:50
15774,491,24,31.0,2024-12-30 22:27
15775,1560,21,34.5,2025-08-27 05:55
15776,141,9,22.5,2025-08-21 19:03
15777,2328,9,36.5,2025-03-26 01:32
15778,2261,7,19.5,2025-08-24 22:39
15779,2391,26,6.5,2025-10-09 22:54
15780,677,16,9.0,2025-07-18 15:03
15781,1667,14,22.0,2025-07-03 09:11
15782,11,25,26.0,2025-09-15 14:57
15783,1419,1,25.5,2025-04-17 06:12
15784,755,25,28.0,2025-06-29 07:09
15785,1598,2,27.0,2025-07-06 11:19
15786,686,13,12.0,2025-04-02 02:51
15787,374,13,18.5,2025-02-17 23:14
15788,673,12,17.0,2025-11-17 21:50
15789,683,17,15.5,2025-05-28 05:41
15790,1910,26,30.0,2024-12-16 05:38
15791,2260,1,24.5,2025-03-20 00:08
15792,105,9,16.5,2025-09-27 19:36
15793,861,10,14.5,2025-04-02 05:51
15794,2455,8,15.5,2025-10-04 07:30
15795,972,8,21.5,2025-09-23 10:14
15796,542,23,19.5,2025-04-17 06:41
15797,1812,13,11.5,2025-10-22 21:12
15798,1540,8,19.0,2025-02-25 23:55
15799,818,2,24.0,2025-01-20 13:19
15800,1286,20,25.5,2025-12-03 12:18
15801,117,2,18.5,2025-01-14 18:21
15802,940,22,5.0,2025-07-18 21:00
15803,1510,1,10.0,2025-03-07 09:38
15804,655,14,16.5,2025-01-12 05:06
15805,62,20,4.5,2025-05-22 22:28
15806,1779,6,16.0,2025-08-04 23:38
15807,1776,5,38.5,2025-03-25 22:00
15808,802,14,29.0,2025-10-01 12:18
15809,1637,24,17.5,2024-12-31 09:52
15810,860,17,21.0,2025-03-28 06:37
15811,209,8,4.5,2025-08-21 03:02
15812,1270,14,25.5,2025-11-11 07:04
15813,1836,5,9.5,2025-04-29 09:22
15814,1546,12,16.5,2025-02-28 01:00
15815,248,5,9.5,2025-07-04 01:11
15816,1915,6,17.0,2024-12-27 17:48
15817,565,19,25.5,2025-05-23 19:23
15818,2345,2,5.5,2025-05-28 09:41
15819,1989,24,16.5,2025-08-14 06:26
15820,1176,17,5.0,2025-09-26 20:40
15821,140,21,42.5,2025-09-19 22:50
15822,1473,27,5.5,2025-11-08 21:27
15823,310,6,25.5,2025-08-04 11:25
15824,1993,1,25.5,2025-12-02 09:21
15825,184,2,4.5,2024-12-26 14:32
15826,367,11,5.5,2025-05-02 08:40
15827,1741,27,20.0,2025-07-29 01:33
15828,807,4,5.0,2025-02-06 10:56
15829,1141,14,24.5,2025-08-30 13:07
15830,1751,3,5.0,2025-10-17 14:55
15831,2462,11,27.5,2025-09-20 07:34
15832,738,24,9.5,2025-09-14 23:13
15833,550,18,9.0,2025-07-14 12:06
15834,218,26,19.0,2025-05-13 18:15
15835,803,14,29.0,2025-10-12 09:52
15836,213,26,19.0,2025-01-03 17:55
15837,2337,1,16.0,2025-07-02 07:29
15838,68,6,5.5,2025-11-06 05:42
15839,1322,13,19.5,2025-04-01 23:27
15840,1137,6,10.5,2025-05-03 00:14
15841,1915,9,29.0,2025-04-17 05:23
15842,2406,7,20.0,2025-01-04 01:00
15843,395,25,30.5,2025-08-29 23:05
15844,472,27,35.5,2025-10-14 18:03
15845,1106,14,23.0,2025-02-28 19:11
15846,1980,17,22.0,2025-08-04 19:53
15847,101,12,19.5,2025-10-29 16:59
15848,898,22,5.0,2025-07-17 10:07
15849,954,25,6.5,2025-04-07 12:21
15850,2409,11,26.0,2025-12-04 09:36
15851,1723,8,23.5,2025-11-15 00:59
15852,2471,21,15.5,2025-10-25 18:24
15853,1886,13,37.0,2025-09-01 07:32
15854,626,1,19.5,2025-10-22 16:25
15855,2322,2,9.5,2025-03-04 06:59
15856,1836,26,9.5,2024-12-27 11:51
15857,1181,24,31.0,2025-04-17 08:27
15858,594,5,43.5,2025-09-12 14:43
15859,641,21,6.5,2025-12-01 02:20
15860,2132,6,9.0,2025-08-26 10:00
15861,1161,23,9.0,2025-10-30 09:52
15862,1601,8,5.5,2025-08-27 10:42
15863,2360,26,15.0,2025-01-13 04:15
15864,2153,10,19.5,2025-04-04 06:36
15865,2496,24,20.5,2025-07-04 17:21
15866,1063,24,10.5,2025-02-22 20:23
15867,220,25,11.5,2025-07-02 05:43
15868,1,5,12.0,2025-03-31 23:27
15869,1406,15,6.5,2025-02-13 05:56
15870,925,2,11.0,2025-08-30 09:21
15871,93,26,10.0,2025-02-21 05:16
15872,1711,27,5.5,2025-05-05 03:54
15873,1305,7,43.5,2025-07-13 22:07
15874,2386,15,11.0,2025-08-03 18:08
15875,1815,3,19.5,2025-11-08 05:24
15876,1221,14,22.5,2025-01-30 10:13
15877,2370,18,21.0,2024-12-14 15:18
15878,1024,22,20.5,2025-04-22 13:11
15879,540,1,29.5,2025-01-25 16:44
15880,559,7,20.5,2025-08-07 23:48
15881,1362,22,31.5,2024-12-25 23:33
15882,2328,2,30.5,2025-01-17 22:25
15883,2279,11,11.0,2025-08-27 08:59
15884,1327,4,9.5,2025-09-29 04:32
15885,944,19,15.5,2025-08-04 11:13
15886,1491,18,6.5,2025-07-13 03:10
15887,1691,19,20.5,2025-06-09 18:39
15888,1395,19,22.0,2024-12-15 08:02
15889,1259,14,27.0,2024-12-27 00:16
15890,1315,5,31.0,2025-04-26 10:22
15891,1979,26,9.5,2025-11-06 13:07
15892,1899,6,27.0,2025-06-13 16:55
15893,2323,17,35.5,2025-11-07 09:12
15894,335,16,16.0,2025-05-01 01:27
15895,2138,27,5.5,2025-01-16 20:17
15896,1208,5,5.5,2025-08-06 22:34
15897,2248,6,5.5,2025-03-31 05:12
15898,1321,11,22.0,2025-07-12 14:35
15899,95,13,9.5,2025-11-28 19:49
15900,32,27,4.5,2025-03-05 06:45
15901,386,27,16.0,2025-05-31 11:23
15902,354,17,30.0,2025-06-26 16:23
15903,1976,21,28.5,2025-04-05 05:23
15904,1036,24,32.5,2025-03-24 20:54
15905,77,6,29.0,2025-08-05 05:15
15906,2473,13,18.5,2025-09-07 12:08
15907,1828,27,24.0,2025-03-26 08:42
15908,671,15,21.0,2025-05-13 10:39
15909,2455,3,9.5,2025-09-19 21:24
15910,314,6,20.5,2025-08-05 10:31
15911,926,22,21.5,2025-11-07 18:13
15912,1864,17,9.5,2025-08-15 02:03
15913,2100,8,19.5,2025-08-17 15:51
15914,2185,1,20.5,2025-09-19 12:35
15915,2422,20,11.0,2025-06-04 04:25
15916,1742,21,6.5,2025-04-23 09:09
15917,551,6,5.5,2025-08-19 14:15
15918,426,4,26.0,2025-09-06 01:50
15919,926,19,29.0,2025-01-01 03:38
15920,261,9,20.5,2025-07-07 14:34
15921,267,17,16.0,2024-12-25 22:37
15922,1330,20,14.5,2025-06-23 18:44
15923,1980,7,15.0,2025-09-05 11:34
15924,1889,1,9.5,2025-10-16 02:19
15925,266,14,5.0,2025-04-04 01:46
15926,1556,5,6.5,2025-05-29 03:41
15927,1857,1,11.0,2025-11-22 19:04
15928,1503,15,9.5,2025-05-27 10:15
15929,70,21,16.0,2024-12-19 09:16
15930,1198,17,15.0,2025-01-18 22:15
15931,1554,27,26.5,2025-10-23 19:59
15932,1684,1,32.5,2025-04-24 19:38
15933,1993,4,17.5,2025-02-08 11:40
15934,2385,26,6.5,2024-12-09 12:55
15935,2500,7,31.5,2025-06-13 11:36
15936,226,14,15.5,2024-12-29 21:42
15937,567,27,9.0,2025-10-24 03:10
15938,1097,5,33.0,2025-05-14 00:52
15939,354,9,24.0,2025-03-20 07:55
15940,218,6,12.0,2025-04-26 07:05
15941,1986,23,4.5,2025-01-13 10:43
15942,2366,21,27.5,2024-12-18 19:06
15943,1621,21,40.0,2025-05-26 17:46
15944,265,23,27.0,2025-06-05 16:07
15945,681,15,4.5,2025-01-20 03:28
15946,1372,16,21.5,2025-05-01 01:05
15947,929,18,14.0,2024-12-14 10:36
15948,1756,13,29.0,2024-12-11 13:40
15949,2199,13,38.0,2025-03-12 11:59
15950,1571,27,31.0,2025-06-05 02:00
15951,2395,15,5.0,2025-07-11 16:19
15952,1070,10,34.5,2025-05-19 15:47
15953,1641,4,24.0,2024-12-30 02:42
15954,2483,9,5.5,2025-07-29 21:19
15955,764,25,9.0,2025-07-28 08:40
15956,1720,3,17.0,2025-04-07 01:12
15957,260,16,11.5,2024-12-09 06:02
15958,883,4,5.0,2025-08-12 23:20
15959,1742,3,31.0,2024-12-09 04:01
15960,780,13,23.5,2025-04-15 15:46
15961,16,18,34.5,2025-07-01 20:24
15962,2095,18,9.5,2025-08-01 08:20
15963,905,8,10.0,2025-03-14 19:30
15964,693,3,21.5,2025-10-08 08:21
15965,1897,5,32.0,2025-06-07 14:36
15966,136,24,10.0,2025-10-02 16:56
15967,2120,13,30.0,2025-06-09 01:28
15968,1101,16,31.0,2025-09-05 23:08
15969,455,9,19.5,2025-04-12 02:41
15970,1841,23,21.5,2025-01-06 10:07
15971,727,15,10.0,2025-03-11 22:44
15972,1844,14,9.5,2025-02-16 21:37
15973,1021,3,21.5,2025-01-26 01:53
15974,842,9,22.0,2025-05-07 10:32
15975,354,18,19.0,2025-01-27 12:36
15976,2010,26,13.5,2025-07-27 15:19
15977,966,2,5.5,2025-05-21 23:15
15978,64,24,11.5,2025-04-11 06:54
15979,526,14,6.5,2025-11-19 03:36
15980,2294,5,25.0,2025-06-17 23:38
15981,730,8,15.5,2025-03-17 02:02
15982,96,5,27.0,2025-04-02 22:27
15983,215,9,20.5,2025-11-30 18:18
15984,801,8,23.5,2025-08-28 22:52
15985,148,4,5.5,2025-11-30 04:41
15986,296,6,19.5,2025-09-21 06:47
15987,1211,11,27.0,2025-03-30 12:40
15988,15,20,5.5,2025-07-12 13:20
15989,1975,18,14.5,2025-04-14 00:29
15990,1688,22,26.0,2025-06-18 01:04
15991,471,4,16.0,2024-12-31 03:40
15992,641,21,14.0,2025-04-08 14:33
15993,1061,27,10.0,2025-05-13 21:15
15994,1022,16,5.0,2025-07-22 05:04
15995,139,13,30.5,2025-08-11 04:33
15996,1629,27,9.5,2025-09-24 15:07
15997,2044,15,28.0,2025-10-05 13:52
15998,450,4,30.5,2025-07-04 11:24
15999,1752,2,14.5,2025-11-13 06:20
16000,1067,14,28.0,2025-09-24 04:42
16001,496,13,35.0,2025-10-07 08:40
16002,2012,16,20.0,2025-07-22 14:53
16003,1177,6,14.0,2025-02-08 21:51
16004,1228,24,15.0,2025-07-04 15:28
16005,2374,19,26.0,2025-09-28 06:05
16006,1800,9,25.0,2025-03-20 22:58
16007,1583,3,4.5,2025-01-03 09:47
16008,494,2,5.0,2025-05-09 20:08
16009,2005,11,30.0,2025-12-04 17:09
16010,1091,13,24.5,2025-11-27 06:24
16011,1009,27,6.5,2024-12-21 23:49
16012,1446,7,15.0,2024-12-28 07:15
16013,225,1,23.5,2024-12-25 18:40
16014,211,14,6.5,2025-06-23 07:33
16015,2384,22,30.0,2025-01-11 18:53
16016,78,15,10.0,2025-10-13 12:31
16017,1092,1,39.0,2025-08-11 07:56
16018,1818,24,10.0,2025-06-23 05:32
16019,750,19,4.5,2025-03-06 05:29
16020,1810,15,16.0,2025-09-16 16:19
16021,700,21,6.5,2025-06-24 12:53
16022,1754,6,25.0,2025-08-28 16:38
16023,1506,4,12.0,2024-12-12 23:06
16024,855,17,10.5,2025-03-29 09:49
16025,372,25,26.0,2025-07-26 06:48
16026,365,27,14.5,2025-06-26 16:41
16027,1278,10,33.5,2025-05-08 08:34
16028,1562,5,23.0,2025-03-05 19:05
16029,875,6,11.5,2025-08-27 14:37
16030,1006,25,5.0,2025-10-24 20:02
16031,872,14,11.0,2025-11-06 22:14
16032,490,3,17.0,2025-03-04 14:26
16033,789,20,33.0,2025-10-07 06:34
16034,1983,25,20.5,2025-09-30 09:44
16035,188,20,10.0,2025-04-25 04:04
16036,2313,15,24.0,2025-03-28 03:16
16037,958,26,20.5,2025-10-21 06:26
16038,2179,2,19.5,2025-11-27 07:40
16039,1263,26,18.5,2025-04-09 17:38
16040,1378,2,31.0,2025-02-09 16:17
16041,2127,7,9.5,2025-05-14 21:56
16042,2350,2,4.5,2025-04-12 07:43
16043,1695,7,21.0,2024-12-22 18:25
16044,1478,4,9.5,2025-01-02 02:22
16045,1747,2,15.0,2025-09-21 19:34
16046,663,22,9.5,2025-10-09 17:57
16047,2110,6,30.0,2025-06-06 04:39
16048,49,12,6.5,2025-04-12 03:34
16049,1045,16,25.0,2025-09-23 20:28
16050,1822,23,5.5,2025-11-04 10:55
16051,1872,17,28.5,2025-06-29 01:21
16052,1066,24,17.5,2025-07-01 02:30
16053,1992,12,9.5,2025-03-24 06:53
16054,1731,1,11.0,2025-07-18 02:22
16055,2063,26,33.5,2025-07-19 14:01
16056,1420,27,30.0,2025-05-03 10:52
16057,1758,20,24.0,2025-09-14 07:52
16058,1222,7,16.0,2025-11-10 14:08
16059,1374,26,39.0,2025-01-21 04:35
16060,976,2,4.5,2025-11-03 23:24
16061,1602,4,9.5,2025-03-07 05:07
16062,1850,19,9.5,2025-06-12 05:40
16063,2057,7,35.5,2025-02-13 16:05
16064,2468,11,16.0,2025-07-12 20:23
16065,1807,25,28.0,2025-11-11 18:28
16066,4,20,25.5,2025-11-25 17:56
16067,2331,12,9.5,2025-08-21 17:19
16068,1521,14,27.0,2025-09-22 09:13
16069,2266,16,15.0,2025-03-27 15:57
16070,167,14,14.5,2025-05-14 23:35
16071,952,3,5.0,2025-08-05 01:20
16072,2406,5,26.0,2025-01-24 06:10
16073,1919,26,17.5,2025-01-26 22:07
16074,2315,16,32.5,2025-09-04 08:01
16075,973,9,25.5,2025-04-25 03:54
16076,1387,8,19.0,2025-03-29 12:38
16077,698,13,9.5,2025-05-13 18:59
16078,1692,20,27.0,2025-10-17 19:16
16079,701,17,31.5,2025-02-20 18:21
16080,1146,15,29.0,2025-01-09 20:04
16081,2482,3,21.5,2025-01-12 22:59
16082,1950,18,21.0,2025-10-21 21:44
16083,2470,18,16.0,2025-03-05 04:26
16084,5,17,11.0,2025-11-02 11:30
16085,215,5,41.5,2025-05-05 06:54
16086,39,13,22.5,2025-04-06 02:06
16087,940,21,26.0,2024-12-18 17:31
16088,422,16,21.0,2025-11-02 19:16
16089,1453,1,9.5,2025-04-29 21:52
16090,404,21,16.5,2025-09-14 19:18
16091,2388,16,16.0,2025-04-21 21:51
16092,2115,5,34.5,2025-05-15 06:47
16093,1228,8,16.0,2025-05-26 08:16
16094,62,14,18.0,2025-01-07 08:39
16095,1463,13,20.5,2025-08-10 05:23
16096,2240,1,40.0,2025-04-14 15:05
16097,571,16,37.0,2025-02-10 04:40
16098,1172,22,30.5,2025-06-12 05:33
16099,614,10,30.0,2025-01-16 07:54
16100,716,10,24.0,2025-09-10 20:29
16101,2053,2,24.5,2025-03-13 16:55
16102,317,9,4.5,2025-12-04 14:49
16103,1898,19,35.5,2025-10-13 03:54
16104,80,19,18.5,2025-06-16 21:17
16105,884,4,36.0,2024-12-17 13:53
16106,329,25,22.5,2025-02-20 16:29
16107,2301,17,16.0,2025-01-06 00:35
16108,1359,6,30.0,2024-12-16 19:55
16109,2318,14,22.5,2025-08-28 21:29
16110,609,6,28.0,2025-03-04 23:00
16111,227,11,6.5,2025-07-15 02:17
16112,1042,22,5.5,2025-10-05 04:36
16113,275,9,4.5,2025-04-02 15:14
16114,154,3,18.5,2025-05-05 15:38
16115,1755,7,4.5,2025-04-21 09:56
16116,2408,3,21.0,2025-04-06 19:44
16117,624,27,24.5,2025-09-23 09:58
16118,802,25,28.5,2025-07-09 10:56
16119,1081,26,5.0,2024-12-15 12:02
16120,575,3,16.0,2025-06-21 10:17
16121,2194,5,5.0,2025-03-29 05:20
16122,2204,25,33.0,2025-04-17 21:34
16123,454,19,13.0,2025-09-08 21:14
16124,494,8,30.5,2025-05-21 19:44
16125,1314,23,12.0,2025-03-27 19:06
16126,292,10,34.0,2025-09-22 12:42
16127,2450,9,22.5,2025-07-13 05:40
16128,312,15,10.5,2025-09-02 23:07
16129,1908,10,16.0,2025-04-15 18:42
16130,769,1,16.0,2024-12-10 02:29
16131,1431,17,11.0,2025-08-12 17:26
16132,2316,10,12.0,2025-11-10 04:11
16133,297,26,16.0,2025-10-03 09:27
16134,801,17,35.0,2025-10-30 07:05
16135,1172,25,23.0,2025-04-11 16:19
16136,1422,15,4.5,2025-05-03 09:53
16137,705,2,21.0,2025-12-03 11:36
16138,1489,16,15.0,2025-09-30 23:41
16139,2054,2,18.5,2025-03-15 11:12
16140,510,7,35.5,2025-06-07 15:50
16141,315,9,26.5,2025-10-10 22:59
16142,1220,26,4.5,2025-07-14 13:32
16143,2233,16,21.5,2025-09-16 23:25
16144,58,9,15.0,2025-03-16 01:03
16145,1020,8,4.5,2024-12-29 16:24
16146,2102,25,32.5,2025-07-08 11:40
16147,1330,20,37.5,2025-07-13 20:20
16148,341,11,21.0,2025-01-31 17:51
16149,1331,17,24.5,2025-06-27 15:29
16150,936,12,22.5,2025-10-30 07:02
16151,438,4,19.0,2025-01-24 10:22
16152,1550,27,15.0,2025-06-24 00:12
16153,214,23,31.0,2025-06-07 14:48
16154,1742,11,4.5,2025-11-30 14:43
16155,2414,6,5.5,2025-01-19 05:56
16156,1291,25,24.5,2025-11-10 20:15
16157,1623,6,6.5,2025-09-04 21:53
16158,1249,7,9.5,2025-09-19 13:10
16159,107,15,16.0,2025-11-18 21:57
16160,59,15,19.0,2024-12-10 22:15
16161,1896,16,30.0,2025-10-18 01:21
16162,416,18,28.0,2024-12-09 21:59
16163,2478,27,6.5,2025-02-10 15:19
16164,168,13,34.0,2025-03-03 14:48
16165,1143,11,18.5,2025-11-05 21:26
16166,872,1,26.0,2025-09-20 19:29
16167,2248,16,15.0,2025-04-07 10:44
16168,392,11,6.5,2025-05-19 05:53
16169,847,18,16.0,2025-01-15 07:33
16170,755,15,34.0,2025-01-01 07:43
16171,734,27,24.0,2025-07-08 14:58
16172,2100,1,24.0,2025-10-11 08:49
16173,928,13,30.0,2025-02-19 16:34
16174,1242,1,21.0,2025-09-10 18:26
16175,1577,24,25.0,2025-10-03 11:20
16176,1886,13,29.0,2025-04-03 14:21
16177,1610,12,4.5,2025-10-03 02:07
16178,628,16,37.0,2025-09-04 08:55
16179,455,12,14.0,2025-04-09 13:48
16180,147,21,32.5,2025-09-28 10:17
16181,1132,2,33.5,2025-05-22 07:59
16182,636,18,17.5,2025-07-28 12:40
16183,57,23,27.0,2025-04-05 09:28
16184,660,23,19.5,2025-12-04 10:05
16185,1147,27,15.0,2025-11-15 20:34
16186,2395,21,21.5,2025-02-13 02:11
16187,2083,7,11.0,2025-03-22 09:10
16188,2042,15,18.5,2025-11-09 13:41
16189,1217,2,15.5,2025-06-20 01:53
16190,81,14,19.5,2025-08-10 15:31
16191,15,22,15.0,2025-11-07 23:55
16192,1619,3,30.5,2025-12-04 18:17
16193,2265,9,24.0,2025-04-13 03:04
16194,73,10,4.5,2025-08-24 10:02
16195,1766,10,16.0,2025-05-13 02:35
16196,330,8,36.0,2025-07-20 02:18
16197,1695,13,9.5,2025-07-11 23:34
16198,2069,1,11.0,2025-03-01 07:51
16199,589,24,9.5,2025-03-13 01:56
16200,1115,12,25.0,2025-07-01 18:21
16201,395,13,14.5,2025-08-19 04:50
16202,767,12,5.0,2024-12-17 15:11
16203,2288,23,32.5,2025-07-01 23:48
16204,1519,3,39.5,2025-02-04 07:01
16205,1216,1,34.5,2025-07-06 19:12
16206,1848,21,16.0,2024-12-11 00:12
16207,855,19,31.0,2025-02-03 19:42
16208,249,26,10.5,2025-06-21 00:16
16209,1169,25,12.0,2025-02-18 10:55
16210,1442,14,20.5,2025-11-23 10:04
16211,637,26,23.5,2025-03-19 09:35
16212,1430,3,34.5,2025-02-05 09:24
16213,2072,3,9.5,2025-01-20 17:29
16214,943,1,4.5,2025-06-16 15:00
16215,2072,17,14.0,2025-10-30 07:21
16216,1773,23,17.5,2025-01-23 12:11
16217,765,20,5.0,2025-08-08 09:51
16218,317,13,21.0,2025-09-13 04:11
16219,1746,5,28.5,2025-08-31 09:43
16220,869,22,34.5,2025-11-05 00:54
16221,1548,12,26.5,2025-08-30 03:27
16222,5,3,6.5,2025-10-31 09:42
16223,1746,8,9.5,2025-02-25 20:17
16224,2339,9,19.5,2025-04-29 22:47
16225,842,17,23.5,2025-05-14 09:49
16226,862,15,5.0,2025-01-20 22:14
16227,790,4,13.0,2025-09-03 02:00
16228,2025,23,15.0,2025-08-11 23:30
16229,1333,8,15.5,2025-08-04 19:47
16230,1085,11,11.5,2025-02-11 14:09
16231,1951,21,32.5,2025-09-03 01:47
16232,2137,20,32.0,2025-03-27 22:45
16233,352,14,29.5,2025-02-12 08:55
16234,577,21,30.0,2025-08-18 15:50
16235,974,4,11.5,2024-12-24 16:19
16236,2328,14,5.5,2025-06-21 00:57
16237,1357,19,16.5,2025-10-22 00:42
16238,1105,14,10.0,2025-01-21 17:26
16239,1890,16,10.5,2025-07-13 07:20
16240,2206,14,30.0,2024-12-19 01:38
16241,1131,7,27.0,2025-04-20 15:54
16242,859,27,23.5,2025-10-16 12:06
16243,924,14,19.5,2025-11-29 07:42
16244,2232,4,26.0,2025-08-28 23:22
16245,587,8,23.5,2025-06-23 07:46
16246,67,20,28.0,2025-04-22 06:34
16247,1321,13,41.5,2025-03-10 00:22
16248,1496,14,6.5,2025-07-11 21:51
16249,786,18,20.5,2025-04-20 01:39
16250,390,25,14.0,2025-07-25 04:55
16251,2185,25,26.0,2025-04-18 17:07
16252,1898,12,11.0,2025-02-23 08:21
16253,1748,2,31.0,2025-02-24 13:17
16254,2265,18,14.5,2025-03-05 02:39
16255,27,13,29.5,2024-12-27 16:26
16256,1585,20,19.0,2025-01-28 10:41
16257,1111,4,10.0,2025-05-26 13:16
16258,659,12,17.0,2025-02-14 07:14
16259,1031,7,25.5,2025-06-04 16:14
16260,1932,20,17.0,2025-05-12 08:33
16261,1135,5,16.0,2025-08-31 14:55
16262,654,2,17.5,2025-11-02 15:26
16263,1876,18,11.5,2025-07-08 10:42
16264,2067,19,14.0,2025-10-04 15:05
16265,1526,17,4.5,2025-03-20 17:20
16266,2209,5,16.5,2025-06-18 04:46
16267,453,14,13.0,2025-05-21 02:42
16268,1575,25,12.0,2025-07-09 06:48
16269,2195,17,16.5,2025-03-10 07:07
16270,2388,12,6.5,2025-08-26 06:50
16271,1836,18,24.5,2025-04-20 23:53
16272,1767,4,29.0,2025-06-04 17:22
16273,1746,17,19.0,2025-01-09 20:33
16274,100,1,4.5,2025-03-07 20:15
16275,2077,16,10.5,2025-01-14 01:41
16276,1321,11,5.5,2025-06-01 11:36
16277,151,3,31.0,2025-08-16 07:28
16278,1187,5,24.5,2025-07-28 10:09
16279,1249,24,23.5,2025-12-03 00:29
16280,662,1,12.0,2025-06-03 23:55
16281,530,6,15.5,2024-12-21 05:15
16282,2128,7,19.5,2025-07-26 13:55
16283,1320,9,19.0,2024-12-11 02:35
16284,2325,24,38.0,2025-04-06 12:04
16285,2285,11,10.0,2025-11-15 08:54
16286,352,4,20.5,2025-05-10 20:11
16287,795,3,9.5,2025-03-08 06:32
16288,253,11,14.5,2025-10-23 18:10
16289,1313,5,24.5,2025-02-06 14:11
16290,1550,21,5.5,2025-10-27 16:11
16291,1951,21,19.5,2025-05-20 00:36
16292,2355,5,28.0,2025-09-14 07:50
16293,1965,10,6.5,2025-06-28 08:30
16294,1975,2,15.5,2025-06-15 05:07
16295,1064,17,5.0,2025-04-15 21:50
16296,1157,6,18.5,2025-04-05 07:46
16297,67,18,9.0,2025-01-15 01:41
16298,998,4,26.0,2025-11-13 23:34
16299,2247,10,18.5,2025-05-24 23:59
16300,1466,6,10.5,2025-02-17 19:08
16301,2213,24,11.0,2025-01-14 10:36
16302,2216,10,6.5,2025-03-10 05:16
16303,755,17,41.5,2025-11-12 06:12
16304,2229,14,22.5,2025-11-09 03:23
16305,74,8,16.5,2024-12-27 18:54
16306,1231,25,18.5,2024-12-18 05:58
16307,2080,5,38.5,2025-07-27 04:28
16308,687,22,31.0,2025-04-27 02:56
16309,670,23,24.5,2025-08-28 16:14
16310,1711,23,15.5,2025-06-10 17:36
16311,44,27,17.5,2025-08-27 11:36
16312,1942,2,11.0,2025-07-02 16:47
16313,1174,16,6.5,2025-01-25 12:55
16314,42,21,20.0,2025-09-12 22:17
16315,605,20,5.0,2025-07-13 09:05
16316,676,25,9.5,2025-01-01 14:10
16317,623,14,30.0,2025-02-17 12:12
16318,542,19,20.5,2025-01-13 20:17
16319,358,3,10.0,2025-11-26 12:13
16320,1654,24,5.5,2025-02-10 22:58
16321,407,26,5.0,2025-08-04 16:11
16322,1530,21,24.0,2025-09-10 09:54
16323,881,25,9.5,2025-10-15 10:25
16324,775,10,26.5,2025-10-17 04:46
16325,1967,21,26.5,2025-07-30 12:14
16326,221,20,23.0,2025-03-30 02:48
16327,707,5,31.0,2025-09-27 09:49
16328,2108,22,6.5,2025-02-06 22:27
16329,921,22,9.0,2025-03-03 12:44
16330,2385,6,24.5,2024-12-11 13:23
16331,825,9,6.5,2025-06-29 04:27
16332,197,16,32.5,2025-02-16 16:19
16333,16,22,24.5,2025-05-24 05:16
16334,1418,2,11.0,2024-12-24 06:21
16335,2141,27,27.5,2025-06-26 18:59
16336,869,6,26.5,2025-08-15 13:41
16337,29,10,5.5,2025-04-26 01:28
16338,2431,8,5.0,2025-10-02 23:54
16339,2092,21,27.0,2025-08-14 10:30
16340,1544,3,4.5,2025-02-17 15:34
16341,496,2,6.5,2025-01-12 04:37
16342,1273,2,19.0,2025-07-17 01:14
16343,1476,21,9.5,2025-04-25 22:16
16344,2490,12,11.5,2025-10-21 11:59
16345,1002,5,31.0,2025-03-24 15:54
16346,1407,26,29.0,2025-01-14 13:33
16347,927,19,20.5,2025-03-19 10:14
16348,1693,4,16.5,2025-04-16 06:07
16349,1626,4,10.0,2025-02-16 04:47
16350,479,20,19.0,2025-09-09 22:53
16351,238,23,5.5,2025-07-26 11:23
16352,591,2,24.5,2025-05-19 01:59
16353,789,1,28.5,2025-03-16 13:59
16354,2437,13,23.5,2025-07-14 12:13
16355,2447,22,28.5,2024-12-07 12:32
16356,1811,9,6.5,2025-06-11 04:24
16357,1069,21,24.5,2025-10-08 17:27
16358,641,10,15.0,2025-05-30 23:22
16359,2355,17,6.5,2025-11-27 11:11
16360,589,19,18.0,2025-04-24 10:46
16361,1375,7,19.0,2025-04-30 23:54
16362,26,25,22.0,2025-09-23 22:56
16363,1028,27,16.0,2025-11-03 14:34
16364,2386,19,16.5,2025-01-01 14:17
16365,523,3,14.0,2025-04-10 17:32
16366,2466,17,14.5,2025-05-17 04:30
16367,1635,18,22.5,2025-01-26 12:55
16368,1744,5,5.5,2024-12-23 17:45
16369,1375,22,30.0,2025-03-16 17:44
16370,2035,1,27.5,2025-08-08 06:01
16371,123,20,4.5,2025-05-23 03:14
16372,2304,6,21.5,2025-02-14 14:57
16373,2436,2,4.5,2025-01-22 03:07
16374,1939,25,35.0,2025-05-12 07:26
16375,1451,23,12.0,2025-03-27 19:15
16376,2413,9,16.0,2025-07-01 14:43
16377,2161,3,5.0,2025-07-25 14:56
16378,2339,4,20.5,2025-11-05 15:34
16379,2085,16,11.0,2025-04-11 10:55
16380,213,20,12.0,2025-05-21 06:58
16381,1135,11,24.0,2025-08-31 16:29
16382,42,9,26.0,2025-09-24 04:23
16383,670,6,9.5,2025-11-08 08:41
16384,741,25,4.5,2025-07-30 09:01
16385,2293,1,14.0,2025-11-29 02:38
16386,1270,27,28.5,2025-08-04 17:05
16387,559,7,40.0,2024-12-21 21:35
16388,1014,22,5.5,2025-09-04 12:10
16389,2078,8,11.5,2025-05-24 23:56
16390,1377,26,33.5,2025-01-26 11:41
16391,1198,4,6.5,2025-09-05 00:59
16392,717,18,4.5,2025-03-15 22:55
16393,1790,15,11.5,2025-06-12 11:21
16394,251,3,17.0,2025-01-02 08:35
16395,1847,24,19.0,2025-10-16 21:43
16396,2100,8,25.0,2025-11-22 05:45
16397,428,16,20.0,2025-10-25 16:24
16398,2289,15,9.5,2025-07-13 17:55
16399,2202,12,14.5,2025-11-26 20:12
16400,1070,11,5.0,2025-11-24 08:38
16401,1609,14,11.0,2025-08-17 05:13
16402,522,20,22.0,2025-08-18 02:42
16403,561,1,22.0,2025-07-12 05:21
16404,1785,15,34.0,2024-12-17 01:33
16405,2253,20,16.0,2025-07-01 07:32
16406,161,1,25.0,2025-04-21 01:41
16407,1872,3,26.5,2025-07-20 19:57
16408,2094,16,9.0,2025-02-20 18:56
16409,147,17,4.5,2025-07-08 02:20
16410,253,25,18.0,2025-01-08 04:32
16411,2316,6,17.5,2025-04-01 06:45
16412,2219,16,11.0,2025-03-26 01:52
16413,676,25,22.5,2024-12-29 03:25
16414,569,3,10.0,2025-10-23 08:27
16415,828,18,11.0,2025-04-08 10:40
16416,655,23,11.0,2025-08-30 02:26
16417,1769,20,15.0,2025-06-14 06:24
16418,296,25,35.0,2025-10-15 20:47
16419,1030,8,22.0,2025-02-10 06:56
16420,1198,18,20.5,2024-12-16 19:45
16421,1587,26,18.0,2025-09-28 21:46
16422,302,12,11.0,2025-03-05 10:50
16423,1963,9,19.0,2025-02-22 01:46
16424,2457,3,19.0,2025-09-18 01:24
16425,2122,12,10.0,2024-12-29 06:54
16426,2184,2,5.5,2025-07-22 02:20
16427,2198,5,15.0,2025-10-12 00:51
16428,1703,25,12.0,2025-03-11 15:16
16429,1787,7,35.0,2025-03-23 15:59
16430,1878,7,21.5,2025-07-03 09:14
16431,190,23,23.5,2025-11-17 06:04
16432,515,11,9.5,2025-05-23 13:13
16433,2425,19,4.5,2025-01-27 19:47
16434,89,21,34.5,2025-03-16 17:40
16435,2054,22,17.5,2025-09-17 05:22
16436,945,12,6.5,2025-03-14 07:02
16437,2466,27,25.0,2025-11-01 16:49
16438,859,3,26.0,2025-11-02 11:30
16439,701,26,30.0,2025-06-04 19:54
16440,1953,19,19.0,2025-04-13 21:53
16441,627,18,9.5,2025-08-04 00:54
16442,165,24,17.5,2025-01-09 23:23
16443,2366,7,4.5,2025-02-11 02:36
16444,365,20,19.5,2025-11-27 04:10
16445,526,14,16.5,2024-12-22 11:53
16446,584,25,21.5,2025-06-19 23:40
16447,2023,17,28.0,2025-05-31 21:20
16448,737,10,9.0,2025-12-01 21:53
16449,799,12,27.0,2024-12-26 08:36
16450,859,15,24.0,2025-04-05 08:28
16451,58,24,25.5,2025-10-14 09:42
16452,1190,6,18.0,2025-03-20 02:24
16453,1967,10,34.0,2025-10-29 04:02
16454,499,6,25.5,2025-11-20 16:26
16455,54,6,33.0,2025-08-20 23:38
16456,1204,26,10.5,2025-05-28 10:16
16457,300,16,6.5,2025-01-12 02:59
16458,1076,23,5.5,2025-07-02 07:49
16459,2092,7,20.5,2025-08-30 08:44
16460,1036,26,31.5,2025-07-21 13:46
16461,500,6,4.5,2025-09-02 19:02
16462,338,15,22.5,2025-01-24 22:29
16463,768,3,15.0,2025-09-30 09:58
16464,1424,27,9.5,2025-10-08 16:22
16465,1395,9,17.5,2025-03-23 15:32
16466,1722,10,31.5,2025-11-22 18:40
16467,2268,11,19.5,2025-03-31 20:11
16468,997,17,32.0,2025-07-07 17:29
16469,1293,21,28.0,2025-02-25 03:25
16470,953,16,24.5,2025-07-31 13:29
16471,159,16,10.5,2025-06-22 03:08
16472,2337,15,11.0,2025-01-27 02:18
16473,894,10,16.5,2025-03-11 12:23
16474,2418,27,32.5,2025-02-26 19:01
16475,2152,23,36.0,2025-04-26 19:43
16476,1016,13,28.5,2025-04-16 13:44
16477,2180,17,14.0,2025-02-04 21:47
16478,2163,6,26.5,2025-04-18 13:54
16479,70,12,34.5,2025-04-11 16:08
16480,1406,9,6.5,2025-02-13 00:07
16481,2136,6,4.5,2025-04-21 12:14
16482,461,26,9.5,2025-02-08 23:08
16483,270,26,19.0,2025-09-01 19:11
16484,1053,16,29.5,2025-04-05 07:58
16485,1000,23,26.0,2025-09-08 21:33
16486,667,4,19.5,2025-06-17 03:28
16487,2066,13,5.5,2025-07-29 01:13
16488,1093,18,25.5,2025-04-25 02:08
16489,1397,27,24.0,2025-02-07 10:12
16490,337,8,27.0,2025-11-06 11:21
16491,1148,5,23.5,2025-02-18 12:45
16492,643,26,16.5,2025-08-25 17:19
16493,254,25,5.0,2025-02-02 11:47
16494,1842,12,24.5,2025-08-18 21:21
16495,473,11,11.5,2025-08-10 15:46
16496,367,13,9.5,2025-07-04 16:21
16497,215,9,21.5,2025-11-06 07:41
16498,1232,5,9.0,2025-01-19 08:00
16499,499,21,4.5,2025-06-28 12:58
16500,1729,26,32.5,2025-07-07 16:28
16501,740,7,33.5,2025-08-10 23:49
16502,2355,16,16.5,2025-08-08 12:21
16503,2188,19,9.5,2025-01-28 04:19
16504,1042,5,30.5,2025-10-29 00:46
16505,1007,8,17.5,2025-02-26 14:14
16506,792,7,19.0,2025-09-07 06:22
16507,875,23,33.0,2025-12-01 22:49
16508,1348,13,10.0,2025-09-30 12:17
16509,1497,3,6.5,2025-07-17 18:18
16510,896,19,20.0,2025-04-10 05:01
16511,1328,23,31.0,2025-03-21 00:35
16512,2166,7,11.0,2025-01-01 03:50
16513,1210,16,44.5,2025-08-25 15:17
16514,285,20,31.5,2025-11-03 05:32
16515,937,26,15.0,2025-01-06 17:09
16516,2265,18,5.5,2025-07-01 04:40
16517,789,15,14.5,2025-11-24 01:54
16518,1906,15,29.5,2025-03-24 13:56
16519,1913,14,21.5,2025-10-14 03:10
16520,633,15,31.5,2025-10-20 19:26
16521,2233,6,10.0,2025-06-04 07:58
16522,1328,11,5.5,2025-06-02 05:53
16523,2461,9,31.5,2025-11-16 22:37
16524,15,8,16.0,2025-10-25 07:50
16525,1374,25,15.5,2025-04-11 03:40
16526,623,11,19.0,2025-02-27 05:57
16527,900,21,6.5,2025-11-29 00:19
16528,2007,5,4.5,2025-05-01 18:00
16529,737,11,15.5,2025-02-07 13:20
16530,2060,12,17.0,2025-06-15 02:35
16531,2281,14,13.0,2025-05-22 20:14
16532,450,9,15.0,2025-03-17 21:04
16533,1858,18,20.5,2025-02-05 00:18
16534,1302,15,17.5,2025-09-18 02:47
16535,871,15,27.0,2025-04-07 05:14
16536,829,24,35.0,2024-12-18 13:10
16537,1619,25,15.0,2025-03-21 02:01
16538,1256,2,30.5,2025-02-25 10:18
16539,1646,6,14.5,2025-04-27 16:34
16540,1192,13,26.0,2025-08-31 20:40
16541,2496,26,19.5,2025-08-27 16:31
16542,1080,3,6.5,2025-05-02 19:28
16543,279,20,31.0,2025-05-08 08:57
16544,687,13,22.0,2025-06-10 14:17
16545,1543,18,10.5,2025-08-16 03:43
16546,1566,17,21.0,2025-05-22 07:06
16547,1062,15,34.5,2025-08-15 06:28
16548,2099,16,9.5,2025-04-29 02:42
16549,2309,25,25.5,2025-05-15 15:58
16550,2032,27,25.0,2025-01-10 10:33
16551,407,18,24.5,2025-08-28 06:07
16552,638,27,36.5,2025-11-27 07:52
16553,679,7,28.0,2025-05-15 15:39
16554,2056,19,27.5,2025-07-17 23:25
16555,1174,21,16.5,2025-11-08 17:04
16556,1730,27,5.5,2024-12-27 22:50
16557,1152,7,30.5,2025-01-18 23:49
16558,1821,5,19.5,2025-07-22 01:47
16559,2079,4,17.0,2025-04-14 12:25
16560,1025,7,21.0,2025-12-06 06:13
16561,773,8,10.0,2025-06-18 21:20
16562,1891,20,4.5,2025-10-12 18:55
16563,798,11,24.0,2025-09-17 16:15
16564,1073,24,5.5,2025-11-15 23:07
16565,1674,26,40.0,2025-02-24 02:25
16566,1007,23,10.0,2025-07-08 19:44
16567,1884,15,6.5,2025-04-05 03:21
16568,151,23,31.0,2025-09-03 15:24
16569,973,5,16.5,2025-01-21 12:08
16570,1402,26,16.0,2025-01-18 14:37
16571,824,16,9.0,2025-08-01 13:10
16572,634,27,14.0,2025-01-31 23:58
16573,944,16,24.5,2025-10-14 00:47
16574,2264,27,22.5,2025-09-21 10:19
16575,2165,24,24.5,2025-03-14 20:07
16576,652,23,17.0,2025-10-17 12:18
16577,852,17,19.0,2025-04-19 16:57
16578,2430,16,15.0,2025-06-17 12:30
16579,2477,13,31.0,2025-05-02 23:33
16580,1755,13,11.5,2025-07-06 16:49
16581,337,15,19.5,2025-05-28 09:58
16582,1083,26,5.5,2025-09-01 17:20
16583,2058,7,14.0,2025-10-01 09:20
16584,1754,2,15.5,2025-09-04 00:02
16585,720,3,29.0,2025-03-31 03:46
16586,2216,20,14.5,2025-09-28 10:22
16587,1523,3,37.0,2025-07-14 02:20
16588,2049,18,9.5,2025-01-19 06:08
16589,1688,15,24.0,2025-07-23 20:27
16590,1737,23,17.0,2025-10-24 08:11
16591,304,10,4.5,2025-01-10 15:54
16592,475,19,10.0,2025-07-09 22:21
16593,1122,26,35.5,2025-10-05 06:05
16594,1368,3,21.0,2025-03-08 09:47
16595,1611,8,30.5,2025-04-03 17:46
16596,1107,13,20.0,2025-10-04 21:52
16597,1117,10,5.5,2025-12-02 10:00
16598,1966,16,32.0,2025-11-12 09:27
16599,48,9,14.5,2025-09-09 21:02
16600,679,15,29.0,2025-09-09 09:37
16601,1866,27,21.5,2025-03-17 14:39
16602,511,16,6.5,2025-06-20 15:34
16603,2125,10,29.5,2025-10-10 20:14
16604,1707,19,11.0,2025-05-19 01:30
16605,2277,22,6.5,2025-02-09 15:11
16606,1676,21,31.0,2025-06-17 02:22
16607,1593,7,15.5,2024-12-20 20:39
16608,1783,2,17.0,2025-12-05 03:04
16609,1615,3,5.5,2025-10-04 22:13
16610,2326,20,33.5,2025-08-12 09:10
16611,2302,17,10.0,2024-12-12 03:23
16612,1415,18,5.5,2025-02-25 22:21
16613,800,16,24.0,2025-10-06 11:43
16614,975,23,32.0,2025-03-09 12:03
16615,2131,23,15.0,2025-06-15 06:00
16616,2225,6,5.0,2025-02-08 18:46
16617,2463,1,17.5,2025-05-12 21:01
16618,1148,12,26.0,2025-11-30 23:55
16619,324,9,10.5,2025-05-25 15:47
16620,777,3,25.5,2024-12-18 04:22
16621,1882,7,19.5,2025-07-21 12:53
16622,1565,10,11.5,2024-12-12 02:12
16623,406,24,4.5,2025-11-03 05:28
16624,1421,22,33.0,2025-06-26 23:22
16625,311,23,11.5,2025-04-26 04:13
16626,178,24,15.0,2025-09-26 19:09
16627,823,15,24.5,2025-11-10 17:13
16628,1026,1,18.5,2025-07-03 16:50
16629,122,19,18.5,2025-07-31 09:41
16630,1150,1,30.0,2025-08-28 11:12
16631,2196,24,10.5,2025-07-15 22:49
16632,1360,22,22.0,2025-09-07 15:52
16633,2338,5,38.0,2025-10-08 03:40
16634,496,6,34.0,2025-03-26 04:43
16635,1677,18,21.5,2025-04-17 21:58
16636,1828,18,18.0,2024-12-16 22:13
16637,962,24,6.5,2025-02-12 00:46
16638,977,3,9.5,2024-12-10 21:27
16639,1313,27,21.5,2024-12-17 04:51
16640,1556,9,24.0,2025-05-08 03:26
16641,2133,11,5.0,2025-11-08 17:40
16642,780,13,11.0,2025-04-12 11:49
16643,2494,20,35.0,2025-05-30 11:44
16644,1018,22,27.0,2025-04-05 04:37
16645,2098,27,19.0,2025-04-23 14:40
16646,254,13,10.0,2025-10-06 18:55
16647,927,26,25.5,2025-10-18 06:11
16648,1706,20,16.0,2025-06-27 23:43
16649,600,27,12.0,2025-10-15 02:11
16650,2032,24,6.5,2025-03-18 22:19
16651,1491,22,26.5,2025-11-18 09:51
16652,408,26,25.5,2024-12-25 05:04
16653,588,18,27.5,2025-05-28 07:05
16654,2189,20,15.0,2025-09-20 15:29
16655,2495,26,16.0,2025-08-17 21:29
16656,1989,7,16.0,2025-08-25 19:29
16657,1352,21,17.0,2025-09-21 13:39
16658,2222,21,12.0,2025-09-14 06:20
16659,15,23,12.0,2025-12-03 04:23
16660,181,3,28.0,2025-07-25 04:18
16661,321,5,11.5,2025-08-20 08:41
16662,71,27,22.0,2025-09-20 23:40
16663,667,20,13.0,2025-07-29 13:26
16664,2147,21,20.5,2025-04-11 02:40
16665,2329,22,17.0,2025-02-06 11:46
16666,2273,6,31.5,2025-01-10 20:56
16667,991,16,21.5,2025-07-08 13:39
16668,464,20,5.5,2025-03-14 11:39
16669,1218,21,23.0,2024-12-26 12:07
16670,2080,17,6.5,2025-06-08 18:49
16671,1961,25,14.5,2025-07-16 11:11
16672,168,20,9.5,2025-09-25 02:47
16673,349,4,14.0,2025-08-16 05:37
16674,538,14,19.5,2024-12-25 17:52
16675,438,22,10.0,2025-06-22 19:12
16676,317,21,16.0,2025-04-24 15:17
16677,649,7,6.5,2025-04-20 21:26
16678,255,17,11.0,2025-01-08 05:25
16679,1315,2,9.5,2025-09-19 00:12
16680,555,19,5.5,2025-08-24 17:35
16681,1025,11,24.0,2025-05-09 21:46
16682,2367,22,4.5,2025-03-02 08:47
16683,940,16,9.5,2025-11-06 11:50
16684,2241,7,28.5,2025-02-10 13:55
16685,1331,22,19.0,2025-03-07 05:01
16686,661,26,5.5,2025-10-10 10:51
16687,132,3,27.5,2025-06-04 14:38
16688,1070,23,20.5,2025-10-25 02:07
16689,1879,1,4.5,2025-09-20 15:20
16690,889,5,5.5,2025-03-11 05:49
16691,975,12,21.0,2025-01-27 03:44
16692,1398,6,9.5,2025-10-06 19:55
16693,884,19,30.0,2025-08-12 00:00
16694,887,19,33.0,2025-06-25 00:29
16695,338,5,19.5,2025-05-02 23:51
16696,1379,6,26.0,2025-04-13 00:06
16697,713,5,10.0,2024-12-14 14:41
16698,2133,14,4.5,2025-10-05 19:52
16699,888,10,26.5,2025-08-11 23:54
16700,506,4,29.0,2025-08-19 00:33
16701,1501,2,23.5,2025-01-27 07:17
16702,1217,1,30.5,2025-01-04 03:00
16703,2070,3,11.0,2024-12-13 07:16
16704,1560,6,22.0,2025-07-02 08:33
16705,2038,7,5.0,2025-08-11 10:20
16706,253,24,15.0,2024-12-21 16:00
16707,1889,22,21.5,2025-11-10 14:54
16708,1913,24,14.5,2025-01-11 05:48
16709,1494,27,9.5,2025-03-23 16:28
16710,873,13,14.5,2024-12-27 16:13
16711,1491,13,9.5,2025-01-25 21:01
16712,619,16,11.0,2025-11-09 01:04
16713,163,18,12.0,2025-08-25 11:41
16714,2038,8,32.0,2025-08-27 09:43
16715,1144,19,6.5,2025-03-08 08:13
16716,781,9,6.5,2025-09-17 20:42
16717,1784,17,11.5,2024-12-29 09:55
16718,1530,3,14.0,2025-03-14 17:40
16719,1393,24,9.5,2024-12-15 01:22
16720,392,10,12.0,2025-09-28 21:42
16721,2149,24,20.5,2025-07-17 20:45
16722,815,2,24.5,2025-02-28 01:44
16723,749,22,21.5,2025-07-05 01:03
16724,842,1,9.5,2025-07-06 02:43
16725,261,1,24.0,2025-05-07 07:17
16726,2044,6,5.0,2025-03-16 02:27
16727,1752,18,16.0,2025-08-08 17:19
16728,60,26,28.5,2025-06-15 09:03
16729,1623,11,6.5,2025-01-09 07:01
16730,1962,2,9.5,2025-10-12 11:36
16731,728,14,5.5,2025-05-10 13:46
16732,2030,12,6.5,2025-09-01 14:44
16733,26,12,25.0,2025-11-14 05:07
16734,1677,17,32.5,2025-02-26 02:08
16735,1086,13,33.5,2025-08-02 14:58
16736,415,26,26.5,2025-08-07 01:46
16737,343,21,5.0,2025-02-01 00:07
16738,2008,14,27.0,2025-06-21 05:00
16739,1185,12,24.0,2025-03-26 15:11
16740,325,15,11.5,2025-09-17 17:26
16741,2354,6,11.0,2025-07-16 13:44
16742,2316,19,4.5,2025-08-12 04:07
16743,2143,22,30.0,2024-12-24 07:56
16744,2383,11,5.5,2025-02-18 17:22
16745,1269,21,5.0,2025-09-18 20:17
16746,133,22,15.5,2025-05-22 04:06
16747,2374,27,14.0,2025-06-22 22:22
16748,1833,24,9.5,2025-10-29 10:36
16749,2323,26,20.5,2025-08-18 21:21
16750,407,13,15.0,2025-03-16 07:24
16751,890,2,20.5,2025-03-25 02:24
16752,589,27,5.5,2025-02-21 03:51
16753,2002,25,11.0,2025-02-20 13:18
16754,708,16,19.0,2025-04-12 03:58
16755,1226,11,9.5,2025-05-14 22:31
16756,261,14,4.5,2025-10-16 09:34
16757,188,13,11.0,2025-04-05 17:14
16758,310,23,30.0,2024-12-22 15:47
16759,1052,26,16.0,2025-01-02 23:11
16760,853,14,22.0,2025-02-05 18:08
16761,436,12,21.5,2024-12-29 01:43
16762,1774,18,36.5,2025-07-04 22:17
16763,1374,27,19.5,2025-07-04 07:04
16764,2222,10,20.5,2025-02-15 03:07
16765,1039,20,25.0,2025-01-21 04:41
16766,1493,2,21.0,2025-06-18 11:25
16767,1940,27,28.5,2025-08-12 22:14
16768,1409,3,32.0,2025-10-11 15:58
16769,2103,26,14.5,2025-08-05 07:05
16770,2211,24,4.5,2025-03-08 11:33
16771,1664,24,5.0,2025-07-31 01:40
16772,1437,17,19.0,2025-04-18 15:06
16773,282,16,16.0,2025-04-27 03:50
16774,1057,14,14.5,2025-08-13 18:21
16775,2463,19,30.0,2025-01-29 14:42
16776,1441,10,27.5,2025-02-20 11:11
16777,1660,24,31.5,2025-02-28 12:45
16778,34,12,9.5,2025-11-22 21:24
16779,2205,17,18.5,2025-07-22 19:42
16780,199,25,15.0,2025-11-04 14:00
16781,170,1,20.5,2025-03-14 07:17
16782,725,14,30.5,2025-10-05 08:59
16783,728,6,5.0,2025-05-26 20:32
16784,698,22,5.0,2025-05-04 00:23
16785,444,4,11.5,2025-02-03 11:29
16786,1968,21,30.5,2025-04-12 15:37
16787,1063,7,16.5,2025-01-31 20:14
16788,460,1,5.0,2025-03-16 09:24
16789,850,1,9.5,2025-08-28 05:20
16790,2238,13,16.0,2025-09-11 22:56
16791,766,18,9.5,2025-05-11 22:15
16792,2333,27,19.0,2025-10-01 01:34
16793,1994,17,26.0,2025-11-18 11:58
16794,1555,26,31.5,2025-07-20 15:17
16795,2054,12,11.0,2025-03-19 10:17
16796,1746,11,5.5,2025-03-31 02:17
16797,1152,24,6.5,2025-05-29 12:13
16798,2254,12,11.0,2024-12-24 07:34
16799,1103,23,4.5,2025-07-16 15:08
16800,1270,27,14.5,2024-12-09 17:30
16801,257,16,19.0,2025-06-16 15:44
16802,809,24,29.0,2025-08-03 06:54
16803,1995,12,24.5,2025-03-08 11:00
16804,814,20,28.0,2025-11-13 04:38
16805,47,12,19.5,2025-07-24 00:41
16806,1662,4,24.5,2025-06-10 19:26
16807,972,12,5.5,2025-05-25 16:31
16808,109,24,27.0,2025-08-09 04:22
16809,1275,24,19.0,2025-11-01 14:30
16810,2231,18,14.0,2025-04-05 01:08
16811,821,14,20.0,2025-11-05 15:02
16812,16,19,26.0,2025-08-09 05:03
16813,107,12,6.5,2025-06-29 18:27
16814,1378,11,9.5,2025-01-29 09:43
16815,2042,4,17.0,2025-04-22 21:46
16816,1592,1,9.5,2025-11-14 21:57
16817,511,11,9.5,2025-10-20 16:08
16818,2166,11,26.5,2025-03-19 21:24
16819,2171,8,15.0,2024-12-24 21:37
16820,2091,11,11.5,2025-05-19 18:55
16821,605,5,16.0,2025-09-13 19:37
16822,647,10,21.5,2024-12-16 19:54
16823,1640,12,12.0,2025-06-21 11:10
16824,974,6,10.5,2025-10-05 07:53
16825,923,7,24.5,2025-01-05 03:43
16826,561,4,12.0,2025-04-03 10:06
16827,2073,18,12.0,2025-02-08 02:23
16828,1245,16,21.0,2025-09-18 12:23
16829,1850,25,4.5,2025-03-12 04:54
16830,2293,26,19.0,2025-06-05 16:18
16831,1123,27,16.0,2025-07-20 03:05
16832,1400,2,10.0,2025-04-10 02:14
16833,2387,2,11.5,2025-08-10 14:13
16834,1979,19,30.5,2025-05-01 23:06
16835,1503,22,5.5,2025-01-30 19:24
16836,48,14,6.5,2025-06-06 01:48
16837,496,22,24.5,2025-12-03 12:15
16838,715,16,27.0,2025-04-07 21:58
16839,1498,10,5.0,2025-02-13 08:32
16840,1389,8,26.0,2025-06-30 20:30
16841,22,15,6.5,2025-02-12 01:33
16842,672,11,31.0,2025-01-12 11:43
16843,609,17,22.5,2025-10-23 16:02
16844,220,12,29.0,2024-12-12 05:50
16845,918,9,39.5,2025-04-10 03:17
16846,1601,3,31.0,2025-07-05 01:08
16847,1528,17,14.5,2025-09-09 22:02
16848,654,6,30.5,2025-12-01 09:09
16849,1291,2,6.5,2025-03-07 15:12
16850,327,18,11.0,2025-02-20 19:55
16851,2253,17,28.0,2025-10-19 14:00
16852,569,8,13.0,2025-08-04 01:49
16853,916,7,5.0,2025-12-06 04:50
16854,1149,15,6.5,2025-06-29 11:39
16855,341,14,6.5,2025-08-20 14:37
16856,267,25,5.0,2025-12-02 16:51
16857,601,20,9.5,2025-10-12 16:16
16858,1462,12,39.0,2025-04-26 06:01
16859,915,7,14.0,2025-01-16 13:43
16860,2191,27,16.0,2025-03-08 22:36
16861,1624,12,16.0,2025-01-11 16:15
16862,543,17,9.5,2025-08-14 05:55
16863,1381,5,10.5,2025-08-19 16:45
16864,1173,17,4.5,2025-06-25 05:13
16865,2410,21,30.0,2025-02-23 07:48
16866,556,4,20.5,2025-07-04 09:21
16867,1260,17,6.5,2025-11-26 20:21
16868,1719,13,16.0,2025-03-31 05:02
16869,1576,11,12.0,2025-12-01 23:15
16870,2233,9,26.0,2025-08-30 10:49
16871,1381,5,17.0,2025-04-28 08:52
16872,1012,9,27.0,2025-06-06 00:42
16873,837,15,24.0,2025-02-11 20:14
16874,2485,8,11.0,2025-10-10 21:13
16875,258,7,19.5,2025-04-19 12:39
16876,2062,16,18.0,2025-02-17 12:00
16877,472,26,19.0,2025-05-21 10:09
16878,1769,14,4.5,2025-05-03 01:39
16879,1850,4,18.0,2025-04-25 21:41
16880,638,7,25.5,2025-02-09 16:18
16881,1343,13,14.0,2024-12-18 05:11
16882,196,1,19.0,2025-06-19 19:10
16883,534,8,14.5,2025-05-20 21:11
16884,767,27,22.0,2024-12-19 02:54
16885,780,7,19.0,2025-01-04 02:09
16886,1699,26,37.0,2025-05-31 07:29
16887,2101,14,16.0,2025-09-07 15:08
16888,2087,3,36.0,2025-02-02 00:44
16889,1213,13,44.5,2025-03-11 07:52
16890,2376,17,9.5,2025-09-12 23:02
16891,525,15,5.0,2025-03-02 22:17
16892,2428,3,14.5,2025-03-24 02:14
16893,1070,26,22.5,2024-12-09 23:22
16894,682,12,23.5,2025-02-08 07:14
16895,514,2,6.5,2025-11-30 03:46
16896,2060,11,9.5,2025-06-10 00:55
16897,130,21,28.5,2025-11-30 05:22
16898,1534,3,26.0,2025-07-11 23:01
16899,2214,12,9.5,2025-08-04 09:02
16900,2066,3,14.5,2025-11-04 09:13
16901,420,24,16.0,2025-05-09 02:26
16902,374,2,19.5,2025-06-03 16:41
16903,860,26,27.5,2025-09-03 03:13
16904,2439,27,32.5,2025-06-20 10:39
16905,433,15,33.0,2025-04-15 08:23
16906,843,5,5.5,2025-03-03 03:01
16907,1986,19,14.5,2025-07-04 10:21
16908,588,21,19.5,2025-11-21 02:04
16909,948,9,20.5,2025-10-08 10:43
16910,565,25,32.5,2025-04-30 06:00
16911,405,19,34.0,2025-02-04 19:40
16912,516,17,10.5,2025-02-17 18:42
16913,2479,5,5.5,2025-06-08 00:34
16914,82,9,11.0,2025-03-24 02:29
16915,1881,7,11.0,2024-12-11 18:34
16916,738,15,31.0,2025-03-07 16:19
16917,442,21,15.5,2025-05-21 14:15
16918,255,21,30.5,2025-07-21 01:22
16919,2161,9,6.5,2025-06-01 15:35
16920,168,10,23.5,2025-06-06 22:40
16921,534,5,9.0,2025-10-31 23:04
16922,980,11,5.0,2025-06-26 12:24
16923,404,16,35.5,2025-05-15 12:46
16924,1208,13,20.5,2025-06-20 03:07
16925,1227,17,16.0,2025-01-07 02:08
16926,2419,11,5.5,2025-06-05 19:40
16927,2250,4,5.0,2025-01-03 14:13
16928,121,22,14.5,2025-05-28 06:04
16929,406,24,27.0,2025-01-18 17:11
16930,77,22,25.5,2025-10-22 14:36
16931,659,11,35.5,2025-04-20 19:20
16932,2396,21,14.5,2025-10-16 10:16
16933,121,1,24.5,2025-10-05 22:27
16934,1336,13,18.5,2025-10-02 12:18
16935,1910,7,4.5,2025-10-04 07:36
16936,386,8,12.0,2025-06-17 12:02
16937,945,16,11.0,2025-12-05 13:46
16938,333,7,16.0,2025-09-28 00:15
16939,1008,10,4.5,2025-06-08 12:25
16940,37,22,32.5,2025-05-01 21:38
16941,480,14,25.0,2025-05-14 17:35
16942,2405,12,5.0,2025-08-30 18:34
16943,49,26,25.0,2025-02-14 23:04
16944,1752,10,19.0,2025-08-02 13:54
16945,447,3,20.0,2025-04-11 05:14
16946,1023,18,12.0,2025-07-05 09:54
16947,1968,20,29.0,2025-08-09 07:06
16948,255,13,15.5,2025-11-16 04:44
16949,1460,18,17.5,2025-10-01 20:38
16950,2177,23,19.0,2025-01-26 18:38
16951,952,3,5.5,2025-10-28 21:08
16952,2106,17,26.0,2025-10-04 17:24
16953,2062,23,18.0,2025-07-16 09:29
16954,1029,4,10.5,2025-11-11 23:17
16955,1909,11,20.5,2025-01-16 23:57
16956,2269,11,29.5,2025-11-12 16:47
16957,1285,19,17.0,2024-12-16 14:04
16958,1611,22,26.5,2025-09-20 09:18
16959,601,12,29.5,2025-10-08 17:05
16960,2470,1,32.0,2025-11-22 03:58
16961,654,3,10.0,2025-05-25 06:08
16962,2284,23,21.5,2025-08-03 00:05
16963,351,10,11.5,2025-05-21 18:45
16964,244,3,32.5,2025-11-20 07:04
16965,2464,16,24.5,2025-06-21 15:14
16966,2354,19,30.5,2025-04-25 21:10
16967,1977,13,9.0,2025-04-23 03:53
16968,2099,12,28.5,2025-10-20 23:37
16969,1683,20,33.0,2025-01-05 04:42
16970,159,10,23.0,2025-04-13 16:38
16971,2098,15,29.5,2025-04-09 19:04
16972,2247,17,9.0,2025-11-19 02:39
16973,1782,18,26.5,2025-01-25 14:52
16974,1490,4,19.5,2025-02-24 02:37
16975,1424,24,36.0,2025-11-13 08:18
16976,965,12,14.5,2025-05-17 21:34
16977,2113,17,20.5,2025-02-01 04:53
16978,2430,12,29.0,2024-12-15 20:36
16979,1518,5,5.5,2025-09-12 22:14
16980,671,9,11.0,2025-02-02 13:27
16981,830,25,9.5,2025-09-26 00:37
16982,2378,18,10.5,2025-03-27 18:58
16983,1967,13,24.0,2025-12-01 00:01
16984,2207,24,9.5,2025-05-29 09:00
16985,139,10,20.0,2025-02-22 13:18
16986,679,15,31.0,2025-05-27 10:26
16987,1470,26,21.0,2025-01-18 22:56
16988,237,24,4.5,2025-05-11 13:47
16989,1950,27,4.5,2025-03-11 13:28
16990,1942,9,5.0,2025-05-15 19:19
16991,1076,15,20.0,2025-01-24 00:05
16992,1352,14,16.0,2025-05-28 04:17
16993,1337,19,20.5,2025-03-28 15:33
16994,748,15,6.5,2025-07-08 18:39
16995,1523,7,35.0,2025-01-07 18:39
16996,1260,6,5.5,2025-09-20 11:23
16997,942,24,19.5,2025-05-13 17:34
16998,1330,24,9.5,2024-12-30 09:08
16999,697,9,5.0,2025-07-26 03:36
17000,2320,23,9.5,2025-07-20 23:07
17001,1908,20,28.0,2025-09-29 20:17
17002,562,22,17.5,2025-10-01 10:17
17003,2287,24,5.5,2025-01-27 06:57
17004,367,7,15.0,2025-10-01 02:39
17005,1301,27,25.0,2025-08-23 13:11
17006,396,20,15.0,2025-10-04 07:13
17007,2011,18,14.5,2024-12-20 18:19
17008,1762,15,5.5,2025-05-22 04:12
17009,1779,13,15.5,2025-07-03 05:34
17010,301,23,9.5,2025-03-23 16:48
17011,2252,5,9.5,2025-10-11 12:50
17012,606,11,21.5,2025-06-21 14:44
17013,384,12,24.0,2025-03-09 02:54
17014,626,7,5.5,2025-02-26 03:28
17015,2444,25,18.0,2025-10-19 15:09
17016,550,3,28.0,2025-05-01 10:50
17017,1900,27,31.0,2025-07-25 00:36
17018,1261,26,18.5,2025-11-15 18:06
17019,1001,2,17.0,2025-07-28 22:59
17020,1491,8,33.0,2025-07-21 09:10
17021,1119,6,5.5,2025-08-21 18:15
17022,252,21,6.5,2025-05-07 06:52
17023,2190,19,5.0,2025-03-07 23:51
17024,1002,23,10.5,2025-09-24 00:22
17025,341,9,14.5,2025-05-31 20:27
17026,659,25,24.5,2025-03-10 04:54
17027,735,9,9.5,2025-10-09 06:55
17028,1065,12,40.5,2025-06-14 07:31
17029,1106,2,26.5,2025-07-06 20:51
17030,165,11,14.0,2025-03-27 14:02
17031,1719,13,16.0,2025-03-05 21:46
17032,58,16,20.5,2025-10-26 02:24
17033,436,3,10.5,2025-01-03 08:46
17034,240,6,14.5,2025-08-10 07:24
17035,668,9,4.5,2025-05-14 08:53
17036,2455,6,11.0,2025-02-07 07:50
17037,600,9,16.5,2025-08-03 22:17
17038,1116,18,11.5,2025-08-23 16:29
17039,1674,4,10.5,2025-10-29 16:19
17040,800,18,20.0,2025-06-18 09:25
17041,2380,16,14.5,2025-10-05 00:02
17042,1227,25,25.0,2025-06-29 09:57
17043,1428,4,25.5,2025-07-18 14:40
17044,1924,24,22.5,2025-01-11 16:38
17045,85,19,15.0,2025-10-18 05:25
17046,1139,15,34.0,2025-09-19 08:20
17047,1740,6,5.5,2025-08-28 14:50
17048,1546,10,5.0,2025-08-05 14:19
17049,604,17,24.0,2025-03-23 19:13
17050,402,8,14.5,2025-09-29 02:36
17051,388,20,5.0,2025-04-24 04:00
17052,3,12,14.5,2025-09-17 20:57
17053,1556,9,31.0,2025-02-14 14:17
17054,783,20,10.5,2025-02-15 04:38
17055,813,12,5.5,2025-02-02 02:29
17056,1983,21,5.5,2025-11-02 11:53
17057,1888,6,16.5,2024-12-20 17:43
17058,1185,17,9.5,2025-07-19 12:55
17059,541,3,33.0,2025-06-03 11:40
17060,4,18,34.5,2025-08-20 20:23
17061,1283,22,19.0,2024-12-14 21:14
17062,2307,25,32.5,2025-09-24 10:53
17063,2415,6,24.5,2025-01-12 16:12
17064,2416,9,21.0,2025-01-06 15:11
17065,1641,8,10.0,2025-08-10 09:59
17066,658,17,22.0,2024-12-17 23:50
17067,605,6,6.5,2025-04-03 03:15
17068,910,22,9.5,2025-10-22 17:06
17069,1928,1,9.5,2025-08-04 02:34
17070,1015,7,11.0,2025-06-24 23:02
17071,940,17,20.5,2025-05-21 15:49
17072,380,2,25.0,2025-11-06 20:47
17073,83,4,26.0,2025-05-15 10:48
17074,1561,12,41.5,2025-08-10 12:32
17075,2136,24,6.5,2025-10-30 21:12
17076,2073,24,26.0,2025-06-16 11:44
17077,1222,12,24.0,2025-10-29 22:35
17078,1067,2,30.0,2025-10-05 14:01
17079,157,27,26.0,2025-04-17 18:41
17080,916,13,34.0,2025-02-01 16:44
17081,2135,4,25.5,2025-09-09 15:28
17082,1631,18,21.5,2025-03-27 04:25
17083,490,14,29.0,2025-01-13 08:31
17084,2240,3,16.0,2025-06-17 12:34
17085,2145,19,11.5,2025-08-22 11:04
17086,851,12,21.0,2025-06-22 09:03
17087,751,15,6.5,2025-01-16 14:44
17088,713,23,20.0,2025-12-02 14:49
17089,387,25,25.5,2025-01-15 22:48
17090,2409,9,17.5,2025-10-09 16:06
17091,1723,18,5.0,2025-02-22 19:22
17092,209,11,16.0,2025-10-21 07:05
17093,1863,7,19.5,2025-02-13 22:59
17094,1289,16,21.5,2025-01-13 19:34
17095,781,5,30.5,2025-01-27 04:57
17096,1239,15,4.5,2025-10-08 01:28
17097,1547,12,15.0,2025-02-08 08:49
17098,1547,1,5.5,2025-12-01 03:26
17099,2338,11,35.5,2025-06-26 11:49
17100,964,1,6.5,2025-03-25 17:18
17101,2426,23,16.5,2025-02-24 08:47
17102,1485,2,13.5,2025-01-12 12:46
17103,865,10,25.5,2025-07-20 14:48
17104,2091,9,6.5,2025-04-20 21:52
17105,2251,10,13.0,2025-03-24 09:01
17106,2004,10,12.0,2025-03-27 06:50
17107,2166,8,11.0,2025-09-29 04:54
17108,2307,17,6.5,2024-12-09 22:55
17109,2456,21,12.0,2025-03-21 00:29
17110,1460,26,32.5,2025-10-12 05:42
17111,661,22,9.5,2025-01-25 07:34
17112,1794,12,4.5,2025-10-25 09:08
17113,1157,19,19.0,2025-07-14 09:11
17114,725,23,5.0,2025-01-29 08:55
17115,1449,5,16.0,2025-06-13 05:06
17116,329,27,29.5,2025-12-04 17:54
17117,138,21,25.0,2025-11-25 23:25
17118,438,25,26.5,2025-03-09 11:46
17119,1222,17,6.5,2025-03-15 18:03
17120,486,27,29.5,2025-05-24 02:38
17121,251,18,11.0,2025-11-19 20:44
17122,968,12,20.5,2025-11-23 18:24
17123,89,17,14.0,2025-09-07 07:47
17124,816,4,4.5,2025-01-01 12:52
17125,280,14,35.0,2025-06-11 18:29
17126,803,3,15.0,2025-04-01 09:32
17127,1342,21,21.0,2024-12-21 01:55
17128,2323,13,6.5,2025-02-27 17:56
17129,2090,9,35.0,2025-11-16 18:59
17130,443,12,23.0,2025-07-26 07:50
17131,1395,24,14.5,2025-05-11 15:07
17132,589,25,6.5,2025-06-21 10:15
17133,1175,18,24.0,2025-09-21 17:19
17134,1300,22,28.0,2025-09-14 19:51
17135,1871,25,5.5,2024-12-31 12:58
17136,1379,19,14.5,2025-02-12 15:17
17137,2238,4,6.5,2025-11-06 13:31
17138,1677,14,16.5,2025-03-23 00:25
17139,433,8,4.5,2025-01-05 22:10
17140,808,26,26.5,2025-05-01 08:46
17141,2084,1,27.5,2025-11-08 05:32
17142,611,5,20.0,2025-04-13 09:29
17143,1384,18,27.0,2025-07-28 10:00
17144,669,22,9.5,2025-07-13 12:16
17145,780,5,11.0,2025-04-26 15:52
17146,867,25,19.5,2024-12-20 19:24
17147,2098,5,12.0,2025-01-02 08:45
17148,1050,14,28.0,2024-12-08 13:21
17149,1585,10,4.5,2024-12-09 23:55
17150,816,23,26.5,2025-01-12 23:41
17151,537,1,14.5,2025-08-10 20:43
17152,279,5,21.5,2025-06-14 05:44
17153,1046,3,10.0,2025-12-01 22:37
17154,1767,13,21.5,2025-11-25 10:44
17155,1158,15,25.5,2025-04-18 10:24
17156,2139,20,14.5,2025-03-22 08:30
17157,1613,26,5.5,2025-08-23 20:18
17158,1294,22,4.5,2025-04-11 22:27
17159,1986,19,9.5,2025-10-26 08:06
17160,2392,19,19.5,2024-12-12 12:55
17161,1623,15,15.0,2024-12-20 05:56
17162,1668,14,31.5,2025-09-02 14:24
17163,110,8,32.5,2025-01-02 21:39
17164,1,11,6.5,2025-09-08 10:20
17165,1745,3,19.0,2025-10-07 18:28
17166,607,9,23.5,2025-09-06 14:15
17167,1464,1,30.0,2025-10-20 07:13
17168,197,20,19.5,2025-02-18 11:08
17169,1225,12,11.5,2025-04-06 19:47
17170,1898,20,29.5,2025-11-30 07:30
17171,1607,24,12.0,2025-04-14 23:47
17172,1231,24,14.5,2025-06-12 11:29
17173,1979,13,29.0,2025-08-08 19:38
17174,103,23,17.5,2025-03-12 09:35
17175,626,2,21.0,2025-01-30 01:28
17176,1776,7,21.0,2025-02-28 03:12
17177,1363,6,9.5,2025-03-05 23:56
17178,1637,25,20.5,2025-08-12 10:55
17179,2334,26,15.5,2025-09-01 14:13
17180,1291,25,19.5,2024-12-29 07:00
17181,2297,16,23.5,2025-02-07 06:54
17182,1287,11,5.0,2024-12-13 08:34
17183,2135,8,5.5,2025-02-19 08:46
17184,238,16,15.0,2025-10-30 02:22
17185,2128,10,24.0,2025-07-06 00:58
17186,143,11,23.0,2025-06-01 12:26
17187,1973,3,21.0,2025-07-10 08:36
17188,2153,11,6.5,2025-11-22 05:58
17189,2474,23,27.0,2025-05-16 13:54
17190,717,26,30.5,2025-09-15 22:57
17191,2481,7,36.5,2024-12-20 15:37
17192,1745,11,10.0,2024-12-29 16:48
17193,1506,11,33.0,2025-11-27 03:24
17194,1705,3,29.5,2025-01-19 08:31
17195,391,4,9.0,2025-03-20 01:57
17196,872,27,16.0,2024-12-14 14:45
17197,2021,10,20.0,2025-08-03 10:14
17198,125,4,16.0,2025-02-03 12:07
17199,1749,9,16.0,2025-06-19 02:26
17200,1739,27,19.5,2025-08-21 16:25
17201,1905,20,32.0,2025-10-09 00:43
17202,695,25,36.0,2025-11-24 20:45
17203,590,3,9.5,2025-08-11 22:53
17204,439,1,10.5,2025-10-18 03:10
17205,2050,21,20.5,2025-04-01 23:17
17206,1526,8,10.5,2025-07-16 11:52
17207,571,14,26.0,2025-03-21 03:12
17208,834,1,9.5,2025-03-14 00:34
17209,1616,5,30.0,2025-05-23 15:57
17210,2261,16,24.5,2025-06-01 11:59
17211,874,5,25.5,2025-12-01 12:06
17212,1002,15,16.0,2025-02-19 20:33
17213,2440,13,9.5,2025-02-11 16:43
17214,1868,18,10.5,2025-11-10 13:25
17215,2052,26,25.5,2025-03-03 02:46
17216,1428,26,9.0,2025-11-12 14:54
17217,2168,5,25.5,2025-04-18 12:43
17218,1012,8,10.0,2025-10-07 18:16
17219,1356,23,21.0,2025-03-16 19:02
17220,229,26,22.0,2025-01-03 16:28
17221,1406,21,30.5,2025-04-20 13:03
17222,152,2,4.5,2025-04-18 13:23
17223,1324,23,32.0,2025-06-13 03:25
17224,1733,18,4.5,2025-03-12 17:30
17225,868,26,30.0,2024-12-11 19:31
17226,2159,7,9.5,2025-06-09 12:47
17227,240,13,22.5,2025-08-20 22:14
17228,763,18,15.0,2025-06-21 15:55
17229,1287,23,30.5,2025-02-15 04:24
17230,1420,5,14.5,2025-11-28 14:25
17231,2259,16,20.0,2025-07-29 16:49
17232,657,21,10.5,2025-06-28 14:35
17233,861,1,9.5,2025-11-09 21:39
17234,1758,21,15.0,2025-03-26 08:51
17235,864,6,31.0,2025-10-24 11:21
17236,933,11,25.5,2025-07-19 22:59
17237,386,25,15.0,2024-12-20 15:28
17238,474,15,30.5,2025-03-02 20:46
17239,2435,27,21.5,2025-04-17 08:39
17240,1945,10,11.5,2024-12-25 08:54
17241,133,21,26.5,2025-09-03 06:12
17242,1486,13,4.5,2025-10-10 05:17
17243,909,5,14.5,2025-09-03 10:20
17244,447,16,36.0,2025-06-12 12:23
17245,1358,19,15.5,2025-03-22 16:57
17246,960,24,17.0,2025-05-14 02:39
17247,1102,8,19.0,2025-09-21 21:46
17248,788,16,30.0,2025-05-18 03:43
17249,730,18,20.5,2024-12-21 08:41
17250,2484,16,19.5,2024-12-14 13:58
17251,624,7,11.0,2025-04-29 20:16
17252,1304,6,27.0,2025-10-19 22:15
17253,1623,22,5.5,2025-04-17 23:50
17254,2482,3,25.5,2025-04-15 23:31
17255,183,11,14.5,2025-02-05 08:15
17256,2404,23,21.0,2024-12-31 06:20
17257,957,23,4.5,2025-10-07 02:14
17258,43,8,6.5,2025-01-03 01:49
17259,2026,17,9.5,2025-11-12 17:10
17260,668,9,11.0,2025-04-01 07:45
17261,1504,26,12.0,2025-02-19 04:53
17262,758,15,32.0,2025-05-21 14:20
17263,98,15,29.5,2025-06-04 08:12
17264,820,22,5.5,2025-09-29 12:59
17265,1371,23,21.0,2025-11-21 21:04
17266,1604,24,21.5,2025-06-23 17:41
17267,29,9,17.0,2025-09-28 09:00
17268,548,20,5.0,2025-08-16 01:50
17269,291,19,29.0,2025-06-19 11:08
17270,1506,5,26.0,2025-10-26 15:34
17271,707,12,16.0,2025-01-07 05:38
17272,374,19,36.0,2025-06-18 07:47
17273,1737,12,14.5,2025-04-25 10:14
17274,2361,11,30.5,2025-10-03 23:26
17275,2392,21,22.5,2025-08-29 23:07
17276,1508,6,33.5,2025-07-13 16:16
17277,1395,2,9.0,2025-03-06 21:06
17278,238,3,31.0,2025-09-22 23:59
17279,663,12,9.5,2025-01-05 08:02
17280,707,4,9.0,2025-01-28 22:58
17281,1316,1,11.5,2025-10-17 00:50
17282,289,2,15.5,2024-12-26 13:26
17283,1775,6,5.0,2025-02-14 13:40
17284,2460,24,28.0,2025-07-25 14:29
17285,2190,10,24.0,2025-03-16 07:55
17286,1996,11,16.0,2024-12-28 10:24
17287,1776,11,27.5,2025-09-23 23:11
17288,82,11,15.0,2025-04-21 11:53
17289,2167,14,11.0,2025-05-18 03:50
17290,232,22,5.5,2024-12-19 20:55
17291,43,1,11.0,2025-07-28 19:01
17292,2381,7,16.0,2025-12-06 13:47
17293,738,22,24.5,2025-10-31 04:04
17294,1224,10,27.5,2024-12-16 23:22
17295,2479,10,4.5,2025-06-22 17:00
17296,2351,22,16.0,2025-11-06 23:31
17297,506,20,26.0,2025-10-06 14:45
17298,1675,14,25.0,2025-04-09 15:23
17299,297,25,31.5,2025-03-25 15:00
17300,1795,3,28.0,2025-07-23 12:20
17301,2086,13,27.5,2025-01-25 14:54
17302,851,21,28.5,2025-02-20 20:27
17303,1011,27,9.0,2025-06-06 06:21
17304,2007,18,25.0,2025-03-22 13:00
17305,1486,3,5.0,2025-11-18 14:10
17306,1567,11,9.5,2025-07-02 17:56
17307,1601,17,17.5,2025-10-14 13:56
17308,184,23,28.5,2025-07-16 15:50
17309,570,16,15.0,2025-10-23 22:34
17310,1430,1,5.0,2025-01-23 23:31
17311,1872,18,30.0,2025-08-11 02:54
17312,1985,19,27.0,2024-12-26 16:13
17313,1809,2,20.0,2025-08-26 03:30
17314,701,9,25.5,2025-01-03 05:33
17315,308,2,24.0,2025-10-27 02:34
17316,1203,3,39.0,2025-08-19 19:05
17317,1002,11,23.0,2025-06-23 23:12
17318,146,1,6.5,2025-08-23 07:50
17319,1418,24,11.5,2025-01-20 19:57
17320,2310,12,9.5,2025-10-12 23:58
17321,1178,25,4.5,2025-11-06 12:08
17322,293,4,30.0,2025-04-29 06:02
17323,2408,16,32.0,2025-07-31 14:30
17324,233,6,16.0,2025-06-15 16:05
17325,1705,1,20.5,2025-04-29 22:42
17326,1809,21,9.5,2025-03-22 09:13
17327,2087,8,20.5,2025-03-26 02:33
17328,888,1,20.5,2025-10-31 06:19
17329,305,15,14.0,2025-01-20 10:13
17330,1205,7,31.0,2024-12-29 06:16
17331,2046,26,29.0,2025-03-12 15:26
17332,1966,23,28.0,2025-11-12 20:33
17333,787,14,31.0,2025-12-03 02:22
17334,837,20,15.5,2025-06-11 08:16
17335,93,9,14.5,2025-11-26 10:44
17336,1025,21,16.5,2025-06-02 20:22
17337,2173,23,24.5,2025-04-07 10:19
17338,2373,25,24.0,2025-08-02 00:40
17339,1431,15,25.0,2025-06-20 06:21
17340,628,11,9.5,2025-01-18 19:40
17341,1304,2,5.0,2025-08-03 19:19
17342,1501,27,26.5,2025-11-21 22:34
17343,632,22,11.5,2024-12-21 14:50
17344,2126,14,27.5,2025-07-03 21:45
17345,659,11,11.0,2025-05-20 01:35
17346,33,13,15.5,2025-05-21 05:45
17347,2137,26,30.5,2025-11-20 00:09
17348,639,16,34.5,2025-08-22 09:36
17349,98,1,26.0,2025-03-01 19:55
17350,272,2,6.5,2025-07-21 22:14
17351,2456,2,40.5,2025-07-23 10:25
17352,2457,16,18.5,2025-07-10 01:55
17353,626,9,9.5,2025-05-21 00:36
17354,2370,26,31.5,2025-10-03 17:20
17355,226,17,5.5,2025-07-05 11:36
17356,44,2,17.0,2025-11-21 21:55
17357,1779,18,12.0,2025-11-14 23:08
17358,217,20,10.5,2025-08-02 07:17
17359,1563,12,5.0,2024-12-16 12:41
17360,2190,25,15.0,2025-10-06 15:05
17361,1513,7,19.5,2025-04-25 11:47
17362,1990,19,26.0,2024-12-17 02:20
17363,1231,18,16.5,2025-12-03 01:03
17364,1130,14,25.0,2025-01-17 15:19
17365,702,12,29.5,2025-12-01 12:12
17366,2116,11,9.5,2025-11-17 19:06
17367,603,13,14.5,2025-05-27 12:59
17368,511,9,10.0,2025-07-25 22:56
17369,1814,16,5.0,2025-10-04 00:39
17370,1384,18,4.5,2025-12-01 23:06
17371,1121,11,9.5,2025-09-22 16:40
17372,468,16,31.0,2025-02-22 11:21
17373,2051,8,6.5,2025-06-15 04:47
17374,1737,16,24.5,2024-12-27 15:53
17375,1676,12,24.5,2024-12-10 23:41
17376,1544,16,9.5,2025-01-25 22:58
17377,1799,18,4.5,2025-02-03 10:47
17378,672,22,15.5,2025-08-21 04:05
17379,71,5,21.0,2025-11-24 06:01
17380,1079,12,23.0,2025-08-01 15:13
17381,11,25,19.0,2025-09-30 00:22
17382,2109,20,6.5,2025-06-02 03:12
17383,1034,19,11.5,2025-11-17 00:54
17384,863,23,5.0,2025-11-26 10:05
17385,1201,26,9.5,2025-11-20 15:13
17386,1355,7,22.5,2025-11-08 07:05
17387,1355,1,31.5,2025-03-27 06:37
17388,1110,3,23.5,2025-01-05 21:03
17389,1927,7,14.5,2025-07-07 14:08
17390,2011,22,33.0,2025-03-09 23:16
17391,2273,6,24.5,2025-09-06 22:58
17392,1628,27,16.0,2025-03-29 03:01
17393,1668,6,33.0,2025-01-11 03:53
17394,875,27,5.0,2025-01-07 12:34
17395,814,20,6.5,2025-07-21 15:55
17396,342,2,15.5,2025-07-31 10:20
17397,1953,1,5.0,2025-02-14 07:10
17398,482,27,20.0,2025-09-26 22:07
17399,1245,9,15.5,2025-10-22 03:21
17400,1821,5,32.0,2025-07-04 04:18
17401,2062,26,21.0,2025-11-30 06:03
17402,1630,19,33.5,2025-12-02 14:48
17403,114,9,34.0,2025-11-26 23:37
17404,2243,27,5.5,2025-08-22 06:31
17405,1612,12,34.0,2025-10-18 07:55
17406,533,12,12.0,2025-10-24 03:23
17407,1387,21,6.5,2024-12-11 04:28
17408,2320,4,16.0,2025-11-17 03:28
17409,917,11,15.0,2025-09-13 05:46
17410,1279,17,20.5,2025-02-15 19:18
17411,2453,21,14.5,2025-06-28 07:09
17412,2145,10,30.5,2025-02-03 00:28
17413,916,3,6.5,2025-01-17 07:08
17414,926,13,16.0,2025-07-26 15:53
17415,648,20,17.5,2025-12-06 20:41
17416,358,4,14.5,2025-11-01 05:25
17417,2236,21,31.0,2025-06-25 08:48
17418,1909,8,14.5,2025-11-04 00:16
17419,1910,19,29.0,2025-10-26 14:47
17420,1714,25,11.0,2025-12-06 16:13
17421,1271,18,9.5,2025-10-21 15:04
17422,490,13,6.5,2025-04-21 17:59
17423,651,6,21.5,2025-03-19 19:00
17424,651,18,15.0,2025-09-16 08:59
17425,1994,15,5.0,2025-05-22 13:39
17426,51,25,15.0,2025-02-18 09:06
17427,2062,11,23.5,2025-01-21 19:51
17428,1496,1,4.5,2025-06-14 21:50
17429,254,10,18.5,2025-12-05 12:29
17430,1512,14,29.5,2025-07-03 17:15
17431,2400,27,21.5,2025-05-18 19:02
17432,2067,25,27.0,2025-07-17 20:05
17433,212,7,33.5,2024-12-14 19:03
17434,1106,13,30.5,2025-05-08 11:04
17435,442,26,5.5,2025-02-03 10:02
17436,202,9,11.0,2025-05-10 03:59
17437,2254,12,5.0,2025-07-20 15:23
17438,1439,26,31.5,2025-01-13 06:07
17439,1818,19,9.5,2025-06-19 03:00
17440,50,23,29.5,2025-10-22 02:57
17441,747,9,29.5,2025-07-30 15:06
17442,1321,9,17.5,2025-03-23 23:22
17443,151,11,19.5,2025-01-06 12:20
17444,1430,11,19.5,2025-10-02 07:35
17445,218,17,29.0,2025-09-23 08:17
17446,61,10,15.0,2025-02-16 13:05
17447,2252,5,29.5,2025-09-03 06:22
17448,289,25,20.5,2025-10-08 01:59
17449,533,27,32.0,2025-06-14 18:38
17450,69,2,30.0,2025-05-06 23:57
17451,745,27,26.0,2025-03-13 20:01
17452,1391,11,5.5,2025-09-04 09:09
17453,1891,19,4.5,2025-06-17 12:17
17454,596,2,33.0,2025-04-25 06:29
17455,2389,5,9.5,2025-06-01 04:23
17456,491,8,22.5,2025-05-31 10:12
17457,1173,1,12.0,2025-02-19 15:01
17458,1535,15,9.0,2025-01-18 17:03
17459,1923,25,6.5,2025-03-04 07:42
17460,1498,19,19.0,2025-04-21 04:55
17461,1338,5,11.0,2025-09-03 16:54
17462,2205,18,30.5,2025-08-23 21:06
17463,639,16,9.5,2025-04-10 22:25
17464,1949,25,20.5,2025-04-06 03:04
17465,1532,24,4.5,2025-02-16 15:26
17466,841,9,19.5,2025-02-02 13:35
17467,1430,20,4.5,2025-03-18 05:24
17468,1043,12,4.5,2025-01-07 04:14
17469,2324,4,13.0,2025-10-01 09:21
17470,1806,14,20.0,2024-12-16 20:30
17471,393,4,19.5,2025-04-01 14:35
17472,2324,25,27.0,2025-03-28 17:10
17473,579,11,14.5,2024-12-18 16:08
17474,113,15,16.0,2025-08-22 10:24
17475,480,10,16.0,2025-04-26 21:31
17476,854,10,27.0,2025-10-18 00:52
17477,2411,14,14.0,2025-08-21 16:57
17478,576,11,30.0,2025-11-22 02:11
17479,491,19,6.5,2025-01-29 16:57
17480,186,16,25.5,2025-10-26 06:47
17481,490,6,5.5,2025-03-05 10:24
17482,1153,7,5.5,2025-06-04 07:25
17483,167,13,15.0,2025-01-07 11:14
17484,813,6,23.5,2025-04-06 11:44
17485,385,7,5.0,2025-11-23 21:37
17486,629,25,29.5,2025-09-18 04:06
17487,1731,22,30.5,2025-10-18 14:26
17488,1724,4,35.5,2025-06-14 16:56
17489,42,25,9.5,2025-07-11 16:38
17490,616,17,9.5,2025-04-25 19:23
17491,1402,1,14.5,2025-04-30 15:53
17492,22,4,29.5,2025-10-30 07:36
17493,599,9,10.5,2025-09-20 17:20
17494,2249,19,25.5,2025-04-12 12:13
17495,1307,3,16.0,2025-04-20 03:38
17496,2420,4,25.5,2025-10-12 19:02
17497,135,27,5.0,2025-09-14 00:49
17498,433,9,10.5,2025-10-02 05:59
17499,992,13,4.5,2024-12-20 18:16
17500,697,25,17.5,2024-12-18 23:42
17501,2091,7,9.5,2025-04-12 23:20
17502,1092,16,10.0,2025-05-04 07:43
17503,1033,12,10.5,2025-06-07 08:18
17504,2354,22,35.5,2025-08-14 00:52
17505,2166,26,26.0,2025-04-20 22:57
17506,505,9,14.0,2025-06-23 12:38
17507,1313,14,32.0,2025-10-16 05:21
17508,142,20,25.0,2024-12-27 23:02
17509,818,11,14.0,2025-08-03 16:11
17510,2262,17,5.0,2025-03-07 18:44
17511,539,17,29.5,2024-12-23 02:48
17512,176,3,9.0,2025-02-21 14:39
17513,2137,27,17.0,2025-11-27 07:58
17514,1848,15,15.0,2025-05-23 20:24
17515,2499,25,12.0,2025-11-03 03:58
17516,2029,6,21.5,2025-02-01 13:48
17517,2368,12,21.0,2025-07-11 03:01
17518,48,9,17.0,2025-11-22 02:13
17519,149,9,16.0,2025-01-26 23:13
17520,2028,27,4.5,2025-10-25 06:18
17521,430,23,10.0,2024-12-24 21:40
17522,180,17,15.5,2025-07-01 14:32
17523,120,3,5.0,2025-09-19 05:28
17524,1159,3,39.5,2025-05-16 18:50
17525,646,20,6.5,2025-03-05 17:52
17526,11,23,35.5,2025-08-29 23:12
17527,76,17,10.0,2025-02-05 09:08
17528,1181,18,34.5,2025-05-05 12:54
17529,362,25,16.5,2025-03-28 09:11
17530,341,19,24.0,2024-12-11 21:24
17531,688,9,24.0,2025-01-09 12:48
17532,1355,13,5.5,2025-02-08 20:29
17533,1486,23,16.5,2025-10-25 16:28
17534,2007,22,19.5,2025-07-04 07:40
17535,504,5,26.0,2025-03-27 21:47
17536,989,1,16.0,2025-04-17 15:15
17537,118,22,15.0,2025-11-02 12:29
17538,2071,8,16.0,2025-08-11 22:57
17539,1007,8,20.5,2025-12-03 08:44
17540,1503,26,17.5,2025-10-07 21:45
17541,1701,22,22.5,2025-07-26 17:19
17542,484,4,14.0,2025-08-20 09:15
17543,1271,25,11.0,2025-04-02 03:17
17544,322,17,28.5,2025-08-02 22:56
17545,2051,17,9.5,2025-08-26 15:31
17546,737,2,10.0,2025-02-19 15:02
17547,838,19,16.0,2025-02-25 06:22
17548,180,24,14.0,2025-01-26 19:42
17549,1487,26,26.5,2025-11-18 22:31
17550,1362,12,9.5,2025-10-06 09:09
17551,1432,2,21.0,2025-11-21 21:42
17552,1316,19,11.5,2025-10-02 22:54
17553,199,1,30.5,2025-08-05 15:18
17554,1308,12,11.5,2025-05-12 09:15
17555,729,2,5.5,2025-08-16 06:12
17556,785,26,9.5,2025-10-14 18:59
17557,876,3,24.0,2025-11-25 05:38
17558,1951,21,5.5,2024-12-13 01:22
17559,870,1,15.5,2025-06-20 15:48
17560,466,4,6.5,2025-06-25 16:21
17561,2333,19,24.5,2025-02-08 10:30
17562,200,13,11.0,2025-04-20 15:52
17563,1086,2,6.5,2025-05-31 18:04
17564,585,21,15.0,2025-03-27 09:45
17565,839,16,10.0,2025-09-21 20:41
17566,2214,18,27.5,2025-11-15 08:55
17567,816,25,14.5,2025-03-28 09:17
17568,741,24,4.5,2025-09-20 09:11
17569,485,6,15.0,2025-04-05 10:14
17570,925,26,18.0,2025-07-09 20:09
17571,1649,5,31.0,2025-09-09 21:07
17572,1111,23,20.5,2025-01-09 12:57
17573,1329,26,4.5,2025-01-29 19:06
17574,1341,23,19.5,2025-04-21 06:19
17575,200,16,31.0,2025-01-09 07:20
17576,2041,13,9.5,2025-07-12 01:06
17577,2070,6,10.0,2025-06-13 01:42
17578,1673,22,24.5,2025-07-13 05:52
17579,1022,8,5.0,2025-07-30 13:48
17580,48,2,32.0,2025-10-30 19:29
17581,109,17,29.5,2025-08-14 08:49
17582,641,9,11.0,2025-02-28 00:59
17583,1960,18,24.0,2025-04-13 12:28
17584,1846,1,10.0,2025-08-12 20:26
17585,1952,19,28.0,2025-05-02 09:35
17586,1515,2,28.0,2025-08-18 10:54
17587,136,3,9.5,2024-12-25 23:55
17588,200,1,17.5,2025-03-25 19:07
17589,20,22,16.5,2025-11-25 09:18
17590,101,17,11.0,2025-02-13 11:45
17591,1966,15,19.0,2025-11-30 14:57
17592,1359,4,25.0,2025-04-23 12:10
17593,26,21,5.0,2025-12-03 22:11
17594,2083,7,15.0,2025-01-07 04:48
17595,1729,9,6.5,2025-09-23 18:55
17596,767,21,18.0,2024-12-26 05:50
17597,368,16,11.0,2025-02-01 09:02
17598,56,21,32.0,2025-06-22 20:00
17599,619,7,23.5,2025-11-22 03:57
17600,2487,27,10.5,2025-03-21 21:24
17601,1025,5,6.5,2025-12-04 22:26
17602,2080,3,5.0,2025-11-11 19:35
17603,614,3,11.5,2025-09-15 01:36
17604,1343,15,24.5,2025-10-16 05:45
17605,2405,4,19.0,2025-03-13 02:04
17606,173,10,5.5,2025-04-09 02:47
17607,595,3,14.5,2025-11-13 21:42
17608,1756,1,33.0,2025-09-08 01:50
17609,1050,22,31.0,2025-05-25 06:17
17610,917,10,11.0,2025-06-20 03:56
17611,8,5,12.0,2025-12-04 03:27
17612,361,9,17.0,2025-01-24 07:58
17613,1908,17,23.5,2025-08-29 04:16
17614,2180,13,28.0,2025-01-24 04:16
17615,2204,10,5.0,2025-06-03 05:24
17616,1512,19,5.0,2025-05-16 11:49
17617,535,3,35.5,2025-04-24 18:42
17618,337,16,24.0,2025-11-23 15:54
17619,2290,25,9.5,2025-06-22 14:36
17620,259,5,16.0,2025-10-08 20:51
17621,831,21,16.5,2025-12-02 18:53
17622,2367,16,5.0,2025-09-15 06:02
17623,2062,16,9.5,2024-12-08 20:55
17624,432,16,26.0,2025-05-04 05:51
17625,1400,14,6.5,2025-02-06 01:06
17626,1982,25,14.0,2025-06-24 17:29
17627,1447,12,17.5,2025-04-08 21:35
17628,993,19,24.0,2025-01-31 16:12
17629,584,24,9.5,2025-05-21 07:50
17630,1586,19,21.5,2025-06-29 01:00
17631,1979,7,13.0,2025-02-08 16:17
17632,2389,20,11.0,2025-09-29 21:10
17633,2146,5,19.0,2025-02-17 08:45
17634,2337,9,25.0,2025-11-07 15:36
17635,1589,4,19.0,2025-04-23 01:37
17636,1657,7,11.0,2025-04-09 01:16
17637,1110,9,20.0,2025-04-20 05:28
17638,1677,3,5.5,2025-05-11 22:52
17639,154,27,20.5,2025-07-02 07:09
17640,2204,1,15.5,2025-06-04 08:14
17641,542,9,14.0,2025-06-14 05:54
17642,796,23,16.0,2025-06-07 14:58
17643,602,10,4.5,2025-11-28 02:46
17644,569,4,26.5,2025-06-21 05:30
17645,216,12,11.0,2025-06-18 21:49
17646,2293,6,29.0,2025-09-16 08:41
17647,2287,15,17.0,2025-03-15 09:00
17648,2466,1,28.5,2025-10-26 09:23
17649,2227,1,11.0,2025-07-01 05:45
17650,617,25,15.0,2025-11-24 19:17
17651,599,15,26.5,2025-08-15 10:26
17652,1160,18,19.5,2025-06-16 02:48
17653,1882,3,15.0,2025-02-25 09:07
17654,2183,2,24.5,2025-02-13 04:59
17655,1612,3,24.5,2025-06-23 19:57
17656,1291,14,4.5,2025-02-25 18:38
17657,735,15,30.5,2025-12-03 00:22
17658,427,7,31.5,2025-11-04 09:17
17659,1447,11,28.5,2025-05-30 19:02
17660,1438,14,28.5,2025-11-05 03:23
17661,83,24,5.0,2025-09-23 23:25
17662,261,16,21.5,2024-12-11 09:59
17663,984,12,21.5,2025-09-21 00:00
17664,2071,20,20.5,2025-05-22 17:27
17665,2225,18,11.5,2025-10-28 09:47
17666,62,15,27.0,2025-01-21 10:22
17667,1995,6,24.5,2025-05-23 13:41
17668,723,22,28.5,2025-11-17 03:55
17669,703,5,16.0,2025-10-20 07:05
17670,104,12,6.5,2025-08-01 02:37
17671,2047,6,10.0,2025-05-17 17:26
17672,1842,3,18.5,2025-04-08 21:45
17673,2351,13,14.0,2025-04-27 09:39
17674,2102,25,33.5,2025-09-19 14:55
17675,1993,8,26.0,2025-04-19 08:34
17676,1981,18,16.0,2025-11-04 08:53
17677,821,8,22.0,2025-04-16 01:30
17678,1122,14,15.0,2025-02-28 01:26
17679,865,24,9.5,2025-10-31 07:18
17680,2013,13,11.5,2025-08-03 10:18
17681,647,23,13.0,2025-09-01 12:39
17682,222,24,21.5,2025-01-08 11:28
17683,1830,5,27.5,2025-03-07 13:48
17684,1942,4,28.5,2025-08-13 18:09
17685,1892,24,19.0,2025-07-12 16:02
17686,2282,22,28.5,2025-07-09 08:57
17687,483,13,27.0,2025-05-15 02:51
17688,1126,2,18.5,2025-09-23 20:12
17689,28,19,29.0,2025-08-31 05:36
17690,2245,27,16.0,2025-03-07 05:40
17691,1118,6,15.0,2025-06-17 13:28
17692,688,17,27.5,2025-04-11 05:55
17693,510,1,36.0,2025-08-12 17:12
17694,102,25,34.0,2025-06-25 19:55
17695,1733,27,5.5,2025-11-23 06:36
17696,1658,3,10.0,2025-04-26 22:31
17697,1316,5,18.5,2025-06-01 14:35
17698,47,7,23.5,2025-03-25 10:24
17699,359,10,31.5,2025-07-26 06:36
17700,1100,9,29.5,2025-05-25 07:40
17701,2486,22,31.5,2025-06-24 10:40
17702,1728,17,11.0,2025-04-25 23:08
17703,2313,1,5.5,2025-07-24 18:51
17704,2458,22,17.0,2025-01-13 02:09
17705,2079,1,5.0,2025-10-10 04:24
17706,504,3,20.0,2024-12-17 13:51
17707,79,3,9.5,2025-02-23 08:26
17708,851,16,10.5,2025-03-08 02:07
17709,124,24,11.0,2025-07-09 15:44
17710,1397,6,11.0,2025-06-20 19:27
17711,1851,8,10.0,2024-12-23 07:06
17712,840,8,5.5,2025-01-08 15:19
17713,234,27,29.0,2025-02-15 17:12
17714,95,17,14.5,2025-09-13 02:26
17715,413,2,19.0,2025-03-18 22:50
17716,2264,17,5.5,2024-12-15 07:01
17717,1468,10,14.5,2025-05-06 19:50
17718,179,21,6.5,2025-04-17 02:54
17719,2487,4,9.5,2025-04-29 21:20
17720,1533,22,5.5,2024-12-25 05:35
17721,398,21,26.0,2025-08-15 08:09
17722,246,25,34.5,2025-06-03 11:55
17723,476,17,21.5,2025-11-05 16:29
17724,1952,3,36.5,2025-02-09 18:24
17725,1986,19,29.0,2025-06-08 14:14
17726,1033,26,26.5,2025-10-27 09:50
17727,950,3,5.0,2025-03-12 23:26
17728,817,21,26.5,2025-04-06 23:09
17729,791,2,20.5,2025-06-25 16:38
17730,981,8,9.5,2025-08-17 11:56
17731,1802,23,33.0,2025-09-22 01:54
17732,1123,17,11.0,2025-02-09 08:30
17733,1870,20,10.0,2025-04-27 11:51
17734,1419,26,6.5,2025-12-04 03:01
17735,1308,17,20.5,2025-02-26 22:11
17736,1418,3,16.0,2025-04-10 21:02
17737,1153,21,23.5,2024-12-24 09:16
17738,1634,8,11.5,2025-09-07 15:49
17739,347,27,5.5,2025-07-12 01:01
17740,2127,1,14.0,2025-02-08 00:50
17741,1179,4,5.0,2025-09-12 08:53
17742,2187,13,10.0,2025-10-14 01:40
17743,679,11,19.5,2025-07-26 22:00
17744,802,22,11.0,2024-12-24 16:59
17745,817,14,34.0,2025-11-23 02:29
17746,425,4,24.0,2025-05-31 02:43
17747,1702,12,9.5,2025-04-09 01:27
17748,891,13,5.5,2025-11-14 03:14
17749,1113,4,20.0,2025-04-08 01:08
17750,101,7,31.0,2025-08-31 21:25
17751,1708,14,15.0,2025-08-29 06:58
17752,2333,3,15.0,2025-04-30 04:42
17753,2243,25,21.5,2025-08-14 06:09
17754,541,14,30.0,2025-11-17 04:29
17755,22,25,14.0,2025-04-27 19:57
17756,587,13,6.5,2025-08-15 20:10
17757,1397,14,33.0,2025-05-29 09:21
17758,755,26,9.5,2025-08-26 00:22
17759,476,22,5.0,2025-11-28 17:26
17760,1855,4,10.0,2025-06-23 00:04
17761,73,1,6.5,2025-11-12 20:58
17762,72,4,9.5,2025-10-19 06:50
17763,546,7,24.5,2025-04-06 20:22
17764,1059,4,9.5,2025-09-15 00:50
17765,2149,9,14.0,2025-07-18 09:34
17766,1324,21,34.0,2025-01-14 19:15
17767,2013,26,16.0,2025-10-31 23:51
17768,235,20,30.0,2025-02-19 02:28
17769,2240,22,4.5,2025-09-26 06:18
17770,2095,17,21.5,2025-05-08 11:58
17771,269,19,31.0,2025-11-03 20:34
17772,1460,10,9.5,2025-08-10 10:09
17773,2125,17,12.0,2025-01-07 03:09
17774,2112,26,23.0,2025-07-26 14:23
17775,218,19,17.0,2025-09-07 08:10
17776,1323,4,31.0,2025-01-29 12:59
17777,1154,1,28.5,2025-11-09 05:05
17778,2371,6,14.5,2025-12-04 02:40
17779,2224,19,5.0,2025-03-06 06:21
17780,823,19,29.5,2025-06-10 23:25
17781,1550,3,26.0,2025-10-31 12:07
17782,2222,24,11.5,2025-07-10 01:58
17783,843,3,25.5,2025-04-08 23:41
17784,1218,27,31.0,2025-06-04 00:22
17785,2099,18,17.5,2025-03-07 16:55
17786,889,19,33.0,2025-06-17 07:38
17787,1751,3,20.5,2025-09-29 18:18
17788,2338,24,25.5,2025-11-01 09:53
17789,286,7,20.5,2025-03-15 23:22
17790,2146,15,30.5,2025-09-03 22:45
17791,1733,3,4.5,2024-12-16 00:08
17792,1484,22,9.5,2025-04-16 02:30
17793,836,12,35.5,2025-01-04 11:49
17794,1328,15,21.0,2025-07-22 00:19
17795,1186,18,5.5,2025-01-22 17:10
17796,442,11,25.0,2025-09-24 04:32
17797,1670,21,25.0,2025-03-13 06:23
17798,558,27,21.5,2025-03-26 14:32
17799,1775,10,14.5,2025-01-02 16:19
17800,1164,4,26.5,2024-12-22 14:14
17801,2005,22,31.0,2025-07-13 02:02
17802,671,16,19.5,2025-07-08 14:59
17803,1904,17,19.5,2025-07-31 16:17
17804,1792,5,24.5,2025-05-27 12:17
17805,1070,10,11.0,2025-08-10 10:47
17806,1344,20,9.5,2025-11-21 23:12
17807,330,15,28.5,2025-07-24 15:26
17808,1163,7,21.5,2025-01-02 04:01
17809,1284,2,18.0,2025-08-25 14:38
17810,2083,14,20.5,2025-02-15 21:03
17811,1287,1,11.0,2025-06-24 03:35
17812,513,10,4.5,2025-08-08 19:24
17813,20,16,9.5,2025-02-23 04:30
17814,2070,3,30.5,2025-03-15 11:58
17815,1291,20,18.0,2025-05-22 07:25
17816,1059,24,6.5,2025-02-13 12:44
17817,686,8,25.5,2024-12-28 06:51
17818,852,24,14.5,2025-09-19 10:11
17819,1356,6,4.5,2025-08-12 00:46
17820,2310,9,16.0,2025-11-20 00:25
17821,1108,11,17.0,2025-04-03 07:56
17822,2239,27,16.0,2025-10-07 02:29
17823,71,23,5.5,2025-09-11 05:53
17824,1668,26,22.5,2025-04-27 16:53
17825,1207,21,4.5,2025-07-15 19:12
17826,2058,9,25.5,2025-07-02 23:13
17827,2014,1,15.5,2025-11-11 07:17
17828,1131,23,21.0,2025-06-24 06:39
17829,908,1,9.5,2025-07-04 06:46
17830,995,13,21.5,2025-02-28 04:51
17831,1959,16,25.5,2025-12-05 13:17
17832,173,1,14.5,2025-11-07 03:50
17833,1204,24,28.0,2025-04-08 16:49
17834,434,10,11.0,2025-01-31 18:32
17835,1168,4,14.0,2025-04-01 03:28
17836,135,19,20.5,2025-09-11 05:05
17837,1889,17,22.0,2025-04-14 10:23
17838,1909,10,17.0,2025-02-27 19:21
17839,2485,5,15.0,2025-10-23 04:01
17840,2300,25,5.0,2025-03-01 09:06
17841,1723,6,26.0,2025-06-17 06:04
17842,939,16,10.0,2025-12-05 20:42
17843,1982,2,6.5,2025-12-01 10:10
17844,777,27,6.5,2025-02-26 19:05
17845,1685,5,16.5,2025-04-18 18:05
17846,1673,2,23.0,2025-11-10 18:30
17847,1965,7,5.0,2025-05-26 13:38
17848,2113,22,19.5,2025-04-02 14:11
17849,2153,14,21.5,2025-08-26 00:14
17850,1018,21,24.0,2025-06-21 07:50
17851,1318,16,28.0,2025-09-05 09:36
17852,2317,16,5.0,2025-01-10 04:06
17853,2034,16,11.5,2025-04-02 10:37
17854,940,2,16.0,2025-09-24 20:12
17855,2323,3,15.0,2025-01-05 05:47
17856,1539,15,11.5,2025-07-12 12:20
17857,1066,3,10.0,2025-05-07 09:46
17858,695,20,25.0,2025-01-14 09:05
17859,1487,26,9.5,2025-01-12 23:31
17860,963,22,16.5,2025-01-12 19:02
17861,543,1,4.5,2025-01-12 11:05
17862,1601,10,28.5,2025-08-17 17:32
17863,2412,11,33.5,2025-01-14 04:29
17864,489,14,14.5,2025-05-08 18:15
17865,1742,24,11.0,2025-06-21 16:23
17866,2261,1,5.5,2025-08-09 05:29
17867,1955,14,24.5,2025-11-03 02:06
17868,66,6,19.0,2025-06-24 13:15
17869,2327,23,23.5,2025-09-16 22:58
17870,2241,15,28.5,2025-05-05 11:18
17871,2254,15,23.5,2024-12-22 10:30
17872,366,15,11.5,2025-07-22 16:30
17873,2013,10,20.0,2025-02-04 16:24
17874,701,1,33.0,2025-07-26 08:51
17875,2305,27,24.0,2025-11-22 16:47
17876,2050,25,14.5,2025-05-20 09:36
17877,230,15,26.5,2025-03-03 03:46
17878,2113,21,18.5,2025-04-22 04:31
17879,820,8,29.0,2025-01-27 17:35
17880,1146,14,9.5,2025-11-16 13:15
17881,829,11,28.5,2025-03-21 16:36
17882,1794,8,5.5,2025-04-30 12:49
17883,39,9,11.5,2025-01-06 17:33
17884,2042,16,12.0,2025-03-12 12:33
17885,679,5,6.5,2025-07-21 09:01
17886,899,25,5.0,2025-01-08 06:56
17887,70,15,24.0,2024-12-18 20:19
17888,252,15,23.5,2025-06-23 17:38
17889,690,14,29.5,2025-05-08 19:18
17890,1833,23,14.5,2025-09-28 04:40
17891,1751,26,4.5,2025-05-22 14:35
17892,389,13,19.5,2025-01-04 11:44
17893,1157,23,26.0,2025-02-03 17:20
17894,927,1,28.0,2025-11-01 14:45
17895,46,27,10.0,2025-10-08 07:25
17896,1838,8,5.5,2025-10-26 22:19
17897,1062,10,21.0,2025-03-31 01:14
17898,2234,25,4.5,2025-08-25 07:25
17899,1593,7,16.5,2025-09-01 14:49
17900,1306,6,25.0,2025-05-09 13:01
17901,455,3,34.0,2025-07-08 20:37
17902,23,13,38.0,2025-04-13 08:08
17903,1457,19,10.0,2024-12-19 14:06
17904,2144,9,9.5,2025-10-22 12:53
17905,2417,25,29.0,2025-04-10 10:37
17906,1909,4,5.5,2025-08-24 02:57
17907,2365,27,6.5,2025-06-28 06:51
17908,884,24,24.5,2024-12-19 10:06
17909,989,17,21.5,2025-06-27 20:24
17910,392,13,31.0,2025-02-19 03:08
17911,1520,25,40.0,2025-09-13 04:56
17912,308,4,15.0,2025-09-24 12:03
17913,1711,15,21.5,2025-06-02 00:58
17914,675,6,9.5,2025-01-16 17:22
17915,1390,22,25.0,2025-09-06 05:55
17916,828,10,18.5,2025-03-23 11:18
17917,494,15,6.5,2025-09-07 19:32
17918,2288,8,29.5,2025-05-18 05:03
17919,1927,19,28.0,2025-01-29 09:25
17920,1766,26,12.0,2025-08-01 00:40
17921,726,11,5.0,2025-01-25 15:25
17922,2082,24,30.5,2025-09-02 10:46
17923,1573,21,10.0,2025-07-04 17:50
17924,439,13,4.5,2025-05-25 14:11
17925,1867,7,17.5,2025-04-09 00:13
17926,2432,5,6.5,2025-08-27 02:48
17927,2357,5,24.0,2025-09-12 12:00
17928,90,17,25.5,2025-10-18 23:17
17929,452,4,16.5,2024-12-26 12:17
17930,1439,3,18.5,2025-07-20 00:51
17931,1736,24,19.0,2025-11-17 23:10
17932,187,11,29.0,2025-01-09 21:45
17933,412,6,9.5,2025-03-12 19:55
17934,1814,13,19.5,2025-01-04 08:36
17935,1773,21,16.5,2025-09-06 00:38
17936,1855,12,36.5,2025-01-07 20:33
17937,2338,15,26.5,2024-12-29 10:07
17938,143,3,19.0,2024-12-24 19:59
17939,2313,23,22.5,2025-02-16 05:59
17940,1651,10,9.5,2025-02-07 06:00
17941,1545,13,24.0,2025-10-29 05:23
17942,176,25,16.0,2025-02-03 01:51
17943,2221,24,30.5,2025-06-13 23:58
17944,1722,12,25.5,2025-04-03 18:42
17945,1396,20,15.0,2025-02-20 09:40
17946,1140,4,6.5,2025-07-07 14:21
17947,1890,6,16.0,2025-07-23 13:49
17948,704,4,22.0,2025-05-31 09:48
17949,1346,13,9.5,2025-08-18 06:52
17950,1432,4,9.5,2025-07-06 22:02
17951,949,15,5.5,2025-02-15 05:15
17952,2286,6,21.5,2025-01-21 18:13
17953,555,13,28.5,2025-04-29 08:02
17954,1140,8,27.0,2025-09-11 04:38
17955,713,13,30.0,2025-05-20 23:38
17956,1847,6,30.5,2025-08-09 14:19
17957,1914,19,24.0,2025-09-16 15:44
17958,1171,18,38.0,2025-12-02 19:14
17959,1966,14,9.5,2025-02-26 01:20
17960,755,14,17.5,2025-02-15 04:45
17961,172,20,33.5,2025-03-23 18:20
17962,1000,15,14.5,2025-11-15 07:01
17963,1871,25,25.0,2025-03-14 20:48
17964,1692,11,25.5,2024-12-15 19:09
17965,845,4,12.0,2025-02-06 04:25
17966,2235,26,25.0,2025-09-13 16:31
17967,1730,22,23.0,2025-08-08 03:46
17968,226,1,16.0,2025-01-06 08:29
17969,2445,13,17.5,2025-11-10 15:53
17970,1009,5,16.0,2024-12-23 06:33
17971,1148,22,14.5,2025-02-17 03:14
17972,363,11,22.0,2025-12-01 17:38
17973,981,11,15.5,2025-07-03 03:10
17974,1254,4,14.5,2025-01-09 07:27
17975,1922,14,33.0,2024-12-22 14:57
17976,84,3,35.0,2024-12-08 09:40
17977,2335,10,12.0,2025-02-02 07:05
17978,86,26,5.5,2025-10-19 14:40
17979,57,19,14.0,2025-07-19 18:56
17980,119,12,4.5,2025-06-17 21:46
17981,813,19,21.5,2025-10-18 15:34
17982,2179,13,9.5,2025-03-17 18:49
17983,354,15,35.0,2025-07-28 18:25
17984,491,22,5.0,2025-07-04 13:37
17985,1613,3,25.5,2025-07-06 00:12
17986,2156,11,23.5,2025-08-09 20:23
17987,688,5,19.0,2025-06-24 05:47
17988,2267,27,9.5,2025-08-20 04:56
17989,2251,13,9.5,2024-12-09 09:19
17990,2051,4,14.0,2025-07-23 11:44
17991,1336,26,31.5,2025-10-02 01:07
17992,662,2,13.0,2025-01-29 14:39
17993,349,14,31.0,2025-08-20 18:48
17994,514,19,23.5,2025-06-07 20:39
17995,809,12,9.5,2025-04-26 03:00
17996,835,18,5.5,2025-04-07 03:13
17997,1642,26,9.5,2025-08-29 12:31
17998,1887,7,27.0,2025-03-04 05:31
17999,2241,22,16.0,2025-10-01 16:22
18000,2140,3,22.0,2025-07-08 09:37
18001,1987,20,11.0,2025-08-02 13:02
18002,1420,16,24.0,2025-09-24 17:49
18003,1362,17,25.0,2025-07-28 21:22
18004,845,14,25.0,2025-08-19 23:47
18005,345,14,14.0,2025-08-06 13:36
18006,953,1,4.5,2025-06-03 05:34
18007,1766,19,24.0,2025-11-12 07:06
18008,2076,6,16.0,2025-03-13 12:46
18009,1923,7,24.0,2025-06-20 13:37
18010,855,16,6.5,2025-09-23 09:03
18011,227,10,15.0,2025-01-10 17:32
18012,1207,3,27.0,2025-04-21 01:21
18013,1728,2,33.0,2025-06-04 17:23
18014,1659,4,32.0,2025-05-05 19:12
18015,1585,11,20.5,2025-11-15 21:59
18016,1242,23,5.0,2025-04-01 08:20
18017,765,17,22.0,2025-10-31 08:57
18018,1907,22,4.5,2025-03-09 18:14
18019,379,16,20.0,2025-05-06 17:51
18020,1374,3,6.5,2025-03-05 11:45
18021,795,5,27.0,2025-02-24 06:00
18022,2073,4,30.5,2025-06-14 17:05
18023,156,13,4.5,2025-10-08 01:41
18024,2022,13,29.0,2025-05-30 17:23
18025,1116,23,31.0,2025-11-20 00:03
18026,622,19,21.0,2025-09-18 02:06
18027,2269,15,24.5,2025-06-20 21:21
18028,1505,11,19.5,2025-06-27 00:40
18029,1404,24,39.5,2025-07-30 19:42
18030,274,14,40.5,2025-10-16 11:14
18031,1343,12,25.5,2025-04-30 16:41
18032,41,25,16.0,2025-02-07 17:03
18033,1612,12,28.0,2025-02-07 00:54
18034,948,17,35.5,2025-05-19 01:12
18035,1834,3,14.0,2025-11-21 01:42
18036,1483,19,4.5,2025-01-22 14:21
18037,88,23,12.0,2025-03-21 20:25
18038,1586,19,5.5,2025-11-25 10:22
18039,90,2,14.0,2025-03-04 04:46
18040,277,14,19.0,2025-02-21 00:20
18041,188,20,14.0,2025-10-19 05:24
18042,590,8,15.0,2025-09-04 22:00
18043,1489,13,34.5,2025-02-10 03:52
18044,1218,8,35.5,2025-07-13 20:51
18045,1500,2,5.0,2025-11-27 21:40
18046,2160,26,13.0,2025-05-22 16:51
18047,108,24,27.5,2025-10-12 12:16
18048,2109,26,24.5,2025-08-02 22:38
18049,1555,9,11.5,2025-11-18 01:38
18050,2083,27,6.5,2025-07-14 21:06
18051,951,5,16.5,2025-11-02 03:06
18052,1325,8,11.5,2025-11-30 02:13
18053,184,9,5.5,2025-06-11 05:30
18054,1142,3,5.0,2025-09-20 08:31
18055,267,7,33.5,2025-05-08 16:14
18056,779,14,12.0,2025-11-05 19:07
18057,1812,25,15.0,2025-10-01 20:41
18058,2151,5,9.5,2024-12-31 21:51
18059,2053,21,20.5,2025-04-29 21:45
18060,526,8,21.0,2025-10-22 01:49
18061,762,20,9.5,2024-12-07 23:01
18062,2265,4,26.5,2025-06-29 00:21
18063,2205,10,23.5,2025-05-12 14:32
18064,221,27,26.5,2025-01-11 15:58
18065,2056,3,30.0,2025-08-04 17:57
18066,2086,23,12.0,2025-06-22 21:40
18067,2069,15,9.5,2025-03-12 20:22
18068,1457,10,33.5,2025-03-31 03:12
18069,2276,18,31.5,2025-04-29 05:25
18070,2243,12,30.5,2025-02-16 15:06
18071,1411,4,21.0,2025-08-04 17:30
18072,1980,5,25.5,2025-06-07 08:53
18073,548,2,20.5,2025-02-18 11:46
18074,1297,14,10.5,2025-07-25 08:08
18075,2227,27,30.5,2025-11-28 03:49
18076,201,17,25.0,2025-01-04 21:45
18077,948,10,30.0,2024-12-23 15:39
18078,547,17,5.5,2025-09-26 12:42
18079,1475,19,25.0,2025-08-07 22:41
18080,2439,25,16.0,2025-10-20 02:25
18081,1274,14,28.5,2025-03-06 09:36
18082,2225,9,21.0,2025-11-16 18:17
18083,1533,11,10.5,2025-08-02 14:44
18084,521,20,31.5,2025-02-12 19:27
18085,2330,25,33.5,2025-11-11 10:46
18086,891,22,13.0,2025-03-27 02:51
18087,1622,21,9.5,2025-05-17 12:07
18088,1572,23,22.5,2024-12-26 04:02
18089,854,14,16.5,2025-06-29 06:14
18090,209,2,30.0,2025-10-14 11:28
18091,15,22,25.0,2025-10-13 19:17
18092,2154,3,28.0,2025-04-28 17:17
18093,385,16,10.0,2025-03-09 06:10
18094,55,17,20.5,2025-10-22 05:48
18095,1563,27,21.0,2025-08-04 03:23
18096,316,7,11.0,2025-05-08 15:50
18097,1599,23,20.0,2025-01-24 12:22
18098,579,19,25.0,2025-01-22 17:39
18099,541,19,25.5,2025-11-13 22:07
18100,2078,9,29.0,2025-10-04 08:05
18101,1764,27,19.0,2024-12-16 07:52
18102,30,5,23.0,2025-09-03 06:00
18103,2227,15,25.5,2024-12-25 17:26
18104,1321,7,29.0,2025-12-01 01:54
18105,1834,26,6.5,2025-05-15 07:08
18106,938,20,9.5,2025-04-28 23:32
18107,778,4,26.0,2025-04-01 22:28
18108,1661,13,28.0,2025-03-05 19:52
18109,1408,13,5.0,2025-04-04 05:54
18110,665,5,23.5,2025-10-14 02:02
18111,473,4,35.5,2025-03-18 07:31
18112,1397,20,19.5,2025-07-09 05:31
18113,886,16,10.5,2025-07-14 16:12
18114,2223,26,16.0,2025-06-06 03:40
18115,2176,26,16.0,2025-08-18 11:02
18116,1799,2,31.5,2025-06-13 01:07
18117,344,23,13.0,2025-10-15 11:42
18118,274,21,5.0,2025-05-28 05:53
18119,250,6,10.0,2025-09-29 04:08
18120,2192,15,16.0,2024-12-10 11:11
18121,840,6,23.5,2025-10-24 13:41
18122,572,26,16.0,2025-06-18 06:35
18123,1193,15,24.0,2025-10-19 15:11
18124,1203,15,19.0,2025-06-27 01:08
18125,1048,24,25.5,2025-02-19 04:47
18126,543,19,19.5,2025-04-03 04:18
18127,679,21,27.5,2025-05-27 13:54
18128,959,21,11.5,2025-06-27 07:08
18129,446,20,15.0,2025-03-11 12:04
18130,2245,18,15.5,2025-08-20 08:36
18131,1271,18,24.0,2025-06-27 11:58
18132,1955,19,30.0,2025-11-30 18:30
18133,2402,21,14.0,2025-08-02 00:25
18134,1006,14,10.0,2025-11-27 11:42
18135,1766,9,16.5,2025-10-15 03:43
18136,2408,15,28.0,2025-07-31 19:02
18137,1622,23,26.0,2025-08-02 19:56
18138,1645,14,4.5,2025-10-07 13:43
18139,542,4,16.5,2025-07-22 01:59
18140,1322,3,21.5,2025-06-09 13:43
18141,742,17,39.0,2025-02-11 13:10
18142,2494,5,9.0,2025-09-03 04:13
18143,397,5,14.0,2025-04-04 01:47
18144,1458,24,21.5,2025-02-24 09:58
18145,2136,23,32.0,2024-12-21 04:59
18146,2074,21,10.0,2025-02-14 12:57
18147,1882,27,19.0,2025-02-21 10:23
18148,2376,27,24.5,2025-09-03 15:56
18149,188,23,6.5,2025-02-16 10:30
18150,115,16,25.5,2025-06-07 18:49
18151,1194,27,34.0,2025-06-01 04:24
18152,1069,11,26.0,2024-12-16 21:54
18153,1042,22,20.5,2025-08-26 11:39
18154,1502,21,21.0,2025-09-21 22:31
18155,21,23,15.0,2025-09-11 19:56
18156,1885,3,22.5,2025-02-04 12:52
18157,1866,1,15.0,2025-02-17 08:28
18158,690,27,9.5,2024-12-16 19:15
18159,913,15,21.0,2025-04-26 14:06
18160,1580,27,30.5,2025-07-07 10:57
18161,1605,26,4.5,2025-11-29 07:07
18162,916,4,24.0,2025-10-30 21:42
18163,1600,23,29.5,2025-09-17 10:47
18164,1224,17,28.0,2025-02-04 17:10
18165,1948,6,16.0,2025-08-30 22:52
18166,2096,11,21.5,2025-10-26 12:15
18167,793,13,4.5,2024-12-26 16:30
18168,247,18,20.0,2025-09-04 00:41
18169,2419,23,5.0,2025-05-06 23:29
18170,1259,23,9.5,2025-11-25 11:17
18171,586,2,20.5,2024-12-13 14:31
18172,2450,7,24.0,2025-01-18 17:11
18173,1446,8,25.5,2025-08-28 23:41
18174,2435,4,6.5,2025-04-15 08:13
18175,844,15,16.0,2025-08-02 08:23
18176,903,24,15.5,2025-10-27 09:58
18177,565,13,14.0,2025-10-29 07:07
18178,1172,2,14.0,2025-10-24 00:25
18179,623,19,16.0,2025-05-15 20:31
18180,835,8,9.5,2025-02-21 10:03
18181,1734,3,30.5,2024-12-16 19:03
18182,546,4,16.0,2025-06-08 09:10
18183,1434,4,5.5,2025-01-10 20:45
18184,1629,25,18.5,2024-12-16 02:15
18185,1013,16,24.0,2025-04-20 16:43
18186,1520,26,26.0,2025-08-07 19:22
18187,187,6,10.5,2025-05-15 06:11
18188,1999,9,6.5,2025-04-25 09:02
18189,1505,8,26.5,2025-03-05 19:49
18190,403,18,22.0,2025-02-23 19:23
18191,2116,11,28.0,2025-07-11 07:23
18192,1564,7,24.5,2025-05-08 02:58
18193,77,12,24.5,2025-06-15 06:34
18194,1929,25,23.5,2025-10-17 22:27
18195,583,6,9.5,2025-02-27 09:13
18196,1266,4,15.0,2025-01-05 07:44
18197,2169,8,6.5,2025-05-13 05:53
18198,1131,19,5.0,2025-08-18 16:06
18199,428,13,22.5,2025-07-24 23:31
18200,134,9,30.5,2025-08-12 11:29
18201,198,12,24.5,2025-04-29 01:46
18202,343,27,27.5,2025-09-11 10:19
18203,1361,7,26.0,2025-10-17 18:23
18204,1752,4,16.5,2025-09-23 16:43
18205,170,11,19.5,2025-04-24 20:45
18206,1045,24,14.5,2024-12-25 21:24
18207,1897,18,33.0,2024-12-14 12:46
18208,1599,14,21.5,2024-12-09 16:18
18209,1078,21,26.0,2025-03-22 17:34
18210,867,25,22.5,2025-01-16 13:39
18211,2373,22,10.0,2025-11-04 03:46
18212,1660,2,33.0,2025-06-08 23:57
18213,1922,22,22.0,2025-05-04 07:35
18214,860,17,9.5,2025-05-25 04:07
18215,1656,17,11.0,2025-03-31 16:36
18216,2492,22,5.5,2024-12-25 20:32
18217,1815,2,14.0,2025-11-15 11:58
18218,2494,7,33.0,2025-02-17 01:13
18219,472,10,25.5,2025-09-06 00:43
18220,204,24,17.0,2025-11-24 22:29
18221,468,1,13.0,2025-01-02 15:48
18222,1245,5,19.5,2025-02-03 05:22
18223,482,21,10.0,2025-05-03 02:35
18224,1317,12,6.5,2025-06-13 12:23
18225,610,27,22.5,2025-08-05 12:52
18226,1360,14,9.5,2025-06-30 20:04
18227,676,17,16.5,2025-11-12 00:01
18228,1266,14,29.0,2025-09-01 13:36
18229,237,8,23.0,2025-05-28 04:42
18230,136,12,26.0,2025-09-09 01:58
18231,427,7,25.5,2025-03-05 08:37
18232,278,21,17.5,2025-11-03 18:07
18233,641,10,9.0,2025-11-25 08:56
18234,931,22,21.0,2025-07-04 03:09
18235,2187,25,13.0,2025-04-17 11:08
18236,2285,20,26.0,2025-06-07 05:40
18237,851,22,20.5,2025-05-23 19:54
18238,2028,22,22.5,2025-05-01 04:10
18239,52,18,18.5,2025-07-16 03:03
18240,892,14,19.0,2025-07-11 19:13
18241,1174,14,20.5,2025-04-16 02:48
18242,44,16,5.5,2024-12-22 20:00
18243,1381,21,27.0,2025-10-14 01:14
18244,1119,12,28.5,2025-08-28 04:08
18245,1407,11,25.0,2025-07-31 12:31
18246,1711,12,6.5,2025-09-10 15:09
18247,2431,19,18.5,2025-01-19 10:26
18248,1466,1,34.5,2025-10-21 19:18
18249,751,22,16.0,2024-12-08 13:49
18250,2281,9,6.5,2025-09-08 11:53
18251,2042,5,5.5,2024-12-13 23:25
18252,1648,26,16.5,2025-01-13 10:57
18253,1247,19,4.5,2025-11-19 10:13
18254,2328,9,16.0,2025-10-28 18:55
18255,1052,15,21.0,2025-08-12 06:13
18256,2473,24,9.0,2025-04-19 12:16
18257,1676,21,4.5,2025-05-11 02:04
18258,1295,24,15.0,2025-08-09 04:11
18259,222,24,17.5,2025-11-08 23:33
18260,524,18,5.5,2025-04-22 04:33
18261,1842,9,28.0,2025-05-09 19:42
18262,1457,11,10.0,2025-01-14 12:02
18263,1563,27,11.0,2025-06-08 01:36
18264,1710,3,21.5,2025-01-08 21:49
18265,1417,7,29.5,2025-07-10 19:35
18266,200,22,24.5,2025-03-02 02:22
18267,496,1,28.0,2025-08-16 14:21
18268,485,13,21.5,2025-08-23 11:04
18269,1867,9,30.0,2025-11-08 12:02
18270,1223,15,28.5,2025-09-21 17:41
18271,1862,7,35.5,2025-03-27 14:15
18272,167,24,5.5,2025-07-09 21:32
18273,617,7,20.0,2025-10-25 11:49
18274,2001,16,22.0,2025-09-17 10:24
18275,1675,7,5.0,2025-05-28 03:33
18276,478,14,25.5,2025-10-20 19:32
18277,1146,11,27.5,2025-10-29 02:19
18278,1923,5,34.5,2025-10-17 10:06
18279,672,27,5.5,2025-07-06 02:45
18280,655,21,9.0,2025-04-12 02:31
18281,1143,23,20.0,2025-10-22 11:41
18282,78,1,20.5,2024-12-17 14:07
18283,247,22,34.0,2025-06-16 16:22
18284,449,26,25.5,2025-11-17 21:33
18285,2354,26,32.5,2025-01-21 23:50
18286,1252,6,5.0,2024-12-28 20:52
18287,332,20,25.5,2025-09-28 22:35
18288,986,4,16.0,2025-01-22 07:36
18289,1493,15,25.5,2025-03-11 21:37
18290,416,8,19.5,2025-09-18 18:02
18291,825,13,32.5,2025-09-01 22:21
18292,2287,13,22.0,2024-12-29 21:08
18293,804,16,16.0,2025-09-01 00:16
18294,1994,15,24.5,2025-10-28 18:29
18295,1938,26,30.0,2025-03-04 10:00
18296,501,13,4.5,2024-12-27 21:32
18297,2062,5,26.5,2025-04-12 06:30
18298,1338,27,26.0,2024-12-27 02:18
18299,705,14,18.5,2024-12-20 10:17
18300,1115,3,23.5,2025-06-11 11:52
18301,2469,12,16.0,2025-06-16 11:06
18302,1190,9,20.0,2025-08-21 04:31
18303,1457,24,30.0,2025-06-15 13:30
18304,2093,12,27.5,2025-05-21 08:33
18305,415,2,24.5,2025-02-16 14:39
18306,1576,17,26.0,2025-04-23 11:19
18307,232,22,5.5,2025-06-19 15:32
18308,1748,9,11.5,2024-12-15 03:48
18309,2291,11,16.5,2025-05-12 10:06
18310,2414,10,6.5,2025-09-05 21:42
18311,1520,24,21.0,2025-06-07 19:24
18312,911,9,26.5,2025-07-21 01:45
18313,164,12,6.5,2025-11-15 23:22
18314,2429,24,12.0,2025-10-12 22:01
18315,1659,18,28.0,2025-05-27 16:48
18316,605,7,12.0,2025-01-17 18:09
18317,1046,11,25.0,2025-06-22 19:57
18318,18,19,26.0,2025-10-15 03:30
18319,2088,3,5.5,2025-03-13 16:03
18320,804,21,21.5,2025-03-06 21:00
18321,1866,2,34.5,2025-04-28 16:32
18322,398,12,11.0,2025-02-03 22:32
18323,1918,6,5.0,2025-08-07 10:36
18324,1842,2,40.5,2025-01-22 10:19
18325,1683,16,9.0,2025-08-31 06:38
18326,2380,9,14.0,2025-02-13 11:56
18327,1020,18,17.0,2025-02-01 19:45
18328,1634,27,16.5,2025-03-08 23:47
18329,981,4,6.5,2025-03-26 10:56
18330,1520,14,14.5,2025-03-17 12:27
18331,1047,6,27.5,2025-03-08 13:23
18332,1595,24,29.5,2025-03-25 22:21
18333,2383,10,11.0,2025-02-05 00:20
18334,628,15,16.0,2025-06-15 12:31
18335,1842,24,20.0,2025-11-07 23:48
18336,1436,16,10.5,2025-11-12 01:14
18337,1987,3,35.0,2025-10-16 08:43
18338,665,20,4.5,2025-02-16 19:46
18339,546,9,27.5,2025-08-22 14:45
18340,1352,14,5.0,2025-04-18 08:57
18341,464,23,18.0,2025-03-10 13:10
18342,260,9,15.0,2025-03-04 01:14
18343,709,2,26.5,2025-04-02 08:45
18344,2289,10,11.0,2025-09-13 00:12
18345,856,26,22.5,2025-05-24 05:53
18346,1402,6,35.5,2025-01-19 22:11
18347,2457,6,23.5,2025-01-22 11:11
18348,2241,22,12.0,2025-11-02 08:46
18349,573,1,27.0,2025-11-07 12:36
18350,309,12,5.0,2025-02-04 04:16
18351,1537,13,30.5,2025-07-16 13:15
18352,2183,5,14.5,2025-06-15 11:42
18353,1892,16,12.0,2025-09-24 10:12
18354,136,18,14.5,2025-03-10 16:29
18355,1947,21,26.0,2025-04-27 20:15
18356,822,22,11.5,2025-06-20 17:07
18357,815,5,37.5,2025-02-05 20:24
18358,483,3,24.0,2025-11-15 13:17
18359,1719,17,19.0,2025-04-25 12:09
18360,870,5,15.0,2025-10-18 21:06
18361,1645,22,9.5,2025-05-18 22:08
18362,2034,26,11.0,2025-01-08 10:00
18363,1643,2,26.0,2025-07-27 00:25
18364,175,5,5.0,2025-10-04 06:18
18365,2389,15,14.0,2025-05-16 20:25
18366,243,26,27.0,2025-01-22 11:45
18367,2439,18,10.0,2025-06-28 01:54
18368,343,21,10.5,2024-12-12 06:30
18369,265,7,30.0,2025-10-30 05:54
18370,1693,18,14.0,2025-04-27 02:34
18371,17,10,14.5,2025-08-24 18:23
18372,304,6,35.5,2025-10-05 11:04
18373,668,27,11.0,2025-04-17 16:20
18374,1223,24,42.5,2025-03-15 05:32
18375,1663,2,31.5,2025-11-11 22:49
18376,1279,14,16.5,2024-12-20 23:50
18377,1213,1,16.5,2025-08-01 15:32
18378,550,11,32.5,2025-01-19 01:51
18379,1497,18,5.5,2025-04-28 14:13
18380,613,10,20.0,2025-02-12 13:02
18381,484,3,25.5,2025-10-10 01:09
18382,507,2,10.5,2025-07-05 12:30
18383,2416,7,26.0,2025-06-20 19:37
18384,964,3,16.0,2024-12-13 05:29
18385,1968,12,22.5,2025-04-26 18:02
18386,1771,17,17.0,2024-12-14 05:12
18387,124,27,23.5,2025-04-24 22:50
18388,1776,11,17.0,2025-05-10 18:06
18389,749,9,16.0,2025-10-29 05:26
18390,236,5,4.5,2025-02-17 01:00
18391,2283,12,9.5,2025-11-17 10:52
18392,811,1,34.5,2025-03-20 22:51
18393,584,1,19.5,2025-10-20 05:15
18394,1200,3,5.5,2025-06-14 03:44
18395,919,7,24.0,2025-01-07 21:14
18396,2066,13,26.5,2025-02-22 17:29
18397,1982,20,5.0,2025-06-29 09:27
18398,1456,4,19.0,2025-02-21 10:08
18399,494,1,16.5,2025-09-15 11:15
18400,709,20,5.5,2025-07-31 18:15
18401,1621,4,11.0,2025-03-25 12:54
18402,1770,23,31.5,2025-07-10 12:14
18403,2274,25,10.0,2025-11-08 11:57
18404,2359,1,16.5,2025-05-18 21:24
18405,1336,26,4.5,2025-07-14 20:28
18406,885,27,31.0,2024-12-27 00:30
18407,1145,9,35.0,2025-06-01 00:46
18408,696,7,19.0,2025-10-22 13:14
18409,608,10,24.5,2025-09-25 07:04
18410,2476,20,22.0,2025-11-07 21:06
18411,2142,21,19.5,2025-08-24 04:12
18412,1193,22,22.5,2025-04-18 00:07
18413,47,24,17.5,2025-12-06 11:44
18414,558,22,23.5,2025-02-26 04:39
18415,701,4,30.5,2025-11-08 07:00
18416,1529,14,14.0,2025-06-08 22:30
18417,899,19,25.5,2025-07-22 14:24
18418,707,11,15.5,2025-04-09 19:26
18419,1002,27,16.0,2025-07-31 01:01
18420,531,21,9.5,2025-01-15 14:38
18421,398,15,26.0,2025-06-07 01:11
18422,965,9,35.0,2025-11-20 02:32
18423,1277,13,5.5,2025-03-16 19:46
18424,2009,6,6.5,2025-06-01 19:36
18425,892,15,33.5,2025-11-18 11:03
18426,1043,13,34.0,2025-08-04 21:04
18427,1047,6,5.5,2025-06-28 23:10
18428,764,17,10.0,2025-09-28 10:48
18429,338,7,19.0,2025-11-04 21:57
18430,1682,1,29.0,2025-04-09 03:34
18431,109,13,20.5,2025-08-29 02:53
18432,1395,12,22.5,2025-10-18 13:26
18433,1014,26,33.0,2025-08-28 07:52
18434,406,25,25.5,2025-09-02 04:41
18435,2211,11,20.0,2025-11-22 08:00
18436,235,9,25.5,2025-02-18 21:43
18437,198,27,32.5,2025-05-21 01:45
18438,470,13,5.5,2025-06-03 01:33
18439,106,7,25.5,2025-02-01 19:14
18440,2063,21,9.5,2025-01-04 04:56
18441,69,6,20.0,2024-12-27 10:26
18442,1571,14,34.5,2025-11-15 23:29
18443,1673,5,5.0,2024-12-14 21:29
18444,1645,15,33.5,2025-10-16 05:08
18445,985,16,24.5,2025-08-23 06:15
18446,1380,8,30.0,2025-02-20 03:56
18447,201,16,26.0,2025-07-27 03:18
18448,2146,23,23.5,2025-03-27 05:13
18449,209,25,19.5,2025-10-06 11:22
18450,1856,12,28.5,2025-01-04 16:29
18451,971,11,17.0,2025-03-30 09:02
18452,798,14,13.0,2025-11-04 09:44
18453,2054,5,9.5,2025-11-06 09:21
18454,1524,21,16.5,2025-08-11 14:24
18455,345,23,10.0,2025-08-19 12:32
18456,530,1,20.0,2025-06-04 11:31
18457,690,9,20.0,2025-04-24 00:17
18458,713,10,33.0,2025-06-16 17:28
18459,200,4,25.0,2025-11-11 09:16
18460,1775,8,34.5,2025-03-31 04:44
18461,736,23,16.0,2025-10-02 09:32
18462,670,16,19.5,2025-06-03 03:58
18463,584,15,11.5,2025-01-08 03:30
18464,827,3,25.5,2025-01-01 14:01
18465,15,8,10.0,2025-10-22 08:41
18466,1458,25,23.0,2025-05-21 08:37
18467,79,13,6.5,2025-07-21 01:45
18468,1028,14,24.5,2025-07-25 04:39
18469,1075,5,11.0,2025-01-13 05:34
18470,478,24,29.0,2025-05-07 18:15
18471,862,11,35.5,2025-01-15 05:59
18472,78,8,5.5,2025-01-06 22:56
18473,291,9,10.0,2025-06-23 16:47
18474,1910,2,31.0,2024-12-10 05:49
18475,153,24,30.5,2025-12-02 19:53
18476,2460,26,12.0,2025-08-13 17:39
18477,62,5,5.0,2025-01-16 03:04
18478,1840,13,23.0,2025-06-09 19:35
18479,1768,5,6.5,2025-07-31 11:40
18480,739,26,14.5,2025-07-07 11:07
18481,2119,23,30.5,2025-10-29 03:25
18482,2087,12,30.0,2024-12-14 05:19
18483,1895,20,5.0,2025-04-16 13:26
18484,1775,13,35.5,2025-09-04 01:55
18485,711,4,9.5,2025-08-09 03:58
18486,2121,15,17.5,2025-07-17 09:06
18487,25,10,27.0,2025-09-25 18:34
18488,1836,22,14.5,2025-04-02 10:34
18489,1822,14,14.5,2025-08-08 16:55
18490,2367,4,26.0,2025-01-20 08:55
18491,805,13,6.5,2025-06-15 11:48
18492,1222,20,25.5,2025-11-10 13:42
18493,992,9,28.5,2025-06-23 04:58
18494,2267,2,11.5,2025-05-16 04:27
18495,1676,25,29.5,2025-03-03 13:27
18496,447,22,9.5,2025-05-09 03:31
18497,167,11,5.0,2025-07-14 12:23
18498,2123,21,20.0,2025-05-01 08:39
18499,283,14,22.5,2025-12-04 03:37
18500,82,21,5.0,2024-12-27 09:36
18501,1900,18,31.5,2025-08-06 23:02
18502,661,22,29.0,2025-06-11 20:29
18503,61,26,15.5,2025-07-07 05:47
18504,114,25,19.5,2025-04-06 18:22
18505,1346,13,13.5,2025-07-21 19:40
18506,820,8,33.5,2025-06-05 09:57
18507,1538,8,5.5,2025-05-12 17:18
18508,695,23,9.5,2025-05-31 02:44
18509,908,1,33.0,2025-11-05 09:11
18510,969,24,32.0,2025-07-15 00:18
18511,401,20,6.5,2025-05-31 22:25
18512,1265,6,12.0,2025-09-27 00:13
18513,1926,7,9.5,2025-12-03 17:09
18514,925,22,29.5,2025-11-11 19:01
18515,1691,21,16.0,2025-07-27 14:27
18516,2486,5,28.0,2025-06-18 18:55
18517,1193,17,20.5,2025-02-06 00:21
18518,205,23,6.5,2025-06-13 23:23
18519,2107,18,18.5,2025-10-24 00:02
18520,1248,14,28.0,2025-03-30 01:40
18521,281,24,19.0,2025-04-27 13:27
18522,1524,25,16.5,2025-11-22 07:09
18523,2313,22,21.5,2025-08-12 07:03
18524,2113,6,24.5,2025-05-15 04:41
18525,55,4,5.5,2025-05-29 10:44
18526,1415,25,13.0,2025-05-01 19:19
18527,722,4,19.0,2025-07-08 03:58
18528,2373,24,20.5,2025-06-25 06:30
18529,807,22,11.5,2025-03-12 13:47
18530,1330,16,15.0,2025-04-25 15:13
18531,15,22,19.0,2025-10-18 05:08
18532,1404,13,26.5,2025-06-30 04:46
18533,445,12,37.5,2025-11-16 04:37
18534,616,17,5.0,2025-01-07 06:30
18535,291,21,19.0,2025-10-14 01:43
18536,2302,24,11.5,2025-04-12 05:22
18537,857,3,16.0,2025-10-27 07:26
18538,1994,25,27.0,2025-05-22 17:22
18539,1492,27,5.5,2025-06-16 12:09
18540,661,15,5.0,2025-03-20 06:48
18541,313,18,17.5,2025-08-21 09:52
18542,1628,25,14.5,2024-12-14 19:59
18543,1106,26,27.0,2025-11-29 16:44
18544,1520,14,34.0,2025-10-22 04:22
18545,1590,25,33.5,2025-11-12 01:22
18546,677,9,13.0,2025-07-23 09:45
18547,835,9,9.0,2025-09-07 04:01
18548,1814,2,5.5,2025-04-23 06:20
18549,1793,25,11.0,2025-04-29 15:53
18550,2165,10,28.5,2025-06-08 13:16
18551,1649,10,9.0,2025-06-23 06:38
18552,2289,19,11.5,2024-12-15 10:11
18553,996,21,22.0,2025-07-22 18:32
18554,1700,13,18.5,2025-05-16 11:35
18555,967,25,5.5,2025-08-05 09:38
18556,579,18,14.5,2025-04-22 01:10
18557,13,13,25.0,2025-09-17 04:27
18558,2377,24,33.5,2025-10-01 05:34
18559,67,9,13.0,2025-08-24 07:23
18560,242,7,30.5,2025-03-30 14:57
18561,522,25,24.5,2025-06-04 15:34
18562,2357,23,16.0,2025-07-29 23:44
18563,1638,25,24.5,2025-07-28 19:05
18564,1738,24,9.5,2025-05-10 07:37
18565,171,25,20.0,2024-12-28 17:21
18566,1373,19,28.0,2025-11-17 17:55
18567,991,23,6.5,2025-11-11 20:36
18568,1990,6,6.5,2025-09-16 15:29
18569,2176,2,16.0,2025-08-15 05:58
18570,2456,14,11.5,2025-04-15 10:44
18571,1254,17,28.0,2025-10-18 21:10
18572,876,21,21.0,2025-09-18 15:50
18573,2156,6,14.0,2025-01-22 11:42
18574,1223,7,15.0,2025-10-20 10:45
18575,229,21,35.5,2025-03-21 06:54
18576,663,9,26.5,2024-12-15 06:04
18577,1190,9,10.0,2025-03-31 04:34
18578,1708,4,5.5,2025-01-31 18:11
18579,71,23,10.5,2025-06-28 22:11
18580,2393,27,16.0,2025-04-30 15:16
18581,1182,2,9.5,2025-08-17 17:48
18582,1077,14,33.5,2025-07-28 14:34
18583,1897,1,9.0,2025-08-12 08:09
18584,252,25,21.5,2025-09-02 15:15
18585,1630,18,25.5,2025-07-25 18:40
18586,67,5,30.5,2025-09-01 09:09
18587,2471,25,14.0,2025-11-20 17:45
18588,118,12,16.0,2025-11-16 19:53
18589,2048,25,10.0,2025-05-20 06:04
18590,236,3,27.0,2025-01-19 00:00
18591,2004,23,22.5,2025-09-13 09:17
18592,2144,20,10.0,2025-03-27 17:06
18593,750,13,5.0,2025-01-22 08:23
18594,1907,21,19.0,2025-03-22 18:08
18595,2024,19,17.5,2025-08-01 10:44
18596,132,4,11.0,2025-07-03 02:13
18597,1518,7,12.0,2025-10-31 21:46
18598,726,8,26.5,2025-07-18 20:15
18599,1736,25,25.0,2025-08-06 07:48
18600,2161,10,17.5,2025-02-26 20:15
18601,1348,17,6.5,2025-10-06 02:44
18602,2402,18,15.0,2025-07-20 15:00
18603,2451,15,29.5,2025-11-16 15:10
18604,922,10,26.5,2025-08-01 22:03
18605,147,7,5.5,2025-08-01 22:02
18606,262,12,6.5,2025-03-27 04:51
18607,1090,15,26.5,2025-02-21 18:43
18608,151,7,15.5,2025-04-21 15:38
18609,432,7,6.5,2025-06-24 08:19
18610,883,13,38.0,2025-09-01 13:11
18611,1178,13,20.0,2025-08-15 13:25
18612,2061,5,36.5,2025-08-30 16:10
18613,1254,12,20.0,2024-12-24 03:38
18614,125,14,5.5,2024-12-26 21:29
18615,631,17,5.0,2025-05-21 13:54
18616,1849,4,23.5,2025-10-02 14:23
18617,869,14,5.0,2025-01-13 01:42
18618,1464,27,9.5,2025-04-19 15:02
18619,544,1,23.5,2024-12-30 10:49
18620,607,4,14.5,2025-07-07 19:43
18621,1424,21,6.5,2025-03-13 07:24
18622,1993,6,28.5,2025-05-26 06:19
18623,37,1,9.5,2025-10-19 01:29
18624,1735,17,4.5,2025-10-20 05:20
18625,2208,1,23.5,2025-10-23 08:35
18626,2206,9,24.5,2025-03-16 07:38
18627,2109,17,14.0,2025-03-21 02:15
18628,32,16,32.5,2025-01-16 21:31
18629,110,25,31.0,2025-08-27 04:20
18630,1531,19,17.5,2025-04-21 14:56
18631,572,25,9.5,2025-06-06 09:51
18632,172,4,19.0,2025-06-24 10:06
18633,1590,12,23.0,2025-11-27 11:08
18634,862,13,15.0,2025-11-24 12:28
18635,777,15,17.5,2025-06-17 17:32
18636,263,18,15.0,2025-09-09 18:18
18637,596,26,20.5,2025-03-02 13:41
18638,1743,21,13.0,2025-06-12 11:50
18639,279,4,20.0,2025-08-13 21:07
18640,411,16,34.5,2025-03-22 21:41
18641,275,11,24.5,2025-03-03 11:56
18642,2141,1,30.0,2025-11-03 08:09
18643,2392,2,9.0,2024-12-25 13:08
18644,734,7,20.0,2025-05-25 00:07
18645,918,4,6.5,2025-09-11 21:10
18646,389,13,5.0,2025-01-10 22:14
18647,1956,9,36.0,2025-07-29 06:48
18648,2499,18,19.0,2025-06-08 00:30
18649,584,3,31.0,2025-06-29 06:49
18650,1329,7,14.5,2025-02-14 20:57
18651,2099,26,6.5,2025-05-10 08:19
18652,1586,21,23.5,2025-06-03 09:19
18653,1435,27,19.5,2025-01-11 09:36
18654,171,26,24.5,2025-07-13 10:25
18655,1002,26,19.5,2025-02-21 19:06
18656,2495,15,30.5,2025-07-18 22:01
18657,761,23,5.0,2025-08-10 11:39
18658,2454,11,9.5,2025-08-29 13:44
18659,2385,21,26.0,2025-10-23 08:32
18660,2044,6,5.0,2025-09-18 04:50
18661,1524,22,24.5,2025-09-14 12:46
18662,1820,20,5.0,2025-02-14 07:19
18663,1347,5,30.5,2025-08-09 23:07
18664,324,7,11.0,2024-12-14 05:57
18665,1428,4,15.0,2025-02-27 13:27
18666,1718,2,21.0,2025-09-08 13:51
18667,798,4,9.5,2025-09-08 05:11
18668,1523,23,26.0,2025-05-26 13:13
18669,458,1,28.0,2025-10-22 16:29
18670,1883,12,9.5,2025-06-06 06:25
18671,2386,18,9.0,2025-02-12 08:35
18672,1110,22,25.0,2025-05-07 23:59
18673,1421,14,20.5,2024-12-10 07:01
18674,892,7,24.5,2025-02-10 08:28
18675,138,12,14.0,2025-08-26 18:36
18676,233,17,9.5,2025-07-02 13:59
18677,284,18,5.0,2025-08-11 23:15
18678,886,24,27.0,2025-06-10 21:57
18679,705,26,28.5,2025-07-30 17:56
18680,2137,12,22.0,2025-04-23 20:39
18681,1038,9,5.0,2025-10-05 10:52
18682,106,9,4.5,2025-06-24 18:34
18683,1202,10,21.5,2025-08-24 04:50
18684,403,1,34.0,2025-02-16 20:34
18685,1011,6,5.5,2025-03-11 09:57
18686,2293,15,6.5,2025-01-08 14:34
18687,729,23,16.0,2025-06-23 14:04
18688,1978,27,35.5,2025-06-15 04:29
18689,2113,19,24.5,2025-07-19 03:05
18690,2390,12,6.5,2025-11-23 00:44
18691,2004,13,25.5,2025-05-25 14:55
18692,1072,2,9.5,2025-06-21 12:19
18693,322,25,22.5,2025-03-16 17:46
18694,744,3,36.5,2025-09-13 11:16
18695,1787,11,6.5,2025-09-11 00:26
18696,212,25,12.0,2025-10-23 17:54
18697,1510,18,30.5,2025-01-17 21:47
18698,1256,21,5.5,2025-11-25 03:45
18699,318,20,31.0,2025-06-16 00:06
18700,2471,25,16.0,2025-12-03 03:15
18701,1005,26,16.0,2025-06-12 02:12
18702,2104,23,5.0,2025-07-14 07:25
18703,1239,5,36.5,2025-10-05 20:12
18704,186,27,30.0,2025-01-23 17:29
18705,18,20,26.0,2025-08-23 06:00
18706,1830,14,6.5,2025-07-04 21:37
18707,1957,18,19.0,2025-07-30 22:00
18708,1537,27,29.0,2025-08-25 00:11
18709,847,5,24.5,2025-11-28 20:26
18710,2,9,17.0,2025-03-24 09:36
18711,1635,24,26.0,2025-06-06 07:58
18712,307,6,20.0,2024-12-09 20:54
18713,1424,12,4.5,2025-03-16 18:19
18714,760,27,18.0,2025-05-28 19:56
18715,1584,21,10.5,2025-01-15 19:45
18716,1663,7,10.5,2025-05-28 19:54
18717,1896,10,25.0,2025-03-09 09:42
18718,1679,24,17.0,2025-06-11 16:29
18719,2438,27,16.0,2025-08-09 16:25
18720,247,23,15.0,2025-01-31 19:21
18721,1301,3,15.5,2024-12-28 06:41
18722,923,23,15.0,2025-01-12 18:02
18723,2444,16,14.5,2025-07-06 08:11
18724,332,8,9.5,2025-01-01 10:12
18725,35,27,14.5,2025-06-05 20:36
18726,2163,14,26.0,2025-01-05 17:49
18727,1736,23,4.5,2025-06-11 17:26
18728,548,24,6.5,2025-07-13 18:36
18729,1856,12,26.5,2025-01-10 01:07
18730,1442,7,10.0,2025-02-25 22:00
18731,201,21,22.5,2025-04-21 05:40
18732,962,5,4.5,2025-11-04 01:34
18733,2442,16,22.5,2025-09-17 08:46
18734,1188,14,37.5,2025-09-01 16:28
18735,126,27,15.0,2025-12-01 21:34
18736,1899,14,27.0,2025-03-17 08:50
18737,768,15,5.5,2025-05-06 15:48
18738,2485,27,6.5,2025-02-14 10:55
18739,2297,12,5.0,2025-09-13 20:33
18740,1784,9,21.0,2025-07-05 08:57
18741,1157,16,10.0,2025-07-24 18:33
18742,418,3,23.5,2025-11-24 08:23
18743,1196,19,20.0,2025-02-07 10:32
18744,2164,1,5.0,2025-05-04 23:02
18745,396,18,33.5,2025-08-27 16:00
18746,430,2,22.0,2025-08-21 20:34
18747,957,7,36.0,2025-09-18 03:35
18748,941,6,6.5,2025-06-02 10:41
18749,958,21,11.5,2025-02-01 19:22
18750,1993,22,24.0,2025-01-18 03:29
18751,2160,25,4.5,2024-12-17 14:37
18752,362,19,11.5,2025-07-25 09:10
18753,1939,18,23.5,2025-02-07 13:46
18754,304,12,35.5,2025-09-16 02:36
18755,46,23,12.0,2025-04-19 11:45
18756,1481,5,20.0,2025-05-18 12:32
18757,224,27,17.0,2025-10-27 14:50
18758,2351,9,23.5,2025-08-16 00:20
18759,1367,6,9.5,2025-12-03 06:13
18760,476,8,4.5,2025-07-20 11:34
18761,274,5,16.0,2024-12-13 14:59
18762,2414,15,4.5,2025-10-12 23:58
18763,192,3,19.5,2025-03-11 14:36
18764,2380,25,6.5,2025-01-25 22:29
18765,693,8,9.5,2025-05-06 06:37
18766,2413,11,16.0,2025-02-21 11:20
18767,535,3,21.0,2025-09-17 14:29
18768,1294,27,35.5,2025-11-13 14:05
18769,177,27,6.5,2025-05-26 14:00
18770,343,5,34.5,2025-08-03 18:08
18771,1977,13,10.0,2025-03-10 22:13
18772,1426,12,26.5,2025-07-30 17:06
18773,2115,1,21.0,2025-06-16 03:02
18774,1309,11,11.5,2025-06-06 16:51
18775,2316,27,5.0,2025-07-27 19:16
18776,591,7,5.5,2025-11-04 09:57
18777,1813,9,29.0,2025-07-02 23:49
18778,2463,8,10.0,2025-05-27 01:52
18779,1229,24,18.5,2025-09-24 11:04
18780,2336,4,10.0,2025-06-11 08:46
18781,40,5,22.0,2025-03-02 10:46
18782,989,1,6.5,2025-11-20 21:10
18783,752,26,19.5,2025-02-17 13:27
18784,357,20,26.5,2025-03-09 16:08
18785,1821,23,5.0,2025-01-04 11:15
18786,1132,2,34.5,2025-10-05 05:20
18787,2422,4,17.5,2025-10-20 02:05
18788,1589,14,6.5,2025-09-25 19:49
18789,2432,27,34.5,2025-01-14 17:52
18790,446,2,23.0,2025-10-23 02:38
18791,1769,7,9.5,2025-02-22 02:26
18792,625,19,11.0,2024-12-26 12:35
18793,176,6,4.5,2025-05-07 22:52
18794,2441,9,18.5,2025-08-18 15:51
18795,2326,14,15.0,2025-06-22 10:35
18796,1721,21,9.5,2025-12-03 01:28
18797,1351,23,5.5,2025-04-05 03:24
18798,2192,15,34.0,2024-12-27 07:25
18799,1566,18,21.5,2025-05-17 11:02
18800,1130,21,29.5,2025-08-04 16:41
18801,1321,25,15.0,2025-09-26 11:29
18802,373,8,14.5,2025-03-05 13:13
18803,923,24,12.0,2025-07-03 15:22
18804,731,23,11.0,2025-11-28 20:02
18805,701,7,30.0,2025-09-29 13:42
18806,1439,2,33.0,2025-02-24 17:00
18807,1132,12,19.0,2025-11-04 21:29
18808,1968,9,26.0,2025-04-15 02:03
18809,2012,6,11.0,2024-12-29 03:49
18810,925,12,18.0,2025-08-17 01:39
18811,1087,6,28.5,2025-03-15 19:30
18812,1547,26,22.0,2025-11-29 14:52
18813,1076,13,25.5,2025-12-05 22:49
18814,528,23,4.5,2025-06-08 10:08
18815,1495,20,19.5,2025-03-10 22:46
18816,2,2,16.0,2025-12-03 05:17
18817,2014,15,32.5,2025-07-11 00:57
18818,2081,26,28.5,2025-05-25 12:47
18819,773,9,6.5,2025-08-17 02:41
18820,1328,19,23.0,2025-05-07 07:04
18821,1160,7,5.0,2025-11-14 17:36
18822,822,18,11.0,2025-03-02 19:01
18823,321,18,16.0,2025-03-26 01:00
18824,516,27,12.0,2025-01-07 19:07
18825,1273,23,24.0,2024-12-09 08:20
18826,1383,24,9.5,2025-11-18 02:07
18827,750,2,28.5,2025-05-29 11:03
18828,2118,15,39.5,2025-02-06 01:34
18829,608,27,32.5,2025-08-08 03:23
18830,1237,24,15.0,2025-08-30 04:12
18831,1625,25,15.0,2025-05-31 18:14
18832,2452,16,13.5,2025-08-12 11:05
18833,1512,4,15.5,2025-02-21 17:12
18834,1115,20,14.5,2025-07-14 02:07
18835,2341,27,22.5,2025-12-03 10:43
18836,1132,3,28.5,2025-03-20 06:39
18837,629,4,32.5,2025-10-14 12:15
18838,1753,13,27.0,2025-07-07 17:49
18839,904,11,9.5,2025-08-02 06:42
18840,240,1,24.0,2025-04-13 19:17
18841,2418,11,26.0,2025-10-19 15:18
18842,1139,18,20.5,2025-01-04 17:12
18843,2049,8,21.0,2025-09-02 14:03
18844,1668,21,26.5,2025-05-09 04:18
18845,2309,9,5.5,2025-09-20 05:16
18846,1152,11,27.0,2025-08-09 19:49
18847,1060,13,16.0,2025-10-04 06:32
18848,868,7,10.0,2025-05-24 22:07
18849,71,20,9.0,2024-12-08 15:09
18850,2330,4,26.5,2025-08-05 11:17
18851,814,8,36.5,2025-03-07 18:10
18852,2408,18,9.5,2025-02-26 16:09
18853,621,1,10.0,2025-03-15 19:46
18854,540,17,10.0,2025-03-24 07:51
18855,1006,22,24.5,2025-09-30 18:11
18856,1267,15,26.5,2025-06-16 15:36
18857,1159,13,4.5,2025-11-22 05:21
18858,1411,1,30.5,2025-10-20 20:16
18859,1685,20,10.0,2025-08-20 20:42
18860,798,7,19.0,2025-03-21 01:08
18861,701,16,9.5,2025-08-17 21:34
18862,1510,3,23.5,2025-06-08 14:01
18863,1147,17,21.0,2025-01-11 07:24
18864,37,22,9.5,2025-08-19 11:49
18865,1937,6,9.5,2025-02-20 10:46
18866,1122,14,37.0,2025-10-02 15:53
18867,2196,27,5.0,2025-11-21 21:57
18868,187,20,16.0,2025-09-06 19:48
18869,2224,6,15.5,2024-12-29 04:25
18870,2447,25,4.5,2025-10-19 14:37
18871,1666,21,5.0,2025-01-03 19:23
18872,26,2,35.0,2025-09-18 12:11
18873,1026,12,26.5,2024-12-23 16:28
18874,1851,21,22.0,2025-03-08 01:06
18875,1880,12,11.5,2025-11-23 11:05
18876,519,25,17.5,2024-12-16 11:44
18877,173,8,27.0,2025-02-26 03:10
18878,1354,20,28.5,2025-11-06 01:03
18879,372,13,4.5,2025-11-18 12:56
18880,2322,9,14.0,2025-04-05 23:10
18881,396,23,29.5,2025-05-24 13:44
18882,1468,24,6.5,2025-04-13 21:20
18883,1078,6,10.5,2025-11-23 12:02
18884,1449,9,19.5,2025-10-09 05:46
18885,2091,16,21.5,2025-06-27 21:02
18886,1610,24,11.0,2025-07-29 06:45
18887,2282,8,23.0,2025-06-02 19:54
18888,957,8,22.0,2025-05-12 15:50
18889,584,18,19.0,2025-07-21 19:35
18890,956,12,41.5,2025-11-04 04:50
18891,802,7,34.5,2025-07-22 22:28
18892,318,12,14.0,2025-04-20 09:01
18893,1281,16,5.5,2024-12-31 06:52
18894,812,11,11.0,2025-04-03 23:35
18895,1823,26,15.0,2025-06-09 21:44
18896,1616,5,14.5,2025-01-08 18:28
18897,2430,2,19.5,2025-01-01 08:10
18898,287,11,17.5,2025-01-16 04:35
18899,104,6,23.5,2025-03-24 11:47
18900,1427,24,19.5,2025-01-25 12:20
18901,1753,12,17.0,2025-10-22 03:15
18902,872,18,21.0,2025-08-19 00:59
18903,2468,22,20.0,2025-11-07 12:10
18904,889,22,21.5,2024-12-16 12:19
18905,1677,24,4.5,2025-06-27 08:13
18906,832,16,9.5,2025-02-09 21:12
18907,1498,26,15.5,2025-07-06 04:38
18908,241,17,17.0,2025-04-26 07:22
18909,2070,20,4.5,2025-10-19 18:47
18910,530,9,6.5,2025-08-23 00:57
18911,539,16,21.0,2025-01-11 22:11
18912,2224,13,35.5,2025-01-24 08:39
18913,1731,2,15.0,2025-11-24 23:01
18914,1404,19,30.5,2025-08-20 01:12
18915,49,16,15.0,2025-06-08 18:30
18916,448,15,22.5,2025-05-05 01:57
18917,695,22,29.5,2025-10-21 15:59
18918,1129,3,9.5,2025-08-06 20:46
18919,1160,15,25.5,2024-12-16 21:13
18920,1462,5,4.5,2025-09-11 21:40
18921,771,9,5.5,2025-08-30 14:27
18922,2071,15,5.0,2025-07-26 15:07
18923,1960,22,11.0,2025-02-16 15:13
18924,436,1,5.0,2025-07-02 06:16
18925,1141,7,4.5,2025-10-15 01:05
18926,1295,1,34.0,2025-08-09 11:55
18927,2114,17,29.0,2025-07-07 07:02
18928,962,8,25.5,2025-05-10 03:40
18929,2225,16,14.5,2025-08-24 14:21
18930,35,20,20.0,2025-01-12 19:26
18931,2385,9,26.0,2025-06-25 04:06
18932,1941,3,36.0,2025-07-08 15:36
18933,2384,17,11.5,2025-04-04 09:19
18934,1127,14,6.5,2025-09-22 15:19
18935,1319,25,10.0,2025-06-16 18:22
18936,425,15,33.5,2025-09-14 18:04
18937,959,18,6.5,2025-03-12 19:43
18938,185,7,14.0,2025-03-05 03:54
18939,690,5,22.0,2024-12-31 23:27
18940,2132,13,22.0,2025-01-20 03:12
18941,166,15,9.5,2025-06-26 17:02
18942,2153,11,16.0,2025-11-09 20:56
18943,710,3,6.5,2025-11-13 18:16
18944,18,8,17.5,2025-11-21 14:23
18945,248,18,4.5,2025-11-28 17:47
18946,2314,20,24.5,2025-09-17 23:01
18947,628,21,20.0,2024-12-09 03:11
18948,2033,16,14.0,2025-09-19 13:39
18949,1419,25,15.0,2025-05-31 23:53
18950,2236,15,30.5,2025-06-06 09:12
18951,1619,1,20.5,2025-09-26 17:04
18952,860,17,9.5,2025-10-11 04:43
18953,2081,9,4.5,2025-03-25 16:32
18954,634,24,26.5,2025-10-26 04:40
18955,1963,18,16.0,2025-11-12 19:31
18956,228,27,26.0,2025-06-23 14:47
18957,39,17,32.5,2025-02-16 10:31
18958,110,5,19.0,2025-03-22 20:39
18959,161,22,4.5,2025-06-15 20:38
18960,565,1,11.0,2025-06-08 00:10
18961,1146,7,5.0,2025-01-02 14:55
18962,1547,23,18.5,2025-02-20 19:45
18963,2076,19,19.0,2025-09-06 20:02
18964,483,7,6.5,2025-11-27 07:23
18965,2458,21,6.5,2025-01-01 03:22
18966,1726,11,29.0,2025-02-27 02:59
18967,2254,18,11.0,2025-01-26 15:37
18968,307,10,15.0,2025-05-08 08:54
18969,1139,17,15.5,2025-03-04 03:22
18970,1522,26,29.5,2025-01-16 20:12
18971,1068,16,22.5,2025-06-11 10:04
18972,420,9,13.0,2025-02-02 11:46
18973,448,8,11.0,2025-01-11 23:13
18974,2475,14,21.5,2025-01-11 02:56
18975,274,9,10.0,2025-07-24 03:55
18976,1973,6,5.0,2025-10-11 03:52
18977,221,19,21.0,2025-04-08 02:36
18978,2476,6,9.5,2025-08-18 08:08
18979,852,1,10.5,2025-07-21 13:42
18980,1319,4,5.5,2025-10-04 10:02
18981,2159,12,10.0,2025-05-06 23:50
18982,915,13,15.0,2024-12-20 10:51
18983,1858,1,28.5,2025-11-12 06:02
18984,1815,18,11.0,2025-02-22 21:39
18985,15,11,10.5,2025-10-27 01:49
18986,2140,24,5.0,2025-03-31 14:33
18987,541,26,22.5,2025-03-01 02:20
18988,1869,13,39.0,2025-05-24 22:48
18989,262,24,9.5,2024-12-21 11:35
18990,510,20,19.5,2025-01-31 20:13
18991,1075,7,31.0,2025-07-07 05:44
18992,2390,23,29.0,2025-04-22 13:32
18993,1855,14,14.5,2025-10-16 01:30
18994,2374,9,16.0,2025-01-27 13:21
18995,464,17,21.0,2025-09-08 00:25
18996,2487,10,31.5,2025-08-19 01:00
18997,634,11,19.5,2025-11-02 00:06
18998,1029,9,9.5,2025-04-15 07:18
18999,1450,18,13.5,2025-09-11 14:48
19000,2394,23,11.0,2025-07-14 08:59
19001,241,17,10.5,2025-03-01 23:33
19002,2269,8,34.0,2025-07-02 08:23
19003,2228,13,26.0,2025-09-02 04:28
19004,1075,2,4.5,2025-12-04 00:25
19005,1381,25,14.5,2025-09-30 03:14
19006,2426,27,26.0,2025-01-21 08:35
19007,719,11,9.5,2025-08-23 06:27
19008,852,20,30.0,2025-07-09 11:39
19009,1517,1,34.0,2025-04-05 00:36
19010,1307,14,26.0,2025-06-27 20:08
19011,205,24,5.0,2025-07-14 19:37
19012,2227,13,11.0,2025-08-22 16:13
19013,2035,11,18.5,2024-12-07 22:31
19014,2347,24,5.5,2025-06-19 19:47
19015,625,13,16.5,2025-02-05 04:40
19016,1197,25,11.5,2025-07-05 23:22
19017,1466,22,5.0,2025-12-04 09:05
19018,397,4,16.0,2025-05-27 20:29
19019,422,11,26.5,2025-06-09 07:19
19020,1383,20,25.0,2025-10-13 02:56
19021,1805,17,26.0,2025-11-28 12:55
19022,537,20,32.5,2025-12-01 10:08
19023,2246,23,21.0,2025-03-13 15:21
19024,1340,10,11.0,2025-09-03 12:23
19025,500,10,26.0,2025-03-25 15:15
19026,1606,13,4.5,2025-08-04 12:19
19027,1635,1,20.5,2025-09-17 11:58
19028,1217,1,9.5,2025-03-26 18:51
19029,1403,21,23.5,2025-02-23 20:39
19030,1297,5,26.0,2025-06-08 15:42
19031,2322,23,32.0,2025-03-21 12:29
19032,1553,12,16.5,2025-07-08 00:53
19033,2062,9,16.0,2025-09-26 04:56
19034,1551,23,25.5,2025-02-14 02:40
19035,546,26,24.5,2025-05-06 20:20
19036,2104,20,21.5,2025-03-25 00:13
19037,219,11,15.0,2025-11-04 08:49
19038,2089,21,26.5,2025-05-02 02:20
19039,1192,16,28.0,2025-11-06 06:38
19040,1937,6,15.0,2025-01-28 13:05
19041,1440,15,19.0,2025-04-28 01:23
19042,2055,4,34.0,2025-07-06 00:49
19043,1124,23,11.0,2025-03-16 10:16
19044,2425,15,11.0,2025-09-03 11:10
19045,1066,16,20.5,2025-04-26 09:06
19046,442,5,12.0,2025-02-07 06:46
19047,561,22,9.5,2025-01-22 03:18
19048,1429,13,25.5,2025-07-10 02:07
19049,651,2,24.5,2025-09-27 03:08
19050,65,22,6.5,2025-06-29 05:09
19051,2186,17,23.5,2025-12-02 22:57
19052,1320,19,6.5,2025-06-13 20:33
19053,2107,1,12.0,2025-08-10 00:29
19054,1243,22,20.5,2025-06-18 23:02
19055,779,13,26.0,2025-10-16 06:00
19056,1106,21,33.5,2024-12-13 19:59
19057,786,19,25.5,2025-02-27 05:37
19058,1969,1,5.5,2025-07-21 17:12
19059,181,25,19.5,2025-11-29 14:05
19060,771,23,12.0,2025-03-14 17:34
19061,835,8,10.0,2025-11-29 18:01
19062,1519,19,25.5,2025-07-25 22:23
19063,1604,19,30.0,2025-07-19 14:50
19064,1835,19,25.5,2025-12-02 07:37
19065,510,19,5.5,2025-03-01 14:47
19066,1081,17,9.5,2025-11-15 04:47
19067,392,15,16.5,2025-09-11 23:46
19068,2423,1,28.5,2025-09-08 17:40
19069,790,23,22.5,2025-08-26 01:36
19070,1442,17,22.0,2025-07-06 01:15
19071,527,2,28.5,2025-07-21 02:25
19072,630,25,4.5,2025-02-01 02:46
19073,2162,10,5.5,2025-09-23 23:43
19074,2171,2,4.5,2025-02-27 13:36
19075,593,22,21.5,2025-01-04 10:51
19076,1171,21,11.0,2025-02-16 17:12
19077,2417,14,21.5,2025-10-03 13:10
19078,747,6,9.0,2024-12-10 08:07
19079,870,1,9.5,2025-04-10 18:13
19080,1877,19,16.5,2025-08-21 20:20
19081,1362,11,27.0,2025-09-03 23:37
19082,2387,23,35.5,2025-11-28 19:20
19083,1677,2,4.5,2024-12-12 17:34
19084,567,27,37.5,2025-07-08 06:43
19085,1828,27,20.5,2025-05-16 11:41
19086,2202,7,9.5,2025-06-15 06:13
19087,1430,19,26.0,2025-04-01 18:36
19088,2137,5,22.5,2025-03-27 13:48
19089,453,11,6.5,2025-10-31 20:53
19090,1854,11,6.5,2025-11-30 04:32
19091,1853,1,5.5,2024-12-16 03:47
19092,639,19,20.5,2025-10-23 13:58
19093,2372,16,30.0,2025-12-06 22:38
19094,1468,4,31.0,2025-10-27 14:12
19095,61,26,9.5,2025-01-18 12:36
19096,1261,10,9.5,2025-04-14 18:53
19097,2210,15,36.5,2024-12-23 01:29
19098,981,23,26.5,2025-09-30 05:48
19099,1283,2,22.0,2025-04-30 18:48
19100,1791,24,32.5,2024-12-13 07:26
19101,2298,6,29.0,2025-04-29 20:54
19102,710,5,25.0,2024-12-11 17:22
19103,1099,7,14.0,2025-05-24 04:55
19104,1816,2,21.0,2025-05-26 00:53
19105,71,6,25.5,2025-10-23 13:17
19106,1290,10,14.0,2025-06-01 13:07
19107,702,18,17.0,2025-11-14 09:01
19108,115,8,16.0,2025-02-13 03:12
19109,887,4,11.5,2025-04-19 10:25
19110,824,16,4.5,2025-10-25 00:28
19111,2120,21,25.0,2025-03-03 00:09
19112,2038,26,19.0,2024-12-07 23:49
19113,300,19,19.5,2025-11-16 18:30
19114,1540,19,12.0,2025-09-19 19:30
19115,1001,9,28.5,2025-03-16 20:08
19116,606,22,33.0,2024-12-30 05:06
19117,1163,22,36.5,2025-01-11 20:18
19118,1789,13,16.5,2025-07-01 10:11
19119,740,22,15.5,2025-06-14 11:25
19120,1867,16,32.0,2025-07-17 17:08
19121,1058,17,4.5,2025-01-27 15:59
19122,2497,7,28.5,2025-08-03 04:38
19123,605,6,21.0,2025-02-11 14:17
19124,1380,8,35.5,2025-08-10 15:57
19125,2419,14,37.0,2025-02-05 22:49
19126,358,17,23.5,2025-02-09 18:52
19127,867,24,25.5,2025-07-01 15:26
19128,485,21,26.5,2025-04-01 22:28
19129,1105,15,9.5,2025-10-28 18:16
19130,1690,1,5.0,2025-07-04 22:14
19131,2425,7,19.0,2025-05-30 08:33
19132,230,24,34.5,2025-08-08 21:53
19133,1237,10,21.5,2025-01-08 11:48
19134,1804,26,24.5,2025-03-24 17:19
19135,2102,18,9.5,2025-08-16 16:59
19136,2299,27,14.5,2025-11-17 22:57
19137,1182,17,6.5,2025-12-06 20:19
19138,836,19,16.5,2025-06-02 14:28
19139,681,3,15.5,2025-07-21 23:31
19140,1617,16,12.0,2025-03-28 04:47
19141,1442,16,21.0,2025-02-19 23:48
19142,1424,10,9.0,2025-07-14 15:24
19143,1602,17,21.0,2025-03-01 18:10
19144,1433,12,5.0,2025-09-11 19:57
19145,422,2,25.0,2025-10-09 19:03
19146,1650,3,21.5,2024-12-15 04:47
19147,424,17,24.0,2025-01-24 15:41
19148,2142,1,4.5,2025-11-04 13:07
19149,392,21,17.5,2025-09-18 16:42
19150,2278,18,37.5,2025-06-21 21:55
19151,2451,5,22.5,2025-03-28 07:47
19152,1319,15,25.0,2025-04-12 03:38
19153,589,25,23.5,2025-09-03 15:21
19154,8,21,11.0,2025-03-24 18:57
19155,1038,3,25.5,2025-04-26 04:55
19156,916,8,37.0,2025-09-12 07:19
19157,179,9,11.0,2025-01-07 02:44
19158,2151,2,27.0,2025-05-10 04:32
19159,1071,17,5.0,2025-09-03 14:33
19160,680,17,14.0,2025-04-20 16:50
19161,707,23,9.5,2025-01-06 07:52
19162,1012,4,32.0,2025-08-27 23:53
19163,1943,24,19.5,2025-11-14 06:46
19164,1167,19,5.0,2025-07-21 15:46
19165,1057,1,30.5,2025-09-03 07:13
19166,385,9,9.5,2025-04-14 10:15
19167,1052,13,30.5,2025-08-25 17:43
19168,1052,11,10.0,2025-05-09 04:20
19169,1025,25,11.0,2025-11-13 23:28
19170,883,18,20.0,2024-12-17 17:06
19171,938,14,15.5,2025-02-25 12:10
19172,2495,3,33.0,2025-03-26 04:08
19173,2120,10,27.0,2025-01-23 01:03
19174,688,21,27.5,2025-10-19 18:10
19175,1837,20,22.0,2025-09-30 04:32
19176,649,18,23.5,2025-03-30 20:08
19177,1571,13,17.5,2025-03-15 06:46
19178,1016,20,19.5,2025-05-12 08:56
19179,1786,17,6.5,2025-05-21 20:46
19180,976,5,40.5,2025-07-19 11:20
19181,2118,12,15.0,2025-09-25 08:15
19182,139,24,22.0,2025-10-25 11:05
19183,157,14,5.0,2025-05-16 18:36
19184,1078,25,11.0,2025-10-13 18:18
19185,2168,22,40.5,2025-02-24 04:09
19186,2082,25,14.5,2025-11-29 22:06
19187,1825,15,18.5,2025-04-05 05:48
19188,30,17,15.5,2025-01-04 05:52
19189,2108,15,23.5,2024-12-14 21:02
19190,1307,4,9.0,2025-04-28 23:57
19191,1883,12,32.0,2025-04-13 20:06
19192,1351,4,35.5,2025-09-06 16:01
19193,1913,19,9.0,2025-10-17 03:47
19194,1,4,9.5,2025-05-23 23:22
19195,1920,27,27.0,2025-10-27 07:22
19196,2276,19,9.5,2025-04-29 20:51
19197,134,6,30.5,2025-05-03 22:33
19198,552,14,17.5,2025-03-05 00:52
19199,114,1,4.5,2025-03-28 13:44
19200,192,2,12.0,2025-11-08 00:11
19201,1881,27,6.5,2025-02-14 21:21
19202,1403,2,26.0,2025-10-14 10:06
19203,536,17,4.5,2025-08-21 12:48
19204,115,26,4.5,2025-02-06 10:47
19205,2001,25,19.5,2025-06-22 21:03
19206,1177,9,26.5,2025-04-22 19:28
19207,1705,12,10.5,2025-01-03 18:22
19208,1075,13,15.0,2025-02-22 17:42
19209,719,5,22.5,2025-08-22 07:37
19210,32,27,4.5,2025-09-29 22:54
19211,1310,10,6.5,2025-03-01 06:33
19212,932,7,31.5,2025-08-13 22:34
19213,65,23,33.5,2025-04-20 08:22
19214,99,1,11.0,2025-06-07 14:11
19215,991,8,30.5,2025-03-25 18:43
19216,2295,9,15.0,2025-06-15 16:33
19217,1742,24,30.0,2025-02-13 23:50
19218,718,24,5.0,2025-03-04 17:23
19219,215,18,31.0,2025-02-04 14:16
19220,184,10,10.0,2025-01-17 13:46
19221,1287,23,18.5,2025-08-09 01:14
19222,1351,26,34.5,2025-03-24 17:46
19223,673,18,26.0,2025-04-09 15:56
19224,262,19,4.5,2025-05-05 12:26
19225,1151,11,5.0,2024-12-14 03:43
19226,1788,13,4.5,2025-03-16 21:14
19227,819,25,29.5,2025-03-19 12:00
19228,1078,26,5.0,2025-09-15 01:57
19229,936,15,14.0,2025-01-15 12:12
19230,80,26,25.0,2025-10-31 04:36
19231,633,24,10.0,2025-02-13 10:18
19232,132,18,5.0,2025-08-30 08:28
19233,2341,15,14.0,2025-05-14 13:08
19234,1648,19,31.5,2025-06-18 00:59
19235,1571,15,20.5,2025-10-21 11:06
19236,1557,17,10.5,2025-09-12 13:23
19237,99,14,34.5,2025-06-13 06:16
19238,1589,13,26.0,2025-07-16 21:05
19239,2353,16,24.5,2025-11-13 17:50
19240,2197,27,5.0,2025-03-02 09:07
19241,88,16,32.5,2025-03-18 08:32
19242,1565,7,14.5,2025-08-08 11:08
19243,73,7,31.0,2025-05-10 19:17
19244,1084,13,5.0,2025-05-14 20:52
19245,633,21,22.5,2025-11-08 16:12
19246,2253,14,4.5,2025-08-20 17:44
19247,1797,18,14.5,2025-10-30 03:46
19248,948,4,14.0,2025-08-24 07:03
19249,1886,20,30.5,2025-03-16 05:38
19250,725,3,19.5,2025-05-10 20:45
19251,391,14,29.0,2025-06-12 12:15
19252,687,13,9.5,2025-10-12 20:25
19253,603,5,24.0,2025-06-08 17:20
19254,813,17,9.5,2024-12-19 19:05
19255,970,12,9.5,2025-07-12 13:55
19256,1690,27,15.0,2025-11-29 01:19
19257,1366,6,5.0,2025-05-07 13:20
19258,1454,22,15.5,2025-06-16 14:46
19259,1328,19,27.0,2025-06-04 22:17
19260,1793,1,26.5,2025-11-19 09:42
19261,1175,19,26.5,2025-02-19 03:43
19262,328,25,5.5,2025-07-11 08:00
19263,1592,12,27.0,2025-11-03 22:34
19264,1052,21,6.5,2025-01-13 04:02
19265,215,18,25.5,2024-12-23 00:09
19266,381,27,9.5,2025-04-23 04:53
19267,1174,10,19.0,2024-12-26 20:02
19268,1545,22,22.5,2025-07-26 14:48
19269,2368,12,34.0,2025-08-17 03:21
19270,299,9,9.5,2025-08-04 01:35
19271,435,23,4.5,2025-08-25 21:00
19272,1991,19,29.5,2025-02-28 05:47
19273,2110,14,16.0,2025-03-23 14:01
19274,918,7,9.5,2025-11-26 01:53
19275,1944,8,20.5,2025-01-25 19:34
19276,1596,10,27.5,2025-11-21 23:14
19277,2028,20,24.5,2025-01-25 21:17
19278,109,15,12.0,2025-01-31 09:22
19279,1064,5,15.0,2025-05-11 19:32
19280,2095,22,5.5,2025-02-04 07:46
19281,1369,3,16.0,2025-12-03 18:24
19282,363,4,21.5,2025-06-29 12:25
19283,2040,7,22.5,2025-11-01 02:56
19284,527,23,16.5,2025-03-07 16:52
19285,22,26,30.5,2025-09-17 15:58
19286,2149,4,25.5,2025-01-10 12:31
19287,671,2,5.0,2025-05-04 10:13
19288,193,14,31.0,2025-03-03 19:54
19289,402,19,5.0,2025-11-11 21:29
19290,509,23,5.0,2025-10-27 01:38
19291,394,17,32.5,2025-05-01 12:35
19292,174,26,11.0,2025-07-19 22:52
19293,2426,27,28.0,2025-07-02 08:37
19294,1760,6,21.0,2025-08-04 05:17
19295,2174,19,14.5,2025-05-24 04:58
19296,861,16,4.5,2025-01-13 18:40
19297,603,11,14.5,2025-04-13 01:15
19298,1052,24,10.0,2025-04-21 20:46
19299,1155,20,31.5,2025-09-08 02:02
19300,2206,6,5.0,2025-01-24 01:47
19301,2115,5,25.0,2025-03-04 23:34
19302,1039,18,23.0,2025-02-01 17:07
19303,902,5,11.0,2025-10-13 07:00
19304,655,6,25.5,2025-08-28 05:06
19305,1466,14,22.5,2025-12-06 18:32
19306,699,13,5.0,2025-07-11 04:40
19307,2288,26,16.0,2025-08-05 06:59
19308,1788,10,4.5,2025-07-31 04:06
19309,432,24,11.5,2025-06-30 13:16
19310,1801,6,9.5,2025-06-03 18:37
19311,2376,6,6.5,2025-11-13 17:51
19312,143,20,33.0,2025-08-05 04:49
19313,1554,22,15.0,2025-08-04 18:04
19314,852,18,10.5,2025-10-25 08:13
19315,237,13,14.0,2025-02-14 01:30
19316,1690,10,14.5,2025-06-10 15:13
19317,809,1,9.5,2025-05-27 22:13
19318,1822,8,26.0,2025-06-17 02:04
19319,1080,23,19.0,2025-04-09 09:59
19320,1331,25,39.5,2025-07-24 11:35
19321,1750,11,9.5,2025-08-01 16:41
19322,2105,26,9.5,2025-05-10 02:36
19323,2138,15,16.0,2025-10-15 00:27
19324,1129,26,27.0,2025-01-29 04:12
19325,1810,6,14.0,2025-01-09 22:44
19326,1049,10,15.0,2025-09-15 09:23
19327,1247,9,14.0,2025-10-27 02:19
19328,2465,21,10.0,2025-04-29 01:27
19329,1555,24,15.5,2025-11-01 17:53
19330,1589,15,24.5,2025-11-30 19:59
19331,1336,13,4.5,2025-09-01 06:57
19332,904,9,28.5,2025-04-29 02:37
19333,893,9,5.5,2025-05-26 15:41
19334,876,24,22.0,2025-02-20 00:32
19335,1814,2,14.0,2025-09-06 09:43
19336,627,23,26.0,2025-01-16 19:23
19337,245,11,19.5,2025-06-07 03:48
19338,1699,13,14.0,2025-04-21 08:21
19339,1142,1,14.0,2025-10-25 02:53
19340,69,15,19.0,2025-07-31 07:31
19341,2427,7,25.5,2025-01-09 10:07
19342,1244,27,15.5,2025-07-03 01:49
19343,378,18,30.5,2025-10-25 22:44
19344,929,24,22.0,2024-12-18 10:51
19345,936,17,37.0,2025-08-11 23:55
19346,585,13,6.5,2025-10-19 19:16
19347,1774,21,9.5,2025-06-15 09:37
19348,341,17,30.5,2025-03-13 05:46
19349,2095,26,28.5,2025-11-11 12:47
19350,1858,12,15.0,2025-07-10 05:35
19351,579,18,5.5,2025-01-07 18:28
19352,1064,22,11.0,2025-02-05 19:05
19353,1816,13,9.5,2025-08-07 20:07
19354,2054,5,25.5,2025-04-27 16:10
19355,1636,13,5.5,2025-11-02 18:42
19356,832,24,20.5,2025-10-25 05:37
19357,1877,19,28.5,2025-05-08 20:06
19358,247,11,6.5,2025-06-03 05:44
19359,1470,8,15.5,2025-10-29 16:29
19360,16,10,23.5,2025-09-15 19:00
19361,440,23,14.0,2025-06-20 02:14
19362,1754,25,11.5,2025-03-25 07:36
19363,1861,26,5.5,2025-06-11 10:55
19364,57,6,29.0,2025-08-30 02:48
19365,623,5,23.5,2025-10-12 03:29
19366,1672,12,29.5,2025-02-12 18:51
19367,751,22,10.0,2025-09-01 05:22
19368,2052,17,9.5,2024-12-25 17:44
19369,1601,27,4.5,2025-10-26 22:34
19370,760,25,26.5,2025-06-29 04:12
19371,1516,13,21.0,2025-11-10 20:50
19372,385,8,32.0,2025-10-11 04:39
19373,1778,23,35.0,2025-05-04 13:24
19374,70,20,24.0,2025-02-02 01:25
19375,913,19,14.0,2025-10-21 11:57
19376,486,10,28.5,2025-01-25 05:37
19377,1301,18,30.5,2025-07-11 19:35
19378,624,13,20.5,2025-07-29 12:33
19379,217,3,35.0,2025-06-24 03:56
19380,988,6,16.5,2025-08-19 20:21
19381,1362,17,12.0,2025-05-09 00:13
19382,960,9,13.0,2025-10-04 12:50
19383,1022,25,24.5,2025-05-16 22:46
19384,2008,11,5.0,2025-08-14 04:44
19385,161,24,12.0,2025-10-17 10:26
19386,1021,15,24.0,2025-11-03 07:20
19387,397,9,25.0,2025-05-05 12:23
19388,2364,25,12.0,2025-06-14 07:12
19389,1356,22,31.0,2025-07-22 15:11
19390,467,14,37.5,2025-01-02 22:29
19391,1032,15,16.0,2025-10-23 09:35
19392,2216,21,10.0,2025-02-12 07:46
19393,321,3,4.5,2025-01-07 22:55
19394,1823,11,4.5,2025-07-09 14:56
19395,642,24,5.0,2025-08-31 11:29
19396,2148,11,35.0,2025-06-08 03:53
19397,1130,17,24.0,2025-08-05 11:26
19398,510,8,9.5,2025-02-03 23:52
19399,538,19,17.0,2025-06-27 04:23
19400,2411,27,34.5,2025-11-16 23:59
19401,560,22,32.5,2025-07-17 08:37
19402,248,14,27.0,2025-10-25 19:02
19403,1415,17,4.5,2025-03-14 10:25
19404,583,14,34.5,2025-06-17 17:19
19405,1997,2,12.0,2024-12-15 05:14
19406,1176,21,9.0,2025-07-24 16:44
19407,407,12,18.5,2025-04-07 23:51
19408,569,20,14.5,2025-06-01 16:54
19409,1260,24,26.0,2025-09-27 23:45
19410,114,23,11.5,2024-12-27 05:09
19411,2151,11,39.0,2025-11-10 20:31
19412,1262,25,18.0,2025-06-07 03:20
19413,1002,27,37.5,2025-08-20 19:48
19414,2032,15,9.0,2025-02-01 04:53
19415,608,3,22.5,2025-10-26 15:43
19416,220,18,9.5,2025-03-17 02:19
19417,1953,1,25.0,2025-10-04 00:04
19418,1423,10,14.0,2025-11-26 21:24
19419,384,21,9.5,2025-07-15 16:42
19420,2360,2,27.0,2025-05-06 14:45
19421,717,15,24.5,2025-02-07 07:42
19422,1506,27,9.5,2025-08-31 04:20
19423,420,16,9.5,2025-01-20 12:01
19424,2404,19,23.5,2025-08-21 18:36
19425,199,21,33.0,2024-12-31 03:36
19426,1526,6,22.0,2025-08-26 14:58
19427,366,27,32.0,2025-04-03 02:01
19428,2135,19,28.0,2025-04-10 16:37
19429,1438,16,30.5,2025-06-10 12:08
19430,1649,24,10.5,2024-12-28 21:03
19431,790,17,15.5,2025-09-30 03:01
19432,1943,17,20.0,2025-06-06 18:22
19433,1097,9,35.0,2025-11-17 23:31
19434,1601,18,4.5,2025-05-04 04:05
19435,334,10,19.5,2025-01-09 04:34
19436,1263,23,31.0,2025-05-27 06:26
19437,362,25,21.0,2025-01-06 02:43
19438,1616,7,5.5,2025-07-04 08:10
19439,792,13,34.5,2025-05-13 16:35
19440,526,9,19.0,2025-03-13 18:09
19441,1060,13,4.5,2025-11-10 16:22
19442,850,2,5.0,2025-11-10 17:36
19443,2020,26,12.0,2025-01-27 23:43
19444,2010,18,33.5,2025-03-19 18:49
19445,1649,23,15.0,2025-03-08 21:45
19446,297,20,28.5,2025-10-08 20:36
19447,62,18,5.0,2025-10-19 23:51
19448,2438,13,26.0,2025-11-15 05:26
19449,2340,12,26.5,2025-11-21 19:31
19450,203,27,33.5,2025-03-16 17:32
19451,818,3,6.5,2024-12-21 00:18
19452,1315,10,14.0,2025-06-27 19:22
19453,817,13,14.5,2025-10-19 10:58
19454,2404,13,4.5,2025-05-29 04:55
19455,958,11,18.5,2025-02-23 17:50
19456,1457,21,14.0,2025-11-30 12:53
19457,268,14,25.0,2025-09-30 06:38
19458,1942,14,19.5,2024-12-22 12:57
19459,2171,2,5.5,2025-07-07 18:11
19460,2245,8,15.5,2025-10-04 04:27
19461,1181,19,28.5,2025-11-07 15:30
19462,1110,15,20.0,2025-02-14 12:24
19463,1870,11,39.5,2025-03-04 21:23
19464,1699,27,24.0,2025-05-31 16:12
19465,1482,2,19.0,2025-06-05 23:05
19466,1574,12,9.0,2025-03-22 14:00
19467,1448,5,15.0,2025-01-05 15:01
19468,981,21,33.0,2024-12-17 22:11
19469,1453,19,25.5,2025-10-01 03:25
19470,183,7,24.5,2025-05-18 02:12
19471,82,24,20.5,2025-05-31 20:23
19472,810,26,15.0,2025-10-20 23:25
19473,216,5,5.5,2025-06-12 07:43
19474,1240,5,26.0,2025-10-19 05:02
19475,1825,2,27.5,2025-10-01 05:03
19476,921,2,4.5,2024-12-25 10:07
19477,1523,15,5.0,2025-08-24 05:54
19478,1158,13,4.5,2025-08-15 20:53
19479,1067,16,12.0,2025-05-18 05:29
19480,2326,13,5.5,2025-06-13 16:45
19481,109,9,27.0,2025-09-19 18:12
19482,509,8,11.5,2025-08-11 19:51
19483,303,12,27.0,2025-08-16 02:58
19484,1641,9,15.0,2024-12-14 06:13
19485,1578,20,9.5,2025-02-08 23:39
19486,1640,9,27.0,2025-05-30 02:55
19487,1493,3,10.5,2025-10-13 11:02
19488,843,27,23.0,2025-07-30 00:12
19489,1564,18,15.0,2025-07-12 00:02
19490,1640,20,4.5,2025-06-06 16:46
19491,423,27,6.5,2025-07-09 22:35
19492,577,19,6.5,2025-02-06 22:45
19493,2104,11,36.0,2025-07-04 11:50
19494,2066,14,17.5,2025-08-02 04:35
19495,1117,6,30.5,2025-03-01 09:43
19496,1940,24,29.0,2025-09-15 03:18
19497,615,20,12.0,2025-04-06 01:49
19498,1560,13,12.0,2025-06-01 11:33
19499,1173,5,31.0,2025-05-06 19:29
19500,1981,17,28.0,2025-10-22 21:05
19501,445,26,27.5,2025-01-20 12:28
19502,1744,27,21.5,2025-08-13 09:50
19503,270,25,9.5,2025-07-19 23:52
19504,2476,11,22.5,2025-03-21 11:11
19505,2102,15,35.5,2025-04-04 20:43
19506,730,23,19.0,2025-11-18 08:03
19507,1701,1,11.0,2025-05-25 06:15
19508,566,15,24.0,2025-05-01 05:45
19509,256,4,12.0,2024-12-26 19:15
19510,1156,24,19.0,2025-07-19 12:20
19511,1299,18,15.0,2025-01-22 05:15
19512,1832,25,5.0,2025-12-06 11:29
19513,303,3,26.0,2025-10-04 16:31
19514,1258,20,31.0,2025-10-29 11:18
19515,232,18,30.0,2025-11-18 23:31
19516,1283,18,21.0,2024-12-18 17:54
19517,2214,27,36.0,2025-09-07 01:11
19518,1472,9,11.0,2025-04-25 09:21
19519,1155,1,6.5,2025-01-31 00:24
19520,1516,18,25.5,2025-08-10 14:59
19521,480,11,29.0,2025-08-19 18:39
19522,1724,27,11.0,2025-05-31 17:50
19523,2450,5,22.5,2025-07-11 14:40
19524,2337,4,11.0,2025-09-27 16:37
19525,431,23,11.0,2025-06-21 17:11
19526,1395,16,28.5,2025-08-10 12:32
19527,727,14,14.5,2025-04-03 06:23
19528,787,14,39.5,2025-06-16 08:43
19529,1132,21,9.5,2024-12-31 17:24
19530,769,6,10.0,2024-12-22 05:25
19531,646,8,25.5,2025-06-10 17:34
19532,2401,24,19.5,2025-06-19 16:10
19533,62,22,12.0,2024-12-16 09:15
19534,993,4,20.5,2025-10-16 10:58
19535,662,3,14.5,2025-10-31 01:27
19536,1191,24,10.0,2025-06-27 01:02
19537,1215,2,25.0,2025-10-09 01:59
19538,607,7,14.5,2025-11-16 13:29
19539,1684,9,11.0,2025-11-27 22:00
19540,1556,3,16.5,2025-04-20 04:23
19541,1635,13,5.0,2025-12-04 20:13
19542,1645,9,6.5,2025-02-24 08:38
19543,790,16,21.5,2025-08-01 17:50
19544,344,4,38.5,2025-02-14 14:52
19545,1029,16,16.0,2025-09-30 10:53
19546,79,6,24.0,2025-07-14 00:03
19547,1194,14,32.5,2025-05-19 06:17
19548,521,27,28.5,2025-06-05 15:04
19549,87,15,31.0,2025-05-18 00:20
19550,1808,26,9.5,2025-10-12 23:25
19551,1943,21,34.5,2025-04-26 19:04
19552,2323,24,26.5,2025-11-13 22:40
19553,2418,22,5.5,2025-04-08 13:27
19554,1676,19,28.0,2025-07-17 05:03
19555,2205,1,6.5,2025-11-22 23:14
19556,1274,8,10.5,2025-01-31 14:32
19557,1183,17,39.5,2025-09-26 04:11
19558,2137,12,22.0,2025-07-19 02:44
19559,2446,16,31.5,2025-04-17 14:25
19560,1655,11,11.5,2025-08-12 09:08
19561,1530,2,21.0,2025-06-17 09:15
19562,709,3,25.0,2025-08-14 14:51
19563,1970,25,25.0,2025-10-21 04:43
19564,461,27,6.5,2025-10-08 00:46
19565,1418,16,4.5,2025-03-04 16:56
19566,2210,17,24.5,2025-08-08 16:58
19567,1728,8,9.5,2025-08-23 22:21
19568,674,17,9.5,2025-06-17 07:08
19569,1779,27,14.0,2025-04-23 05:53
19570,2048,1,6.5,2024-12-19 04:20
19571,1539,26,18.5,2025-09-08 18:05
19572,2048,13,19.5,2025-05-25 02:03
19573,2463,19,17.0,2025-10-12 12:38
19574,212,16,29.0,2025-03-30 01:22
19575,2425,27,35.0,2025-09-29 11:04
19576,1113,10,5.5,2025-09-02 04:27
19577,2441,8,9.5,2025-07-12 00:10
19578,521,1,32.5,2025-08-06 16:17
19579,1830,18,32.0,2024-12-13 17:10
19580,1717,18,24.0,2025-11-29 01:53
19581,1355,2,36.5,2025-09-07 23:23
19582,782,13,30.5,2024-12-24 03:15
19583,1924,25,37.5,2024-12-30 23:00
19584,2095,9,9.5,2025-07-02 12:35
19585,1314,17,27.0,2025-01-13 14:12
19586,2056,18,9.5,2025-03-13 09:17
19587,401,21,10.5,2025-10-04 11:00
19588,403,14,5.0,2024-12-17 06:49
19589,74,12,5.5,2024-12-12 14:39
19590,206,14,19.5,2025-01-18 08:16
19591,672,12,31.0,2025-02-17 21:58
19592,1076,3,5.0,2025-07-17 02:51
19593,360,8,15.0,2025-03-30 22:48
19594,2131,2,30.5,2025-03-13 07:38
19595,1998,4,11.5,2024-12-16 04:31
19596,535,10,30.0,2025-01-19 07:00
19597,1584,17,28.0,2025-05-08 02:29
19598,948,25,27.5,2025-04-07 02:24
19599,1962,3,5.5,2025-05-01 03:52
19600,663,20,20.5,2025-08-17 16:30
19601,494,5,9.5,2025-03-22 06:49
19602,130,27,4.5,2025-02-22 21:53
19603,586,24,10.0,2025-04-20 08:53
19604,1470,8,20.0,2025-03-21 01:27
19605,2188,21,5.0,2025-03-13 16:36
19606,2051,18,12.0,2025-07-13 13:32
19607,1086,2,30.0,2025-08-27 03:24
19608,707,3,10.5,2025-03-08 01:23
19609,425,3,33.0,2025-03-06 21:27
19610,463,18,15.0,2025-01-25 12:56
19611,1479,18,33.0,2025-07-23 02:28
19612,1132,13,17.0,2025-04-21 15:16
19613,1205,21,21.5,2025-02-06 21:00
19614,2112,11,6.5,2025-11-09 02:04
19615,1677,4,32.0,2025-06-05 02:59
19616,1894,6,10.0,2024-12-13 21:28
19617,481,3,26.0,2025-10-21 17:02
19618,1817,5,14.0,2025-04-18 11:42
19619,1474,4,14.0,2025-11-01 07:50
19620,500,21,21.0,2025-11-17 21:22
19621,2220,24,25.5,2025-09-15 03:29
19622,211,17,24.5,2025-02-05 15:47
19623,324,1,14.5,2025-03-12 06:18
19624,1625,1,12.0,2025-05-19 10:56
19625,821,1,19.0,2025-10-03 08:11
19626,1820,20,31.0,2025-12-03 07:11
19627,2460,19,25.0,2025-02-15 08:17
19628,1306,20,20.5,2025-01-13 20:20
19629,2410,18,15.0,2025-06-18 06:54
19630,1668,6,16.5,2025-03-06 06:28
19631,665,13,29.5,2025-07-15 10:45
19632,57,13,21.0,2025-06-06 22:09
19633,719,4,6.5,2025-04-04 09:30
19634,380,23,35.5,2025-09-27 00:00
19635,1833,14,16.0,2025-06-08 08:38
19636,1953,12,5.0,2025-10-21 16:41
19637,16,25,9.5,2025-01-02 01:57
19638,1307,21,23.5,2025-05-25 11:21
19639,1484,24,27.0,2025-11-25 07:41
19640,635,22,14.5,2025-01-23 04:41
19641,2210,11,10.5,2025-08-14 17:30
19642,2084,21,11.5,2025-12-04 21:24
19643,895,21,10.0,2025-06-21 12:39
19644,573,18,30.5,2025-09-17 11:11
19645,2352,1,9.5,2025-03-09 16:52
19646,658,19,6.5,2025-08-12 06:09
19647,975,11,31.0,2025-07-28 18:08
19648,2223,5,36.5,2025-06-30 23:51
19649,577,24,23.5,2025-05-31 10:02
19650,435,21,28.0,2025-04-12 14:38
19651,1148,14,4.5,2025-03-10 15:21
19652,462,7,26.0,2025-04-27 03:34
19653,1153,4,27.5,2024-12-25 05:08
19654,489,2,19.0,2025-11-27 20:35
19655,2007,3,4.5,2025-03-20 02:30
19656,188,27,20.0,2025-01-11 10:53
19657,1141,13,25.5,2025-11-14 15:53
19658,1191,4,4.5,2025-08-17 15:04
19659,1690,8,14.5,2025-05-03 17:45
19660,326,16,24.0,2024-12-25 08:00
19661,1652,17,5.0,2025-10-29 22:50
19662,1241,9,5.0,2025-09-07 03:14
19663,1536,26,6.5,2025-11-20 18:17
19664,1105,19,10.0,2025-02-14 23:48
19665,910,5,19.0,2025-03-19 15:10
19666,1270,15,24.5,2024-12-27 21:00
19667,1311,15,4.5,2025-11-19 05:31
19668,190,7,23.0,2025-06-19 20:57
19669,405,1,10.0,2025-03-16 07:59
19670,1758,5,12.0,2025-08-07 10:50
19671,224,25,25.5,2025-03-02 19:11
19672,1997,21,15.0,2024-12-31 03:05
19673,2199,10,28.5,2025-09-29 13:49
19674,817,23,14.0,2025-09-18 18:56
19675,2026,26,26.5,2025-08-03 08:45
19676,2307,12,25.0,2025-06-17 08:50
19677,851,22,27.5,2025-01-18 09:19
19678,1832,15,32.5,2025-10-20 10:44
19679,1838,18,14.0,2025-10-05 07:36
19680,849,19,16.0,2025-11-27 03:41
19681,1785,19,32.5,2025-09-01 19:57
19682,2302,6,26.0,2025-03-05 09:05
19683,1183,7,36.5,2025-04-10 08:58
19684,1514,27,27.0,2025-04-27 11:46
19685,2187,17,31.0,2025-12-04 06:51
19686,1790,18,29.0,2025-06-24 10:55
19687,2340,13,32.5,2025-09-22 07:26
19688,2045,7,20.0,2025-05-04 01:24
19689,1924,27,24.0,2025-09-03 03:06
19690,1340,11,6.5,2025-06-17 17:00
19691,1153,6,9.0,2025-05-18 07:21
19692,2037,4,23.0,2025-05-16 21:16
19693,2067,11,9.5,2025-07-13 21:01
19694,355,20,37.5,2025-03-16 00:15
19695,1245,5,23.5,2025-01-20 10:13
19696,227,6,29.5,2025-05-25 05:50
19697,1059,13,21.5,2025-11-30 19:02
19698,2126,3,9.0,2025-07-17 03:55
19699,2161,17,34.0,2025-04-16 22:53
19700,1404,5,5.0,2025-11-12 21:40
19701,484,23,9.5,2025-06-01 10:20
19702,661,22,29.5,2025-07-12 03:36
19703,1247,19,6.5,2025-01-04 23:18
19704,1954,10,6.5,2024-12-19 22:42
19705,125,3,19.5,2025-07-16 19:12
19706,2070,21,21.0,2025-11-19 07:24
19707,1781,22,11.0,2025-06-25 16:02
19708,1665,14,23.5,2025-03-22 22:54
19709,923,18,22.0,2025-12-02 12:29
19710,1879,1,31.0,2025-08-13 10:39
19711,1709,23,29.0,2025-02-05 09:06
19712,1094,18,18.5,2025-09-16 19:35
19713,1614,17,25.5,2025-07-26 11:59
19714,2160,12,28.0,2025-11-20 16:14
19715,1208,24,26.5,2025-06-23 19:38
19716,759,12,30.0,2025-09-23 05:51
19717,1539,20,18.0,2025-05-18 21:35
19718,519,4,35.0,2025-05-31 19:57
19719,341,2,10.0,2025-02-16 12:12
19720,403,9,14.5,2025-08-12 06:26
19721,1784,26,21.5,2025-04-23 14:31
19722,106,4,9.5,2025-06-17 14:28
19723,2099,9,19.0,2025-05-07 02:34
19724,532,26,20.5,2025-08-23 15:43
19725,68,21,9.0,2025-03-16 12:01
19726,605,14,10.0,2025-07-21 16:20
19727,182,19,10.5,2025-04-18 07:35
19728,154,7,9.5,2025-02-12 16:37
19729,465,8,33.0,2025-09-15 21:00
19730,2073,24,4.5,2025-08-01 19:45
19731,1332,16,5.5,2025-10-21 17:01
19732,1680,1,5.0,2025-10-22 04:56
19733,893,15,25.0,2025-10-29 19:01
19734,1833,23,30.0,2025-12-01 00:18
19735,2095,26,31.0,2025-02-26 07:21
19736,73,23,4.5,2024-12-17 21:51
19737,2085,15,9.5,2025-05-09 04:59
19738,1846,21,19.0,2024-12-23 08:39
19739,1522,23,24.5,2025-03-24 07:21
19740,751,2,24.5,2025-02-20 10:39
19741,2192,20,5.5,2025-03-07 11:22
19742,1151,25,13.5,2025-11-22 12:50
19743,110,24,5.0,2025-11-11 15:17
19744,456,3,20.5,2025-11-08 20:32
19745,2055,8,11.0,2025-08-06 23:35
19746,1663,27,20.5,2025-05-22 22:45
19747,2026,2,5.5,2025-02-09 02:29
19748,1900,1,30.0,2025-07-19 12:49
19749,1897,14,26.5,2025-09-08 11:27
19750,807,26,10.0,2025-11-21 20:02
19751,2081,6,35.5,2025-02-24 16:57
19752,487,1,22.0,2024-12-29 10:08
19753,1316,9,27.0,2025-06-04 10:08
19754,1665,20,38.5,2025-09-18 14:45
19755,1768,9,4.5,2025-02-24 09:26
19756,510,23,12.0,2025-11-28 03:55
19757,1138,16,5.0,2025-09-25 12:31
19758,672,3,9.5,2025-05-30 09:25
19759,1418,22,34.0,2025-10-19 07:55
19760,1659,1,24.5,2025-02-16 00:54
19761,2198,11,5.0,2025-04-03 00:49
19762,534,13,29.5,2024-12-22 00:48
19763,2486,5,20.0,2024-12-21 02:53
19764,761,15,30.0,2025-02-23 08:39
19765,1625,6,23.5,2025-11-05 05:15
19766,1026,19,16.0,2024-12-19 16:10
19767,70,10,31.5,2025-11-13 08:34
19768,38,18,17.0,2025-08-25 14:44
19769,2036,8,23.5,2025-06-28 20:27
19770,649,8,31.0,2025-05-12 12:50
19771,419,7,23.5,2025-01-18 22:19
19772,2499,4,35.0,2025-04-11 06:20
19773,1708,7,16.0,2025-08-08 05:30
19774,742,18,18.0,2025-04-21 23:54
19775,1125,2,30.0,2025-10-15 18:40
19776,1572,10,21.5,2025-09-08 08:15
19777,758,6,11.5,2025-10-18 05:09
19778,1777,5,6.5,2025-01-31 03:12
19779,593,26,13.0,2025-09-30 18:13
19780,1857,21,6.5,2025-08-01 09:55
19781,2464,23,6.5,2025-02-06 03:17
19782,1561,9,5.0,2025-08-22 07:44
19783,410,16,30.5,2024-12-18 09:08
19784,564,14,10.0,2025-11-15 21:20
19785,13,4,11.5,2025-06-14 20:46
19786,458,7,6.5,2025-09-18 10:33
19787,884,19,26.5,2024-12-20 18:07
19788,2454,12,4.5,2025-05-25 15:16
19789,1061,6,33.5,2025-03-29 15:33
19790,507,12,21.0,2025-09-04 22:51
19791,1866,9,15.0,2025-02-19 19:43
19792,1744,19,26.0,2024-12-25 06:24
19793,1610,19,9.5,2025-07-21 22:00
19794,2006,1,11.0,2025-09-25 08:33
19795,1324,18,15.5,2025-10-16 04:43
19796,222,23,21.0,2025-11-10 07:42
19797,1906,19,35.0,2025-01-20 21:49
19798,1031,17,11.0,2025-02-09 12:42
19799,1417,18,14.5,2025-04-05 14:04
19800,1870,24,20.5,2025-02-14 20:14
19801,1654,25,35.5,2025-07-17 14:34
19802,1615,5,36.0,2025-01-29 14:56
19803,65,14,25.5,2025-12-01 04:50
19804,1311,8,28.5,2025-05-22 06:41
19805,1860,22,5.5,2025-03-15 15:31
19806,2121,19,17.5,2025-07-23 00:30
19807,1274,25,13.0,2024-12-12 00:38
19808,996,1,27.0,2025-02-10 18:16
19809,1863,27,21.0,2025-03-22 03:11
19810,1248,16,6.5,2025-08-06 06:39
19811,1098,22,21.0,2025-06-09 10:25
19812,1458,21,30.5,2025-06-19 12:41
19813,81,6,21.0,2025-02-11 01:52
19814,1623,11,32.0,2025-04-30 08:12
19815,1670,6,5.0,2025-10-15 01:11
19816,2360,9,6.5,2025-11-21 16:04
19817,1955,1,9.5,2025-09-23 09:22
19818,1078,4,11.5,2025-01-11 22:20
19819,1057,25,11.0,2025-03-30 16:11
19820,1565,18,23.0,2025-04-18 23:33
19821,2471,7,6.5,2025-10-30 12:22
19822,2306,1,23.0,2025-10-27 16:44
19823,394,2,21.0,2024-12-11 02:31
19824,1155,21,9.5,2025-03-21 17:29
19825,1858,10,23.5,2025-02-07 22:47
19826,495,21,15.0,2025-11-14 04:46
19827,699,10,16.0,2025-12-03 15:57
19828,1428,11,11.0,2025-11-21 21:16
19829,1686,25,5.5,2025-07-14 06:41
19830,2349,23,19.0,2025-10-18 14:21
19831,479,3,25.0,2025-01-16 07:42
19832,2124,17,29.5,2024-12-09 07:52
19833,2128,15,20.0,2025-09-04 09:54
19834,2367,21,11.5,2025-07-21 19:52
19835,1151,27,32.5,2025-01-05 08:20
19836,2091,11,22.0,2025-09-05 02:20
19837,1612,23,33.5,2025-10-19 02:38
19838,1678,1,25.5,2024-12-16 20:25
19839,875,3,30.0,2025-12-04 20:59
19840,2440,23,15.0,2025-12-04 10:38
19841,1391,26,5.5,2025-01-28 18:01
19842,1847,3,28.0,2025-06-08 12:27
19843,977,17,21.0,2025-09-07 21:33
19844,1994,23,38.5,2025-08-18 16:22
19845,333,11,32.0,2024-12-07 03:40
19846,172,14,23.5,2025-02-27 07:09
19847,248,3,21.0,2025-01-20 22:45
19848,1893,3,5.5,2025-07-23 03:23
19849,98,24,29.5,2025-08-04 09:59
19850,266,7,10.5,2025-02-09 06:26
19851,72,18,27.5,2025-01-15 07:32
19852,317,3,11.5,2025-04-01 10:13
19853,1055,13,25.5,2025-11-16 18:44
19854,284,23,14.0,2025-01-03 18:19
19855,2015,10,25.0,2025-07-27 09:07
19856,2244,11,26.5,2025-01-08 15:31
19857,892,5,35.0,2025-10-15 01:28
19858,1440,4,25.5,2025-08-02 13:57
19859,2175,1,28.5,2025-05-26 20:23
19860,2423,18,28.5,2025-01-18 14:56
19861,2077,9,27.5,2024-12-13 14:37
19862,19,6,11.0,2025-01-13 05:04
19863,853,22,26.5,2025-09-16 12:38
19864,34,18,9.5,2025-04-05 22:47
19865,369,7,42.5,2025-02-11 02:24
19866,1316,13,19.5,2025-06-19 16:16
19867,1544,18,15.0,2025-09-26 22:30
19868,381,14,6.5,2025-03-11 06:20
19869,2020,7,25.0,2025-05-14 12:04
19870,2478,17,29.0,2025-08-15 02:13
19871,2074,11,15.5,2025-03-03 16:59
19872,1442,2,15.0,2025-11-14 00:41
19873,2241,8,16.0,2025-04-26 00:19
19874,301,27,23.5,2025-11-03 11:44
19875,1521,5,15.0,2025-10-25 21:29
19876,1915,6,9.5,2025-12-01 12:52
19877,887,23,24.0,2025-08-04 04:18
19878,314,2,5.5,2024-12-07 19:39
19879,1956,16,20.5,2025-01-23 02:48
19880,312,1,26.0,2025-02-06 18:06
19881,476,21,5.0,2025-09-21 02:02
19882,471,6,4.5,2025-09-05 20:57
19883,1266,17,28.5,2025-10-08 03:48
19884,19,1,5.0,2025-02-23 16:17
19885,525,17,26.0,2025-02-13 20:15
19886,2156,15,10.5,2025-10-19 23:18
19887,1638,23,16.0,2025-05-01 12:40
19888,1522,5,27.0,2025-02-09 04:25
19889,2323,22,15.5,2025-02-07 13:44
19890,472,25,20.0,2025-09-06 04:25
19891,1292,16,19.0,2025-11-10 08:30
19892,1280,24,12.0,2025-08-15 00:03
19893,878,24,9.5,2025-02-19 09:42
19894,2148,26,5.0,2025-11-28 02:06
19895,1812,15,21.0,2025-02-17 20:23
19896,890,22,14.0,2025-02-08 21:19
19897,198,7,21.0,2025-09-16 07:35
19898,261,16,9.5,2025-03-22 14:17
19899,1200,3,25.0,2025-10-07 00:54
19900,481,26,25.5,2025-11-02 01:24
19901,205,13,16.5,2025-01-10 22:24
19902,370,21,19.0,2025-05-11 17:58
19903,648,6,12.0,2024-12-09 08:34
19904,35,17,16.0,2025-06-26 01:52
19905,1658,13,28.5,2025-03-23 03:34
19906,1202,23,13.5,2025-05-22 18:56
19907,1357,4,34.5,2025-02-07 02:26
19908,2480,16,22.0,2025-10-05 03:02
19909,374,22,28.5,2025-11-26 01:11
19910,410,11,30.5,2025-11-04 05:48
19911,291,21,22.5,2025-06-29 08:25
19912,217,2,19.5,2025-10-26 05:27
19913,1782,5,24.0,2025-06-16 00:05
19914,1223,3,15.0,2025-02-24 17:50
19915,1530,23,25.5,2025-02-17 07:21
19916,63,15,6.5,2025-02-20 09:15
19917,465,26,28.0,2025-06-10 21:02
19918,740,6,17.5,2025-12-06 10:32
19919,757,14,5.0,2025-01-21 01:15
19920,174,25,6.5,2025-10-27 00:55
19921,358,15,10.0,2025-02-08 22:02
19922,454,22,34.5,2025-01-23 06:42
19923,693,1,33.5,2025-01-17 07:28
19924,650,18,20.5,2025-09-18 18:47
19925,1803,17,15.0,2025-05-09 15:46
19926,1473,26,35.5,2025-08-13 23:32
19927,2155,22,22.5,2025-05-14 00:41
19928,1543,4,26.0,2025-11-18 12:12
19929,54,22,15.0,2025-07-27 00:20
19930,577,9,14.0,2025-09-16 20:37
19931,937,25,6.5,2025-06-03 07:12
19932,274,21,11.0,2025-04-22 13:55
19933,2233,17,9.5,2025-04-30 08:34
19934,841,22,6.5,2025-06-06 19:41
19935,709,8,11.5,2025-03-02 03:56
19936,1718,26,29.0,2025-05-20 11:44
19937,1844,10,20.5,2025-07-03 07:59
19938,105,22,5.5,2025-05-24 02:37
19939,978,11,33.5,2025-04-30 14:47
19940,2046,14,4.5,2025-06-18 04:07
19941,2454,13,11.0,2025-04-28 18:28
19942,2230,10,20.0,2025-05-03 09:25
19943,889,23,11.0,2025-02-27 14:39
19944,6,21,16.0,2025-10-25 04:51
19945,2260,5,31.0,2025-10-29 15:41
19946,729,13,29.0,2025-09-12 07:03
19947,1183,26,28.5,2025-10-05 12:02
19948,1830,26,26.0,2024-12-24 19:26
19949,1978,12,15.0,2025-11-27 08:39
19950,1115,19,11.5,2024-12-30 07:27
19951,364,2,37.5,2025-04-28 07:53
19952,925,6,9.5,2025-06-14 05:15
19953,175,18,5.0,2024-12-18 05:19
19954,991,23,32.5,2025-11-30 14:15
19955,677,17,20.5,2025-07-30 20:51
19956,965,7,30.0,2024-12-28 20:13
19957,2193,21,12.0,2025-02-25 15:35
19958,91,24,15.0,2025-08-08 22:48
19959,919,26,6.5,2025-11-14 06:45
19960,201,12,25.5,2025-08-05 16:59
19961,2414,12,14.0,2025-05-14 09:29
19962,398,16,6.5,2025-05-05 08:40
19963,2031,13,19.5,2025-09-13 23:38
19964,2240,15,20.0,2025-06-06 08:17
19965,706,2,20.5,2025-04-02 05:43
19966,1097,17,25.5,2025-04-29 13:03
19967,1217,13,6.5,2025-03-17 06:01
19968,1117,20,14.5,2024-12-25 02:17
19969,1164,12,14.5,2025-03-26 16:28
19970,1315,24,30.5,2025-05-15 23:33
19971,1424,15,14.5,2024-12-21 23:22
19972,1142,21,24.5,2025-01-25 23:15
19973,1526,7,12.0,2025-11-10 17:54
19974,2270,10,20.5,2025-01-07 13:23
19975,206,26,26.0,2025-01-14 12:09
19976,783,22,20.5,2025-07-05 22:47
19977,3,26,15.5,2025-05-24 03:22
19978,1379,26,32.0,2024-12-11 23:00
19979,1872,1,18.5,2025-05-14 16:52
19980,2467,13,10.0,2025-10-04 06:59
19981,2274,24,6.5,2025-11-26 21:04
19982,1679,1,19.0,2025-12-04 13:08
19983,2334,14,20.5,2025-09-15 21:23
19984,1237,10,25.0,2025-12-03 07:15
19985,1871,22,28.5,2025-11-23 05:25
19986,2006,23,23.5,2024-12-23 10:56
19987,1900,5,26.5,2025-02-15 11:17
19988,1614,27,32.0,2025-07-03 04:12
19989,638,24,21.0,2024-12-29 14:24
19990,2492,26,29.5,2025-01-07 09:07
19991,1705,24,29.0,2025-04-12 14:10
19992,312,13,16.5,2025-07-28 06:47
19993,568,22,5.5,2024-12-26 17:32
19994,999,9,25.0,2025-09-30 03:00
19995,2014,12,24.5,2025-03-05 18:17
19996,1597,18,29.5,2025-06-27 15:57
19997,2485,7,16.0,2025-03-18 16:21
19998,1714,3,9.0,2025-06-05 05:01
19999,2208,10,10.0,2025-03-20 07:36
20000,933,25,9.5,2025-11-06 09:23
20001,1539,6,11.0,2025-07-15 12:10
20002,693,26,6.5,2025-08-09 12:58
20003,1054,23,20.0,2025-04-25 22:57
20004,1210,18,17.0,2025-01-26 11:33
20005,1094,21,24.5,2025-08-09 08:42
20006,1468,11,38.5,2025-12-04 05:35
20007,1703,23,28.5,2025-07-23 13:32
20008,2257,13,26.5,2025-01-29 18:34
20009,1317,27,32.0,2025-08-12 06:03
20010,2134,18,14.0,2025-06-17 09:49
20011,1680,1,16.0,2025-03-22 19:32
20012,1985,15,34.5,2025-01-25 12:18
20013,1877,2,32.0,2025-09-28 16:05
20014,1382,11,25.0,2025-01-26 06:32
20015,1720,26,16.0,2025-02-21 09:25
20016,845,18,5.5,2025-05-21 11:47
20017,924,4,5.0,2025-02-14 02:35
20018,1383,5,6.5,2025-10-11 20:13
20019,121,3,26.5,2025-07-01 10:16
20020,1016,12,15.5,2025-08-16 05:48
20021,1123,24,16.5,2025-04-30 18:50
20022,1644,7,31.0,2025-03-17 18:12
20023,283,8,24.5,2025-09-13 16:42
20024,2061,4,22.5,2025-02-04 20:59
20025,61,6,5.5,2025-07-25 05:36
20026,830,14,16.0,2025-05-09 20:09
20027,1020,17,11.0,2025-01-20 17:58
20028,403,12,24.0,2025-09-01 16:26
20029,1641,6,5.5,2025-05-04 21:06
20030,1874,2,13.0,2025-07-25 01:26
20031,2122,2,4.5,2025-03-25 18:09
20032,759,15,19.5,2025-03-25 19:34
20033,1227,3,5.5,2024-12-12 11:13
20034,1254,3,4.5,2025-02-23 14:16
20035,816,10,32.5,2025-06-20 07:32
20036,1849,2,14.0,2025-03-13 00:55
20037,435,16,15.0,2025-11-25 02:58
20038,1837,5,4.5,2025-01-06 23:50
20039,2018,22,28.0,2025-06-04 21:49
20040,1068,2,23.5,2025-11-22 20:48
20041,2089,5,6.5,2025-03-17 21:39
20042,803,18,27.0,2025-06-21 01:31
20043,2090,23,21.5,2025-04-01 10:12
20044,2262,27,15.0,2025-04-05 23:38
20045,1466,19,9.5,2025-01-18 00:03
20046,1473,12,6.5,2025-09-29 11:22
20047,1086,3,24.5,2025-11-08 23:06
20048,1045,13,12.0,2025-05-21 07:34
20049,1128,6,25.5,2025-06-23 05:51
20050,2341,9,11.5,2025-05-26 07:27
20051,482,21,10.5,2025-02-13 01:34
20052,1027,17,4.5,2025-02-14 13:00
20053,646,12,29.0,2025-07-20 04:42
20054,2400,1,13.0,2025-03-14 07:33
20055,2437,18,25.0,2025-02-26 01:42
20056,500,12,30.5,2025-09-08 23:57
20057,55,4,11.5,2025-01-13 04:39
20058,2148,27,6.5,2025-05-10 19:13
20059,569,24,5.5,2025-02-12 12:33
20060,2285,2,10.0,2025-02-12 22:04
20061,843,10,5.0,2025-06-30 21:27
20062,219,6,15.5,2025-10-12 08:02
20063,1489,20,17.0,2025-11-03 23:29
20064,1553,27,6.5,2024-12-31 09:52
20065,1268,2,11.5,2025-01-22 13:05
20066,398,26,26.0,2025-10-14 15:02
20067,7,26,5.0,2025-01-14 11:45
20068,1243,7,20.5,2025-01-19 04:48
20069,843,27,15.0,2024-12-17 21:23
20070,1244,14,25.0,2025-10-17 00:32
20071,1842,11,16.5,2025-11-11 15:16
20072,1651,12,16.0,2025-05-03 22:37
20073,1957,24,14.0,2025-02-25 13:22
20074,1242,10,26.5,2025-07-21 07:08
20075,1627,7,31.0,2025-06-04 11:43
20076,1658,13,40.0,2025-04-18 21:35
20077,769,26,5.0,2025-03-06 18:14
20078,304,25,19.0,2024-12-14 05:14
20079,990,27,32.5,2025-06-28 21:28
20080,725,1,9.5,2025-11-24 12:16
20081,1327,5,10.5,2025-04-27 20:52
20082,1165,7,22.5,2025-06-20 22:42
20083,1876,11,19.5,2025-12-01 15:46
20084,1401,21,32.0,2025-10-09 15:44
20085,1081,21,6.5,2025-01-30 23:28
20086,507,26,4.5,2025-08-08 01:47
20087,1180,2,26.0,2025-08-22 03:57
20088,168,24,38.5,2025-06-24 21:30
20089,1476,11,19.0,2025-07-13 21:30
20090,607,12,18.5,2025-04-14 21:58
20091,966,10,16.0,2025-01-28 04:08
20092,676,13,31.0,2025-03-25 13:58
20093,121,14,23.0,2025-09-21 23:29
20094,2226,1,9.5,2025-02-04 12:31
20095,1435,21,27.5,2025-09-10 03:13
20096,2224,20,15.0,2025-08-05 01:19
20097,37,5,20.5,2025-01-31 14:58
20098,662,20,16.0,2025-05-23 18:10
20099,1650,9,5.5,2025-06-01 23:23
20100,439,11,35.5,2025-05-02 09:06
20101,1707,19,11.0,2024-12-12 10:50
20102,1381,20,17.0,2025-08-14 14:59
20103,1627,5,14.5,2025-01-14 13:24
20104,2271,25,15.0,2025-05-01 13:07
20105,175,21,12.0,2025-06-09 21:46
20106,1842,13,9.5,2025-03-16 02:34
20107,1611,27,15.0,2025-11-21 06:13
20108,2329,25,9.5,2025-07-17 10:08
20109,421,12,10.5,2025-05-30 17:08
20110,255,1,20.5,2024-12-09 15:55
20111,412,27,9.5,2025-09-18 06:59
20112,1526,12,27.0,2025-09-20 04:23
20113,1946,24,6.5,2025-03-04 08:28
20114,2490,7,31.5,2025-09-27 13:44
20115,1453,2,10.0,2025-03-06 18:27
20116,253,3,36.5,2025-10-24 07:10
20117,1745,1,6.5,2025-08-15 00:49
20118,1386,4,10.0,2025-08-27 20:09
20119,1588,11,27.5,2025-03-08 05:34
20120,2008,23,4.5,2025-10-09 23:30
20121,773,7,25.0,2025-03-21 17:53
20122,984,24,30.5,2025-03-20 21:24
20123,1738,23,5.0,2025-03-25 02:01
20124,924,8,14.5,2025-11-16 20:36
20125,808,11,31.5,2025-12-03 02:29
20126,658,24,21.0,2025-08-13 07:27
20127,2276,15,6.5,2025-01-06 00:33
20128,2048,26,30.0,2025-02-13 00:46
20129,1095,11,39.0,2025-10-13 00:23
20130,1636,7,15.0,2025-03-09 07:29
20131,699,27,29.0,2025-05-17 19:17
20132,1250,20,9.5,2025-01-30 18:33
20133,1160,10,19.0,2025-01-04 22:33
20134,2042,25,20.0,2025-01-21 17:17
20135,230,26,5.0,2025-04-10 14:15
20136,1386,23,31.0,2025-06-17 08:56
20137,1193,4,21.5,2025-11-27 19:52
20138,586,12,9.5,2025-07-30 17:41
20139,393,3,11.0,2025-04-21 01:09
20140,645,10,5.5,2025-09-11 14:03
20141,1036,7,4.5,2025-09-08 20:08
20142,71,11,20.0,2024-12-23 17:26
20143,429,6,4.5,2025-01-18 16:25
20144,2345,26,35.0,2025-03-04 09:11
20145,2219,24,33.5,2025-09-01 22:55
20146,2172,26,5.5,2025-07-17 06:18
20147,2188,5,24.0,2025-09-28 18:56
20148,2178,25,15.0,2025-07-20 15:50
20149,44,8,36.0,2025-03-02 09:52
20150,1705,9,21.5,2025-06-07 13:05
20151,2458,21,32.5,2025-08-25 22:19
20152,2195,16,4.5,2025-02-11 11:38
20153,692,16,14.5,2025-03-23 07:54
20154,427,13,26.0,2025-08-23 08:31
20155,2423,2,5.5,2025-07-24 17:34
20156,2493,23,20.5,2025-01-21 21:45
20157,1219,27,24.0,2025-04-21 16:27
20158,2304,12,24.0,2025-05-24 16:03
20159,2332,12,21.0,2025-01-08 08:59
20160,126,11,22.0,2025-05-12 21:50
20161,730,16,25.5,2025-02-15 03:12
20162,1595,19,6.5,2025-04-28 11:27
20163,2333,18,35.0,2025-07-05 05:03
20164,1332,12,30.5,2025-04-27 20:03
20165,1813,5,25.5,2025-06-06 22:15
20166,1966,6,23.5,2025-03-22 21:12
20167,193,3,30.0,2025-06-09 12:46
20168,1345,25,10.5,2025-08-03 20:26
20169,621,27,15.5,2025-02-06 13:39
20170,5,18,25.0,2025-03-02 04:59
20171,2500,1,29.0,2025-11-05 13:57
20172,2397,2,14.0,2025-10-03 15:16
20173,96,22,21.5,2025-06-10 04:51
20174,1617,13,10.0,2025-01-24 04:24
20175,158,2,25.0,2025-04-14 15:45
20176,2001,25,25.5,2025-09-11 15:28
20177,1762,27,36.0,2024-12-17 17:56
20178,163,7,31.0,2025-05-11 03:09
20179,2293,9,36.0,2025-10-01 20:19
20180,1480,4,19.0,2024-12-09 18:04
20181,1831,16,17.0,2025-07-05 00:27
20182,224,27,25.5,2025-05-14 21:46
20183,1463,17,26.0,2025-07-18 23:56
20184,1828,6,32.5,2025-03-03 14:00
20185,379,9,19.0,2025-06-01 17:09
20186,353,10,11.5,2025-08-15 17:35
20187,2268,15,4.5,2025-04-30 00:39
20188,1075,24,9.5,2025-08-30 19:11
20189,1821,15,16.5,2025-06-08 03:28
20190,506,25,14.5,2025-07-12 17:04
20191,1865,4,17.5,2025-06-08 11:06
20192,615,26,22.0,2025-12-01 09:04
20193,234,8,33.0,2025-09-05 08:36
20194,305,22,32.5,2025-02-17 10:41
20195,1177,11,18.5,2025-11-16 21:42
20196,1002,12,22.5,2025-01-28 13:08
20197,1315,11,26.5,2025-09-03 09:16
20198,617,13,19.0,2025-09-06 13:52
20199,932,26,21.0,2025-05-29 18:12
20200,1197,21,16.0,2025-09-25 13:22
20201,948,11,5.0,2025-07-18 18:34
20202,2065,9,5.0,2025-03-27 19:30
20203,590,27,22.5,2025-02-03 15:45
20204,1944,3,26.0,2025-01-28 16:28
20205,1385,15,20.5,2024-12-13 23:26
20206,1350,27,37.0,2025-01-21 14:39
20207,259,23,29.0,2025-03-26 03:39
20208,1871,17,19.5,2025-05-21 03:35
20209,607,10,14.0,2025-12-06 07:17
20210,623,6,16.0,2025-03-24 01:31
20211,79,16,4.5,2025-06-22 06:41
20212,590,21,4.5,2025-08-13 02:23
20213,1608,11,30.5,2025-04-07 22:36
20214,620,18,11.0,2025-05-18 03:06
20215,612,17,19.5,2025-04-22 20:16
20216,1186,17,30.5,2025-07-12 18:11
20217,1958,3,29.5,2025-10-18 23:51
20218,1196,27,29.0,2025-03-22 00:26
20219,623,20,20.0,2025-04-29 10:32
20220,971,24,20.5,2025-01-29 17:01
20221,1441,6,4.5,2025-09-10 19:19
20222,1550,21,9.5,2025-10-10 07:03
20223,2120,11,16.5,2025-10-10 05:33
20224,746,21,20.5,2025-09-07 16:29
20225,1335,3,12.0,2025-11-21 23:26
20226,756,13,17.5,2025-05-06 05:06
20227,196,8,4.5,2025-07-05 10:12
20228,2178,8,12.0,2025-02-12 21:26
20229,525,16,25.5,2025-09-19 04:59
20230,1462,9,19.0,2025-10-14 14:49
20231,233,21,34.5,2025-05-09 19:08
20232,2401,19,32.0,2025-04-24 01:21
20233,495,11,22.5,2025-11-15 05:38
20234,2028,7,15.5,2025-11-13 22:08
20235,499,22,17.0,2025-02-11 12:40
20236,151,6,14.5,2025-10-19 01:22
20237,2014,22,28.5,2025-06-10 18:17
20238,2465,8,30.5,2025-05-15 02:47
20239,1458,24,20.0,2025-09-11 17:36
20240,2122,25,5.5,2024-12-16 06:08
20241,451,26,21.0,2025-10-15 03:38
20242,339,20,34.5,2025-02-03 23:37
20243,1338,27,11.0,2025-04-03 06:47
20244,870,23,5.5,2025-07-12 21:08
20245,2334,8,21.5,2025-09-21 18:11
20246,1644,2,26.0,2025-07-29 14:21
20247,609,1,4.5,2025-10-21 06:56
20248,1588,1,30.5,2025-11-01 15:51
20249,1818,11,21.0,2025-03-03 10:00
20250,1225,24,11.0,2024-12-11 23:32
20251,2356,18,9.5,2025-07-05 01:48
20252,645,9,9.5,2025-04-10 18:59
20253,1406,7,5.5,2025-10-05 18:22
20254,2439,22,9.5,2024-12-15 09:00
20255,1709,25,5.0,2025-05-02 06:28
20256,1863,11,9.5,2025-01-21 20:07
20257,1511,12,33.5,2025-06-11 13:29
20258,526,1,5.5,2025-06-17 02:34
20259,2079,13,13.0,2025-01-28 21:58
20260,946,20,34.5,2025-11-11 10:47
20261,1023,9,25.5,2025-05-26 15:14
20262,2160,7,26.5,2025-03-21 21:43
20263,1002,14,4.5,2025-02-18 10:01
20264,472,6,29.0,2025-12-04 00:09
20265,1756,7,5.5,2025-04-03 22:58
20266,442,11,9.5,2025-08-09 03:17
20267,1228,18,11.0,2025-08-21 23:55
20268,190,24,30.0,2025-09-13 07:41
20269,192,3,36.0,2024-12-13 13:48
20270,256,23,4.5,2025-09-01 19:36
20271,1773,6,26.0,2024-12-23 00:46
20272,1367,27,35.5,2025-07-18 00:22
20273,346,24,18.5,2025-02-08 06:48
20274,1492,6,29.5,2025-01-28 11:03
20275,801,16,11.5,2025-11-18 20:43
20276,2094,17,16.5,2025-04-28 02:46
20277,464,27,5.5,2025-04-29 04:46
20278,2251,15,21.0,2025-02-15 18:01
20279,441,21,31.0,2024-12-26 06:11
20280,649,8,32.0,2025-06-11 14:30
20281,1295,13,6.5,2025-01-15 07:28
20282,1705,27,38.0,2025-12-01 10:36
20283,421,4,9.5,2025-10-14 12:29
20284,694,10,11.5,2025-05-29 00:41
20285,1114,7,25.5,2025-11-10 02:24
20286,1849,13,26.5,2025-11-19 23:29
20287,905,17,5.5,2024-12-16 10:59
20288,1546,19,28.0,2025-01-11 15:50
20289,341,6,11.0,2025-10-28 16:34
20290,37,22,25.5,2025-05-26 04:42
20291,2361,26,22.0,2025-03-15 04:52
20292,624,7,4.5,2025-07-19 23:10
20293,365,3,21.5,2025-03-07 14:43
20294,325,14,22.0,2025-10-30 02:06
20295,1177,21,5.0,2025-07-07 16:52
20296,1041,18,32.0,2025-01-31 04:24
20297,794,26,5.5,2025-11-24 16:30
20298,976,13,21.0,2025-10-24 21:40
20299,2275,11,6.5,2025-04-30 08:31
20300,1467,23,11.0,2025-05-21 04:15
20301,1371,24,9.5,2025-08-16 18:41
20302,2205,11,5.0,2025-04-11 09:59
20303,1232,14,19.5,2025-06-03 23:43
20304,1749,21,14.0,2025-09-03 13:52
20305,50,5,14.5,2025-08-14 12:21
20306,1879,6,6.5,2025-07-20 10:24
20307,1335,2,29.5,2025-11-28 02:24
20308,164,15,28.0,2024-12-24 20:57
20309,748,23,15.0,2025-04-28 22:38
20310,860,1,15.0,2025-04-20 08:48
20311,1938,18,9.5,2025-10-19 11:56
20312,1536,2,28.0,2025-03-25 03:24
20313,1628,9,21.5,2025-10-17 03:44
20314,790,17,34.5,2025-07-10 06:35
20315,2291,25,9.5,2025-08-30 17:22
20316,1200,4,6.5,2025-11-20 12:50
20317,669,25,17.0,2025-07-08 06:41
20318,86,6,16.0,2025-09-16 20:27
20319,309,7,20.0,2025-04-26 08:50
20320,801,10,4.5,2025-11-02 02:33
20321,2051,23,6.5,2025-04-08 13:58
20322,672,20,18.0,2025-02-17 13:31
20323,823,17,20.5,2025-01-27 16:25
20324,444,26,5.0,2025-11-01 00:51
20325,450,6,5.5,2024-12-07 16:18
20326,242,7,20.5,2025-03-15 02:17
20327,1234,23,25.5,2025-11-07 00:50
20328,2322,11,16.0,2025-05-23 03:32
20329,1426,2,4.5,2025-06-24 15:51
20330,660,20,17.0,2025-03-16 20:16
20331,1629,16,6.5,2025-10-05 11:24
20332,1920,16,36.5,2025-03-20 09:40
20333,2263,13,4.5,2025-05-06 06:52
20334,1413,9,9.5,2025-03-14 08:05
20335,1238,7,11.0,2025-10-10 06:56
20336,1788,25,28.0,2025-05-22 00:18
20337,2166,16,15.5,2025-01-12 12:24
20338,2463,12,16.0,2025-07-29 17:20
20339,359,16,12.0,2024-12-21 09:46
20340,27,19,30.0,2025-02-25 07:00
20341,1416,6,27.0,2025-03-26 06:22
20342,457,15,6.5,2025-01-28 09:04
20343,428,24,19.5,2025-06-16 23:16
20344,735,5,21.5,2025-06-29 04:43
20345,1391,13,19.0,2025-04-23 04:36
20346,1340,24,23.5,2025-07-28 20:09
20347,1552,8,27.0,2025-12-05 20:35
20348,1515,9,31.5,2024-12-18 07:37
20349,144,14,13.0,2025-07-20 01:51
20350,481,14,5.5,2025-10-07 21:07
20351,680,25,23.0,2024-12-30 09:14
20352,140,15,18.0,2025-03-06 04:28
20353,1281,24,34.0,2025-06-12 06:45
20354,848,26,30.5,2025-11-03 06:55
20355,2456,5,9.5,2025-06-16 19:29
20356,1666,25,4.5,2025-11-01 16:49
20357,1946,13,6.5,2025-06-21 09:21
20358,1837,6,4.5,2025-01-26 06:03
20359,1622,18,24.5,2025-10-05 20:54
20360,358,17,20.5,2025-11-24 06:09
20361,529,25,28.0,2025-10-14 02:06
20362,2160,5,25.5,2025-06-06 16:58
20363,1116,19,24.5,2025-03-08 12:46
20364,2067,10,10.5,2025-08-28 15:08
20365,946,9,22.5,2025-02-14 11:48
20366,2142,9,6.5,2025-01-22 19:46
20367,2335,16,4.5,2025-04-11 07:58
20368,1844,25,9.5,2025-06-26 08:11
20369,1556,27,36.5,2025-05-14 07:56
20370,498,4,35.0,2025-03-14 06:59
20371,1507,3,34.0,2025-11-08 21:16
20372,828,23,20.5,2025-01-07 11:19
20373,209,12,15.0,2024-12-31 13:31
20374,651,18,17.5,2025-07-30 13:05
20375,581,3,15.5,2025-11-09 06:53
20376,1922,2,5.0,2024-12-17 11:35
20377,1387,27,32.0,2025-01-21 08:39
20378,782,16,17.5,2025-02-25 17:34
20379,68,19,15.0,2025-03-03 20:30
20380,1711,5,13.0,2025-04-15 16:00
20381,137,12,6.5,2025-01-09 22:21
20382,575,12,30.5,2024-12-27 19:15
20383,2419,25,24.5,2025-04-22 13:18
20384,87,3,14.5,2025-11-19 00:10
20385,690,24,10.0,2025-06-17 14:51
20386,490,3,21.0,2025-11-13 14:57
20387,1124,24,11.5,2025-09-11 02:51
20388,1920,23,15.0,2025-04-19 10:48
20389,1799,21,5.0,2025-05-03 01:17
20390,1529,22,5.5,2025-12-06 11:21
20391,540,6,18.5,2025-08-17 03:45
20392,956,9,11.5,2025-09-12 04:19
20393,1269,14,6.5,2025-04-25 06:04
20394,427,12,19.5,2025-04-29 01:22
20395,2100,20,22.5,2025-04-06 12:39
20396,563,1,32.0,2025-06-12 23:38
20397,1267,1,25.5,2025-02-25 23:24
20398,691,12,21.0,2025-05-09 10:12
20399,1202,25,31.0,2025-01-19 13:05
20400,1123,22,23.0,2025-04-10 01:31
20401,2199,7,23.5,2025-04-29 06:32
20402,2460,1,33.5,2025-08-15 21:18
20403,2374,24,16.0,2025-11-28 14:55
20404,170,8,15.5,2025-06-30 04:24
20405,1064,6,20.0,2025-04-01 08:03
20406,1289,13,22.5,2025-04-26 05:18
20407,1521,25,9.0,2025-04-25 16:34
20408,1382,7,14.5,2025-03-06 08:00
20409,680,4,6.5,2025-09-20 20:49
20410,698,26,19.0,2025-09-23 12:09
20411,2235,23,10.5,2025-03-16 20:42
20412,2122,17,40.5,2025-11-22 12:51
20413,2029,21,4.5,2025-11-08 22:43
20414,669,26,33.0,2025-01-13 11:10
20415,265,7,5.5,2025-01-01 22:59
20416,2322,5,25.0,2025-04-11 07:44
20417,329,24,35.0,2025-02-21 08:21
20418,467,15,16.0,2025-02-09 15:32
20419,1826,24,5.5,2025-06-01 09:58
20420,175,5,25.0,2025-11-19 16:00
20421,917,7,5.5,2025-09-26 23:00
20422,2163,11,29.0,2025-02-22 16:06
20423,2304,16,12.0,2025-10-11 19:02
20424,2285,18,34.5,2025-03-23 12:30
20425,1862,11,4.5,2025-04-14 10:02
20426,939,25,9.5,2025-02-19 13:00
20427,2178,8,19.0,2025-06-02 02:44
20428,1266,26,5.5,2024-12-09 17:48
20429,529,14,27.0,2025-07-07 22:55
20430,655,19,4.5,2025-06-07 20:30
20431,2406,23,9.5,2025-03-26 20:11
20432,2187,4,11.0,2025-10-26 07:09
20433,2074,13,19.5,2025-03-20 06:48
20434,2080,1,6.5,2025-05-30 12:07
20435,872,16,6.5,2025-12-02 13:31
20436,1225,17,11.5,2025-05-14 19:04
20437,62,21,15.5,2025-04-18 01:26
20438,394,23,11.5,2025-05-17 18:26
20439,2371,16,25.5,2025-08-27 12:27
20440,442,11,31.5,2025-07-30 00:48
20441,508,24,16.0,2025-11-16 13:35
20442,437,18,20.0,2025-08-17 11:06
20443,405,4,26.0,2025-10-25 01:32
20444,1551,10,16.0,2024-12-25 17:20
20445,2351,2,28.5,2025-08-25 15:02
20446,2050,18,27.0,2025-08-01 20:45
20447,1896,11,20.5,2025-03-11 14:05
20448,164,19,17.0,2025-06-16 18:10
20449,1969,13,38.5,2025-05-09 11:05
20450,2144,9,10.0,2024-12-25 21:03
20451,2204,1,5.0,2025-05-29 00:56
20452,444,18,4.5,2025-03-26 19:49
20453,319,14,44.5,2025-05-03 04:38
20454,567,22,5.5,2025-03-14 23:32
20455,731,11,30.5,2025-03-30 20:19
20456,2086,17,5.0,2025-06-07 10:05
20457,1495,9,20.5,2024-12-10 21:37
20458,1130,11,4.5,2025-10-03 05:33
20459,1057,1,4.5,2025-04-27 23:00
20460,1868,17,5.0,2025-07-31 23:34
20461,2295,17,14.0,2025-01-22 19:37
20462,911,1,27.5,2025-07-27 21:54
20463,774,16,22.5,2025-04-27 07:38
20464,101,14,5.5,2025-03-01 20:09
20465,737,1,15.5,2025-10-09 23:18
20466,248,9,24.5,2025-06-13 20:06
20467,1298,4,30.5,2025-07-18 22:07
20468,2337,15,19.5,2025-11-27 08:27
20469,641,13,9.5,2025-07-05 05:44
20470,1470,14,21.0,2025-03-13 01:59
20471,1320,12,27.5,2025-02-12 11:29
20472,1377,2,6.5,2025-07-22 00:15
20473,2304,22,19.0,2025-11-17 22:13
20474,1865,1,15.5,2025-01-06 17:36
20475,1215,3,6.5,2025-05-10 07:40
20476,1394,13,16.0,2025-01-28 15:11
20477,1870,17,5.5,2025-08-13 18:33
20478,498,26,26.0,2025-08-08 10:22
20479,2163,25,10.0,2025-09-22 07:43
20480,1475,19,34.0,2024-12-29 15:38
20481,1598,12,22.0,2025-05-03 17:51
20482,1426,12,15.5,2025-07-23 19:23
20483,2002,18,5.5,2025-02-02 19:56
20484,1249,5,21.0,2024-12-24 21:13
20485,874,19,33.0,2025-09-04 17:09
20486,1131,11,35.5,2025-02-07 13:35
20487,2054,11,5.5,2025-09-13 05:40
20488,1196,17,35.5,2025-06-11 19:08
20489,852,25,26.5,2025-07-30 07:58
20490,2357,12,5.5,2025-03-05 17:30
20491,2095,25,12.0,2025-08-26 06:16
20492,2394,18,9.5,2025-02-16 08:59
20493,1247,11,25.5,2025-07-07 00:36
20494,2115,10,28.5,2025-03-04 01:38
20495,516,13,14.5,2025-11-22 19:08
20496,1999,13,33.0,2025-05-26 16:25
20497,118,8,6.5,2025-08-17 23:55
20498,2430,18,20.0,2025-08-29 12:27
20499,818,22,18.0,2025-06-18 17:17
20500,506,9,24.5,2025-09-28 03:39
20501,1211,21,5.5,2025-10-18 20:54
20502,1416,23,25.5,2025-09-12 14:42
20503,525,24,6.5,2025-10-11 01:27
20504,850,5,15.5,2025-09-28 07:59
20505,558,9,10.5,2025-07-11 12:34
20506,496,4,10.5,2025-10-05 06:38
20507,2390,15,12.0,2025-10-12 21:57
20508,2272,10,4.5,2025-05-31 00:49
20509,1805,11,24.0,2025-07-12 09:12
20510,2257,18,11.5,2025-07-02 14:24
20511,1474,9,29.0,2025-05-03 11:21
20512,1211,9,27.0,2025-02-03 20:43
20513,503,12,20.5,2025-05-11 13:54
20514,2060,21,9.5,2025-06-26 14:14
20515,269,14,36.0,2025-06-04 18:43
20516,1015,25,20.5,2025-01-07 19:50
20517,1765,11,30.0,2025-01-12 23:21
20518,2387,27,5.0,2025-05-29 04:38
20519,1171,27,16.5,2025-01-07 00:17
20520,1876,22,19.5,2025-02-21 18:27
20521,1202,3,5.5,2025-11-13 16:10
20522,18,6,26.0,2025-04-20 18:03
20523,2357,19,15.0,2025-05-13 11:15
20524,325,25,11.5,2025-05-31 04:31
20525,11,20,9.5,2024-12-15 10:45
20526,1910,19,22.5,2025-04-28 03:14
20527,1566,8,19.0,2025-07-27 03:39
20528,874,26,10.0,2025-03-02 11:42
20529,671,23,27.0,2025-03-16 06:48
20530,1479,19,9.5,2025-06-07 04:38
20531,65,18,19.5,2025-12-03 20:36
20532,2269,11,5.5,2025-08-18 12:32
20533,1051,16,29.5,2025-09-03 14:48
20534,738,12,30.5,2025-03-13 23:56
20535,920,7,5.0,2025-03-17 10:03
20536,1634,27,11.0,2025-10-12 23:06
20537,1595,3,26.0,2025-08-20 13:57
20538,1298,12,21.0,2025-11-10 19:53
20539,1618,22,11.5,2025-09-12 19:03
20540,111,21,36.5,2024-12-25 13:39
20541,1446,10,5.5,2025-02-12 03:08
20542,2080,16,4.5,2025-08-12 18:48
20543,1644,3,5.5,2024-12-13 05:26
20544,1114,23,19.5,2025-02-08 09:13
20545,2402,16,5.5,2025-10-04 07:35
20546,1932,18,4.5,2025-03-29 18:10
20547,2065,6,14.5,2025-01-25 17:54
20548,1534,14,15.0,2024-12-21 08:17
20549,2064,1,26.0,2025-03-11 03:05
20550,117,1,22.5,2025-06-17 16:57
20551,1776,6,26.0,2025-08-02 04:04
20552,1124,17,17.5,2024-12-24 02:00
20553,649,10,30.5,2025-06-07 17:26
20554,2422,17,14.0,2025-06-13 18:04
20555,1406,9,14.5,2025-10-20 07:23
20556,324,27,15.5,2025-05-30 21:52
20557,2040,2,21.0,2025-09-17 20:55
20558,426,7,16.0,2025-07-12 10:37
20559,1657,15,6.5,2025-06-05 05:44
20560,108,9,21.5,2025-08-28 13:04
20561,1210,18,21.0,2025-03-04 11:45
20562,180,17,16.5,2025-05-15 10:09
20563,799,23,15.0,2025-11-06 03:02
20564,2336,18,27.5,2024-12-19 12:52
20565,2108,19,17.5,2025-06-09 22:44
20566,2188,6,26.0,2025-07-09 06:24
20567,270,6,5.0,2025-01-14 22:42
20568,908,11,14.0,2025-11-22 02:56
20569,1331,7,5.5,2024-12-24 03:17
20570,1429,6,29.5,2025-08-09 16:26
20571,469,15,15.0,2025-03-07 11:46
20572,1721,20,28.0,2025-06-12 00:23
20573,182,26,15.0,2025-06-24 23:49
20574,1584,7,27.0,2025-10-07 01:56
20575,2395,23,10.5,2025-03-13 14:36
20576,377,3,11.0,2025-09-04 11:17
20577,1619,12,5.0,2025-10-11 09:27
20578,1300,17,9.0,2024-12-30 13:31
20579,263,19,24.0,2024-12-12 20:30
20580,1,17,14.5,2025-09-05 20:39
20581,1042,19,15.5,2025-03-07 07:28
20582,174,20,15.5,2024-12-10 00:28
20583,652,2,6.5,2025-07-22 17:50
20584,458,18,33.5,2025-08-12 19:09
20585,432,18,10.5,2024-12-11 00:15
20586,968,23,31.5,2025-07-05 23:34
20587,2021,6,20.0,2025-07-08 04:56
20588,1966,13,5.0,2025-04-07 01:23
20589,1845,2,5.5,2025-03-19 09:07
20590,843,7,5.0,2025-10-04 13:21
20591,1086,4,36.0,2025-01-27 23:06
20592,2232,17,31.5,2025-11-04 14:02
20593,665,5,28.5,2025-11-20 09:17
20594,1915,4,30.5,2025-09-29 06:01
20595,140,3,30.0,2025-11-30 14:49
20596,1713,17,10.5,2025-06-16 08:12
20597,2202,6,5.5,2025-09-01 22:07
20598,758,11,14.0,2025-01-19 11:27
20599,1530,25,15.5,2025-09-13 20:30
20600,1228,18,31.0,2025-03-08 15:41
20601,475,23,15.5,2025-11-17 10:37
20602,2019,20,9.5,2024-12-11 18:15
20603,241,24,26.5,2025-10-27 20:08
20604,1706,19,22.5,2025-11-09 21:22
20605,39,14,9.0,2025-09-27 12:55
20606,2486,11,29.5,2024-12-11 17:11
20607,1749,27,30.5,2025-08-25 10:02
20608,2438,7,34.0,2025-01-18 14:31
20609,1367,15,39.5,2025-06-04 18:33
20610,1962,21,22.5,2025-03-17 14:59
20611,783,11,20.0,2025-10-01 14:23
20612,117,5,5.5,2025-04-18 18:59
20613,2427,12,9.5,2025-03-22 19:22
20614,1723,15,9.5,2025-05-19 08:50
20615,1451,18,35.0,2025-12-02 15:04
20616,1890,5,11.0,2025-05-28 11:05
20617,1882,14,19.0,2025-06-27 23:47
20618,1198,11,29.5,2025-09-07 16:38
20619,1077,27,18.0,2025-07-22 13:10
20620,248,1,18.5,2024-12-17 08:38
20621,1193,25,5.0,2025-02-24 03:53
20622,12,23,20.5,2025-06-10 20:01
20623,524,24,24.0,2025-11-17 21:30
20624,613,11,9.5,2025-08-23 13:06
20625,1673,25,29.0,2025-02-22 15:20
20626,2294,5,10.5,2025-02-19 10:20
20627,11,13,22.5,2025-01-05 22:22
20628,2114,25,22.5,2025-05-15 14:37
20629,2473,15,33.5,2024-12-08 13:50
20630,1595,13,24.0,2025-10-12 00:46
20631,191,7,10.5,2025-04-19 17:38
20632,1138,20,20.5,2025-02-14 22:35
20633,1559,1,43.5,2025-06-01 15:54
20634,707,15,10.5,2025-01-08 06:37
20635,1355,11,19.0,2025-11-27 12:55
20636,1802,5,16.0,2025-03-24 18:35
20637,1407,27,27.0,2025-05-10 16:02
20638,1942,7,6.5,2025-05-15 04:11
20639,1792,5,11.0,2025-06-12 11:18
20640,1373,24,9.5,2025-04-13 14:04
20641,1034,14,10.0,2025-02-16 20:59
20642,2096,23,24.5,2025-04-11 19:13
20643,1489,23,6.5,2024-12-30 09:07
20644,2318,11,19.0,2025-03-05 13:15
20645,1768,10,5.0,2024-12-07 23:12
20646,1814,22,22.0,2024-12-11 13:14
20647,2203,10,4.5,2025-05-21 07:30
20648,1735,18,28.5,2025-09-11 13:52
20649,761,4,10.5,2025-03-14 05:57
20650,1766,27,26.5,2025-07-27 00:57
20651,1863,21,16.0,2025-02-21 21:27
20652,661,18,24.0,2025-08-04 10:09
20653,200,16,21.0,2025-11-17 17:14
20654,1447,14,23.0,2025-08-28 23:22
20655,38,20,13.0,2025-06-14 18:02
20656,1387,18,19.5,2025-11-24 23:49
20657,2241,8,26.0,2025-01-09 22:53
20658,1300,5,10.5,2025-03-26 10:39
20659,1571,8,16.0,2025-01-17 04:11
20660,2227,20,10.5,2025-01-10 13:34
20661,603,16,24.0,2025-08-17 09:14
20662,1439,1,19.5,2025-08-04 08:51
20663,1249,24,9.5,2024-12-18 08:09
20664,581,8,9.5,2025-11-04 06:19
20665,214,10,14.0,2025-04-04 18:35
20666,2322,21,6.5,2025-08-17 10:37
20667,1408,14,16.0,2025-08-28 05:31
20668,1189,16,6.5,2024-12-19 05:06
20669,2277,24,20.0,2025-10-11 18:08
20670,2041,25,21.0,2025-06-02 05:43
20671,690,22,24.5,2025-07-04 18:15
20672,2284,2,28.0,2025-07-20 21:31
20673,1523,2,27.5,2025-11-10 19:07
20674,427,25,31.5,2025-09-08 03:19
20675,711,27,9.5,2025-09-09 05:56
20676,431,6,28.0,2025-04-29 22:04
20677,816,17,23.0,2025-06-25 20:15
20678,603,10,5.5,2025-02-14 17:31
20679,185,15,20.0,2024-12-21 22:57
20680,2395,25,6.5,2025-12-03 17:56
20681,1831,14,16.0,2025-08-25 22:17
20682,2464,16,27.0,2025-11-28 13:21
20683,537,11,21.5,2025-10-25 21:25
20684,592,24,30.0,2025-05-06 14:27
20685,773,23,26.5,2025-08-03 10:32
20686,627,4,21.5,2025-07-05 07:32
20687,1320,4,6.5,2025-01-11 09:50
20688,2216,26,9.5,2024-12-10 09:26
20689,201,12,11.0,2025-01-08 07:15
20690,1975,21,25.0,2025-01-26 01:39
20691,574,3,30.0,2025-05-10 08:15
20692,1225,2,6.5,2025-01-14 04:28
20693,1872,19,22.5,2025-04-27 22:53
20694,1814,27,20.5,2025-07-06 21:15
20695,14,1,31.5,2025-10-07 13:17
20696,2460,25,9.0,2025-02-02 01:32
20697,1369,5,21.5,2025-08-23 01:27
20698,417,16,5.5,2025-08-24 05:46
20699,1390,7,16.0,2025-05-03 02:44
20700,625,1,16.0,2025-07-27 02:26
20701,1247,21,26.0,2025-02-14 09:26
20702,1214,7,10.5,2025-01-19 06:04
20703,1395,16,9.5,2025-08-05 21:58
20704,2214,3,30.0,2025-07-25 13:33
20705,2418,1,19.5,2025-05-30 04:40
20706,1529,4,25.5,2025-08-30 01:31
20707,1880,27,19.5,2025-11-19 15:28
20708,857,5,26.0,2025-03-22 14:56
20709,1306,8,18.5,2025-12-02 02:56
20710,92,6,15.0,2025-11-22 13:22
20711,686,7,16.5,2025-01-29 22:26
20712,1427,7,5.0,2025-03-17 18:34
20713,1218,10,20.5,2025-03-23 23:10
20714,1540,27,28.5,2025-07-31 13:46
20715,2007,9,20.0,2025-06-03 10:34
20716,620,8,15.0,2025-03-02 15:27
20717,275,21,25.0,2025-05-21 18:29
20718,810,13,24.0,2025-05-15 06:49
20719,476,5,27.5,2025-10-06 23:34
20720,2099,27,14.0,2025-05-06 03:16
20721,591,3,35.0,2024-12-27 03:57
20722,2340,23,31.0,2025-05-10 07:24
20723,1639,22,25.5,2025-09-30 13:02
20724,64,26,19.5,2025-09-22 06:37
20725,1989,22,10.5,2025-10-26 12:07
20726,19,25,5.0,2025-04-16 12:28
20727,1876,24,11.5,2025-11-26 11:58
20728,1854,20,4.5,2024-12-26 16:50
20729,435,7,4.5,2025-06-23 17:08
20730,1162,8,21.5,2025-11-13 12:17
20731,2125,7,16.0,2025-07-25 11:37
20732,1658,2,30.0,2024-12-11 20:57
20733,1486,17,10.5,2025-08-14 22:27
20734,1422,2,26.0,2025-05-06 22:53
20735,2189,18,4.5,2024-12-07 02:31
20736,233,13,36.0,2025-06-27 01:34
20737,813,25,6.5,2025-10-10 18:39
20738,1706,23,13.0,2025-04-20 15:29
20739,1689,7,27.0,2025-07-10 15:50
20740,82,13,13.0,2025-05-30 11:47
20741,1068,18,4.5,2025-10-17 01:45
20742,2423,7,10.0,2025-08-05 18:28
20743,874,13,25.5,2025-10-05 23:39
20744,518,16,9.5,2025-03-26 15:58
20745,2321,11,16.0,2025-06-27 08:36
20746,1548,2,25.5,2025-08-25 15:50
20747,2115,15,11.0,2024-12-21 07:51
20748,1257,7,10.5,2024-12-31 07:58
20749,1037,6,10.5,2025-07-11 14:03
20750,1902,23,16.0,2025-04-14 16:25
20751,2078,21,11.0,2025-10-04 23:01
20752,436,10,5.0,2025-03-22 01:09
20753,488,3,4.5,2024-12-20 08:40
20754,642,19,21.0,2025-10-29 17:35
20755,244,23,23.0,2025-03-09 22:37
20756,949,25,19.5,2025-10-19 17:05
20757,177,14,4.5,2025-11-10 08:48
20758,1221,3,16.0,2025-11-07 10:04
20759,1898,8,37.0,2025-09-15 11:46
20760,2186,21,14.5,2025-02-27 04:26
20761,427,8,6.5,2025-01-01 05:54
20762,1467,10,17.5,2025-04-02 00:48
20763,151,6,22.5,2025-10-10 13:44
20764,1228,25,17.0,2025-03-28 03:49
20765,232,2,27.0,2025-08-06 18:29
20766,353,2,25.0,2025-11-29 08:01
20767,384,6,16.0,2025-02-21 15:14
20768,1320,11,31.0,2025-09-15 10:40
20769,1926,23,4.5,2025-08-20 00:18
20770,1932,1,15.5,2025-02-10 23:11
20771,2073,27,22.5,2025-03-04 02:58
20772,259,19,14.5,2025-11-29 19:22
20773,1556,24,9.5,2025-01-09 13:34
20774,1253,12,9.5,2025-09-07 21:41
20775,719,6,5.5,2025-04-24 09:59
20776,109,3,31.5,2024-12-26 08:42
20777,1689,12,11.0,2025-01-04 23:43
20778,1884,26,5.0,2025-07-07 16:48
20779,2479,13,4.5,2025-01-22 17:07
20780,162,12,6.5,2025-05-21 05:09
20781,1497,16,11.0,2025-04-06 15:23
20782,940,12,30.0,2025-07-06 03:39
20783,224,24,20.0,2025-01-01 16:04
20784,2314,23,27.5,2024-12-27 22:14
20785,495,21,17.5,2025-06-29 07:46
20786,510,15,27.5,2025-01-20 18:04
20787,2062,25,31.0,2025-04-15 10:15
20788,830,14,29.5,2025-08-20 06:02
20789,1913,7,14.5,2025-07-29 12:50
20790,1414,4,14.5,2025-05-27 15:46
20791,1344,2,15.0,2025-06-17 00:40
20792,79,8,5.5,2025-06-03 04:16
20793,153,27,33.0,2025-01-14 14:27
20794,2380,13,5.5,2025-02-23 06:33
20795,1905,2,33.0,2025-11-10 12:04
20796,1224,5,35.0,2025-04-03 03:05
20797,1223,16,16.5,2025-04-12 04:11
20798,410,17,5.0,2024-12-14 12:30
20799,2207,18,28.0,2025-02-11 19:27
20800,1753,3,21.0,2025-06-01 12:56
20801,21,10,28.5,2025-03-01 09:19
20802,928,26,14.5,2025-02-04 23:49
20803,431,5,9.0,2025-12-01 06:31
20804,1042,24,5.5,2025-11-19 20:43
20805,247,18,11.5,2025-06-27 06:07
20806,1694,2,16.0,2024-12-08 01:06
20807,2192,23,35.0,2025-07-18 23:30
20808,55,11,19.0,2025-04-28 15:55
20809,702,10,16.5,2025-03-09 17:01
20810,2412,23,20.5,2025-10-06 08:14
20811,2378,25,11.5,2025-11-05 08:33
20812,313,9,28.5,2025-08-12 02:47
20813,309,2,20.0,2025-02-12 18:11
20814,1373,22,5.5,2025-07-04 16:54
20815,486,1,14.5,2025-04-14 14:21
20816,404,25,33.0,2025-09-17 23:20
20817,279,17,30.5,2025-11-01 02:04
20818,2414,15,15.5,2025-03-08 07:00
20819,937,6,26.0,2024-12-13 12:43
20820,1166,10,30.0,2025-08-14 22:52
20821,2074,1,22.0,2025-04-27 21:52
20822,1986,5,9.5,2025-08-07 01:12
20823,1565,19,19.0,2025-10-21 20:50
20824,1662,24,31.5,2025-08-22 08:21
20825,1513,27,27.5,2025-04-04 03:20
20826,1233,15,21.0,2025-02-23 06:17
20827,453,19,18.0,2025-01-17 01:15
20828,2379,13,16.0,2025-10-31 19:42
20829,913,3,14.0,2025-06-18 11:59
20830,1194,23,27.0,2025-12-04 15:30
20831,1119,10,9.5,2025-11-05 18:10
20832,2205,24,26.0,2025-10-14 04:11
20833,99,24,10.0,2025-05-23 03:01
20834,1983,1,13.0,2024-12-10 23:46
20835,1787,27,9.5,2025-06-17 14:07
20836,814,14,11.5,2025-04-10 18:08
20837,1160,7,9.5,2025-06-02 06:29
20838,284,6,4.5,2024-12-07 04:46
20839,1373,6,19.5,2025-03-27 13:44
20840,257,18,6.5,2025-12-05 16:37
20841,922,10,16.0,2025-10-21 15:32
20842,234,1,9.5,2025-01-04 07:13
20843,160,12,4.5,2024-12-07 21:32
20844,1118,23,16.0,2024-12-13 02:58
20845,25,27,20.5,2025-02-03 22:31
20846,1504,20,36.0,2025-04-03 11:12
20847,819,26,23.5,2024-12-31 18:48
20848,299,26,15.0,2025-05-02 19:52
20849,920,16,19.5,2025-05-31 07:38
20850,866,19,34.5,2025-03-15 05:56
20851,2313,1,5.0,2025-06-15 03:07
20852,402,6,26.0,2025-05-13 05:44
20853,1832,8,11.0,2025-05-28 04:22
20854,1589,27,27.5,2025-11-06 04:41
20855,1979,16,15.0,2025-12-02 22:22
20856,1525,21,20.5,2025-06-06 15:05
20857,2168,1,34.0,2025-11-11 19:18
20858,1171,4,27.5,2025-02-24 03:36
20859,2067,23,26.0,2025-09-21 04:46
20860,82,16,11.0,2025-06-01 13:12
20861,1210,18,4.5,2025-04-26 04:32
20862,2387,20,28.0,2024-12-26 09:44
20863,1343,19,5.5,2025-02-01 03:49
20864,1583,26,11.5,2025-08-17 15:42
20865,1038,14,12.0,2025-09-27 02:25
20866,1483,13,33.0,2025-04-08 08:57
20867,235,21,15.0,2025-07-08 19:21
20868,2187,5,14.5,2025-07-09 04:10
20869,2116,16,11.5,2025-03-08 09:40
20870,149,9,11.0,2025-02-19 18:31
20871,932,22,11.0,2025-05-11 20:42
20872,2298,20,15.0,2025-06-20 12:42
20873,1236,14,10.0,2025-04-18 13:42
20874,683,12,17.0,2024-12-23 11:16
20875,1427,24,19.5,2025-07-29 00:33
20876,1196,23,25.5,2025-01-14 05:33
20877,1684,22,16.5,2025-03-21 23:42
20878,1369,4,28.0,2025-03-18 12:56
20879,87,10,31.0,2025-03-08 06:05
20880,194,7,19.0,2025-02-10 12:57
20881,2224,23,9.5,2025-10-12 23:32
20882,2041,16,27.0,2025-06-15 12:16
20883,1240,18,16.5,2025-03-11 21:22
20884,1426,22,4.5,2025-07-28 12:31
20885,1136,12,21.5,2025-01-31 18:44
20886,1726,18,24.0,2025-01-08 07:15
20887,4,16,24.5,2025-05-02 14:20
20888,2473,4,11.5,2025-11-26 09:07
20889,2360,16,12.0,2025-05-07 10:22
20890,1074,19,18.5,2024-12-29 02:03
20891,1465,14,16.5,2025-05-21 20:50
20892,81,10,28.0,2025-11-05 21:06
20893,936,24,11.0,2025-10-26 02:49
20894,259,15,15.0,2025-11-17 04:44
20895,2133,2,34.5,2025-03-07 06:14
20896,528,5,18.5,2025-06-01 18:53
20897,1673,12,25.5,2025-09-30 00:23
20898,268,11,25.5,2025-11-10 22:53
20899,86,20,16.0,2025-03-24 03:21
20900,1492,22,10.0,2025-10-12 23:31
20901,2397,20,4.5,2024-12-14 20:30
20902,2387,21,19.5,2025-07-01 16:17
20903,433,8,31.5,2025-11-10 11:27
20904,268,23,36.0,2025-04-23 06:30
20905,1787,19,23.5,2025-08-13 14:26
20906,1594,22,31.5,2025-05-01 15:45
20907,277,21,6.5,2025-10-02 18:05
20908,1304,10,21.5,2025-01-09 20:57
20909,2047,10,11.5,2025-04-26 06:21
20910,1656,21,5.0,2025-05-26 05:50
20911,1012,3,34.5,2025-03-23 07:44
20912,991,7,16.5,2024-12-27 06:54
20913,873,15,4.5,2025-11-26 23:54
20914,1457,10,27.0,2025-04-01 20:07
20915,2097,25,23.5,2025-01-06 01:59
20916,459,27,5.0,2025-12-05 19:50
20917,534,5,9.5,2025-05-12 14:11
20918,1735,21,40.0,2025-08-26 19:50
20919,1671,12,10.0,2025-02-20 22:51
20920,2288,8,10.0,2025-09-13 10:30
20921,706,22,19.5,2025-06-28 13:10
20922,1224,6,18.0,2024-12-14 02:19
20923,1496,17,35.0,2025-04-03 16:21
20924,29,1,10.0,2025-09-07 18:35
20925,1377,17,9.0,2025-01-06 05:38
20926,1750,25,20.0,2025-04-06 18:55
20927,697,20,27.0,2025-03-19 20:46
20928,1841,6,21.5,2025-04-16 16:45
20929,1678,17,14.0,2025-08-20 03:29
20930,1041,13,27.0,2025-03-04 10:51
20931,441,14,34.0,2025-01-19 15:42
20932,502,10,4.5,2025-02-24 18:20
20933,836,17,6.5,2024-12-16 09:25
20934,1560,14,25.5,2025-09-13 17:29
20935,2185,9,20.5,2025-03-10 00:07
20936,160,22,23.0,2025-07-30 23:06
20937,604,27,10.0,2025-07-12 15:06
20938,779,5,9.5,2025-11-22 18:53
20939,2050,26,9.5,2025-04-14 05:25
20940,403,7,14.5,2025-02-17 08:26
20941,1781,1,21.0,2025-03-14 11:46
20942,1729,5,31.0,2025-04-04 23:06
20943,2048,22,17.5,2025-09-07 05:52
20944,713,13,6.5,2025-02-25 16:11
20945,548,15,22.0,2025-07-19 16:57
20946,406,10,5.0,2025-11-09 06:22
20947,1280,11,14.0,2025-08-03 18:01
20948,300,9,21.0,2025-11-03 17:28
20949,1896,15,6.5,2025-01-14 02:50
20950,417,4,25.0,2025-04-04 03:49
20951,2109,21,22.5,2025-08-03 20:06
20952,1558,7,31.5,2025-01-02 22:06
20953,1763,1,15.0,2024-12-22 08:26
20954,1144,3,10.5,2025-05-14 21:18
20955,1119,15,23.0,2025-10-06 10:45
20956,600,25,39.5,2025-02-12 10:06
20957,70,26,21.5,2025-06-30 10:09
20958,1266,12,10.0,2025-10-17 12:34
20959,1971,17,16.0,2025-07-03 02:10
20960,1589,8,31.0,2025-10-20 07:42
20961,92,1,28.5,2025-04-29 18:42
20962,1009,8,9.5,2024-12-13 15:30
20963,1369,20,11.0,2025-03-12 17:00
20964,718,3,25.5,2025-06-20 18:02
20965,1960,23,5.5,2025-08-27 14:50
20966,288,12,29.0,2025-05-28 22:02
20967,2068,27,26.5,2025-08-30 20:07
20968,920,6,29.5,2025-03-20 21:30
20969,2049,3,11.5,2025-04-13 12:12
20970,1959,23,26.0,2025-07-10 18:14
20971,815,1,30.0,2025-11-30 15:18
20972,2286,7,24.0,2025-03-29 07:52
20973,2141,26,15.0,2025-08-20 08:02
20974,1739,12,9.5,2025-03-12 23:33
20975,208,24,35.5,2025-07-27 11:32
20976,760,27,14.5,2025-06-15 00:29
20977,675,16,5.5,2025-04-24 16:02
20978,917,9,27.0,2025-07-23 15:39
20979,1940,14,4.5,2025-10-10 09:56
20980,2313,1,20.5,2025-12-05 17:16
20981,777,19,19.5,2025-01-31 12:14
20982,1618,3,20.0,2025-09-12 22:24
20983,984,26,23.5,2025-11-07 17:15
20984,2449,14,24.5,2025-03-14 04:17
20985,1151,11,23.5,2025-09-20 13:00
20986,466,8,28.0,2025-03-09 19:59
20987,2339,22,5.0,2025-05-05 09:15
20988,2340,15,20.5,2025-05-25 05:47
20989,2332,9,6.5,2024-12-07 05:44
20990,1919,5,32.0,2024-12-27 11:58
20991,1399,4,21.5,2025-03-14 11:08
20992,1214,19,20.5,2025-12-02 12:29
20993,185,26,14.5,2025-03-02 00:56
20994,1163,1,15.5,2025-02-12 01:03
20995,2403,10,35.0,2025-04-18 10:18
20996,899,21,5.0,2025-02-04 16:58
20997,1461,19,14.5,2024-12-18 10:59
20998,1223,23,27.0,2025-01-26 10:29
20999,852,19,14.5,2025-06-22 06:40
21000,1023,14,31.5,2025-01-05 14:54
21001,15,15,16.0,2025-05-14 01:06
21002,2128,4,20.0,2025-03-08 00:19
21003,1774,25,16.0,2025-03-11 01:47
21004,1965,5,35.0,2025-01-29 07:19
21005,1742,13,26.0,2025-04-25 09:02
21006,798,23,24.0,2025-03-07 05:12
21007,1565,15,28.5,2025-08-28 12:27
21008,1372,8,14.5,2025-09-22 19:38
21009,706,11,10.5,2025-04-29 02:15
21010,10,22,16.0,2025-08-20 16:47
21011,1398,7,11.0,2025-06-28 21:51
21012,1145,5,29.5,2025-05-10 16:18
21013,1891,13,31.0,2025-05-05 03:10
21014,1552,25,31.5,2025-01-15 08:35
21015,1547,10,9.5,2025-01-03 03:19
21016,1566,10,21.5,2025-07-06 07:41
21017,1125,17,25.5,2025-10-25 15:00
21018,965,8,4.5,2025-03-14 19:27
21019,465,20,22.5,2025-06-26 00:00
21020,49,5,20.5,2024-12-19 21:27
21021,2140,17,10.5,2025-06-17 19:39
21022,223,23,16.0,2024-12-29 10:48
21023,290,13,23.5,2025-03-01 15:24
21024,402,6,6.5,2025-01-16 11:23
21025,1874,2,9.5,2025-04-03 15:54
21026,2248,15,22.0,2025-02-15 11:38
21027,1304,18,15.0,2025-08-22 04:47
21028,1758,18,9.5,2025-01-25 05:52
21029,266,9,10.5,2024-12-13 22:05
21030,618,7,14.0,2025-09-18 03:01
21031,1638,15,33.5,2025-01-15 16:27
21032,64,7,27.5,2024-12-17 22:59
21033,2471,11,29.0,2025-10-12 02:14
21034,1723,6,23.0,2025-05-08 15:12
21035,1990,10,20.5,2025-04-05 09:50
21036,1011,7,26.0,2025-10-03 09:23
21037,416,10,12.0,2025-12-05 10:55
21038,1041,15,24.0,2025-10-10 00:19
21039,2404,10,35.5,2025-02-19 06:05
21040,2269,14,15.5,2025-05-22 11:34
21041,694,2,5.0,2025-07-30 01:31
21042,1598,2,15.0,2025-03-16 16:09
21043,2282,20,33.5,2025-05-25 07:33
21044,1961,11,29.0,2025-04-27 20:07
21045,485,15,29.0,2024-12-18 00:05
21046,2304,8,10.0,2025-06-16 08:00
21047,136,17,32.0,2024-12-17 07:35
21048,123,15,22.0,2025-01-18 15:56
21049,2431,9,31.0,2025-02-22 02:39
21050,1243,20,25.0,2025-01-03 06:01
21051,1403,9,19.0,2025-10-13 15:43
21052,2311,13,24.0,2025-09-30 19:22
21053,1204,3,5.0,2024-12-11 15:55
21054,1505,25,14.5,2025-09-02 15:13
21055,1102,26,20.0,2025-08-10 17:08
21056,1038,18,37.5,2025-10-27 22:04
21057,2119,4,24.5,2025-07-13 15:33
21058,2112,1,25.0,2025-11-12 03:05
21059,2342,13,15.5,2025-05-23 16:35
21060,1280,11,25.0,2025-08-18 17:02
21061,1237,8,30.0,2025-04-14 01:31
21062,2233,15,5.5,2025-01-09 07:48
21063,746,25,9.5,2025-01-04 11:53
21064,1872,19,30.5,2025-09-27 13:42
21065,37,12,26.5,2025-04-02 18:23
21066,742,15,5.0,2025-11-23 05:09
21067,1834,22,9.0,2025-08-28 20:12
21068,541,5,35.0,2025-09-12 03:25
21069,1854,10,16.5,2025-03-24 10:59
21070,2,17,15.5,2025-07-15 18:34
21071,1917,17,14.5,2025-03-05 05:57
21072,1033,11,15.0,2025-08-22 00:39
21073,1640,7,25.0,2025-05-02 11:04
21074,336,8,19.0,2025-10-12 22:28
21075,853,22,31.0,2025-06-05 06:05
21076,1426,16,15.0,2025-05-31 13:37
21077,853,17,14.0,2025-05-26 18:20
21078,691,27,16.5,2025-07-19 23:17
21079,1249,11,6.5,2025-01-07 02:02
21080,936,2,11.5,2025-01-19 22:23
21081,1660,1,4.5,2025-10-20 07:11
21082,1465,6,15.0,2025-07-26 07:31
21083,1644,1,20.0,2025-10-23 09:56
21084,602,17,9.5,2025-01-07 19:54
21085,882,12,19.5,2025-01-31 11:18
21086,1400,24,4.5,2025-02-19 03:41
21087,1054,6,35.0,2025-12-04 12:02
21088,1440,13,30.5,2025-08-11 17:02
21089,1,26,22.5,2025-10-10 05:22
21090,576,21,37.0,2025-01-13 03:48
21091,534,23,23.0,2025-05-02 11:24
21092,780,7,9.5,2025-07-03 11:36
21093,2241,2,21.0,2025-09-15 01:38
21094,1250,12,30.0,2025-04-20 20:43
21095,1565,5,33.0,2025-03-13 12:41
21096,299,14,4.5,2025-01-02 17:58
21097,1746,16,17.0,2025-10-15 06:52
21098,977,23,25.5,2025-09-14 21:25
21099,2217,19,15.5,2025-09-06 19:59
21100,1452,20,34.5,2025-07-06 13:05
21101,529,16,23.5,2025-04-17 10:32
21102,796,10,5.0,2025-05-16 05:40
21103,1985,17,16.0,2025-08-09 16:49
21104,98,24,5.5,2025-04-22 14:33
21105,367,3,4.5,2025-03-25 10:51
21106,2020,27,4.5,2024-12-27 14:13
21107,1760,23,5.5,2025-11-09 03:48
21108,1293,13,5.0,2025-11-24 03:01
21109,681,6,26.0,2025-02-28 15:52
21110,1134,12,4.5,2025-04-28 04:24
21111,1788,12,22.5,2025-04-12 05:59
21112,1209,1,20.5,2025-08-07 06:14
21113,2065,11,21.0,2025-10-28 14:16
21114,693,15,21.0,2025-01-20 11:40
21115,1990,16,15.0,2025-06-17 06:17
21116,1863,11,33.0,2025-08-10 12:40
21117,36,9,6.5,2025-11-21 09:57
21118,1571,19,25.5,2025-11-05 07:36
21119,1496,5,11.0,2024-12-23 12:29
21120,891,10,19.0,2025-11-05 18:32
21121,785,5,9.5,2025-08-19 08:11
21122,1151,21,5.5,2025-11-13 10:18
21123,1614,17,16.0,2025-08-27 04:52
21124,796,22,15.5,2025-05-29 23:44
21125,43,8,18.5,2025-10-25 11:43
21126,2324,1,33.0,2025-09-19 12:32
21127,1289,12,4.5,2025-03-09 00:10
21128,407,20,27.0,2025-01-14 01:09
21129,688,20,14.0,2025-02-16 04:22
21130,664,7,24.5,2025-08-22 18:31
21131,1067,7,27.0,2025-01-09 16:08
21132,1129,21,23.0,2025-08-25 04:11
21133,1778,10,26.5,2025-08-09 05:54
21134,1979,4,31.0,2025-04-11 09:07
21135,1922,2,27.0,2025-05-29 07:46
21136,1744,2,23.0,2025-01-25 19:12
21137,1262,16,26.0,2025-03-18 17:36
21138,420,12,28.5,2025-05-14 19:20
21139,1746,27,28.0,2025-05-05 17:40
21140,1460,12,21.5,2025-06-09 03:11
21141,1429,16,23.5,2025-03-03 02:30
21142,358,4,21.0,2025-10-03 18:33
21143,1316,3,14.0,2025-11-28 19:39
21144,333,2,23.5,2025-08-22 05:40
21145,890,11,26.5,2024-12-22 15:46
21146,1953,11,5.0,2025-02-03 02:50
21147,683,24,5.0,2025-03-21 17:28
21148,765,3,19.0,2025-06-12 12:16
21149,863,19,26.0,2025-09-13 14:55
21150,753,8,11.0,2025-01-01 15:32
21151,1496,13,25.5,2025-03-09 04:49
21152,814,12,20.0,2025-01-25 01:57
21153,50,27,32.0,2025-02-18 07:59
21154,141,9,5.5,2025-01-27 23:10
21155,2337,14,17.0,2025-07-30 20:20
21156,1208,12,24.0,2025-09-15 17:06
21157,1518,19,15.0,2024-12-31 14:27
21158,520,1,21.0,2025-10-11 08:52
21159,1730,14,30.5,2025-12-06 15:59
21160,2254,6,5.5,2025-10-23 10:08
21161,1492,22,15.0,2025-02-26 03:24
21162,1516,15,5.5,2025-10-24 18:26
21163,1023,8,6.5,2025-10-14 17:40
21164,1660,3,11.5,2025-06-06 22:11
21165,231,26,15.0,2025-04-11 15:03
21166,896,4,6.5,2025-02-10 14:30
21167,63,26,5.5,2025-09-15 22:30
21168,487,12,9.5,2025-04-22 10:30
21169,952,7,16.5,2024-12-17 11:53
21170,1103,26,10.5,2025-02-08 02:18
21171,2019,25,21.5,2025-10-09 04:19
21172,1479,6,5.0,2025-10-08 16:27
21173,1051,26,17.0,2025-05-24 05:39
21174,16,16,17.0,2025-10-20 17:01
21175,359,20,26.5,2025-11-07 15:48
21176,506,13,23.0,2025-06-01 14:52
21177,2100,5,14.0,2025-08-03 04:56
21178,212,22,19.5,2025-11-28 08:43
21179,898,23,5.0,2024-12-13 10:28
21180,633,16,30.0,2025-09-09 17:43
21181,576,10,30.5,2025-01-27 20:22
21182,2444,12,23.5,2025-09-20 20:16
21183,506,11,4.5,2025-03-27 14:55
21184,763,18,20.5,2025-05-23 19:15
21185,1206,2,10.5,2025-05-03 15:16
21186,1988,21,6.5,2024-12-21 08:14
21187,165,2,17.0,2025-02-28 01:11
21188,407,3,21.5,2025-03-21 23:59
21189,1922,14,20.5,2025-01-29 10:15
21190,277,4,9.5,2025-11-05 11:51
21191,1902,14,9.5,2025-07-20 21:36
21192,355,17,27.5,2025-05-24 05:01
21193,1435,19,4.5,2025-11-16 11:07
21194,1808,24,28.5,2025-07-27 13:59
21195,1468,19,5.5,2025-06-01 10:06
21196,555,26,30.5,2024-12-26 09:33
21197,1850,10,19.0,2025-11-01 04:01
21198,1653,6,14.5,2025-01-18 08:08
21199,1563,25,9.5,2025-09-29 16:36
21200,1947,25,21.0,2025-03-06 02:20
21201,2335,19,25.5,2025-01-26 19:13
21202,161,13,10.0,2024-12-18 19:47
21203,1291,17,16.0,2025-06-22 17:05
21204,1010,27,25.5,2025-05-27 17:52
21205,2156,12,9.5,2025-09-16 14:53
21206,2495,17,5.0,2025-09-30 13:09
21207,2187,19,17.0,2025-11-14 16:22
21208,919,15,28.5,2025-09-18 01:36
21209,2394,24,17.0,2025-02-08 02:19
21210,58,6,14.0,2025-08-14 16:53
21211,1830,19,10.0,2025-09-12 04:30
21212,1983,4,11.5,2025-11-15 13:10
21213,345,23,5.0,2025-02-03 15:43
21214,2115,20,11.0,2025-03-24 06:02
21215,416,23,35.5,2025-07-11 15:19
21216,2002,20,16.0,2025-09-02 18:54
21217,103,1,17.0,2025-01-06 08:39
21218,935,5,29.5,2025-05-13 01:25
21219,1566,21,21.0,2025-11-27 03:12
21220,2389,14,12.0,2025-01-17 15:34
21221,2161,26,25.0,2025-10-01 16:14
21222,1586,20,6.5,2025-04-10 03:36
21223,2447,2,23.0,2024-12-29 09:44
21224,1789,21,25.5,2024-12-19 07:38
21225,1159,22,6.5,2025-05-22 23:37
21226,510,3,32.5,2025-05-28 06:32
21227,367,12,23.5,2025-03-01 01:06
21228,28,25,32.0,2025-03-31 01:09
21229,896,15,33.0,2025-09-10 15:52
21230,1060,15,18.5,2025-06-23 06:00
21231,1747,16,11.0,2025-04-11 05:25
21232,1577,26,31.0,2025-02-24 08:28
21233,1804,4,29.5,2024-12-09 06:03
21234,1325,20,33.0,2025-11-20 02:03
21235,916,23,5.5,2025-03-17 11:53
21236,1025,24,24.0,2025-07-30 02:50
21237,1488,11,14.5,2025-02-19 13:21
21238,1212,22,23.5,2025-01-13 15:44
21239,1579,4,9.5,2025-08-24 22:43
21240,1042,9,18.0,2025-01-06 09:13
21241,1670,6,24.0,2025-10-29 20:02
21242,585,25,14.5,2025-01-07 11:14
21243,1961,21,14.0,2025-06-25 12:38
21244,268,7,5.0,2025-09-27 03:11
21245,1866,19,9.5,2024-12-29 16:22
21246,541,16,14.5,2025-07-15 05:14
21247,1762,24,16.0,2025-01-15 18:15
21248,141,9,11.5,2025-03-09 13:38
21249,846,20,27.0,2024-12-18 16:53
21250,1983,15,17.5,2025-06-01 00:47
21251,2125,1,9.5,2025-01-27 23:24
21252,856,13,28.5,2025-08-24 22:43
21253,2037,21,31.5,2025-01-01 21:22
21254,972,19,20.0,2025-07-20 01:07
21255,1445,4,14.0,2025-11-16 14:04
21256,688,8,26.5,2025-06-21 17:20
21257,2137,25,15.0,2025-08-04 03:56
21258,1642,3,26.0,2025-08-15 08:03
21259,2101,9,24.5,2025-04-13 18:20
21260,512,25,28.0,2025-05-06 00:04
21261,1847,12,21.0,2025-08-31 01:38
21262,392,20,5.5,2025-01-12 20:50
21263,1995,9,4.5,2025-02-03 21:09
21264,796,18,9.5,2025-02-14 23:21
21265,2450,16,15.5,2025-11-07 00:25
21266,895,6,20.0,2025-03-24 12:53
21267,509,3,5.0,2025-04-08 23:49
21268,2462,16,25.5,2024-12-14 11:06
21269,317,13,26.5,2025-11-14 23:48
21270,2475,3,20.5,2025-02-16 03:30
21271,1898,22,17.5,2025-05-22 21:49
21272,526,17,13.0,2025-10-10 03:42
21273,393,3,19.0,2025-09-28 20:16
21274,1785,7,30.0,2025-01-21 00:04
21275,1567,10,27.5,2025-09-12 05:35
21276,1907,22,20.5,2025-01-07 08:57
21277,2358,1,6.5,2025-02-27 19:08
21278,889,9,15.0,2024-12-15 10:22
21279,515,10,33.0,2025-02-10 03:04
21280,1668,25,26.0,2025-05-16 21:05
21281,1970,25,31.0,2025-08-21 15:34
21282,768,12,10.0,2024-12-25 23:19
21283,1409,8,16.0,2025-09-28 11:23
21284,1935,18,25.0,2025-04-10 06:14
21285,1155,2,15.0,2025-10-19 01:21
21286,2171,27,15.0,2025-11-06 23:03
21287,923,16,16.0,2025-09-27 00:54
21288,661,27,11.0,2025-06-01 20:24
21289,1778,4,15.0,2025-11-05 08:51
21290,2447,17,14.0,2025-09-04 03:33
21291,2161,3,22.5,2025-08-21 03:37
21292,1248,8,4.5,2025-03-22 09:08
21293,2066,4,25.5,2025-03-28 12:49
21294,955,23,10.0,2025-03-02 21:09
21295,357,22,30.5,2025-06-02 16:18
21296,320,13,9.5,2025-04-16 19:34
21297,2125,10,31.0,2024-12-26 15:17
21298,266,16,30.5,2025-02-10 00:51
21299,2397,4,19.0,2025-03-16 22:24
21300,638,23,11.5,2024-12-10 05:35
21301,1520,10,14.0,2025-07-29 08:01
21302,2311,13,35.0,2025-03-22 03:35
21303,1262,17,30.0,2025-09-07 02:12
21304,1707,13,37.5,2025-08-03 09:10
21305,1689,24,21.5,2025-01-20 10:38
21306,2194,9,31.0,2025-04-21 11:59
21307,1602,4,29.5,2025-10-31 03:58
21308,254,12,14.0,2025-05-08 02:08
21309,794,7,5.0,2025-06-11 17:08
21310,2132,25,26.5,2025-01-17 18:51
21311,572,15,30.5,2025-12-03 20:56
21312,951,17,38.0,2025-09-12 19:53
21313,1780,6,10.5,2025-04-19 15:00
21314,1339,3,20.5,2025-02-25 14:13
21315,1525,1,9.5,2025-07-12 03:14
21316,1943,19,21.0,2025-04-02 19:57
21317,205,13,22.5,2025-10-23 08:59
21318,2445,21,15.5,2025-08-25 02:47
21319,123,26,21.0,2025-04-01 07:22
21320,1853,11,31.0,2025-05-29 01:45
21321,247,15,14.0,2025-03-13 10:00
21322,1516,5,20.5,2025-05-29 03:35
21323,1176,20,5.0,2024-12-07 09:57
21324,1190,25,9.0,2025-09-30 18:51
21325,2399,23,9.5,2025-12-01 06:05
21326,381,10,20.5,2025-08-13 15:08
21327,768,15,26.5,2025-09-05 10:50
21328,1613,14,16.5,2025-06-09 16:26
21329,250,27,19.0,2025-07-24 21:05
21330,653,1,4.5,2025-08-11 07:32
21331,637,25,19.5,2025-08-15 21:28
21332,270,9,9.0,2024-12-26 02:38
21333,777,5,4.5,2025-01-17 23:24
21334,1049,1,14.5,2025-05-02 13:27
21335,2135,20,15.5,2025-03-25 04:09
21336,1697,13,14.5,2025-07-01 16:47
21337,2326,19,25.5,2025-11-24 02:05
21338,39,4,14.0,2025-01-15 07:55
21339,488,7,9.5,2025-04-09 05:06
21340,86,8,36.5,2025-08-28 11:20
21341,1127,25,30.5,2025-11-21 01:07
21342,2212,1,4.5,2025-07-10 20:05
21343,918,15,5.0,2025-10-04 14:45
21344,1912,27,17.0,2025-08-04 00:43
21345,2167,3,4.5,2025-06-30 13:22
21346,2079,9,16.0,2025-02-17 10:53
21347,1187,10,20.0,2025-07-14 15:43
21348,1173,2,9.5,2025-09-18 18:39
21349,760,15,25.5,2025-04-21 13:38
21350,1988,8,9.0,2025-10-11 05:48
21351,1106,26,27.0,2024-12-25 22:24
21352,1987,26,25.0,2025-07-05 11:12
21353,834,12,9.5,2025-11-06 07:30
21354,1187,6,24.5,2025-06-02 16:43
21355,669,23,4.5,2025-04-12 01:57
21356,1889,24,15.0,2024-12-12 14:36
21357,1135,6,5.5,2025-11-30 03:01
21358,1755,16,5.0,2025-08-16 13:11
21359,2122,3,30.5,2025-11-02 07:04
21360,1043,8,10.5,2024-12-08 09:51
21361,940,21,9.0,2025-07-19 11:14
21362,1337,2,15.0,2025-01-04 21:05
21363,2441,1,20.5,2025-07-07 05:24
21364,1856,26,36.0,2025-10-02 19:24
21365,1456,17,26.5,2025-02-07 19:18
21366,715,19,6.5,2025-04-18 07:01
21367,2290,20,5.5,2024-12-09 17:46
21368,1514,12,9.5,2025-02-15 10:03
21369,423,24,9.5,2025-04-27 13:48
21370,1208,6,29.5,2024-12-08 14:09
21371,894,5,6.5,2025-09-16 07:44
21372,2272,4,30.0,2025-09-09 19:36
21373,685,3,24.5,2025-05-21 16:45
21374,210,6,5.5,2025-11-02 11:42
21375,509,2,19.0,2025-09-06 04:45
21376,1888,7,9.0,2025-11-13 11:47
21377,339,16,9.5,2025-04-13 10:14
21378,104,20,5.5,2025-06-08 03:43
21379,1168,18,20.5,2025-07-21 18:32
21380,1351,25,30.0,2025-02-14 18:28
21381,847,4,16.0,2025-10-07 15:39
21382,1576,10,5.0,2025-05-31 09:25
21383,1268,27,19.5,2025-03-31 14:00
21384,157,20,6.5,2025-05-16 15:50
21385,1989,2,14.5,2025-01-16 10:18
21386,165,24,5.5,2025-06-09 17:41
21387,1625,26,5.0,2025-05-16 11:58
21388,1761,15,4.5,2025-01-02 20:22
21389,1872,17,15.5,2025-09-01 21:02
21390,1685,6,31.0,2025-05-17 20:37
21391,1633,14,17.5,2025-11-23 23:46
21392,323,2,5.0,2024-12-10 05:44
21393,1803,20,6.5,2025-02-09 10:16
21394,1729,9,19.0,2025-05-25 18:25
21395,1161,11,29.0,2025-09-25 14:27
21396,662,21,24.5,2025-04-30 08:04
21397,245,20,5.0,2025-09-10 18:36
21398,1530,8,34.0,2025-04-29 21:46
21399,549,21,5.5,2025-11-17 13:36
21400,2358,11,19.5,2025-01-15 09:10
21401,1158,1,26.5,2024-12-10 23:07
21402,871,12,20.5,2025-11-16 06:48
21403,36,12,23.5,2025-10-03 19:39
21404,2120,25,17.5,2025-11-25 01:02
21405,2090,23,5.5,2025-09-09 23:04
21406,372,13,5.0,2024-12-20 06:46
21407,84,20,23.0,2025-04-24 14:08
21408,226,16,31.0,2025-01-03 15:26
21409,265,7,27.0,2025-10-05 04:38
21410,1520,1,39.5,2024-12-28 16:56
21411,371,7,33.5,2025-03-28 00:06
21412,2150,16,10.5,2025-09-18 18:48
21413,2033,19,17.5,2025-04-07 18:33
21414,2042,22,14.0,2025-03-26 23:53
21415,576,10,14.5,2025-08-24 04:18
21416,1068,15,4.5,2025-02-19 08:16
21417,1255,25,10.5,2025-01-19 10:13
21418,241,24,24.5,2024-12-10 13:30
21419,810,20,16.0,2025-06-26 21:11
21420,2047,7,14.0,2025-05-12 22:17
21421,985,19,12.0,2025-02-21 14:17
21422,113,22,21.0,2025-08-11 03:39
21423,1702,12,15.5,2025-10-23 21:01
21424,711,10,11.5,2025-08-07 09:59
21425,2034,20,10.5,2025-10-15 09:01
21426,330,27,11.0,2025-07-27 10:56
21427,2382,17,24.5,2025-10-13 12:44
21428,446,12,27.0,2025-09-13 12:17
21429,1925,13,26.0,2025-09-24 18:46
21430,1794,27,6.5,2025-10-06 11:34
21431,2316,1,9.5,2024-12-11 10:31
21432,2304,16,30.5,2025-06-14 16:52
21433,75,24,21.0,2025-06-01 04:49
21434,1650,10,9.5,2025-04-20 08:10
21435,244,25,5.0,2024-12-26 18:58
21436,1498,11,6.5,2025-02-23 03:39
21437,20,15,21.5,2024-12-09 20:49
21438,1803,6,29.0,2024-12-17 10:47
21439,154,23,36.0,2025-02-12 15:55
21440,1992,16,29.0,2025-08-12 21:41
21441,1805,22,23.0,2025-05-24 10:14
21442,1686,20,15.0,2025-05-19 12:47
21443,594,19,9.5,2025-07-07 05:32
21444,1931,17,12.0,2025-05-09 07:29
21445,1269,16,6.5,2025-09-25 08:54
21446,1029,15,25.5,2025-11-11 13:16
21447,58,3,4.5,2025-03-12 10:59
21448,2435,10,23.5,2025-04-06 07:48
21449,732,27,16.5,2025-10-19 10:42
21450,279,3,32.5,2025-06-01 06:18
21451,2304,6,5.5,2025-06-05 04:28
21452,2087,10,4.5,2025-01-18 10:38
21453,795,4,5.0,2025-01-04 16:56
21454,1694,3,32.0,2025-09-28 05:46
21455,1285,6,28.0,2025-10-27 05:00
21456,567,11,31.5,2025-08-27 06:26
21457,1566,22,16.0,2025-05-07 19:14
21458,1554,1,11.0,2025-08-03 12:34
21459,1214,26,14.0,2025-11-18 14:16
21460,1029,2,15.5,2025-01-28 20:16
21461,966,4,5.5,2025-03-23 17:54
21462,870,11,4.5,2025-05-06 11:52
21463,802,4,38.5,2025-10-13 02:24
21464,2475,7,19.0,2025-03-14 04:32
21465,2274,5,29.0,2025-08-24 18:14
21466,1752,16,16.0,2025-04-14 08:22
21467,1247,23,14.0,2025-10-19 18:38
21468,539,2,18.5,2025-08-12 11:21
21469,2223,24,24.5,2025-02-23 06:40
21470,2003,27,24.5,2025-08-05 14:04
21471,2064,20,26.5,2025-08-09 01:48
21472,1496,13,15.5,2025-12-02 20:58
21473,815,5,4.5,2025-05-01 01:26
21474,118,22,20.5,2025-09-05 17:22
21475,136,24,26.0,2025-07-29 04:12
21476,2136,3,9.5,2025-06-13 04:58
21477,199,6,14.5,2025-09-25 08:04
21478,915,10,5.0,2025-01-29 14:40
21479,148,9,5.5,2025-07-26 10:54
21480,1331,4,20.5,2025-09-12 22:48
21481,2187,16,31.0,2025-03-01 20:41
21482,2200,21,30.0,2025-04-25 23:07
21483,1728,2,24.5,2025-03-24 00:01
21484,520,21,5.5,2025-02-15 11:07
21485,1878,4,35.0,2025-06-12 10:57
21486,1993,20,5.0,2025-08-10 06:00
21487,2103,26,15.0,2025-10-04 14:17
21488,1529,14,20.0,2025-07-07 07:42
21489,2468,19,5.0,2025-02-23 11:50
21490,655,21,14.5,2025-03-07 23:21
21491,631,9,13.0,2025-06-20 06:01
21492,1697,27,5.0,2025-01-03 13:57
21493,2192,19,24.5,2025-10-26 19:50
21494,1852,13,5.0,2025-04-29 19:25
21495,98,25,36.5,2025-10-31 02:21
21496,1721,6,24.0,2025-10-11 21:02
21497,1211,10,11.5,2025-11-22 05:03
21498,1702,1,5.5,2024-12-16 23:36
21499,1297,10,4.5,2025-01-11 03:12
21500,1241,23,24.0,2025-09-28 23:34
21501,1713,7,21.5,2025-01-02 12:19
21502,1057,10,5.0,2025-01-28 22:41
21503,39,19,10.0,2025-06-20 05:50
21504,1362,16,6.5,2025-07-21 14:20
21505,456,16,31.0,2025-10-07 05:48
21506,2123,7,19.0,2025-11-28 16:58
21507,1468,15,28.5,2025-01-23 06:33
21508,126,25,15.5,2024-12-07 04:08
21509,2249,7,29.5,2025-07-04 10:15
21510,1477,5,21.0,2025-01-01 18:53
21511,2104,15,24.5,2024-12-17 03:50
21512,2085,19,29.0,2025-09-26 06:12
21513,2350,5,26.5,2025-08-15 09:00
21514,1140,22,31.5,2025-03-17 11:37
21515,1022,21,16.0,2025-11-18 02:48
21516,1368,4,24.0,2025-05-07 23:16
21517,1313,17,5.5,2025-10-26 08:37
21518,1514,24,34.5,2025-03-30 16:07
21519,735,27,14.5,2025-09-04 04:22
21520,2009,9,4.5,2025-10-31 20:28
21521,2467,21,29.5,2025-04-26 07:54
21522,1468,6,6.5,2025-01-19 10:16
21523,2350,14,30.0,2025-02-05 18:57
21524,1223,2,10.0,2025-05-24 04:42
21525,2218,25,9.5,2025-01-29 09:16
21526,445,23,18.5,2025-11-19 05:14
21527,2165,1,18.0,2025-02-10 03:50
21528,1791,10,10.5,2025-01-03 15:36
21529,46,17,23.0,2025-08-28 23:31
21530,1101,26,30.0,2025-02-19 05:55
21531,1738,9,4.5,2025-03-26 18:03
21532,2255,15,11.5,2025-08-12 14:08
21533,2339,13,27.0,2025-10-10 05:44
21534,2453,15,16.5,2025-04-06 22:37
21535,1360,15,31.5,2025-08-16 02:24
21536,169,15,28.0,2025-10-22 07:11
21537,2022,3,29.5,2024-12-16 04:41
21538,1159,16,5.0,2025-08-30 11:57
21539,2260,14,16.5,2025-01-25 00:01
21540,165,17,33.5,2025-09-05 21:58
21541,1472,8,21.5,2025-08-11 14:52
21542,2085,21,5.5,2025-06-23 04:10
21543,1182,14,10.5,2025-11-14 19:59
21544,2025,3,24.0,2025-10-11 13:40
21545,1870,21,5.0,2025-01-12 00:48
21546,999,21,38.0,2025-03-18 07:48
21547,89,15,25.0,2025-06-16 11:17
21548,776,16,11.0,2025-02-04 08:56
21549,1133,20,21.0,2025-09-01 01:04
21550,1067,24,29.0,2024-12-17 12:25
21551,200,11,31.0,2025-01-20 02:00
21552,292,2,6.5,2025-10-11 21:11
21553,2123,14,31.5,2025-08-03 23:58
21554,271,6,10.5,2024-12-24 00:20
21555,2113,2,17.5,2025-08-05 06:24
21556,1683,1,4.5,2025-02-20 21:55
21557,101,3,5.5,2025-05-14 09:56
21558,1569,4,11.0,2025-05-29 19:48
21559,738,17,34.0,2025-08-10 11:55
21560,692,26,25.0,2025-04-11 05:58
21561,2217,18,14.5,2025-03-09 23:07
21562,2459,5,16.0,2025-11-22 17:34
21563,750,9,30.0,2025-12-03 22:02
21564,1906,14,16.0,2025-01-10 07:10
21565,764,21,31.0,2024-12-20 17:33
21566,2230,23,10.0,2025-07-06 04:21
21567,893,24,22.5,2024-12-28 05:13
21568,500,6,21.5,2025-07-19 14:26
21569,1725,11,25.5,2025-06-09 10:50
21570,2085,26,5.0,2025-07-03 13:13
21571,310,10,26.5,2025-01-27 08:56
21572,1487,25,25.0,2025-04-01 12:24
21573,2412,9,4.5,2025-03-14 12:55
21574,534,17,30.0,2025-05-21 10:46
21575,1669,10,17.0,2025-09-08 06:07
21576,66,19,32.0,2024-12-19 21:23
21577,573,7,11.0,2025-01-11 01:02
21578,1314,23,20.0,2025-10-09 04:42
21579,1425,23,5.0,2025-01-29 23:09
21580,2088,5,10.0,2025-11-10 17:52
21581,1979,2,31.5,2025-11-21 13:18
21582,1135,21,12.0,2025-10-31 21:00
21583,1674,23,17.5,2025-11-24 17:59
21584,20,3,20.5,2025-09-01 17:53
21585,590,12,24.5,2024-12-14 16:23
21586,1327,8,24.5,2025-10-03 01:38
21587,345,2,6.5,2025-03-03 11:28
21588,623,9,9.5,2025-04-07 15:19
21589,2384,23,5.0,2025-08-09 13:10
21590,1272,27,24.0,2025-07-10 18:20
21591,378,27,13.5,2025-08-06 01:15
21592,2020,12,22.5,2025-04-22 11:59
21593,1283,9,27.5,2025-02-06 14:08
21594,844,1,9.5,2025-01-14 08:40
21595,246,22,37.0,2025-01-30 10:30
21596,808,20,31.0,2025-01-22 19:44
21597,1020,27,24.0,2025-01-22 15:57
21598,2251,4,32.0,2025-01-30 12:11
21599,1399,20,26.0,2025-11-10 02:17
21600,241,9,11.5,2025-08-17 00:26
21601,400,27,24.0,2025-05-14 03:40
21602,659,21,20.5,2025-01-04 10:06
21603,753,8,17.5,2025-02-12 20:35
21604,90,16,14.5,2025-07-31 22:23
21605,161,13,18.5,2024-12-21 13:28
21606,2260,4,4.5,2025-12-06 16:43
21607,1963,7,5.0,2025-08-19 04:26
21608,2218,6,16.5,2024-12-20 05:48
21609,1381,20,38.5,2025-08-22 13:22
21610,365,20,4.5,2025-09-24 21:45
21611,445,21,6.5,2025-09-01 21:45
21612,1594,8,4.5,2025-03-13 11:22
21613,490,19,21.0,2025-07-25 05:44
21614,185,25,19.5,2025-07-01 19:46
21615,2130,25,16.0,2025-05-12 18:50
21616,564,2,16.0,2025-08-08 20:33
21617,1265,6,19.0,2025-03-12 00:50
21618,1783,6,5.0,2025-06-30 14:33
21619,558,8,6.5,2025-09-20 00:00
21620,2262,17,6.5,2025-09-28 10:33
21621,576,3,4.5,2025-11-22 23:30
21622,633,14,21.0,2025-06-06 11:34
21623,836,12,16.5,2025-06-06 17:15
21624,422,19,11.0,2025-08-11 07:04
21625,967,25,5.0,2025-03-21 00:40
21626,1424,9,30.0,2025-03-24 22:47
21627,313,7,9.5,2024-12-26 16:42
21628,401,9,5.5,2025-04-04 01:34
21629,103,1,6.5,2025-08-03 18:53
21630,1389,8,22.0,2025-03-10 01:33
21631,479,26,27.0,2025-11-29 08:18
21632,1863,25,25.5,2025-03-02 01:52
21633,2080,17,25.5,2025-07-08 12:44
21634,687,23,23.5,2025-11-10 22:28
21635,39,10,15.5,2024-12-14 12:55
21636,46,4,37.5,2025-05-25 12:41
21637,592,17,35.0,2025-05-31 21:33
21638,2206,24,21.0,2025-11-18 13:52
21639,739,21,16.5,2025-08-08 17:06
21640,2160,25,27.5,2025-06-03 18:57
21641,2338,11,22.5,2025-06-25 07:57
21642,44,26,12.0,2025-07-26 06:37
21643,740,14,5.0,2025-06-06 07:24
21644,2021,9,14.5,2025-03-26 20:46
21645,849,12,16.0,2025-06-01 10:20
21646,1801,2,16.5,2025-01-20 09:47
21647,1859,8,20.5,2024-12-25 13:01
21648,40,4,31.5,2025-05-28 02:53
21649,832,7,14.0,2025-06-23 12:54
21650,1316,9,26.0,2025-02-06 16:18
21651,2283,21,16.5,2025-02-02 08:08
21652,198,11,5.5,2025-05-10 11:48
21653,2196,21,11.0,2025-03-15 18:34
21654,1371,10,10.5,2025-11-24 21:22
21655,2103,22,4.5,2025-07-01 19:45
21656,85,27,5.5,2024-12-18 15:40
21657,1008,7,19.0,2024-12-22 04:14
21658,2077,4,26.5,2025-07-14 14:34
21659,2249,5,33.0,2025-07-13 18:17
21660,1792,9,23.5,2025-01-25 09:30
21661,1100,20,25.5,2025-01-28 05:00
21662,1755,9,19.0,2025-10-25 11:05
21663,1231,9,25.5,2025-05-24 20:39
21664,347,7,20.5,2025-10-07 08:06
21665,23,4,30.0,2025-10-02 14:22
21666,464,16,33.5,2024-12-19 01:09
21667,1551,25,16.5,2025-06-27 05:26
21668,621,15,26.0,2025-01-09 16:56
21669,1954,7,34.5,2025-02-01 03:43
21670,292,21,6.5,2025-04-01 23:30
21671,1185,5,17.5,2025-05-10 16:09
21672,2048,5,19.0,2025-03-22 20:34
21673,2304,8,24.0,2025-06-28 18:04
21674,1973,1,20.0,2025-08-19 10:01
21675,1992,5,28.0,2025-03-08 17:54
21676,1536,9,5.5,2025-04-13 22:58
21677,607,20,15.5,2025-01-10 15:55
21678,859,2,31.0,2025-06-04 06:04
21679,66,9,33.5,2025-05-18 07:44
21680,2318,1,5.5,2025-01-06 21:37
21681,2476,7,29.5,2025-11-08 09:41
21682,1981,10,18.5,2025-03-17 02:01
21683,691,18,25.5,2025-08-16 01:55
21684,986,19,16.0,2025-02-27 21:36
21685,626,11,16.0,2025-07-04 23:30
21686,313,22,12.0,2025-04-18 02:22
21687,954,3,32.0,2025-09-21 03:34
21688,2302,17,11.0,2025-01-25 23:16
21689,1834,22,20.0,2025-10-13 12:20
21690,1476,27,26.0,2025-03-18 22:25
21691,1496,5,19.5,2025-03-14 22:04
21692,108,6,17.0,2025-02-15 15:45
21693,180,4,4.5,2025-11-16 19:12
21694,1394,5,22.0,2025-11-18 18:24
21695,2010,13,6.5,2025-02-14 13:07
21696,188,14,15.5,2025-08-03 22:41
21697,17,13,13.5,2024-12-26 09:11
21698,874,23,14.5,2025-10-04 09:49
21699,1712,24,28.0,2025-07-27 11:27
21700,850,6,29.5,2025-02-13 09:50
21701,269,19,26.0,2025-06-20 09:40
21702,1698,19,10.0,2025-10-22 22:29
21703,618,11,19.5,2025-09-25 12:41
21704,2027,4,34.0,2025-06-03 19:27
21705,1367,1,31.0,2025-11-22 10:09
21706,1741,27,16.0,2025-04-30 12:05
21707,650,17,6.5,2024-12-26 03:07
21708,2208,14,27.0,2025-11-15 18:40
21709,919,20,14.0,2025-01-08 16:12
21710,2330,7,4.5,2025-05-06 17:35
21711,554,5,26.5,2025-09-22 10:15
21712,1074,6,24.5,2025-10-04 12:34
21713,411,5,18.0,2024-12-12 19:20
21714,557,27,19.0,2025-06-17 13:12
21715,1146,5,12.0,2025-10-22 05:09
21716,1478,21,6.5,2025-11-25 21:32
21717,1736,16,15.0,2025-04-04 03:21
21718,166,17,27.0,2025-11-22 03:05
21719,2099,12,17.0,2025-02-23 01:37
21720,1767,8,9.5,2025-01-17 23:39
21721,2480,17,13.0,2025-05-18 22:12
21722,1517,15,16.5,2025-09-01 09:48
21723,2210,25,20.5,2025-04-05 08:30
21724,86,27,5.0,2025-02-19 09:20
21725,537,1,25.0,2024-12-18 13:21
21726,1281,6,14.0,2025-01-27 04:47
21727,2282,19,25.0,2025-06-03 11:41
21728,1487,11,6.5,2025-03-31 14:28
21729,1403,6,9.0,2025-01-22 20:07
21730,1197,15,27.5,2025-11-01 17:18
21731,2114,12,9.5,2025-05-11 11:02
21732,2262,6,37.0,2025-11-23 21:21
21733,210,7,29.0,2025-03-18 12:50
21734,993,8,19.0,2025-10-03 15:36
21735,1982,7,18.5,2025-03-19 04:23
21736,508,14,6.5,2025-09-01 11:20
21737,1209,26,26.0,2025-08-23 20:28
21738,1398,6,17.0,2025-10-07 11:46
21739,103,25,32.5,2025-10-06 04:05
21740,2355,9,14.0,2024-12-14 07:28
21741,1913,14,5.5,2025-08-07 12:28
21742,2431,15,4.5,2025-03-24 00:11
21743,1018,7,25.5,2025-11-09 02:53
21744,1872,4,6.5,2025-01-25 07:22
21745,1607,13,19.0,2025-05-10 14:05
21746,1193,24,29.5,2025-09-06 12:14
21747,806,4,36.5,2025-03-18 08:28
21748,428,15,33.5,2025-11-03 09:22
21749,737,13,28.5,2025-10-26 00:01
21750,227,20,20.5,2025-02-14 21:32
21751,939,10,5.0,2025-04-14 00:45
21752,376,8,16.5,2025-07-27 08:35
21753,808,3,9.5,2025-03-12 05:02
21754,598,1,19.0,2025-05-29 10:01
21755,712,25,17.5,2025-06-08 05:30
21756,1420,2,10.0,2025-06-29 04:42
21757,1541,27,11.5,2025-10-21 01:24
21758,1221,26,5.0,2025-11-16 18:30
21759,677,7,23.5,2025-03-11 16:55
21760,2301,5,41.5,2025-07-06 05:04
21761,2379,8,25.0,2025-05-30 01:15
21762,968,3,31.0,2024-12-20 14:38
21763,583,18,11.0,2025-01-31 10:43
21764,1000,3,11.5,2025-07-16 19:35
21765,716,27,32.5,2025-04-05 22:25
21766,332,11,14.5,2025-03-01 17:12
21767,910,4,5.5,2025-05-28 14:21
21768,854,9,31.0,2025-06-11 17:43
21769,146,12,5.5,2025-06-19 07:55
21770,192,25,25.5,2025-03-28 13:45
21771,1078,24,15.0,2025-10-20 22:56
21772,2000,2,31.5,2025-09-13 05:55
21773,1686,2,15.0,2025-08-30 11:28
21774,2016,6,5.5,2025-08-05 22:12
21775,2318,23,24.0,2025-02-24 04:17
21776,2357,10,20.5,2025-05-13 21:20
21777,2008,1,13.0,2025-11-06 16:47
21778,658,21,12.0,2025-07-14 09:30
21779,1993,10,14.0,2025-03-08 00:29
21780,1435,25,19.5,2025-10-24 01:58
21781,50,20,12.0,2025-11-21 03:37
21782,1388,7,4.5,2025-08-21 10:38
21783,626,24,25.5,2025-11-02 22:32
21784,192,23,28.5,2025-05-16 05:35
21785,1791,10,25.0,2025-06-05 20:20
21786,82,24,15.0,2024-12-26 12:57
21787,1632,14,29.5,2025-07-08 17:15
21788,1233,2,14.0,2025-05-20 12:17
21789,2099,21,5.5,2025-02-22 20:31
21790,522,6,17.5,2025-05-15 10:34
21791,1344,16,19.5,2025-10-19 22:00
21792,1992,24,21.5,2025-10-16 16:33
21793,2074,26,25.0,2025-07-16 19:58
21794,1340,7,6.5,2025-05-03 19:15
21795,2234,16,19.5,2025-01-31 07:02
21796,393,14,16.0,2025-09-20 02:19
21797,1129,10,23.0,2025-09-29 08:38
21798,1889,6,31.0,2025-11-26 00:27
21799,1522,13,32.5,2025-01-22 16:06
21800,1946,12,26.5,2025-10-12 15:57
21801,1695,24,36.5,2025-02-06 14:45
21802,571,8,33.0,2024-12-20 18:07
21803,1282,7,16.0,2024-12-28 10:50
21804,2179,17,5.0,2025-02-21 02:08
21805,1957,15,21.5,2024-12-10 05:03
21806,2041,22,24.5,2025-10-29 00:42
21807,1526,23,4.5,2025-05-08 20:50
21808,1441,15,31.5,2025-11-27 00:09
21809,943,1,37.0,2025-04-04 23:04
21810,2457,22,20.0,2025-09-11 09:07
21811,757,10,16.5,2025-03-25 03:06
21812,28,27,11.5,2025-05-14 19:05
21813,2153,6,26.0,2025-05-29 01:11
21814,163,8,25.0,2025-10-02 01:49
21815,680,12,20.0,2025-02-04 18:53
21816,1385,27,12.0,2025-03-30 16:47
21817,2273,15,35.0,2025-06-05 08:38
21818,512,16,31.5,2025-02-13 22:02
21819,1368,26,15.0,2025-10-29 22:12
21820,1171,16,4.5,2025-07-07 16:28
21821,1566,9,15.0,2025-10-27 10:12
21822,649,6,17.5,2025-08-19 00:04
21823,2196,17,9.5,2025-02-12 04:04
21824,1401,14,6.5,2025-03-10 21:00
21825,1123,6,28.5,2025-01-13 09:29
21826,1981,22,34.0,2025-02-10 06:11
21827,952,8,30.5,2025-08-15 06:08
21828,1347,14,4.5,2025-01-07 05:17
21829,1245,25,5.0,2025-08-31 15:07
21830,1797,15,14.5,2025-06-11 15:42
21831,1791,7,25.0,2024-12-26 21:46
21832,1221,12,5.5,2025-06-02 12:23
21833,1600,27,11.5,2025-02-12 21:22
21834,150,21,5.5,2025-07-26 18:49
21835,1334,23,20.0,2025-10-29 20:08
21836,558,12,15.0,2024-12-22 19:46
21837,446,13,40.0,2024-12-23 07:58
21838,1947,21,5.5,2025-11-28 04:01
21839,1951,9,15.0,2025-03-23 03:13
21840,2001,13,36.0,2025-04-24 14:15
21841,440,12,30.5,2025-03-15 08:15
21842,978,1,30.0,2025-05-21 07:24
21843,1126,19,6.5,2025-05-06 06:47
21844,2105,5,6.5,2024-12-14 23:30
21845,2201,25,21.0,2025-04-04 16:56
21846,684,16,6.5,2025-10-21 09:51
21847,1733,7,9.5,2025-01-30 09:21
21848,1203,26,5.0,2025-07-14 17:37
21849,1684,15,9.5,2025-03-25 20:17
21850,1502,25,4.5,2025-03-24 08:14
21851,1966,23,19.5,2025-04-27 07:48
21852,186,2,28.5,2025-04-30 14:35
21853,1456,22,29.0,2025-09-04 12:37
21854,2500,20,30.0,2025-07-17 14:31
21855,2033,9,20.0,2025-10-16 01:16
21856,2224,7,11.0,2025-09-23 00:02
21857,437,23,17.5,2025-02-11 12:13
21858,19,16,11.0,2025-01-21 13:12
21859,623,6,19.0,2025-05-02 11:51
21860,1946,14,16.0,2025-09-12 05:55
21861,1991,7,13.0,2025-04-30 13:09
21862,1416,27,10.0,2025-07-30 21:34
21863,749,6,25.0,2025-03-25 12:10
21864,2219,16,33.0,2025-02-22 20:45
21865,2488,1,25.0,2025-07-21 22:03
21866,2445,8,17.5,2025-08-30 16:02
21867,1494,13,6.5,2025-09-26 10:13
21868,582,8,11.5,2025-04-24 05:11
21869,996,10,16.0,2025-05-17 15:07
21870,1894,3,14.5,2025-04-27 18:07
21871,392,17,20.5,2025-08-20 18:13
21872,1349,14,5.0,2025-05-05 10:59
21873,973,11,23.0,2025-02-26 01:06
21874,31,6,29.0,2025-08-11 19:41
21875,2341,15,5.0,2025-08-14 00:30
21876,535,15,17.5,2025-07-25 20:09
21877,2,20,22.5,2025-10-30 09:57
21878,1882,5,18.5,2025-05-10 08:17
21879,1848,24,11.5,2025-11-14 12:24
21880,592,16,24.0,2025-10-28 16:04
21881,2444,20,19.5,2025-05-20 21:29
21882,434,3,27.0,2025-06-11 17:07
21883,1354,4,6.5,2025-01-14 08:34
21884,1580,15,25.5,2025-03-20 21:22
21885,2003,16,30.0,2025-11-15 13:43
21886,636,9,15.5,2025-09-16 15:28
21887,490,15,9.5,2025-09-23 15:57
21888,68,6,5.0,2025-03-28 15:33
21889,2146,7,18.0,2025-08-21 09:41
21890,74,5,9.5,2025-08-31 21:56
21891,1312,18,11.5,2025-06-11 14:29
21892,898,8,22.5,2025-02-13 15:54
21893,461,17,4.5,2025-11-21 19:31
21894,1757,15,5.0,2025-04-04 00:58
21895,2121,9,17.0,2025-09-25 03:08
21896,1604,17,10.0,2025-04-29 23:04
21897,18,22,29.0,2025-11-30 17:45
21898,326,17,22.5,2025-01-06 21:01
21899,2080,4,9.5,2025-06-13 15:18
21900,781,18,23.0,2025-08-10 02:27
21901,122,27,19.5,2025-10-31 17:48
21902,2469,6,13.0,2025-11-29 21:23
21903,1027,3,9.5,2025-02-17 15:51
21904,1068,22,9.5,2025-11-08 01:16
21905,2114,22,34.0,2025-05-27 14:52
21906,2059,8,38.5,2025-03-23 19:33
21907,2472,14,9.5,2025-11-25 21:16
21908,824,17,5.0,2025-10-18 13:04
21909,1297,19,34.5,2025-06-22 16:07
21910,2483,2,16.0,2025-12-04 23:15
21911,69,19,41.5,2025-04-16 02:49
21912,69,12,14.5,2025-02-04 21:28
21913,1364,27,16.5,2025-09-25 16:00
21914,1385,25,19.0,2025-09-09 04:49
21915,2244,9,16.0,2025-05-07 06:36
21916,1458,21,10.0,2025-06-21 00:24
21917,529,26,16.5,2025-11-02 05:06
21918,54,13,28.0,2025-11-16 19:44
21919,745,5,6.5,2025-10-12 00:51
21920,841,23,9.5,2025-08-22 15:05
21921,1043,9,6.5,2025-03-28 06:55
21922,953,2,11.0,2025-07-03 20:29
21923,447,12,29.5,2025-04-20 23:54
21924,1754,24,5.5,2025-02-26 15:19
21925,372,14,25.5,2025-07-07 08:06
21926,1206,11,15.0,2025-09-04 04:40
21927,1708,24,15.5,2025-10-14 03:49
21928,326,25,12.0,2025-05-29 08:07
21929,1450,25,20.5,2025-01-27 15:40
21930,1258,21,36.0,2025-09-14 07:29
21931,2092,10,12.0,2024-12-18 01:21
21932,1507,27,27.0,2024-12-17 04:21
21933,886,25,6.5,2025-10-13 00:22
21934,2357,23,22.5,2025-05-01 08:45
21935,682,1,36.5,2024-12-19 00:05
21936,278,6,14.0,2025-10-17 20:27
21937,1399,21,16.0,2025-12-06 20:24
21938,433,2,6.5,2025-10-03 02:34
21939,2335,11,16.5,2025-11-12 15:25
21940,1631,24,5.0,2025-11-19 00:19
21941,1750,12,20.5,2025-09-25 13:23
21942,2374,26,5.5,2025-10-25 03:55
21943,256,23,4.5,2024-12-31 08:25
21944,1921,17,6.5,2025-10-15 05:07
21945,358,16,14.5,2025-10-01 06:07
21946,2376,26,36.5,2025-01-31 12:30
21947,538,15,18.0,2025-06-09 06:25
21948,1285,4,21.5,2025-10-26 14:32
21949,1611,12,14.5,2025-03-02 06:19
21950,1213,6,16.0,2025-08-30 18:03
21951,1372,14,6.5,2025-09-13 22:57
21952,333,22,38.5,2025-05-21 07:17
21953,2051,22,28.5,2025-01-28 02:08
21954,1361,14,28.0,2025-08-03 13:19
21955,2017,17,29.5,2025-05-16 19:46
21956,465,6,9.0,2025-02-03 02:11
21957,1814,20,12.0,2025-01-01 14:14
21958,359,11,10.0,2025-06-18 12:59
21959,844,27,11.0,2025-01-19 21:46
21960,1349,7,9.0,2025-06-28 02:22
21961,792,15,33.5,2025-07-12 13:03
21962,1983,12,11.5,2025-02-17 13:31
21963,2487,16,17.5,2024-12-14 09:59
21964,2148,17,4.5,2025-05-05 17:49
21965,1463,19,19.0,2024-12-16 10:13
21966,1555,21,31.0,2025-04-07 23:11
21967,160,16,37.5,2024-12-23 16:06
21968,161,10,23.0,2025-11-05 04:34
21969,1212,12,15.0,2025-06-21 17:42
21970,92,23,4.5,2025-12-05 14:02
21971,2273,6,5.0,2025-06-10 22:51
21972,968,3,13.5,2025-10-07 17:01
21973,1805,1,35.5,2025-06-17 11:39
21974,138,4,5.0,2025-01-22 13:51
21975,1656,19,4.5,2025-06-05 01:47
21976,849,12,17.5,2024-12-21 02:47
21977,1178,15,26.5,2025-06-06 02:21
21978,1783,11,28.0,2025-01-07 07:25
21979,266,10,11.0,2025-04-05 22:12
21980,897,19,17.5,2025-04-12 17:00
21981,1801,3,14.0,2025-11-30 04:47
21982,1430,16,24.0,2025-08-22 09:47
21983,2310,20,31.5,2025-02-22 08:02
21984,1710,9,31.5,2025-11-28 21:28
21985,1439,23,16.0,2024-12-14 09:19
21986,712,10,21.0,2025-06-29 07:33
21987,144,21,27.0,2025-03-05 08:27
21988,1777,2,6.5,2025-04-02 16:54
21989,2311,15,4.5,2025-10-01 18:33
21990,973,7,20.0,2025-03-07 12:09
21991,2126,11,11.5,2025-06-01 17:35
21992,2012,21,10.5,2025-08-13 09:33
21993,964,18,19.0,2025-10-01 16:05
21994,69,10,31.0,2025-06-01 06:35
21995,1800,21,4.5,2025-06-28 03:53
21996,846,14,24.5,2025-11-14 22:00
21997,466,27,32.5,2025-06-24 06:57
21998,858,5,4.5,2025-11-16 05:57
21999,1472,21,15.0,2025-11-04 12:38
22000,2418,16,6.5,2025-03-06 05:00
22001,1884,10,14.0,2025-07-13 12:48
22002,1972,20,10.0,2025-07-18 02:00
22003,2456,15,12.0,2025-08-06 20:40
22004,2036,15,23.5,2025-09-19 19:00
22005,1709,25,23.5,2025-09-15 13:03
22006,934,22,19.0,2025-06-21 10:39
22007,1556,7,16.0,2025-07-19 05:20
22008,1632,17,21.0,2025-03-02 23:57
22009,445,11,14.5,2025-11-13 06:14
22010,366,25,19.5,2025-07-14 14:56
22011,1924,25,24.5,2024-12-15 06:54
22012,1559,11,4.5,2025-10-23 16:44
22013,2128,18,18.5,2024-12-24 10:58
22014,328,21,19.0,2025-05-18 03:47
22015,1453,17,18.5,2025-04-08 07:31
22016,1172,14,9.5,2025-11-03 13:38
22017,998,8,9.5,2025-06-28 03:26
22018,1572,24,16.0,2025-07-23 01:16
22019,422,11,22.0,2025-02-15 03:33
22020,32,5,17.5,2025-09-06 04:57
22021,1430,27,19.0,2025-02-04 02:32
22022,1144,22,5.5,2025-04-18 02:02
22023,1274,19,14.0,2025-08-03 11:02
22024,785,12,9.5,2025-04-29 18:17
22025,2393,17,13.0,2025-02-12 11:46
22026,2238,22,27.0,2025-08-05 07:01
22027,2273,11,5.0,2025-07-14 23:31
22028,2136,6,35.0,2025-05-15 03:43
22029,809,26,16.0,2025-07-31 07:49
22030,1691,5,33.5,2025-06-27 21:57
22031,2031,24,6.5,2025-07-12 01:05
22032,1967,16,25.5,2025-10-16 23:30
22033,292,19,20.5,2025-04-20 06:32
22034,1300,20,16.0,2024-12-13 01:23
22035,1318,23,11.0,2025-01-07 13:22
22036,1042,14,10.5,2025-10-10 06:38
22037,320,19,24.5,2025-02-05 10:33
22038,2426,2,20.0,2025-08-01 20:42
22039,675,11,30.5,2025-03-16 13:03
22040,1863,18,30.5,2025-02-18 09:07
22041,2166,23,4.5,2025-08-19 22:13
22042,1674,2,6.5,2025-06-09 06:00
22043,644,19,35.0,2025-10-10 20:10
22044,1044,8,15.5,2025-02-03 15:45
22045,99,23,16.0,2025-09-26 12:44
22046,826,6,31.0,2025-07-31 14:09
22047,1619,23,19.5,2025-01-30 07:15
22048,1024,24,14.5,2025-02-26 02:37
22049,998,6,24.5,2025-06-22 07:20
22050,2342,5,29.5,2025-09-06 11:59
22051,1792,23,12.0,2025-08-19 17:27
22052,907,7,25.0,2025-09-01 20:16
22053,1264,2,35.5,2025-06-30 21:43
22054,1456,27,28.0,2025-06-21 10:55
22055,2112,1,14.0,2025-08-07 16:20
22056,176,25,32.0,2025-03-06 15:19
22057,1092,16,24.0,2025-10-07 08:36
22058,2431,2,33.5,2025-10-02 15:45
22059,1700,5,24.5,2025-05-21 22:21
22060,2317,13,16.5,2024-12-19 19:37
22061,435,3,22.5,2025-01-05 21:54
22062,2111,17,20.0,2025-11-17 00:16
22063,1198,18,5.5,2025-04-17 05:44
22064,1962,19,23.5,2025-05-30 21:45
22065,495,2,23.5,2025-03-02 14:01
22066,2345,27,24.0,2025-10-14 23:06
22067,1897,17,26.5,2025-10-20 02:33
22068,1436,6,24.5,2025-07-17 23:59
22069,1143,4,29.0,2025-06-27 19:33
22070,2409,27,20.0,2025-05-29 20:39
22071,2,16,29.0,2025-01-03 16:20
22072,1167,2,35.5,2025-07-16 16:02
22073,972,26,22.5,2024-12-11 12:11
22074,1759,5,35.0,2025-02-18 00:18
22075,682,6,11.5,2025-07-10 17:58
22076,2427,3,5.0,2025-02-07 19:12
22077,1115,14,14.5,2025-03-06 14:46
22078,1881,27,27.0,2025-07-08 06:50
22079,451,19,9.5,2025-08-15 14:28
22080,1717,18,23.0,2025-11-29 09:55
22081,2311,20,32.5,2024-12-16 02:27
22082,134,9,17.0,2025-01-25 00:46
22083,649,25,26.0,2025-07-03 07:27
22084,147,9,33.0,2025-01-14 06:08
22085,184,24,19.5,2025-01-07 21:58
22086,919,13,5.5,2025-09-19 01:41
22087,317,21,25.5,2025-02-03 17:53
22088,1951,25,6.5,2025-02-10 16:42
22089,1801,4,29.5,2025-10-17 01:06
22090,1194,13,27.5,2025-07-04 17:50
22091,499,5,11.0,2025-06-05 16:43
22092,1336,25,11.5,2025-04-03 01:24
22093,1119,18,21.5,2025-01-14 02:49
22094,1225,11,32.5,2025-12-05 18:00
22095,2090,9,14.5,2024-12-25 20:57
22096,1306,14,16.0,2024-12-09 09:27
22097,3,16,6.5,2024-12-18 07:23
22098,1153,17,36.0,2025-08-31 02:32
22099,640,4,20.0,2025-03-05 21:37
22100,714,6,19.5,2024-12-08 16:07
22101,431,7,26.0,2025-01-07 21:13
22102,2024,2,16.5,2025-11-03 09:55
22103,1219,19,15.5,2025-11-16 18:40
22104,847,15,25.5,2025-09-28 04:51
22105,1732,22,6.5,2025-06-18 18:31
22106,1214,7,21.0,2025-08-10 10:24
22107,2083,22,32.5,2025-04-21 18:23
22108,521,21,9.5,2025-03-29 20:44
22109,1450,13,35.0,2025-11-14 17:23
22110,1922,23,19.5,2025-07-11 21:35
22111,1141,4,5.5,2025-11-10 14:32
22112,2144,18,17.5,2025-05-27 00:19
22113,365,16,14.5,2025-07-18 16:34
22114,2346,13,5.5,2025-04-16 10:25
22115,702,22,24.5,2025-03-28 23:57
22116,2402,17,26.5,2025-03-17 01:10
22117,866,10,6.5,2024-12-08 19:09
22118,348,23,12.0,2025-02-23 01:29
22119,2333,12,19.0,2025-11-25 13:02
22120,1262,24,21.0,2025-06-19 18:04
22121,1369,19,11.5,2025-03-02 18:42
22122,306,6,27.0,2025-06-11 14:17
22123,2076,26,27.5,2025-09-28 10:19
22124,1728,17,34.0,2025-11-25 08:35
22125,1082,1,20.0,2025-11-08 16:51
22126,1205,2,15.0,2025-06-10 18:32
22127,1570,20,23.5,2025-07-20 19:34
22128,2422,24,16.0,2025-05-21 22:02
22129,1004,8,19.0,2025-09-01 02:40
22130,1403,25,29.5,2025-05-11 04:19
22131,1565,5,9.5,2025-02-01 00:47
22132,1491,27,5.5,2025-06-03 11:45
22133,2023,19,5.5,2025-06-07 14:40
22134,456,18,33.0,2025-08-27 06:58
22135,1595,5,6.5,2025-08-26 10:10
22136,194,17,25.0,2025-02-24 04:28
22137,1087,3,11.0,2025-10-18 10:04
22138,1569,18,19.5,2025-04-10 16:50
22139,946,26,11.5,2025-05-01 05:15
22140,2185,13,35.0,2025-09-23 21:06
22141,1325,11,33.0,2025-03-30 22:45
22142,511,24,30.5,2025-03-26 23:57
22143,1135,22,5.0,2025-05-04 08:34
22144,1144,7,14.0,2025-01-21 06:04
22145,2120,27,6.5,2024-12-11 04:16
22146,757,11,10.5,2025-09-17 05:24
22147,1527,16,5.0,2025-06-12 03:04
22148,1540,18,10.0,2025-09-06 01:45
22149,1006,3,21.0,2025-09-29 01:55
22150,2194,23,21.5,2025-02-10 00:01
22151,1267,12,25.0,2025-07-23 16:41
22152,1481,15,4.5,2025-03-22 14:42
22153,1002,18,32.5,2025-07-22 20:13
22154,2086,16,19.0,2025-11-06 21:30
22155,624,15,36.5,2025-06-27 13:09
22156,1800,23,12.0,2024-12-14 18:57
22157,980,21,11.0,2025-05-26 11:19
22158,1585,19,21.5,2025-02-22 15:01
22159,584,17,11.5,2025-10-08 16:42
22160,531,13,18.0,2025-11-30 21:49
22161,635,6,20.5,2025-10-15 23:01
22162,1093,19,15.0,2025-02-20 06:24
22163,1608,19,36.5,2025-05-28 02:14
22164,200,5,9.5,2025-04-25 09:35
22165,2023,10,30.5,2025-06-06 09:54
22166,522,16,4.5,2025-05-11 07:55
22167,149,7,16.0,2025-04-16 09:34
22168,1507,8,25.0,2025-09-11 23:25
22169,1089,6,25.5,2025-02-08 14:08
22170,1588,9,18.0,2024-12-14 04:33
22171,36,8,26.0,2025-06-09 04:56
22172,2320,6,24.0,2025-08-16 22:49
22173,2012,13,10.0,2025-03-25 07:58
22174,1875,9,10.0,2025-04-08 18:24
22175,338,8,24.5,2025-04-29 03:13
22176,192,15,24.5,2025-11-21 01:41
22177,333,12,9.5,2025-06-09 19:34
22178,2332,8,11.0,2024-12-13 10:14
22179,2156,27,31.0,2025-11-01 14:08
22180,506,6,5.0,2025-07-29 04:22
22181,2303,12,12.0,2025-06-23 04:51
22182,1638,17,6.5,2025-10-09 01:54
22183,2452,19,10.0,2025-02-08 09:19
22184,1646,26,29.5,2025-01-31 06:24
22185,2202,22,15.0,2025-01-03 20:30
22186,1481,26,15.0,2025-10-12 19:46
22187,1144,8,20.5,2025-08-16 01:58
22188,771,9,14.5,2025-08-08 09:35
22189,1580,2,28.5,2025-01-13 08:04
22190,818,17,34.5,2025-10-03 23:17
22191,1454,5,5.0,2025-07-17 06:31
22192,717,11,11.5,2025-05-30 21:39
22193,380,22,29.0,2025-06-21 15:25
22194,1883,8,16.0,2025-04-10 16:17
22195,2116,6,18.5,2025-05-20 14:38
22196,1462,16,5.0,2025-02-02 07:07
22197,1136,17,20.5,2025-07-13 18:58
22198,1536,10,36.5,2025-09-21 16:01
22199,235,15,21.0,2025-11-03 15:32
22200,2449,16,9.5,2025-04-21 03:32
22201,1965,3,4.5,2025-01-04 12:32
22202,1642,14,9.5,2024-12-09 22:15
22203,1347,24,4.5,2025-03-19 14:17
22204,1162,2,22.5,2025-06-04 03:15
22205,358,18,6.5,2025-02-22 08:57
22206,1787,1,6.5,2025-06-08 04:46
22207,999,1,33.0,2025-08-29 18:42
22208,898,6,14.5,2025-01-04 13:15
22209,1426,2,26.0,2025-03-15 08:23
22210,352,23,16.0,2025-02-21 14:55
22211,1479,19,33.0,2025-07-26 08:29
22212,870,7,5.5,2025-04-19 08:13
22213,1723,9,5.0,2025-07-24 17:12
22214,1055,14,14.0,2025-05-02 06:56
22215,585,22,20.0,2025-10-16 10:29
22216,1474,6,33.5,2025-03-31 15:09
22217,1999,8,24.5,2025-06-08 09:52
22218,573,18,19.0,2025-05-17 03:49
22219,2089,5,9.5,2025-02-10 15:53
22220,1322,13,6.5,2025-06-02 10:42
22221,1451,19,15.0,2025-01-06 10:48
22222,1040,16,15.5,2025-03-13 05:58
22223,599,23,25.5,2025-02-27 03:50
22224,150,13,17.0,2025-02-26 19:17
22225,205,2,15.5,2025-01-06 14:49
22226,1198,12,36.0,2025-02-14 10:46
22227,1679,14,23.5,2025-10-21 13:54
22228,2233,10,31.0,2025-06-17 22:38
22229,1601,6,32.5,2025-07-02 20:52
22230,782,7,4.5,2024-12-20 21:54
22231,2443,16,19.5,2025-08-31 08:01
22232,1474,27,38.5,2025-10-25 01:08
22233,538,14,10.0,2025-05-07 19:41
22234,1201,12,22.5,2025-03-31 16:34
22235,651,4,32.5,2025-02-26 05:41
22236,2390,21,6.5,2025-01-11 08:35
22237,1404,19,6.5,2025-02-04 12:11
22238,1654,17,25.0,2025-11-20 23:39
22239,721,23,14.5,2025-01-15 03:43
22240,992,18,11.0,2025-06-29 13:32
22241,1006,8,16.0,2025-11-01 19:06
22242,671,9,4.5,2025-08-12 02:48
22243,624,9,14.5,2025-03-11 10:57
22244,1408,23,18.0,2025-07-06 22:53
22245,1870,5,6.5,2025-08-16 00:12
22246,50,11,21.0,2025-10-31 07:06
22247,1428,26,6.5,2025-03-20 02:15
22248,1538,5,13.0,2025-08-26 07:31
22249,1374,22,29.5,2025-09-02 12:59
22250,445,11,34.5,2025-03-28 15:58
22251,1355,1,15.0,2025-09-18 13:26
22252,715,6,17.0,2024-12-27 02:17
22253,709,25,14.0,2024-12-24 21:26
22254,119,10,22.5,2025-06-12 23:42
22255,1284,23,26.5,2025-06-28 13:45
22256,265,2,15.5,2025-06-11 10:50
22257,1296,13,19.0,2025-05-08 14:45
22258,1122,9,19.5,2025-10-12 21:40
22259,1916,22,13.0,2024-12-25 11:01
22260,2074,17,24.5,2025-05-23 16:45
22261,166,8,34.0,2025-04-22 14:50
22262,2,21,19.0,2025-05-02 05:29
22263,596,16,23.5,2025-07-30 03:21
22264,2397,23,6.5,2025-11-25 13:23
22265,503,5,21.5,2025-07-31 18:04
22266,1255,3,14.5,2025-02-02 19:58
22267,968,19,25.5,2025-01-29 07:26
22268,1712,18,10.0,2025-08-14 17:34
22269,188,23,16.0,2025-08-09 10:53
22270,1702,19,16.0,2025-04-02 13:01
22271,1829,3,21.0,2025-10-25 02:47
22272,2286,4,6.5,2025-05-24 16:53
22273,930,15,24.0,2025-04-21 10:44
22274,1570,17,27.5,2025-10-16 02:04
22275,2118,10,16.5,2025-07-12 05:14
22276,2058,10,12.0,2025-01-24 10:11
22277,361,5,14.5,2025-08-12 15:21
22278,1846,16,15.5,2025-04-03 04:09
22279,2495,17,28.5,2024-12-10 00:50
22280,1998,2,10.5,2025-02-26 10:21
22281,1400,26,16.0,2025-09-04 18:58
22282,1421,11,24.5,2024-12-09 01:01
22283,1765,15,23.0,2025-09-10 04:30
22284,2183,1,16.0,2025-07-03 01:14
22285,1559,24,17.5,2025-02-23 17:19
22286,405,21,5.0,2025-09-27 13:06
22287,6,3,20.0,2025-06-08 23:40
22288,878,17,11.5,2024-12-21 08:29
22289,1970,12,9.5,2025-01-07 17:44
22290,1405,7,15.0,2025-05-31 09:04
22291,1997,4,11.5,2025-10-26 01:00
22292,1083,16,35.0,2025-06-11 06:03
22293,420,5,9.0,2024-12-21 18:20
22294,656,26,24.5,2025-11-14 07:23
22295,731,8,16.5,2025-06-22 03:08
22296,2046,10,10.5,2025-01-22 08:43
22297,644,10,4.5,2025-08-13 23:03
22298,1157,16,10.0,2025-09-24 00:12
22299,2428,2,14.5,2025-11-10 19:59
22300,466,8,20.5,2025-08-23 11:40
22301,1092,6,29.0,2025-01-16 19:20
22302,964,15,19.5,2025-08-28 06:20
22303,1239,14,27.5,2025-03-05 01:36
22304,2045,25,9.5,2025-03-27 22:22
22305,296,22,27.5,2025-05-26 19:40
22306,1665,19,10.5,2025-03-29 19:20
22307,541,2,24.5,2025-04-12 09:43
22308,489,15,20.0,2025-03-14 11:28
22309,186,25,5.0,2025-09-13 00:07
22310,790,12,6.5,2025-08-22 22:46
22311,1852,5,5.0,2025-01-22 15:55
22312,2240,3,28.0,2025-08-30 16:21
22313,1797,21,25.5,2025-10-14 01:49
22314,1418,26,10.5,2025-10-08 03:57
22315,2220,12,28.0,2025-08-16 01:34
22316,766,13,5.0,2025-02-09 07:24
22317,801,8,20.0,2025-02-10 03:16
22318,2213,10,5.5,2025-03-26 22:50
22319,937,25,15.5,2025-09-17 16:25
22320,1195,9,5.5,2025-03-17 23:14
22321,1015,3,9.5,2025-01-08 10:50
22322,1756,18,11.5,2025-02-03 15:14
22323,495,6,21.0,2025-10-17 08:17
22324,1882,5,11.0,2025-10-05 02:44
22325,562,2,5.5,2025-06-20 01:49
22326,446,14,4.5,2025-06-04 17:46
22327,169,5,15.0,2025-01-19 07:44
22328,1159,24,9.5,2025-03-24 05:54
22329,994,23,17.0,2025-03-24 23:12
22330,1969,24,9.5,2025-05-06 11:13
22331,1560,22,14.0,2025-08-07 02:43
22332,1298,18,34.5,2025-06-29 15:06
22333,1736,23,21.0,2025-11-13 04:54
22334,2320,24,14.0,2025-10-14 15:48
22335,60,26,28.5,2025-01-11 23:17
22336,297,17,10.5,2025-10-21 20:12
22337,1138,11,9.5,2025-06-19 17:24
22338,423,7,19.0,2025-03-10 14:24
22339,1093,3,34.5,2025-09-15 16:04
22340,113,24,6.5,2024-12-20 09:36
22341,352,19,11.5,2024-12-30 12:10
22342,826,9,31.5,2024-12-20 16:48
22343,2155,9,14.0,2025-01-04 04:19
22344,95,22,34.5,2025-10-19 23:17
22345,1463,20,17.5,2025-04-04 10:57
22346,3,16,29.0,2025-10-19 04:40
22347,861,10,11.0,2025-06-29 03:13
22348,2201,16,6.5,2025-03-27 02:52
22349,282,19,21.0,2025-07-05 01:26
22350,488,4,14.5,2025-04-16 21:00
22351,207,10,18.5,2025-06-27 07:15
22352,2234,17,14.5,2025-07-27 20:02
22353,1456,22,32.0,2025-12-01 03:57
22354,360,24,21.0,2025-04-13 01:25
22355,1249,22,17.0,2025-08-29 14:24
22356,421,17,33.5,2025-10-19 12:40
22357,1051,5,14.5,2025-02-05 00:32
22358,1144,1,26.0,2025-02-13 15:09
22359,12,17,6.5,2025-01-20 09:37
22360,770,15,5.5,2025-09-19 18:25
22361,1397,9,16.0,2025-09-18 18:26
22362,1966,7,24.5,2025-08-01 19:11
22363,1244,13,16.0,2025-09-27 06:24
22364,913,27,5.5,2025-08-16 15:08
22365,1251,22,21.0,2025-01-16 14:37
22366,405,18,10.0,2025-05-28 00:24
22367,2305,19,19.0,2025-02-05 04:47
22368,1311,22,9.5,2025-04-01 20:31
22369,771,4,13.0,2025-05-19 13:29
22370,104,14,5.5,2025-04-30 07:01
22371,2226,17,11.0,2025-03-04 15:41
22372,735,13,19.5,2025-12-03 21:59
22373,431,21,9.5,2025-08-25 14:32
22374,983,10,11.0,2025-02-14 10:01
22375,555,18,30.5,2025-12-01 06:48
22376,2440,6,24.5,2025-08-09 06:29
22377,1210,11,9.0,2025-02-10 16:03
22378,2424,25,26.0,2025-03-26 21:02
22379,2292,8,16.0,2025-05-07 09:00
22380,718,12,28.0,2025-04-11 03:38
22381,735,24,17.5,2025-05-21 14:45
22382,127,15,29.5,2025-11-24 09:37
22383,2108,13,15.0,2025-03-16 08:27
22384,1980,7,19.0,2025-09-16 16:27
22385,2059,4,25.0,2025-07-22 18:50
22386,1316,21,44.5,2025-01-04 22:42
22387,1478,21,25.5,2025-01-13 10:54
22388,2161,27,4.5,2025-10-15 20:31
22389,918,24,33.0,2024-12-09 15:23
22390,407,13,25.0,2025-09-19 20:33
22391,1461,23,20.0,2025-11-20 13:05
22392,2227,13,16.0,2025-09-14 15:27
22393,1693,18,26.0,2025-07-26 18:01
22394,2035,13,26.0,2025-07-04 21:46
22395,990,24,4.5,2025-06-21 15:11
22396,1642,22,28.5,2025-03-06 11:10
22397,1536,23,35.5,2025-10-29 05:54
22398,77,22,11.0,2025-12-02 04:35
22399,1060,25,6.5,2025-01-14 21:37
22400,319,7,21.5,2025-03-29 20:08
22401,273,19,16.5,2025-03-04 15:52
22402,1753,15,27.0,2025-05-22 08:51
22403,342,10,31.0,2025-02-18 20:21
22404,1138,16,16.0,2025-02-12 06:18
22405,198,15,29.0,2025-11-23 14:59
22406,2079,19,27.0,2025-04-03 03:59
22407,1815,3,28.0,2024-12-19 11:08
22408,1049,21,16.0,2025-01-08 23:24
22409,2431,24,21.5,2025-04-25 14:25
22410,2186,2,6.5,2025-10-14 18:32
22411,1704,2,5.5,2025-01-27 16:41
22412,1370,26,20.5,2025-05-14 07:29
22413,1712,11,9.5,2025-11-17 17:22
22414,281,25,9.0,2025-05-12 02:30
22415,1613,20,35.5,2025-11-06 07:14
22416,823,18,9.5,2025-10-22 07:49
22417,728,2,6.5,2025-03-20 01:40
22418,1628,22,9.5,2025-04-16 00:31
22419,1521,24,35.5,2025-01-13 04:15
22420,903,12,33.5,2025-09-14 21:15
22421,2092,27,15.5,2025-02-03 00:34
22422,2471,21,15.0,2025-03-13 22:18
22423,925,17,24.5,2025-09-29 18:50
22424,33,10,11.0,2025-02-20 09:12
22425,908,10,19.0,2025-09-08 23:48
22426,322,12,20.5,2025-07-21 17:59
22427,213,19,5.5,2025-03-28 21:25
22428,1934,15,19.0,2025-09-19 11:31
22429,1539,14,15.0,2025-02-25 00:10
22430,475,24,10.0,2025-05-27 16:14
22431,2459,4,24.0,2025-06-22 11:29
22432,1471,23,10.0,2025-01-23 13:45
22433,298,23,5.0,2025-06-24 08:57
22434,1729,10,20.5,2025-01-26 07:07
22435,2351,5,10.5,2025-01-06 01:49
22436,324,1,9.5,2025-06-20 13:22
22437,730,1,11.5,2025-04-29 02:57
22438,1262,19,5.0,2025-02-02 01:38
22439,882,12,27.5,2025-08-05 03:35
22440,1153,12,18.5,2025-10-17 00:31
22441,389,21,36.0,2025-05-22 15:24
22442,1373,23,14.0,2025-01-31 04:57
22443,1417,16,21.5,2025-02-19 22:41
22444,1738,5,15.0,2025-05-04 09:04
22445,1394,8,21.0,2025-10-03 22:21
22446,1143,7,24.0,2025-04-18 00:56
22447,1972,18,17.5,2025-06-12 18:01
22448,780,11,39.0,2024-12-09 18:20
22449,1126,24,15.0,2025-11-11 17:20
22450,651,1,23.0,2025-02-20 10:53
22451,1979,10,6.5,2025-05-16 19:35
22452,1455,6,23.0,2025-04-28 05:43
22453,181,15,20.0,2025-02-10 19:32
22454,2275,14,9.5,2024-12-11 06:58
22455,1633,12,10.0,2025-08-30 03:28
22456,356,8,26.0,2025-03-12 15:55
22457,1191,25,17.0,2024-12-29 06:11
22458,606,6,4.5,2025-11-06 16:38
22459,1412,19,25.0,2025-08-08 00:49
22460,1112,13,4.5,2025-09-23 14:51
22461,2348,2,27.0,2025-07-05 11:41
22462,801,11,11.5,2025-07-08 02:42
22463,264,6,4.5,2025-01-17 08:22
22464,732,5,26.0,2025-07-02 10:55
22465,2173,19,6.5,2025-07-09 10:48
22466,55,12,16.5,2025-03-04 01:18
22467,2367,5,5.5,2025-07-13 22:10
22468,257,2,14.0,2025-10-15 08:58
22469,2177,6,5.0,2025-01-15 17:13
22470,1117,10,17.0,2025-05-01 18:02
22471,2445,19,6.5,2024-12-12 05:33
22472,2011,26,14.0,2025-03-24 02:31
22473,52,3,30.5,2025-03-09 16:00
22474,1547,23,16.0,2025-01-22 14:19
22475,762,16,11.5,2025-03-22 13:35
22476,1224,27,15.0,2025-07-05 00:42
22477,61,9,15.0,2025-01-20 17:50
22478,745,12,20.0,2025-10-16 09:36
22479,2353,22,11.0,2025-04-19 12:47
22480,1065,13,24.5,2025-03-04 14:47
22481,546,10,11.0,2025-05-08 11:44
22482,496,2,17.0,2025-09-14 06:45
22483,1161,24,32.0,2024-12-13 13:43
22484,1059,20,9.5,2025-01-20 19:15
22485,1719,17,11.0,2025-01-03 00:52
22486,2304,3,11.0,2025-02-06 23:34
22487,1365,17,5.5,2025-02-22 12:07
22488,1027,27,4.5,2025-05-05 09:49
22489,1090,12,6.5,2025-03-23 04:39
22490,2243,6,17.5,2025-10-26 05:29
22491,1025,1,27.0,2025-05-09 16:31
22492,1039,23,19.5,2025-03-01 09:01
22493,1820,15,11.0,2025-05-23 11:23
22494,636,25,5.5,2025-08-23 13:35
22495,99,4,15.5,2025-03-15 23:55
22496,2375,17,5.5,2025-11-06 23:49
22497,290,22,9.5,2025-09-26 18:32
22498,1448,26,9.5,2025-09-16 15:13
22499,1449,22,9.5,2025-10-23 23:12
22500,1628,4,15.0,2025-08-26 02:40
22501,2232,27,25.5,2025-01-27 05:14
22502,233,18,24.0,2025-07-08 10:49
22503,1927,11,16.0,2025-09-06 20:10
22504,2416,10,4.5,2025-04-30 21:20
22505,1714,21,32.0,2025-07-20 04:52
22506,1177,9,10.0,2025-05-30 16:38
22507,189,20,6.5,2025-12-02 00:57
22508,2160,21,32.5,2025-03-01 02:12
22509,1494,10,27.0,2025-01-29 23:20
22510,883,18,29.5,2025-04-03 05:23
22511,752,12,10.5,2025-03-16 19:55
22512,2345,10,20.5,2025-11-11 23:11
22513,2451,26,26.0,2025-01-21 02:35
22514,2070,2,29.0,2025-10-28 08:54
22515,2387,22,13.0,2025-02-11 06:06
22516,1047,4,14.0,2025-09-22 00:48
22517,378,15,34.0,2025-08-29 12:01
22518,1133,12,23.5,2025-08-16 06:11
22519,1424,23,6.5,2025-05-23 15:26
22520,396,13,5.0,2024-12-24 06:04
22521,1676,16,23.5,2025-11-29 15:00
22522,1238,25,4.5,2025-06-06 04:38
22523,286,18,14.5,2025-01-15 01:09
22524,1726,26,23.5,2025-01-25 21:54
22525,219,20,11.0,2025-09-30 02:36
22526,468,15,10.5,2025-05-31 11:02
22527,1353,15,11.5,2025-03-14 19:12
22528,291,1,9.5,2025-08-16 11:25
22529,1898,25,26.0,2025-08-03 20:20
22530,674,7,4.5,2025-01-13 12:47
22531,1328,24,21.5,2025-05-21 06:51
22532,1203,18,24.5,2025-01-18 00:27
22533,384,18,27.0,2025-07-04 03:38
22534,664,13,25.5,2025-07-03 23:17
22535,1104,25,28.0,2025-10-01 18:43
22536,932,19,14.5,2025-03-01 03:07
22537,1573,27,31.5,2025-08-21 04:34
22538,304,1,26.0,2025-03-25 17:20
22539,946,1,19.0,2025-09-12 06:18
22540,842,3,37.5,2025-09-16 02:09
22541,478,17,14.0,2025-02-11 12:18
22542,737,19,9.5,2025-07-15 15:08
22543,1607,11,31.0,2025-05-20 06:06
22544,1334,8,6.5,2025-04-22 22:10
22545,185,12,32.0,2025-07-31 10:29
22546,413,17,14.0,2025-09-02 17:21
22547,1720,3,26.5,2025-09-13 20:34
22548,2164,9,4.5,2025-06-20 12:05
22549,786,9,10.0,2025-08-06 10:02
22550,731,14,14.5,2025-02-15 14:28
22551,839,14,11.0,2025-02-05 11:08
22552,17,3,9.5,2024-12-16 11:00
22553,2479,11,5.5,2024-12-17 19:08
22554,2042,17,32.0,2025-08-31 05:04
22555,490,7,14.0,2025-03-25 18:35
22556,1225,24,29.5,2025-07-01 11:06
22557,419,21,32.0,2025-02-27 01:50
22558,1224,16,24.0,2025-07-27 05:23
22559,1697,8,16.5,2025-04-07 19:43
22560,1022,15,4.5,2025-01-16 20:15
22561,1820,18,23.0,2025-05-24 05:05
22562,1688,11,4.5,2025-04-13 12:37
22563,1276,11,17.5,2025-09-28 00:00
22564,1433,4,5.5,2025-03-19 06:36
22565,1414,12,26.0,2025-11-23 14:13
22566,1647,3,16.5,2025-07-25 18:10
22567,2443,21,24.0,2025-09-26 10:15
22568,1160,11,28.5,2025-08-20 09:30
22569,1685,3,22.5,2025-11-16 17:42
22570,557,14,15.5,2025-07-23 13:36
22571,2434,8,4.5,2025-06-13 07:51
22572,1021,23,9.5,2025-01-21 11:49
22573,1430,10,30.5,2025-05-29 17:42
22574,2270,6,17.0,2025-06-19 03:51
22575,1721,22,17.5,2025-09-14 07:56
22576,2127,11,24.5,2025-02-01 20:13
22577,2485,15,10.0,2025-03-06 07:20
22578,1146,9,17.0,2025-08-17 01:29
22579,583,22,17.0,2025-07-14 19:56
22580,75,10,21.5,2025-10-07 23:28
22581,1447,6,28.0,2025-07-29 20:48
22582,2335,4,10.0,2025-03-04 16:58
22583,17,4,4.5,2025-06-15 10:51
22584,197,12,24.5,2024-12-30 10:04
22585,733,9,11.5,2025-05-21 19:33
22586,235,12,10.5,2025-03-23 22:57
22587,154,9,21.0,2025-09-12 11:24
22588,246,6,32.0,2024-12-30 06:24
22589,2389,22,21.5,2025-06-09 12:21
22590,216,7,9.5,2025-08-14 14:36
22591,1188,6,21.5,2025-06-30 21:33
22592,558,16,29.0,2025-09-21 06:15
22593,75,11,10.0,2025-07-26 18:28
22594,1203,12,17.0,2025-08-12 21:05
22595,2013,5,24.5,2025-02-16 23:52
22596,232,14,6.5,2025-09-15 19:29
22597,175,2,16.0,2024-12-08 01:25
22598,1748,13,26.5,2025-02-10 03:36
22599,556,7,19.0,2025-10-24 22:58
22600,1377,17,25.5,2025-08-10 12:40
22601,638,9,20.5,2025-09-06 12:16
22602,793,17,30.0,2024-12-21 07:04
22603,1012,9,6.5,2025-02-28 06:51
22604,1353,25,19.0,2025-11-12 05:34
22605,863,22,15.0,2025-10-01 21:48
22606,1889,27,17.0,2025-11-16 16:51
22607,1317,4,32.0,2025-05-28 06:19
22608,675,14,28.0,2025-06-11 23:16
22609,163,1,5.0,2024-12-23 01:31
22610,2041,26,33.0,2025-03-03 08:09
22611,2238,22,18.5,2025-04-03 07:02
22612,1856,11,5.0,2024-12-13 03:33
22613,1306,11,22.5,2025-03-26 16:22
22614,60,18,16.5,2025-03-02 21:24
22615,1068,7,5.5,2025-04-24 15:41
22616,2148,7,18.5,2025-08-27 07:44
22617,1565,1,14.5,2025-01-27 11:08
22618,423,26,39.5,2025-04-15 07:23
22619,469,24,28.5,2025-08-08 02:01
22620,1503,27,16.0,2025-09-24 02:37
22621,1279,12,10.5,2025-03-07 21:05
22622,845,3,23.5,2025-05-25 19:09
22623,999,16,13.0,2025-07-09 06:30
22624,1691,12,14.0,2025-03-29 01:17
22625,1886,8,9.5,2025-08-26 00:18
22626,1700,15,16.0,2025-03-10 01:18
22627,2261,21,27.5,2025-03-14 18:58
22628,222,7,26.5,2025-09-09 01:56
22629,1388,10,34.5,2025-01-13 02:55
22630,1084,27,32.0,2025-04-18 16:28
22631,589,7,28.5,2025-05-28 10:27
22632,2059,17,4.5,2025-09-04 21:57
22633,1929,4,20.0,2025-05-30 18:00
22634,2225,18,13.0,2025-11-09 04:10
22635,1063,18,28.5,2025-03-07 18:28
22636,598,19,6.5,2025-09-05 00:33
22637,1284,16,26.0,2025-04-17 21:59
22638,2015,12,34.5,2025-11-10 18:35
22639,827,27,24.5,2025-05-29 21:04
22640,1254,5,9.5,2025-02-13 15:30
22641,1154,15,12.0,2025-03-12 03:00
22642,221,14,4.5,2025-11-24 04:39
22643,1161,23,12.0,2025-08-19 18:37
22644,906,14,14.0,2024-12-23 17:31
22645,2421,24,5.5,2025-06-26 04:52
22646,1152,9,26.0,2025-05-27 17:03
22647,1099,12,17.5,2025-10-30 08:44
22648,1342,21,15.0,2025-11-06 22:46
22649,211,14,10.0,2025-04-30 12:40
22650,1086,9,4.5,2025-02-01 03:21
22651,1076,1,16.0,2025-03-19 09:53
22652,178,5,17.5,2025-11-08 03:45
22653,667,10,35.5,2025-11-19 19:40
22654,570,19,21.0,2025-11-26 07:27
22655,1175,11,14.0,2025-06-21 22:14
22656,1302,14,18.5,2025-07-02 13:39
22657,270,13,9.5,2025-11-01 22:59
22658,555,14,20.0,2025-04-07 18:11
22659,1337,27,15.5,2025-02-11 04:22
22660,780,2,5.5,2025-07-31 07:10
22661,1136,1,21.5,2025-12-06 21:01
22662,2063,15,20.5,2025-04-04 02:24
22663,1118,18,26.0,2025-06-23 07:39
22664,1266,18,9.5,2025-09-10 15:29
22665,1472,5,26.0,2025-02-25 19:05
22666,3,14,10.5,2025-03-03 18:58
22667,59,11,5.5,2025-09-28 12:32
22668,1686,8,24.5,2024-12-07 01:37
22669,100,5,33.0,2025-01-13 12:17
22670,850,4,25.5,2025-05-20 00:11
22671,1100,13,19.0,2025-02-06 18:40
22672,1472,7,19.0,2025-01-26 06:20
22673,1473,18,12.0,2025-01-17 17:07
22674,2351,10,27.5,2025-12-03 00:31
22675,2164,15,20.0,2025-04-07 10:49
22676,2353,20,18.0,2025-07-18 18:59
22677,1595,5,5.5,2024-12-18 00:51
22678,2367,8,24.5,2025-06-11 08:56
22679,107,7,21.0,2025-07-27 15:23
22680,801,13,21.5,2025-08-22 17:42
22681,1469,12,15.5,2025-06-05 04:27
22682,2498,19,29.0,2025-02-16 11:58
22683,609,15,25.0,2025-04-07 12:23
22684,1972,13,27.0,2025-08-15 21:21
22685,668,4,14.5,2024-12-12 22:05
22686,1058,1,31.5,2025-09-01 01:12
22687,2411,12,5.0,2025-08-22 06:01
22688,921,12,10.0,2025-05-14 04:25
22689,1040,23,14.5,2025-02-17 01:35
22690,808,8,9.5,2025-08-23 11:40
22691,1782,4,5.5,2025-10-26 18:51
22692,1061,7,28.5,2025-06-15 07:04
22693,1182,5,25.0,2025-08-08 00:12
22694,2341,7,10.0,2025-03-05 10:57
22695,384,6,27.0,2025-04-25 19:05
22696,374,12,15.0,2025-06-04 17:43
22697,1804,25,31.0,2025-05-14 20:32
22698,2350,23,9.5,2025-11-26 23:50
22699,1223,25,34.0,2025-02-13 14:54
22700,1069,17,27.5,2025-05-01 12:34
22701,1414,14,23.5,2025-07-25 16:29
22702,1110,17,4.5,2025-04-04 09:35
22703,1020,27,6.5,2025-02-06 14:50
22704,803,15,22.5,2025-04-29 02:10
22705,455,16,25.5,2025-05-12 03:48
22706,1162,1,25.0,2025-06-05 00:04
22707,227,13,35.5,2025-04-04 21:15
22708,932,24,24.5,2025-01-10 12:50
22709,288,17,25.0,2025-10-29 07:23
22710,2161,11,35.0,2025-11-14 15:19
22711,816,25,35.5,2025-10-24 07:38
22712,2162,16,4.5,2025-11-02 18:20
22713,2428,24,6.5,2025-07-30 10:42
22714,1259,15,6.5,2025-10-17 15:55
22715,663,1,21.0,2025-03-01 01:27
22716,1252,26,11.5,2025-04-11 15:00
22717,2097,8,9.5,2024-12-24 14:48
22718,1248,4,11.5,2025-12-02 21:00
22719,1020,2,30.5,2025-03-30 04:50
22720,2094,23,13.0,2025-05-13 23:50
22721,1164,10,9.5,2025-10-30 21:19
22722,350,17,31.0,2025-10-06 03:18
22723,931,1,32.0,2025-07-12 18:38
22724,884,10,33.5,2024-12-17 19:57
22725,1042,14,15.5,2025-08-22 16:34
22726,107,1,5.5,2025-09-30 06:53
22727,614,13,29.5,2025-04-28 07:35
22728,1347,22,10.0,2025-05-04 10:41
22729,380,13,30.5,2025-11-13 06:53
22730,19,7,15.5,2025-03-05 16:33
22731,827,13,15.0,2024-12-31 08:37
22732,71,25,31.0,2025-01-25 15:37
22733,2422,14,15.0,2024-12-21 14:05
22734,2154,14,20.5,2025-07-28 08:07
22735,637,2,5.5,2025-02-01 03:11
22736,1302,17,21.5,2025-09-14 00:32
22737,1312,9,14.0,2025-07-27 03:43
22738,1194,13,28.0,2025-11-15 21:07
22739,1243,11,25.5,2025-05-05 14:21
22740,2411,19,21.5,2025-08-24 06:33
22741,1141,14,19.0,2025-02-04 23:28
22742,1636,25,28.0,2025-02-08 20:49
22743,2209,15,20.5,2025-11-09 02:17
22744,597,5,16.0,2024-12-18 10:38
22745,2392,23,20.5,2025-04-05 14:22
22746,842,26,6.5,2025-04-15 13:58
22747,343,25,6.5,2025-05-05 07:16
22748,1520,11,11.5,2025-02-17 01:01
22749,1343,10,31.0,2025-09-20 04:11
22750,615,9,23.5,2025-09-03 00:26
22751,1991,26,23.0,2025-07-13 11:45
22752,1713,2,31.0,2025-10-06 00:01
22753,1917,15,32.0,2025-10-20 10:05
22754,527,24,11.0,2025-05-04 11:53
22755,2230,6,10.0,2024-12-14 10:23
22756,1406,20,30.5,2025-01-26 01:52
22757,2161,21,32.0,2025-07-28 13:07
22758,1754,26,31.5,2025-02-27 12:48
22759,576,13,4.5,2025-11-11 05:22
22760,693,8,10.5,2025-07-01 16:01
22761,2080,3,38.5,2025-02-23 03:59
22762,2139,26,9.5,2025-02-13 12:16
22763,337,8,33.0,2025-01-04 08:57
22764,2460,27,19.0,2025-09-17 11:49
22765,140,9,24.5,2025-08-08 15:22
22766,87,23,17.0,2024-12-25 07:52
22767,2223,14,16.0,2025-03-09 17:40
22768,81,5,18.5,2025-04-17 10:08
22769,2232,27,26.0,2025-10-24 06:01
22770,957,20,12.0,2025-11-08 05:39
22771,2432,7,16.0,2025-07-02 18:38
22772,55,26,20.0,2025-09-13 10:02
22773,1339,24,27.5,2025-07-11 20:42
22774,1564,12,17.0,2025-01-22 09:28
22775,668,19,16.5,2025-07-27 18:48
22776,822,16,5.0,2025-03-01 03:31
22777,1852,14,14.0,2025-09-09 18:07
22778,620,27,15.5,2025-09-01 13:55
22779,1275,27,9.5,2025-11-05 14:39
22780,2073,8,16.5,2025-08-05 19:22
22781,2003,27,35.5,2025-08-20 18:32
22782,351,9,19.5,2025-07-11 01:29
22783,1035,13,5.5,2025-09-12 09:09
22784,140,20,22.0,2025-03-13 03:41
22785,1144,14,10.0,2025-03-01 00:52
22786,1620,7,5.5,2025-01-18 15:34
22787,1738,27,33.5,2025-09-15 19:04
22788,629,24,16.5,2025-02-26 09:17
22789,1497,12,24.0,2025-02-05 06:05
22790,1538,5,25.5,2025-09-26 01:23
22791,1102,7,14.0,2025-03-17 08:45
22792,51,24,24.5,2025-04-14 14:57
22793,2368,25,25.5,2025-11-14 05:12
22794,1517,14,21.0,2025-06-29 15:34
22795,136,4,25.0,2025-10-09 17:48
22796,1389,10,25.0,2025-01-13 06:05
22797,1362,5,19.0,2025-07-03 21:06
22798,108,8,20.5,2025-04-16 16:01
22799,669,22,21.0,2025-10-20 21:08
22800,477,8,15.5,2025-03-26 14:11
22801,1004,10,14.0,2025-08-22 03:25
22802,1353,27,30.5,2025-06-19 12:31
22803,2393,6,17.0,2025-03-18 23:19
22804,828,8,32.5,2025-05-16 07:43
22805,1580,27,23.0,2025-08-23 00:49
22806,1435,11,23.0,2025-01-25 00:47
22807,276,26,5.5,2025-02-05 16:46
22808,1000,9,24.0,2025-06-03 22:07
22809,1883,23,19.0,2025-02-12 00:20
22810,555,15,26.5,2025-01-03 10:37
22811,353,19,32.0,2025-02-16 08:54
22812,2149,13,31.0,2025-07-08 04:15
22813,1601,11,34.5,2025-03-06 01:46
22814,975,2,4.5,2025-02-20 12:12
22815,2360,22,10.5,2024-12-21 01:52
22816,2442,5,14.5,2025-03-25 12:03
22817,1909,13,32.5,2024-12-22 13:32
22818,1981,5,14.0,2025-01-26 04:36
22819,1756,26,30.5,2025-11-20 07:38
22820,787,20,35.0,2025-11-19 12:13
22821,325,21,40.0,2025-08-01 14:13
22822,751,19,33.5,2025-08-26 16:50
22823,2223,2,35.5,2025-08-25 05:09
22824,2011,25,10.5,2025-01-01 11:41
22825,1242,19,11.0,2025-08-27 13:29
22826,538,16,30.5,2025-04-16 14:04
22827,1628,3,10.5,2025-07-07 07:57
22828,748,25,16.0,2025-07-09 08:58
22829,424,10,9.5,2025-06-16 00:47
22830,383,6,20.0,2025-10-21 19:42
22831,658,4,31.5,2025-08-31 06:02
22832,778,19,21.0,2025-05-11 08:58
22833,2370,5,25.0,2025-04-22 20:10
22834,1802,16,23.5,2024-12-08 13:12
22835,748,22,5.0,2025-02-23 03:14
22836,1901,5,11.5,2025-12-02 03:46
22837,1935,12,40.5,2025-03-09 11:30
22838,1072,5,24.5,2025-11-30 08:14
22839,2243,14,4.5,2025-09-18 17:11
22840,2063,4,22.5,2024-12-07 20:30
22841,1026,11,15.0,2025-03-18 23:05
22842,2038,22,23.0,2025-06-12 07:03
22843,2265,12,6.5,2025-03-31 09:53
22844,1204,2,4.5,2025-09-03 13:51
22845,1073,4,4.5,2024-12-08 19:04
22846,2481,22,9.5,2025-07-01 22:58
22847,2479,16,21.0,2025-06-07 15:46
22848,118,2,11.0,2025-04-24 10:30
22849,355,16,4.5,2025-04-04 18:01
22850,334,13,17.5,2025-04-29 05:38
22851,705,20,5.0,2025-11-27 02:30
22852,508,10,17.5,2024-12-25 14:24
22853,554,6,25.0,2025-06-17 21:37
22854,1658,8,19.5,2024-12-20 17:25
22855,1521,9,11.5,2025-10-26 08:52
22856,2143,11,30.0,2025-04-10 12:29
22857,604,8,22.5,2025-04-20 22:58
22858,2091,22,30.0,2025-08-03 04:16
22859,2253,9,23.0,2025-11-15 21:01
22860,668,10,18.5,2025-10-30 21:43
22861,1208,16,32.0,2025-06-18 21:14
22862,1759,17,19.0,2024-12-30 04:22
22863,1518,6,35.5,2025-08-02 08:59
22864,79,8,5.5,2025-12-03 21:48
22865,1588,5,16.0,2025-08-26 09:20
22866,286,1,6.5,2025-02-24 16:40
22867,2412,21,17.5,2025-11-24 22:39
22868,1652,11,14.0,2025-07-19 14:04
22869,1234,12,20.5,2025-05-13 23:37
22870,1887,14,42.5,2025-02-15 23:47
22871,1988,16,30.0,2025-08-13 06:29
22872,1353,12,17.0,2025-05-08 22:50
22873,1677,27,27.5,2025-04-01 07:59
22874,270,20,6.5,2025-04-29 05:11
22875,1676,8,20.0,2025-07-07 11:39
22876,1673,10,16.0,2025-09-24 03:16
22877,1507,4,27.0,2025-02-15 23:34
22878,1408,3,27.0,2025-11-19 22:59
22879,1986,11,24.5,2025-12-04 08:14
22880,281,23,31.0,2025-03-19 22:43
22881,1764,18,16.0,2025-06-29 18:11
22882,899,16,16.5,2025-05-20 11:47
22883,998,16,24.5,2024-12-17 21:28
22884,2358,5,20.5,2025-07-11 16:08
22885,2197,7,31.5,2025-11-07 00:04
22886,1089,20,6.5,2025-08-09 13:05
22887,929,18,16.5,2025-01-13 18:09
22888,2137,13,6.5,2025-02-14 01:32
22889,1611,7,9.5,2025-09-12 10:50
22890,1381,14,9.5,2025-01-12 05:17
22891,1236,14,31.5,2025-02-20 09:44
22892,2362,1,4.5,2025-07-28 08:22
22893,1851,19,11.5,2025-04-28 08:10
22894,375,5,24.5,2025-03-25 04:33
22895,2017,3,15.5,2025-11-14 02:37
22896,2143,13,21.0,2024-12-17 03:18
22897,2321,11,26.5,2025-07-14 07:51
22898,105,21,17.5,2025-01-10 01:54
22899,1282,17,17.5,2025-08-12 14:27
22900,2252,4,24.0,2025-08-02 16:01
22901,1856,21,25.5,2025-09-10 00:47
22902,606,21,9.5,2025-09-18 00:02
22903,1915,20,9.5,2025-10-23 06:14
22904,1182,24,16.5,2025-10-01 16:01
22905,1721,9,24.0,2025-03-22 04:22
22906,2430,21,5.0,2025-04-02 02:32
22907,1412,12,9.5,2025-03-10 19:27
22908,1332,9,21.0,2025-04-04 05:17
22909,752,17,4.5,2025-03-20 08:34
22910,1223,11,14.5,2024-12-27 14:23
22911,1828,3,5.0,2025-09-09 11:31
22912,997,7,5.0,2025-02-02 14:05
22913,2316,26,10.0,2024-12-18 17:25
22914,686,27,22.5,2025-08-07 02:02
22915,176,10,9.5,2025-08-31 22:39
22916,2240,15,31.0,2025-01-05 09:20
22917,94,10,13.5,2025-10-14 10:13
22918,162,8,11.0,2025-11-27 06:02
22919,847,1,19.0,2025-09-26 03:14
22920,1905,5,4.5,2024-12-28 00:34
22921,2069,3,5.0,2024-12-14 17:07
22922,785,8,31.5,2025-03-18 17:40
22923,659,23,14.5,2025-04-23 18:53
22924,794,11,11.0,2025-08-02 22:55
22925,2389,7,26.5,2025-02-27 05:32
22926,2226,24,19.0,2025-02-22 18:19
22927,1906,15,30.0,2025-03-01 04:52
22928,108,5,27.5,2025-10-31 05:48
22929,2401,19,21.5,2024-12-22 11:16
22930,1631,24,26.0,2025-09-19 12:16
22931,196,17,6.5,2025-07-22 17:38
22932,70,12,9.5,2025-05-30 08:42
22933,1825,5,29.0,2025-04-23 05:29
22934,642,2,10.5,2025-02-18 11:16
22935,83,1,22.0,2024-12-23 19:21
22936,1929,11,29.5,2025-10-01 15:12
22937,2114,15,16.5,2025-04-05 16:24
22938,314,10,5.5,2025-11-16 23:34
22939,2092,26,17.0,2025-06-11 00:55
22940,1807,3,36.5,2025-03-24 15:07
22941,354,1,36.0,2024-12-07 23:54
22942,646,4,16.0,2025-08-06 21:54
22943,1677,19,6.5,2025-11-09 16:32
22944,31,5,9.5,2025-11-12 02:51
22945,44,8,9.5,2025-03-28 02:04
22946,65,2,30.5,2025-03-30 18:43
22947,1888,18,10.5,2025-03-06 02:19
22948,2068,21,6.5,2025-10-01 00:43
22949,1001,21,14.5,2025-11-08 23:30
22950,761,21,10.0,2025-06-16 09:15
22951,1937,23,16.0,2025-02-08 04:19
22952,1216,25,16.0,2025-10-25 00:04
22953,1866,20,30.0,2025-07-08 04:57
22954,2158,6,11.0,2025-11-04 06:10
22955,864,18,28.5,2024-12-09 07:45
22956,903,23,29.0,2025-01-08 11:16
22957,237,3,33.5,2025-07-23 21:43
22958,2092,14,31.0,2024-12-24 08:53
22959,1739,21,9.5,2025-10-15 00:16
22960,1840,21,15.5,2025-09-21 19:12
22961,2353,10,19.5,2025-01-13 07:44
22962,685,4,4.5,2025-03-09 08:42
22963,1918,6,20.0,2025-10-09 16:04
22964,1464,3,21.0,2025-10-03 05:18
22965,161,19,10.0,2025-09-07 22:55
22966,1660,22,14.5,2025-02-06 14:58
22967,1847,26,28.0,2025-01-11 13:40
22968,1961,20,18.0,2025-10-31 23:07
22969,855,12,6.5,2025-07-23 11:29
22970,467,27,5.0,2025-09-01 16:11
22971,588,2,9.5,2025-03-30 02:37
22972,67,6,20.0,2025-08-14 02:27
22973,272,1,34.0,2025-09-09 08:30
22974,2452,13,16.5,2025-01-07 09:51
22975,180,4,34.5,2025-11-29 12:48
22976,318,27,10.0,2025-08-05 09:55
22977,454,22,17.5,2025-02-25 06:43
22978,1754,16,24.0,2025-07-30 18:29
22979,1714,8,23.0,2025-04-19 08:57
22980,2374,2,5.5,2025-11-15 01:00
22981,337,26,30.0,2025-08-06 11:23
22982,907,24,19.0,2025-11-07 00:00
22983,690,25,36.5,2025-08-03 19:53
22984,2291,20,19.5,2025-08-18 00:03
22985,569,10,35.0,2025-10-28 12:50
22986,846,24,32.5,2025-06-12 09:02
22987,1062,23,30.5,2025-06-23 23:35
22988,2396,10,20.0,2025-01-18 06:42
22989,1713,9,28.5,2025-06-09 18:06
22990,1781,12,24.5,2025-07-16 13:08
22991,496,15,9.5,2025-02-07 06:36
22992,562,7,14.5,2025-09-16 08:22
22993,2034,17,5.0,2024-12-15 20:29
22994,329,6,32.5,2025-06-27 21:06
22995,702,14,24.5,2025-08-23 12:56
22996,1175,10,20.5,2025-04-13 13:47
22997,2092,11,30.0,2025-05-11 06:06
22998,1435,25,22.5,2025-07-03 06:14
22999,1994,8,27.0,2025-06-17 05:04
23000,2308,20,6.5,2025-03-13 13:10
23001,606,14,22.5,2025-10-03 12:58
23002,158,1,21.0,2025-06-07 23:13
23003,1762,20,18.0,2025-08-24 08:24
23004,591,22,6.5,2025-04-20 03:10
23005,1463,2,5.5,2025-03-09 10:38
23006,899,17,4.5,2025-06-09 09:11
23007,1957,7,10.5,2025-01-31 23:40
23008,463,26,10.5,2025-01-09 18:55
23009,71,10,5.0,2025-11-25 01:11
23010,1844,16,14.0,2025-01-27 17:33
23011,732,2,30.0,2025-01-16 05:02
23012,512,16,17.5,2025-07-30 22:16
23013,1235,9,18.5,2025-11-01 04:37
23014,1579,25,27.5,2025-10-06 14:39
23015,1212,5,26.0,2024-12-20 01:11
23016,685,4,10.0,2025-03-20 21:38
23017,389,8,25.0,2025-10-24 10:15
23018,2120,14,15.0,2025-07-09 11:14
23019,805,1,4.5,2025-10-22 05:17
23020,405,27,4.5,2025-10-14 14:26
23021,2024,25,21.0,2025-06-13 02:42
23022,1638,20,9.5,2025-03-26 08:21
23023,439,7,24.0,2025-10-16 23:52
23024,1254,6,30.5,2025-07-25 03:07
23025,2273,11,21.5,2025-08-14 04:53
23026,383,11,20.5,2025-01-26 09:14
23027,1220,12,27.0,2025-06-19 18:41
23028,2310,3,30.0,2025-01-12 22:55
23029,2232,16,15.0,2025-08-25 02:29
23030,2085,12,16.5,2025-07-27 16:26
23031,2283,1,6.5,2025-05-24 18:47
23032,2044,20,11.0,2025-06-10 17:41
23033,2294,20,21.0,2025-11-04 10:32
23034,821,13,16.0,2025-02-16 18:26
23035,622,17,26.0,2025-09-10 19:54
23036,268,25,16.5,2025-02-02 15:01
23037,784,3,26.0,2025-01-03 04:49
23038,208,13,10.0,2025-08-27 09:12
23039,1327,20,14.5,2025-08-08 23:43
23040,1792,22,15.0,2025-03-11 03:18
23041,877,8,31.0,2025-10-22 02:53
23042,1782,7,31.0,2025-11-21 01:24
23043,1649,15,5.5,2025-06-01 05:54
23044,1759,2,6.5,2025-07-14 15:39
23045,1321,23,11.5,2025-11-26 05:47
23046,2328,2,25.5,2025-02-17 07:47
23047,2270,7,14.5,2025-08-09 06:57
23048,472,24,14.5,2025-08-18 15:29
23049,501,26,15.5,2025-11-03 15:58
23050,837,2,11.0,2025-09-28 15:42
23051,1162,10,9.5,2025-06-19 03:53
23052,2201,7,25.0,2025-02-25 07:04
23053,502,18,4.5,2025-03-12 01:27
23054,1269,27,33.5,2025-06-11 23:42
23055,530,26,29.5,2025-09-04 21:43
23056,701,13,28.5,2025-03-01 00:14
23057,195,26,26.5,2025-09-24 10:11
23058,2404,12,5.5,2025-02-14 17:09
23059,1793,20,29.0,2025-09-25 03:46
23060,694,11,32.5,2025-10-25 07:51
23061,1758,7,32.0,2025-09-07 06:26
23062,765,5,10.0,2025-03-05 13:08
23063,441,16,24.0,2024-12-25 23:56
23064,1373,12,22.5,2025-05-14 07:37
23065,100,9,15.0,2025-04-03 01:17
23066,1117,25,21.5,2025-09-17 04:54
23067,564,2,15.0,2025-05-09 16:39
23068,1159,6,22.0,2025-09-08 22:18
23069,338,7,20.5,2024-12-13 02:28
23070,1284,3,28.5,2025-07-13 22:57
23071,1063,8,5.5,2025-03-29 18:48
23072,799,13,27.5,2025-08-22 18:57
23073,30,5,25.0,2025-04-10 10:57
23074,2047,14,5.0,2025-07-09 09:41
23075,2213,15,10.0,2025-09-01 09:59
23076,1171,9,35.5,2025-03-29 04:18
23077,2428,22,22.5,2025-07-17 06:14
23078,1958,5,29.0,2025-02-06 16:28
23079,713,11,37.0,2025-02-18 22:04
23080,759,24,15.5,2025-08-03 18:26
23081,83,1,14.0,2025-07-13 17:34
23082,399,19,28.0,2025-11-07 00:34
23083,622,13,6.5,2025-03-25 09:10
23084,983,16,33.0,2025-10-23 06:26
23085,1834,15,24.5,2025-03-19 17:18
23086,2103,4,5.0,2024-12-22 06:22
23087,1393,18,11.0,2025-03-03 14:09
23088,1871,8,30.5,2025-09-30 08:54
23089,2227,7,10.0,2025-10-08 01:53
23090,399,3,31.5,2025-07-05 03:40
23091,1582,21,5.5,2025-03-05 16:17
23092,1092,11,20.0,2024-12-19 19:47
23093,1095,23,6.5,2025-06-03 08:42
23094,36,24,22.5,2025-01-29 22:59
23095,2041,4,26.0,2025-02-17 07:59
23096,1862,17,4.5,2025-09-12 22:56
23097,1313,8,6.5,2025-08-16 09:22
23098,1775,22,24.0,2025-04-01 08:48
23099,108,16,13.0,2025-02-26 13:37
23100,874,24,5.0,2025-02-02 13:50
23101,1610,16,29.0,2025-10-12 00:44
23102,2220,6,22.0,2025-06-28 03:45
23103,678,25,14.5,2025-08-25 19:40
23104,357,3,32.0,2025-07-17 03:31
23105,656,13,14.0,2025-04-12 14:20
23106,2205,8,18.5,2025-07-24 21:22
23107,248,12,21.5,2025-04-07 01:05
23108,802,25,19.0,2025-06-01 03:20
23109,735,3,14.0,2025-01-31 21:04
23110,1715,7,25.0,2025-05-25 14:22
23111,2169,12,9.0,2025-03-07 15:35
23112,2079,24,19.5,2025-12-04 02:37
23113,1918,4,10.0,2025-03-31 01:55
23114,1379,16,20.5,2025-08-11 09:50
23115,2371,1,11.0,2025-02-26 13:44
23116,2387,21,27.5,2025-06-29 16:02
23117,1486,8,14.0,2025-08-20 13:09
23118,2328,22,21.5,2025-05-20 22:14
23119,2194,22,32.5,2025-06-23 20:03
23120,435,10,24.5,2025-10-22 18:37
23121,1804,11,34.0,2025-03-17 03:41
23122,113,4,11.0,2025-07-04 20:41
23123,585,25,14.5,2025-05-29 15:56
23124,1860,7,22.5,2025-10-21 08:54
23125,1972,9,24.5,2025-11-10 06:20
23126,1992,3,20.5,2024-12-21 04:36
23127,1469,16,22.5,2025-08-18 10:38
23128,2185,10,38.5,2025-10-01 07:49
23129,760,11,21.5,2025-09-26 15:35
23130,2037,18,25.0,2025-09-15 16:53
23131,1294,26,19.5,2025-02-15 17:23
23132,1100,17,11.0,2025-12-03 06:42
23133,665,11,9.5,2025-11-19 02:38
23134,777,16,17.0,2025-02-08 23:27
23135,137,19,14.5,2025-10-05 18:28
23136,2452,16,28.0,2025-07-15 05:44
23137,814,6,5.5,2025-02-24 03:30
23138,1242,5,24.5,2025-04-18 22:54
23139,1734,9,28.0,2025-05-21 03:39
23140,1303,13,34.0,2025-09-22 19:09
23141,936,18,25.5,2025-09-22 16:31
23142,2111,25,11.5,2025-01-02 19:40
23143,311,1,25.5,2025-07-07 12:45
23144,1681,20,16.5,2025-05-07 17:51
23145,45,24,30.5,2025-06-18 00:49
23146,193,18,29.5,2025-08-17 08:22
23147,1570,11,29.0,2025-02-04 00:49
23148,1900,6,23.0,2025-06-16 18:54
23149,2343,10,31.0,2025-08-25 10:36
23150,894,2,24.0,2025-08-06 22:24
23151,1119,6,5.5,2025-11-10 17:55
23152,818,11,24.0,2025-11-11 10:08
23153,1077,1,25.0,2025-03-24 01:26
23154,43,15,5.0,2025-05-10 16:03
23155,40,19,31.0,2025-05-17 22:15
23156,2284,9,29.0,2025-04-03 18:37
23157,815,18,31.0,2025-01-19 15:26
23158,246,3,27.0,2025-03-23 07:36
23159,648,22,9.5,2025-10-05 23:34
23160,1224,14,15.5,2025-07-14 16:16
23161,1098,20,32.0,2025-09-05 22:08
23162,246,1,32.0,2025-05-20 06:00
23163,1671,26,30.5,2025-11-30 07:22
23164,1425,11,31.0,2025-04-11 04:47
23165,464,21,20.0,2025-09-13 02:54
23166,170,27,14.5,2025-07-29 15:59
23167,1759,6,17.5,2025-06-15 18:07
23168,2241,3,18.5,2025-09-16 18:27
23169,324,10,9.5,2024-12-19 16:34
23170,732,2,24.5,2025-02-24 14:18
23171,43,3,26.5,2025-03-08 07:55
23172,68,20,28.0,2025-11-28 00:37
23173,730,2,19.0,2025-09-20 23:12
23174,2003,13,28.5,2025-02-01 04:09
23175,1299,11,18.5,2025-06-22 08:13
23176,2460,1,25.0,2025-06-06 22:43
23177,2368,18,10.0,2025-08-03 11:55
23178,2288,13,10.0,2025-01-30 21:44
23179,1443,4,36.0,2025-06-09 14:27
23180,2033,7,14.5,2025-11-04 18:21
23181,665,23,6.5,2025-04-15 05:22
23182,1168,2,4.5,2025-08-17 16:31
23183,1630,21,31.5,2025-11-16 10:43
23184,1715,3,30.5,2025-01-06 02:46
23185,1985,10,20.0,2025-11-02 23:46
23186,1430,7,38.5,2025-04-06 13:08
23187,2360,17,15.5,2025-11-28 17:12
23188,872,6,20.0,2025-01-30 05:09
23189,313,20,33.0,2025-08-03 23:06
23190,1207,24,11.0,2025-05-28 14:33
23191,261,3,34.5,2025-10-05 04:55
23192,504,17,32.0,2025-06-04 21:18
23193,39,8,25.0,2025-04-28 06:49
23194,1528,18,38.5,2025-01-15 16:53
23195,2453,1,9.5,2025-07-10 19:52
23196,132,17,24.0,2025-01-28 01:59
23197,614,9,30.0,2025-05-16 15:50
23198,433,21,33.0,2025-01-14 08:54
23199,1331,14,35.0,2025-01-02 23:50
23200,88,26,17.5,2025-11-22 04:57
23201,732,16,20.0,2025-02-04 20:07
23202,1649,21,15.0,2025-01-28 11:12
23203,1984,10,30.0,2025-07-31 12:54
23204,1782,11,32.0,2025-09-18 15:35
23205,1417,25,19.5,2025-03-08 14:52
23206,2482,20,27.5,2024-12-10 23:32
23207,361,16,32.5,2025-04-08 13:37
23208,1955,11,12.0,2025-10-17 13:27
23209,1926,3,4.5,2025-08-15 20:10
23210,641,16,5.5,2025-08-13 10:06
23211,1478,10,10.0,2025-06-05 23:43
23212,1148,6,10.0,2025-09-30 12:20
23213,677,27,32.0,2025-11-10 02:53
23214,683,5,24.0,2025-10-29 01:52
23215,1998,17,36.5,2024-12-13 16:05
23216,762,19,35.5,2025-09-30 11:37
23217,1377,21,25.5,2024-12-26 02:21
23218,2104,13,5.5,2025-09-21 23:08
23219,1665,19,36.0,2025-05-29 01:17
23220,1136,9,23.5,2025-08-12 07:59
23221,86,10,20.5,2025-01-26 12:39
23222,335,4,23.0,2025-10-23 00:03
23223,894,6,24.5,2025-02-21 11:15
23224,1132,24,6.5,2025-03-04 17:01
23225,675,1,11.0,2025-04-04 03:45
23226,2360,5,27.5,2025-05-29 02:27
23227,2403,4,29.0,2025-08-05 12:18
23228,2073,16,16.5,2025-06-02 00:05
23229,153,21,10.5,2025-06-24 21:47
23230,1846,9,5.5,2025-04-11 21:38
23231,38,15,24.5,2025-10-16 23:04
23232,2442,21,37.0,2025-04-19 09:43
23233,479,1,6.5,2025-03-13 21:32
23234,1846,15,5.5,2025-02-18 06:58
23235,1405,10,14.5,2025-06-09 10:22
23236,389,27,26.5,2025-06-23 10:18
23237,651,17,11.0,2025-01-09 19:21
23238,605,19,10.5,2025-11-06 16:39
23239,2415,1,20.5,2025-02-02 09:03
23240,1150,18,30.0,2025-06-19 07:15
23241,2189,4,23.5,2025-07-09 12:23
23242,1901,15,27.5,2025-10-16 02:18
23243,2407,3,15.0,2025-05-21 00:48
23244,1314,24,18.5,2025-07-01 21:01
23245,2218,18,9.5,2025-07-25 10:57
23246,1770,13,10.5,2025-01-16 15:57
23247,704,18,30.0,2024-12-21 02:11
23248,190,22,22.0,2025-11-07 02:48
23249,1640,3,24.0,2025-03-19 20:00
23250,968,14,6.5,2025-07-16 21:49
23251,843,16,34.5,2025-03-12 13:45
23252,344,11,30.0,2025-07-23 08:15
23253,783,4,5.5,2025-11-17 04:44
23254,1175,11,25.5,2025-02-14 19:57
23255,104,25,21.0,2025-03-29 06:12
23256,1400,7,36.0,2025-06-26 15:33
23257,2482,19,11.0,2025-05-23 09:16
23258,279,17,11.5,2025-05-24 10:30
23259,260,20,9.5,2025-05-23 10:02
23260,2077,20,18.0,2025-09-17 07:01
23261,1048,21,6.5,2025-05-12 08:44
23262,630,14,24.5,2025-09-25 05:37
23263,752,11,9.5,2024-12-12 21:55
23264,2085,20,9.5,2024-12-17 07:08
23265,607,1,16.0,2025-10-08 05:19
23266,2124,27,14.5,2025-03-05 00:07
23267,1440,20,13.0,2025-01-09 21:08
23268,1788,8,15.0,2025-11-09 22:25
23269,244,15,18.0,2025-07-07 12:32
23270,1724,22,28.5,2025-07-04 20:18
23271,1761,5,5.5,2025-06-28 11:00
23272,1821,12,19.0,2025-03-22 06:07
23273,1901,22,21.5,2025-11-26 06:45
23274,1647,11,30.0,2025-10-28 02:41
23275,1782,6,10.5,2025-08-02 05:51
23276,1120,20,16.0,2025-08-08 08:00
23277,38,6,30.5,2025-03-25 16:21
23278,1529,11,5.0,2025-03-12 12:26
23279,453,7,19.0,2025-06-14 14:08
23280,462,9,25.0,2025-05-26 05:26
23281,1211,2,6.5,2025-10-11 08:01
23282,40,15,19.5,2025-06-22 05:31
23283,200,22,20.5,2024-12-11 05:47
23284,1259,22,17.0,2025-04-11 15:06
23285,296,9,17.5,2025-11-14 21:41
23286,1005,20,9.5,2025-04-01 18:22
23287,951,2,27.5,2025-01-12 15:32
23288,2300,1,9.5,2025-12-01 08:06
23289,1437,25,20.5,2025-08-27 21:30
23290,514,25,16.0,2025-02-10 17:57
23291,1361,13,17.0,2024-12-24 19:07
23292,1013,6,27.5,2025-03-26 02:55
23293,871,10,17.0,2025-08-16 19:38
23294,1192,5,27.0,2025-03-15 11:47
23295,1439,19,9.5,2025-02-05 14:28
23296,1484,10,23.5,2025-10-03 19:09
23297,784,6,6.5,2025-10-12 20:54
23298,906,7,11.5,2025-02-06 20:59
23299,479,3,22.5,2025-08-17 15:29
23300,2137,7,20.5,2025-02-01 13:27
23301,1820,8,29.0,2025-05-29 00:39
23302,1415,18,24.0,2025-05-24 05:00
23303,201,4,5.0,2025-05-23 16:22
23304,2400,21,29.5,2025-10-17 02:51
23305,1140,9,19.0,2025-02-19 04:43
23306,457,18,9.5,2025-04-02 11:54
23307,517,15,14.5,2025-06-30 11:07
23308,1070,20,14.5,2025-03-03 11:07
23309,2483,25,6.5,2024-12-16 21:01
23310,646,26,5.0,2025-02-03 21:25
23311,1825,12,22.0,2025-03-29 20:42
23312,624,22,19.5,2025-07-30 19:26
23313,1521,2,15.5,2025-10-12 06:12
23314,120,25,19.0,2025-09-05 15:55
23315,475,11,21.5,2025-06-28 07:02
23316,642,5,20.0,2025-09-16 00:00
23317,458,9,21.0,2025-11-16 14:38
23318,2008,19,6.5,2025-04-15 03:28
23319,2255,18,31.0,2025-11-12 09:05
23320,833,3,20.5,2025-11-27 00:47
23321,2220,17,5.5,2024-12-10 08:26
23322,1962,3,29.0,2025-11-11 19:36
23323,1628,11,34.5,2025-08-11 06:25
23324,971,14,10.0,2025-01-03 09:51
23325,1280,7,31.5,2025-04-09 05:33
23326,1398,13,28.5,2025-06-02 04:43
23327,2387,5,24.5,2025-02-12 09:28
23328,2030,5,16.0,2025-08-07 21:23
23329,1163,13,26.0,2025-01-23 18:39
23330,1615,18,4.5,2025-09-01 01:05
23331,1298,22,23.0,2025-05-07 16:19
23332,264,15,21.0,2025-04-05 14:57
23333,251,18,9.5,2025-02-19 16:16
23334,1382,18,14.0,2025-07-16 04:01
23335,1355,21,15.0,2025-06-15 07:01
23336,1220,15,19.0,2025-05-19 13:49
23337,1096,7,15.0,2025-02-04 15:38
23338,438,22,18.5,2025-04-01 20:42
23339,2372,21,27.0,2025-01-05 08:55
23340,606,16,25.5,2025-07-16 01:42
23341,205,3,11.0,2025-07-16 11:46
23342,1074,25,9.5,2025-11-17 15:53
23343,1718,2,25.5,2025-03-29 06:54
23344,1945,23,33.0,2025-09-04 04:49
23345,2447,21,19.5,2025-06-27 18:13
23346,990,12,16.0,2025-07-27 10:18
23347,598,21,11.0,2025-07-01 10:19
23348,1092,22,24.5,2024-12-13 10:11
23349,475,26,13.0,2025-09-09 15:15
23350,645,26,29.0,2025-10-15 16:37
23351,1579,11,17.0,2025-07-23 21:47
23352,820,10,25.0,2025-09-08 00:09
23353,239,26,19.5,2025-07-13 03:28
23354,1922,26,5.0,2025-03-11 20:16
23355,1916,11,21.5,2025-09-12 05:16
23356,2030,8,5.0,2025-04-07 03:01
23357,825,15,37.5,2025-07-16 11:30
23358,1512,27,27.5,2025-03-31 14:57
23359,2212,9,6.5,2025-03-19 10:55
23360,2480,2,42.5,2025-05-05 22:01
23361,890,26,20.0,2025-10-03 07:04
23362,1527,23,24.0,2025-10-12 14:03
23363,1873,13,15.5,2025-03-19 12:40
23364,1802,20,18.5,2025-09-22 17:30
23365,1256,26,29.5,2025-09-28 17:01
23366,1167,21,16.5,2025-07-15 06:20
23367,1894,23,33.5,2025-06-19 22:32
23368,1689,3,11.0,2025-07-13 21:11
23369,433,5,19.5,2025-09-15 23:50
23370,1041,21,5.0,2025-02-08 20:45
23371,1667,4,29.5,2025-03-17 23:09
23372,2156,2,30.5,2025-04-30 20:52
23373,1392,12,23.0,2025-11-19 18:06
23374,519,9,9.5,2025-05-17 17:12
23375,676,4,14.0,2025-08-01 03:47
23376,1821,22,27.0,2025-09-16 04:04
23377,2341,11,11.5,2025-05-20 18:52
23378,1327,24,25.5,2025-05-25 08:03
23379,2085,26,10.5,2025-04-24 14:03
23380,20,10,10.5,2025-07-16 21:59
23381,1461,16,5.0,2025-05-20 03:13
23382,1439,3,15.0,2024-12-13 03:18
23383,2282,4,25.5,2025-06-27 06:13
23384,2487,11,14.5,2025-08-11 23:59
23385,2023,6,13.0,2025-02-18 21:53
23386,1362,12,38.5,2025-08-30 02:02
23387,610,7,25.5,2025-08-26 10:56
23388,1869,24,9.5,2025-08-22 07:52
23389,485,14,22.0,2025-07-17 04:34
23390,2355,14,19.5,2025-06-05 10:01
23391,1082,22,13.0,2025-11-07 08:36
23392,125,15,20.0,2025-02-16 04:52
23393,1879,3,5.5,2025-02-17 11:15
23394,2095,18,6.5,2025-01-04 10:12
23395,1171,27,27.5,2025-08-20 15:57
23396,1911,16,18.5,2024-12-28 07:44
23397,426,14,27.0,2025-11-28 10:16
23398,792,7,6.5,2025-10-28 23:59
23399,607,9,4.5,2025-08-24 22:45
23400,1636,9,20.5,2025-09-08 19:50
23401,1583,7,14.0,2025-06-22 07:04
23402,2346,1,4.5,2025-06-02 20:27
23403,277,19,16.0,2025-11-26 00:21
23404,2175,13,23.0,2025-06-30 03:18
23405,2361,2,20.5,2025-09-07 09:33
23406,1928,15,33.0,2025-01-11 08:24
23407,1082,25,9.5,2025-05-21 15:53
23408,1453,19,23.5,2025-04-29 11:20
23409,68,18,26.5,2025-09-28 14:20
23410,1497,9,25.0,2025-07-17 00:15
23411,763,13,14.0,2025-07-14 06:48
23412,2124,24,11.0,2025-04-19 22:34
23413,2089,20,34.0,2025-11-11 20:16
23414,193,11,22.5,2025-10-26 19:53
23415,1866,25,22.5,2025-01-27 12:22
23416,205,7,19.0,2025-01-10 13:29
23417,1889,15,35.5,2025-09-29 00:52
23418,2362,10,19.5,2024-12-14 01:38
23419,1579,8,28.5,2025-02-24 03:36
23420,585,9,27.0,2025-05-08 16:25
23421,1240,15,29.0,2025-01-31 15:41
23422,2262,19,20.0,2024-12-08 15:39
23423,2412,8,11.0,2025-01-14 04:35
23424,1076,26,14.5,2025-11-17 08:17
23425,160,16,27.0,2025-09-30 14:15
23426,474,1,33.0,2025-05-16 14:02
23427,1995,14,11.0,2025-02-23 04:22
23428,159,20,6.5,2025-08-24 09:45
23429,138,23,17.0,2025-01-07 00:17
23430,193,8,9.5,2025-03-08 11:29
23431,1345,17,14.5,2025-10-14 20:33
23432,2128,22,4.5,2025-07-11 06:55
23433,1688,9,6.5,2024-12-20 20:44
23434,144,23,5.0,2025-07-28 05:39
23435,2127,1,27.0,2025-08-12 14:52
23436,1597,23,16.5,2024-12-17 23:30
23437,722,15,5.5,2025-06-22 05:12
23438,120,14,5.0,2025-08-30 21:05
23439,2055,24,30.0,2025-01-14 11:47
23440,1239,13,32.5,2025-10-17 15:45
23441,436,19,21.0,2025-08-04 10:51
23442,26,4,28.0,2024-12-21 17:37
23443,1304,27,9.5,2025-03-07 07:30
23444,352,6,15.5,2025-11-07 03:31
23445,720,3,14.5,2025-09-10 07:10
23446,960,16,11.0,2025-02-05 08:53
23447,2225,4,18.0,2025-05-12 23:12
23448,2491,25,5.0,2025-06-16 04:08
23449,1636,22,22.0,2025-08-16 00:44
23450,795,16,24.0,2024-12-26 14:36
23451,293,4,5.5,2025-11-21 02:00
23452,506,4,17.0,2025-06-26 20:18
23453,659,26,20.5,2025-05-02 08:12
23454,1451,10,9.5,2025-09-22 14:07
23455,796,6,10.5,2025-11-21 15:49
23456,1874,12,31.5,2024-12-24 18:12
23457,2045,26,9.5,2025-04-07 03:30
23458,1031,6,31.0,2025-10-20 13:01
23459,2425,6,21.0,2025-01-05 06:13
23460,458,18,6.5,2025-06-18 16:25
23461,805,8,24.0,2025-06-21 11:26
23462,1350,12,15.0,2025-02-09 08:02
23463,638,2,21.0,2024-12-08 10:22
23464,765,25,28.0,2025-07-03 21:47
23465,2395,9,10.0,2025-06-28 13:16
23466,912,2,15.0,2025-03-22 18:46
23467,664,11,24.0,2024-12-27 02:42
23468,1621,5,9.0,2025-09-04 23:02
23469,585,18,5.0,2025-08-19 20:48
23470,2073,13,35.0,2025-02-22 04:09
23471,403,22,14.5,2025-06-30 06:00
23472,1156,14,31.5,2024-12-21 12:29
23473,2003,5,21.0,2025-06-28 01:00
23474,685,26,31.0,2025-05-07 22:48
23475,1778,21,18.5,2025-09-13 10:20
23476,755,20,10.0,2025-06-18 14:39
23477,1259,20,24.0,2025-02-07 08:13
23478,1596,12,17.5,2025-05-05 06:40
23479,2123,18,11.0,2025-08-09 09:30
23480,1358,19,11.0,2025-06-23 09:03
23481,225,26,4.5,2025-02-01 13:45
23482,2369,10,19.0,2025-11-01 10:40
23483,2258,17,4.5,2025-10-11 14:38
23484,2406,27,31.0,2025-09-25 11:17
23485,1694,11,4.5,2025-09-06 11:25
23486,1197,26,20.0,2025-09-01 15:38
23487,1410,10,12.0,2025-11-22 16:30
23488,1936,20,6.5,2025-06-23 19:32
23489,606,24,15.0,2025-05-04 23:06
23490,1011,7,21.5,2025-07-21 12:25
23491,1968,23,35.0,2025-06-24 18:58
23492,1503,11,17.5,2025-05-12 15:55
23493,2114,20,35.5,2025-02-04 04:10
23494,2153,20,34.0,2025-02-02 11:27
23495,1538,6,14.5,2025-02-18 05:14
23496,463,7,22.5,2025-06-28 09:08
23497,949,16,5.5,2025-01-02 20:18
23498,1699,14,4.5,2025-08-03 23:19
23499,579,22,9.5,2025-08-11 01:22
23500,1956,14,25.5,2025-03-09 17:46
23501,995,4,17.5,2025-06-13 15:32
23502,550,26,9.0,2025-08-31 17:05
23503,1355,27,12.0,2025-04-14 23:43
23504,1086,23,25.5,2025-01-18 11:18
23505,1324,26,5.0,2025-07-20 06:40
23506,634,21,28.0,2025-01-21 15:47
23507,1808,10,39.0,2025-07-03 16:58
23508,489,25,10.5,2025-08-16 06:00
23509,1517,22,6.5,2025-04-13 08:44
23510,1120,15,11.0,2025-04-10 21:11
23511,1853,25,21.5,2025-03-06 20:12
23512,1792,8,23.5,2025-04-15 17:04
23513,1957,22,25.5,2025-08-22 17:24
23514,1470,27,26.5,2025-11-04 05:47
23515,390,8,25.5,2025-05-24 07:12
23516,482,6,9.5,2025-11-30 07:43
23517,1606,15,28.5,2024-12-25 22:41
23518,1337,17,29.5,2025-05-06 21:05
23519,882,4,21.0,2025-12-05 17:17
23520,1152,26,20.0,2025-05-05 08:06
23521,2067,12,17.5,2025-01-05 03:34
23522,743,1,9.5,2025-06-03 04:21
23523,2100,20,6.5,2025-08-24 19:21
23524,1678,15,6.5,2024-12-18 16:55
23525,1455,25,5.5,2025-03-23 11:25
23526,1427,15,20.0,2025-10-25 16:18
23527,1827,22,24.0,2025-10-08 00:00
23528,426,20,27.0,2025-09-26 09:58
23529,2236,1,11.0,2025-08-04 09:32
23530,1853,19,30.0,2025-09-07 10:56
23531,885,13,17.5,2025-01-20 23:48
23532,2054,14,4.5,2025-09-30 05:57
23533,1892,14,11.0,2025-03-26 14:29
23534,933,22,14.5,2025-05-30 05:06
23535,2492,2,18.0,2025-03-05 12:03
23536,319,18,30.0,2025-11-28 07:12
23537,2065,18,23.5,2025-03-16 07:52
23538,144,7,21.0,2025-03-18 08:01
23539,1208,25,25.5,2024-12-24 21:13
23540,1341,5,24.0,2025-04-05 06:40
23541,247,4,23.5,2025-05-22 07:52
23542,1030,21,10.0,2025-06-03 15:29
23543,1165,13,15.0,2025-03-30 20:11
23544,1370,27,5.5,2025-11-20 22:07
23545,972,23,35.0,2024-12-28 22:18
23546,2059,3,37.5,2025-07-14 08:56
23547,1372,27,12.0,2024-12-14 08:03
23548,1137,27,33.0,2025-08-16 16:31
23549,1146,3,22.5,2025-09-17 11:54
23550,1168,6,14.5,2025-06-21 18:43
23551,708,21,26.0,2025-01-19 17:34
23552,2257,19,12.0,2025-07-09 10:45
23553,2285,27,27.5,2025-06-29 21:42
23554,119,14,23.0,2025-04-27 15:06
23555,1911,8,5.0,2025-08-24 23:18
23556,1042,11,11.5,2025-02-24 16:52
23557,948,9,27.0,2025-04-22 07:26
23558,2063,4,16.5,2025-03-26 21:01
23559,2017,24,17.5,2025-01-15 01:31
23560,1479,12,14.0,2025-08-22 02:49
23561,1610,8,4.5,2025-07-04 18:36
23562,1538,1,24.0,2025-09-11 02:04
23563,737,2,5.0,2025-08-24 22:25
23564,430,24,6.5,2025-01-10 19:11
23565,1833,9,5.5,2025-05-08 14:54
23566,1843,11,5.5,2025-07-27 07:29
23567,1000,3,17.0,2025-05-20 04:17
23568,501,7,41.5,2025-07-04 03:20
23569,262,9,11.0,2025-08-24 05:22
23570,784,13,23.5,2025-01-16 21:34
23571,934,25,29.0,2025-09-05 09:25
23572,1801,25,6.5,2025-01-28 14:03
23573,2098,15,18.0,2025-08-14 00:29
23574,1936,21,10.0,2025-09-08 18:49
23575,1347,7,14.5,2025-01-22 12:10
23576,1572,6,19.0,2025-05-19 19:48
23577,1092,10,4.5,2025-08-04 20:38
23578,1195,17,9.5,2025-10-10 11:02
23579,1418,11,25.0,2025-06-14 22:26
23580,1504,13,4.5,2025-10-31 17:53
23581,1216,2,6.5,2025-10-20 22:18
23582,477,1,11.5,2025-04-04 20:18
23583,2426,23,14.5,2025-01-28 01:32
23584,1700,11,16.0,2025-05-22 00:58
23585,794,14,30.5,2025-02-10 02:38
23586,1693,16,11.5,2025-07-03 18:27
23587,854,19,11.0,2025-05-27 22:39
23588,219,20,26.0,2025-03-01 10:53
23589,2223,22,18.5,2024-12-30 15:28
23590,2114,20,16.0,2025-06-27 19:20
23591,1628,19,20.5,2024-12-18 15:22
23592,2441,15,25.5,2024-12-15 05:25
23593,2081,12,22.0,2024-12-08 22:02
23594,1878,27,21.5,2025-04-28 20:01
23595,204,2,4.5,2025-02-19 14:56
23596,1522,22,4.5,2025-03-15 08:05
23597,951,20,5.0,2025-06-18 12:50
23598,278,18,19.5,2025-01-14 18:24
23599,1685,9,24.0,2025-07-22 11:08
23600,906,23,16.0,2025-10-06 17:03
23601,134,22,15.0,2025-07-19 03:06
23602,1009,17,14.5,2025-05-21 03:08
23603,1693,9,11.0,2025-08-09 13:20
23604,896,14,11.0,2025-06-03 23:31
23605,1249,12,10.0,2025-11-23 05:30
23606,2490,3,11.0,2025-06-05 10:53
23607,139,18,22.5,2025-05-02 21:38
23608,133,23,23.0,2025-05-28 23:27
23609,1366,20,9.5,2024-12-20 16:02
23610,1102,13,23.0,2025-01-03 07:54
23611,192,9,14.5,2025-05-29 00:30
23612,1994,16,20.5,2025-02-02 16:20
23613,1297,12,10.5,2025-01-04 06:15
23614,1837,18,24.0,2025-03-04 22:05
23615,2104,4,31.0,2024-12-22 21:00
23616,1107,25,9.5,2025-08-11 00:04
23617,206,26,16.0,2025-10-23 02:40
23618,2476,4,21.5,2024-12-11 22:19
23619,1002,27,30.5,2025-08-27 10:15
23620,1730,9,6.5,2025-05-27 03:10
23621,876,24,5.0,2025-11-06 01:26
23622,922,4,16.0,2025-04-30 02:28
23623,1560,19,16.0,2025-09-09 15:19
23624,1638,24,29.5,2025-08-14 14:17
23625,1608,5,19.0,2025-07-22 01:58
23626,1348,1,36.5,2025-04-18 13:48
23627,1637,4,15.0,2024-12-09 07:24
23628,611,11,20.0,2025-01-15 15:26
23629,1639,10,5.0,2025-06-16 19:20
23630,1611,12,5.5,2025-10-29 11:19
23631,932,8,27.5,2025-01-09 10:40
23632,1864,25,10.0,2025-10-20 15:28
23633,1303,6,28.0,2025-05-01 17:04
23634,2047,6,5.5,2025-12-02 02:08
23635,1326,12,4.5,2025-11-30 04:27
23636,677,12,6.5,2025-10-12 06:58
23637,2480,16,9.0,2025-11-18 08:46
23638,942,23,5.0,2025-05-02 06:18
23639,802,7,28.5,2025-09-10 08:24
23640,726,18,9.0,2025-10-21 01:16
23641,2018,2,15.0,2025-02-01 08:34
23642,635,15,10.5,2025-03-09 16:04
23643,20,12,17.5,2025-01-25 15:07
23644,1756,6,5.0,2024-12-30 14:59
23645,810,10,15.5,2025-12-04 21:31
23646,834,18,17.5,2025-04-15 09:42
23647,352,24,24.5,2025-01-27 19:32
23648,1751,4,23.0,2025-11-06 19:15
23649,1437,13,10.0,2025-09-30 03:08
23650,1136,10,9.5,2025-03-06 17:08
23651,1115,15,19.5,2025-07-11 23:05
23652,648,15,5.0,2025-10-16 00:08
23653,1666,9,20.0,2025-04-30 13:39
23654,1232,11,28.0,2024-12-07 12:41
23655,755,24,6.5,2025-04-28 14:23
23656,1925,12,15.0,2025-08-12 23:50
23657,1179,21,20.5,2025-05-10 19:01
23658,2428,16,9.0,2025-01-23 09:43
23659,1607,21,9.5,2025-07-17 07:48
23660,2417,25,18.5,2025-03-18 00:07
23661,2243,8,11.5,2025-09-26 18:47
23662,648,9,15.5,2025-03-11 10:45
23663,526,18,22.0,2025-11-02 10:53
23664,1384,13,27.0,2025-04-24 00:38
23665,1622,19,19.0,2025-04-15 18:47
23666,1953,10,5.5,2025-05-20 05:09
23667,499,9,36.0,2025-10-23 12:15
23668,1692,27,26.5,2025-05-15 20:03
23669,581,3,24.5,2025-04-20 18:25
23670,883,25,32.0,2025-10-31 15:27
23671,1459,13,24.5,2025-10-15 19:50
23672,1576,17,24.5,2025-07-13 09:33
23673,267,8,19.5,2025-04-01 12:38
23674,925,10,10.5,2025-05-06 20:07
23675,2280,3,32.0,2025-05-23 10:47
23676,62,14,5.0,2025-06-03 17:11
23677,429,24,20.0,2025-02-20 16:39
23678,720,13,11.5,2025-02-06 17:20
23679,1848,24,29.5,2025-11-23 15:52
23680,343,2,19.0,2025-07-14 10:23
23681,1578,20,20.0,2025-02-28 20:43
23682,650,1,9.5,2025-09-26 05:23
23683,929,11,5.0,2025-11-24 23:02
23684,2279,23,5.5,2025-03-18 11:24
23685,1152,2,5.5,2024-12-23 15:14
23686,1701,3,10.0,2025-08-25 18:41
23687,2197,27,16.0,2025-06-22 12:27
23688,1576,12,15.0,2025-05-29 05:35
23689,2111,18,18.5,2025-01-08 19:21
23690,1341,21,6.5,2025-08-09 17:19
23691,1327,6,21.0,2025-04-25 11:39
23692,529,4,30.5,2025-08-25 23:21
23693,2378,24,18.0,2025-07-13 05:40
23694,2041,25,29.5,2025-12-01 20:46
23695,1449,19,9.5,2025-01-22 07:42
23696,2160,17,14.5,2025-08-25 13:12
23697,2017,14,26.0,2025-04-21 19:00
23698,1113,18,12.0,2025-11-10 10:18
23699,508,13,18.5,2025-02-13 13:20
23700,445,18,15.0,2025-03-11 17:10
23701,1975,6,25.0,2025-06-23 15:57
23702,597,26,22.5,2025-01-10 08:03
23703,269,3,32.0,2025-07-09 07:27
23704,572,15,16.0,2025-05-27 10:19
23705,859,20,41.5,2025-11-15 08:22
23706,1160,7,25.0,2025-08-13 23:10
23707,1061,1,5.0,2025-03-09 12:45
23708,1452,22,18.0,2025-11-29 04:21
23709,419,6,16.5,2025-08-29 13:35
23710,1025,25,15.0,2024-12-25 23:08
23711,39,24,14.5,2025-11-26 05:25
23712,1978,23,6.5,2025-07-08 16:03
23713,1228,20,13.0,2025-01-08 10:22
23714,1593,23,37.5,2025-05-29 19:26
23715,934,9,5.5,2025-03-22 01:52
23716,107,1,27.5,2025-03-21 05:36
23717,463,4,19.0,2025-07-09 22:58
23718,1725,24,33.5,2025-07-28 05:58
23719,288,7,18.5,2025-09-13 18:37
23720,1480,17,40.5,2025-11-26 08:23
23721,685,1,4.5,2025-04-25 22:21
23722,1615,6,9.5,2025-04-01 21:29
23723,918,3,40.0,2025-03-26 08:05
23724,565,19,25.5,2025-06-09 00:27
23725,1159,12,33.0,2025-01-06 07:23
23726,1418,27,13.0,2025-01-06 03:11
23727,2224,2,11.0,2025-03-19 19:21
23728,1302,7,31.5,2025-11-25 04:47
23729,1659,20,16.0,2025-06-18 04:31
23730,23,21,27.0,2025-09-18 23:25
23731,957,1,5.5,2025-03-01 14:50
23732,2340,8,19.5,2024-12-29 08:41
23733,134,14,4.5,2025-10-03 01:14
23734,2311,22,30.0,2025-05-27 03:37
23735,263,17,27.5,2025-05-29 08:01
23736,130,25,6.5,2025-10-28 12:37
23737,961,16,20.5,2024-12-22 13:45
23738,20,22,25.0,2024-12-18 07:36
23739,342,18,9.5,2025-09-05 17:01
23740,122,5,17.5,2025-09-02 01:11
23741,888,15,5.5,2025-03-06 14:09
23742,1505,9,26.0,2024-12-21 13:52
23743,1127,1,26.0,2025-06-14 04:35
23744,2167,12,29.0,2025-08-08 09:00
23745,600,20,6.5,2025-08-14 19:43
23746,622,7,20.0,2025-04-04 12:05
23747,1187,4,16.0,2025-11-29 15:32
23748,979,18,11.0,2025-06-21 23:28
23749,1675,14,9.5,2025-07-23 18:13
23750,32,11,9.5,2025-09-09 21:18
23751,1951,24,19.5,2025-08-10 19:14
23752,1929,26,17.0,2025-01-08 09:09
23753,2317,16,33.0,2025-02-13 12:59
23754,1927,4,21.5,2025-02-10 11:43
23755,930,16,10.5,2024-12-22 15:04
23756,1718,12,10.5,2025-10-13 02:02
23757,2274,27,10.0,2025-06-09 11:45
23758,785,20,15.5,2025-06-22 00:49
23759,301,15,19.0,2025-05-06 02:04
23760,1891,3,5.0,2025-09-18 13:53
23761,1463,17,33.0,2025-03-19 16:50
23762,810,20,31.5,2025-06-01 02:44
23763,1926,15,27.5,2025-04-28 03:53
23764,1289,18,10.5,2025-03-04 11:26
23765,422,18,11.0,2025-09-01 09:38
23766,1165,4,27.0,2024-12-20 04:42
23767,1844,16,9.5,2025-11-08 20:52
23768,2489,26,31.0,2025-03-10 14:43
23769,2220,15,31.5,2025-01-20 14:15
23770,423,1,11.5,2025-08-25 05:33
23771,2444,1,27.0,2025-12-06 23:53
23772,2277,24,5.0,2025-01-13 23:31
23773,1293,8,17.5,2025-06-28 18:59
23774,1041,3,10.5,2025-11-29 02:00
23775,474,9,5.0,2025-10-07 06:28
23776,151,25,33.0,2024-12-12 06:16
23777,597,1,5.0,2025-03-29 13:26
23778,930,23,31.5,2025-02-16 00:02
23779,268,16,9.5,2024-12-13 09:33
23780,878,26,4.5,2025-10-17 08:31
23781,555,2,21.5,2025-04-07 02:29
23782,1741,12,10.0,2025-02-05 01:07
23783,2327,20,24.5,2025-02-18 17:18
23784,1183,5,6.5,2025-03-19 14:04
23785,1579,19,15.5,2025-08-18 02:16
23786,2187,17,16.0,2025-04-12 10:33
23787,632,4,6.5,2025-02-11 15:51
23788,2003,24,25.0,2025-10-26 13:33
23789,2044,8,5.5,2025-02-15 08:10
23790,1787,23,20.5,2025-03-14 05:11
23791,298,25,5.5,2025-10-16 12:21
23792,2326,27,29.0,2025-08-26 10:32
23793,2118,11,28.5,2025-02-16 18:05
23794,159,14,19.5,2025-03-21 08:23
23795,814,7,28.5,2025-03-15 23:29
23796,1177,5,9.5,2025-01-12 15:38
23797,457,17,16.0,2025-05-21 23:05
23798,234,10,22.5,2025-02-22 04:19
23799,177,13,16.5,2025-10-03 02:14
23800,1445,23,4.5,2025-07-23 03:39
23801,1957,7,34.5,2025-04-15 07:52
23802,2300,9,33.5,2025-09-01 08:41
23803,2337,14,19.5,2025-10-31 19:19
23804,1051,23,17.0,2025-04-01 06:02
23805,2338,22,24.5,2025-05-31 03:28
23806,2210,10,15.5,2025-05-14 09:38
23807,1059,8,27.0,2025-01-14 06:24
23808,1467,27,9.5,2025-01-01 16:36
23809,1489,2,15.0,2025-11-27 09:59
23810,901,19,32.0,2025-09-17 02:53
23811,450,7,26.5,2025-12-06 02:35
23812,1985,5,31.5,2025-05-22 22:26
23813,2413,10,30.5,2025-02-13 10:20
23814,2229,23,12.0,2025-07-09 02:03
23815,1303,6,16.5,2025-02-26 19:22
23816,322,20,24.0,2025-01-26 15:48
23817,1716,26,29.5,2025-05-17 18:09
23818,1020,9,10.0,2025-07-04 07:46
23819,2137,17,19.5,2025-05-15 21:39
23820,479,19,5.0,2025-01-12 05:50
23821,1687,2,9.5,2024-12-11 20:04
23822,2313,23,21.0,2025-09-28 12:13
23823,706,26,16.0,2025-02-09 17:50
23824,1139,18,6.5,2025-01-06 17:18
23825,2045,20,11.5,2025-01-16 16:38
23826,2119,17,10.0,2025-01-31 15:26
23827,1591,13,9.5,2025-09-19 10:46
23828,1081,21,15.0,2024-12-15 07:10
23829,1697,19,6.5,2025-02-20 16:50
23830,1779,2,16.0,2025-11-23 12:30
23831,2325,9,24.5,2025-02-11 01:05
23832,1102,15,36.5,2025-09-03 07:28
23833,1542,12,30.0,2024-12-30 23:45
23834,768,24,31.0,2025-11-28 18:02
23835,1644,19,5.0,2025-02-11 20:31
23836,1813,21,29.5,2024-12-09 18:41
23837,724,27,20.5,2025-04-26 02:43
23838,1566,18,16.0,2025-08-01 18:22
23839,369,3,11.5,2025-07-12 12:18
23840,1829,17,12.0,2025-03-20 23:13
23841,1130,10,15.5,2025-01-03 22:07
23842,196,9,14.5,2025-01-24 07:59
23843,938,14,26.0,2024-12-11 20:17
23844,1685,1,23.0,2025-09-28 10:13
23845,64,14,10.0,2025-04-19 15:29
23846,1102,14,14.5,2025-03-06 05:09
23847,1031,25,20.0,2025-09-01 04:23
23848,547,12,15.0,2025-11-05 19:25
23849,2246,10,11.0,2025-12-02 23:21
23850,1886,27,28.5,2025-11-18 01:57
23851,2451,25,24.0,2025-11-29 02:52
23852,2436,10,20.0,2025-02-04 19:17
23853,949,6,28.5,2025-09-13 18:27
23854,102,24,25.0,2025-03-28 21:01
23855,2441,25,20.5,2025-05-15 09:07
23856,2199,23,19.5,2025-07-19 05:36
23857,2289,16,22.5,2024-12-08 08:32
23858,115,21,38.0,2025-05-04 14:59
23859,231,19,15.5,2025-06-18 15:29
23860,1373,3,29.5,2025-09-16 06:43
23861,374,20,24.0,2025-08-23 22:43
23862,411,22,5.0,2025-09-08 12:00
23863,375,7,24.0,2025-09-19 02:48
23864,1703,11,27.0,2025-09-29 03:37
23865,2406,18,32.5,2025-10-28 09:08
23866,1738,18,9.0,2025-08-26 08:25
23867,496,9,6.5,2025-06-11 13:14
23868,289,24,26.0,2025-05-23 05:22
23869,1450,14,10.0,2025-08-02 07:48
23870,746,15,33.5,2025-03-12 01:27
23871,344,20,30.5,2025-02-24 23:27
23872,484,18,10.0,2025-06-22 07:26
23873,221,22,21.5,2025-11-19 23:47
23874,1509,18,10.5,2025-09-05 06:28
23875,2404,16,5.0,2025-07-25 09:09
23876,845,19,32.5,2025-09-25 15:22
23877,793,3,4.5,2024-12-09 19:38
23878,455,17,4.5,2025-09-01 23:48
23879,1292,10,32.5,2025-08-09 02:26
23880,2238,5,25.5,2025-01-13 07:23
23881,164,18,28.0,2025-09-11 02:25
23882,978,13,18.5,2025-07-11 11:37
23883,1143,26,9.5,2025-03-08 12:55
23884,68,4,14.0,2025-10-17 05:29
23885,886,27,19.5,2025-10-05 01:38
23886,8,16,28.0,2025-10-23 23:15
23887,1932,23,16.0,2025-07-26 21:02
23888,2441,18,14.0,2025-06-11 03:05
23889,1387,22,12.0,2025-01-02 15:05
23890,1549,8,14.0,2025-05-05 01:25
23891,2122,12,14.0,2025-07-09 05:09
23892,2241,17,34.0,2025-07-27 13:10
23893,1892,4,6.5,2025-06-15 02:20
23894,1038,20,4.5,2025-10-10 16:17
23895,1780,2,30.5,2025-11-24 00:14
23896,1135,13,30.5,2025-02-09 05:16
23897,2278,25,20.0,2025-11-15 13:00
23898,901,18,30.5,2025-03-29 11:01
23899,404,26,25.5,2025-05-25 05:02
23900,2128,20,14.5,2025-09-05 10:51
23901,702,21,10.5,2025-04-30 23:23
23902,2142,25,5.0,2025-01-11 03:54
23903,1970,27,24.5,2025-11-17 16:57
23904,1654,6,30.0,2025-10-03 15:43
23905,716,6,14.0,2025-05-31 01:30
23906,1290,17,4.5,2025-06-09 14:35
23907,2178,15,34.0,2024-12-21 04:43
23908,2435,21,20.0,2025-05-15 13:22
23909,2156,1,30.0,2025-08-09 07:15
23910,1902,13,16.0,2025-09-14 01:57
23911,2199,20,9.5,2025-12-03 06:34
23912,970,19,23.0,2025-09-25 20:53
23913,2129,1,26.5,2025-04-08 17:23
23914,1096,5,10.0,2025-06-25 00:14
23915,158,11,12.0,2025-01-30 11:05
23916,2208,25,13.0,2025-03-10 04:11
23917,72,22,32.0,2025-04-06 22:58
23918,805,18,6.5,2025-11-29 20:31
23919,277,2,16.0,2025-06-22 12:43
23920,334,10,12.0,2025-01-31 09:05
23921,2137,3,9.5,2025-07-09 01:17
23922,1423,11,30.0,2025-07-31 14:03
23923,89,8,16.0,2025-03-19 13:38
23924,1683,17,9.5,2024-12-07 20:27
23925,2393,23,35.5,2024-12-09 05:54
23926,699,17,38.0,2025-07-31 17:54
23927,1915,19,26.5,2025-05-12 19:14
23928,1343,21,24.5,2025-03-04 01:49
23929,1764,11,10.0,2025-01-10 15:19
23930,1456,11,23.0,2025-05-09 22:51
23931,2221,25,5.5,2025-08-22 09:19
23932,15,10,25.5,2025-05-23 19:48
23933,1901,7,33.0,2024-12-16 05:24
23934,1686,25,32.0,2025-05-16 13:38
23935,1610,3,6.5,2025-10-12 08:13
23936,387,23,19.0,2024-12-23 02:46
23937,2437,23,20.5,2025-04-23 01:37
23938,1611,13,4.5,2025-01-28 23:49
23939,889,14,10.0,2025-01-09 17:22
23940,2197,25,6.5,2025-05-03 20:02
23941,530,9,6.5,2025-01-06 15:13
23942,730,4,20.0,2025-04-27 14:39
23943,77,9,6.5,2025-01-09 00:57
23944,518,14,26.0,2024-12-27 13:52
23945,2404,25,4.5,2025-02-01 07:06
23946,1963,14,31.0,2025-07-26 22:00
23947,647,22,6.5,2024-12-28 17:25
23948,123,6,14.5,2025-11-21 01:21
23949,120,23,34.5,2025-09-22 08:56
23950,1330,16,21.5,2025-08-30 15:13
23951,1956,25,10.0,2025-08-24 16:43
23952,158,15,26.0,2025-02-09 05:12
23953,1406,12,5.0,2025-11-28 18:28
23954,527,18,30.5,2025-04-28 02:21
23955,918,24,14.0,2024-12-13 22:09
23956,372,23,21.0,2024-12-20 19:17
23957,1094,10,21.5,2025-12-06 03:38
23958,1369,9,4.5,2025-05-12 10:53
23959,59,26,26.0,2025-03-13 06:11
23960,389,23,5.5,2025-10-29 04:16
23961,2423,13,10.5,2025-02-14 14:59
23962,123,23,27.0,2025-03-11 21:12
23963,1173,22,26.0,2025-02-14 21:07
23964,1877,6,15.0,2025-05-30 00:39
23965,457,17,26.5,2025-05-06 19:43
23966,450,7,10.0,2025-01-25 10:49
23967,2491,11,31.0,2025-07-08 02:31
23968,278,26,11.0,2025-01-09 21:52
23969,589,25,23.5,2025-06-04 10:17
23970,1485,21,23.5,2025-09-29 03:52
23971,196,3,26.0,2025-04-05 01:25
23972,407,1,9.0,2025-08-11 21:23
23973,2280,8,15.5,2025-06-10 11:40
23974,1813,12,13.0,2024-12-12 15:49
23975,807,25,9.5,2024-12-13 08:02
23976,1762,11,11.0,2025-11-05 14:19
23977,1563,17,29.0,2025-07-01 09:02
23978,2253,8,33.5,2025-10-22 23:07
23979,1616,14,4.5,2024-12-09 15:44
23980,1511,9,38.0,2025-01-20 18:03
23981,1409,14,34.0,2025-09-17 16:24
23982,934,9,4.5,2025-03-08 12:17
23983,2386,13,28.0,2025-10-09 15:21
23984,605,7,23.5,2025-02-14 17:08
23985,2346,1,6.5,2025-10-25 04:42
23986,361,11,32.5,2025-07-30 11:18
23987,1793,2,29.5,2025-07-14 13:47
23988,1946,26,33.5,2025-01-26 23:43
23989,489,13,31.5,2025-09-15 22:54
23990,863,2,25.5,2024-12-18 19:00
23991,6,13,9.5,2025-04-24 23:10
23992,1834,13,4.5,2025-06-21 02:03
23993,47,9,5.5,2025-04-03 22:40
23994,409,11,5.5,2025-01-01 16:22
23995,1210,17,19.5,2025-07-06 02:43
23996,1810,11,21.0,2025-08-28 20:55
23997,2022,23,5.0,2025-03-24 21:49
23998,2391,14,26.5,2025-01-02 20:50
23999,1802,25,5.5,2025-09-09 00:53
24000,1527,12,5.5,2025-01-21 11:04
24001,109,2,5.5,2025-05-12 15:05
24002,2388,27,22.5,2025-01-13 09:11
24003,998,9,10.0,2025-10-06 05:54
24004,1350,12,16.0,2025-10-08 04:30
24005,1770,11,28.0,2025-01-17 22:29
24006,2247,18,31.5,2025-07-11 15:37
24007,880,25,10.0,2024-12-14 21:54
24008,569,7,35.5,2025-04-23 05:26
24009,244,10,24.5,2025-07-05 13:01
24010,490,27,11.5,2025-01-26 05:48
24011,620,26,9.5,2024-12-09 08:53
24012,20,3,5.0,2025-02-02 06:24
24013,1574,3,10.0,2024-12-28 21:41
24014,1335,13,22.5,2025-05-29 16:40
24015,1920,26,15.5,2025-07-16 17:28
24016,1230,25,9.5,2025-10-23 01:30
24017,1093,27,10.0,2025-02-05 06:16
24018,1981,8,16.0,2025-01-02 16:00
24019,2262,19,21.0,2024-12-16 07:43
24020,962,15,24.5,2025-05-29 13:48
24021,559,7,9.5,2025-01-17 19:28
24022,1134,11,10.0,2025-03-08 09:33
24023,662,22,6.5,2025-04-04 17:33
24024,1855,1,25.5,2025-08-17 23:18
24025,1100,8,20.5,2024-12-14 00:40
24026,2396,9,9.5,2025-11-24 07:22
24027,1828,17,14.0,2025-03-17 07:08
24028,1928,21,9.5,2025-06-26 16:29
24029,1260,22,26.0,2025-09-17 02:46
24030,2082,16,11.0,2025-03-09 06:58
24031,1266,16,10.5,2025-06-20 23:48
24032,2173,2,21.0,2025-07-21 10:42
24033,2151,12,11.0,2025-10-23 23:13
24034,2186,24,36.5,2025-04-08 09:59
24035,13,5,33.5,2025-08-14 10:24
24036,1496,27,9.5,2025-11-05 03:05
24037,2078,18,14.5,2025-11-13 10:13
24038,2243,20,14.5,2025-02-09 00:04
24039,935,13,25.5,2024-12-20 19:58
24040,1232,20,11.5,2025-06-29 00:56
24041,1793,23,19.5,2024-12-14 22:55
24042,819,18,5.0,2025-08-25 10:32
24043,1414,18,36.5,2025-06-27 23:40
24044,776,15,11.0,2025-09-24 05:09
24045,2221,2,21.0,2025-04-23 08:02
24046,1678,17,9.5,2025-08-06 08:15
24047,1495,7,4.5,2025-03-16 03:00
24048,1806,4,25.0,2025-07-02 17:00
24049,958,19,34.0,2025-05-08 17:05
24050,2169,21,11.0,2025-03-07 18:37
24051,2130,18,12.0,2025-07-06 01:16
24052,1188,23,29.0,2025-09-06 06:08
24053,48,11,28.5,2025-06-05 23:10
24054,491,13,22.5,2025-06-22 10:10
24055,778,23,24.0,2025-02-03 11:25
24056,1630,7,15.5,2025-07-22 03:25
24057,2417,19,12.0,2025-08-01 01:54
24058,796,27,11.0,2025-01-07 17:31
24059,2215,17,6.5,2025-07-19 12:10
24060,2425,25,26.5,2025-02-16 02:23
24061,2417,17,18.5,2025-06-28 05:02
24062,596,1,15.0,2025-07-08 19:43
24063,1501,6,33.5,2025-04-11 00:58
24064,1298,18,30.5,2024-12-20 14:31
24065,1098,16,23.5,2024-12-07 22:13
24066,947,17,11.0,2025-03-08 06:04
24067,2451,26,5.0,2024-12-12 19:36
24068,2348,27,34.0,2025-06-15 09:20
24069,340,13,15.0,2025-01-26 08:51
24070,1861,24,20.0,2025-03-02 17:40
24071,1221,16,5.5,2025-04-19 23:15
24072,2374,3,5.0,2025-10-25 21:41
24073,1271,20,20.5,2025-04-28 16:39
24074,1030,11,14.0,2025-09-18 01:04
24075,641,23,35.5,2025-01-24 10:29
24076,1832,7,24.0,2025-10-04 20:36
24077,1367,3,29.0,2025-04-07 17:07
24078,2259,26,19.0,2025-02-28 21:43
24079,1941,16,31.5,2025-04-20 12:27
24080,1983,12,22.0,2025-07-20 20:58
24081,1236,26,26.5,2025-06-05 11:17
24082,1331,2,20.5,2025-07-27 11:31
24083,829,15,25.5,2025-01-04 08:42
24084,615,7,32.0,2025-07-09 20:57
24085,534,2,19.5,2025-05-15 23:07
24086,1720,27,28.5,2025-05-15 11:27
24087,881,8,24.0,2025-10-14 17:30
24088,957,8,5.0,2025-06-14 10:18
24089,893,26,22.5,2025-09-17 04:28
24090,494,21,15.0,2025-06-05 01:37
24091,1684,24,19.5,2025-03-24 09:08
24092,38,17,10.0,2025-01-12 10:37
24093,1936,16,9.5,2025-03-18 16:57
24094,1767,7,35.5,2025-09-24 09:49
24095,1930,18,14.5,2025-03-28 19:38
24096,1861,8,15.5,2025-04-23 20:53
24097,309,19,6.5,2025-11-27 09:46
24098,2276,20,22.0,2025-07-13 14:29
24099,755,24,14.0,2025-05-19 16:50
24100,1341,23,14.0,2025-01-01 17:02
24101,384,8,29.5,2025-10-29 04:59
24102,1908,18,28.0,2025-08-08 23:29
24103,984,19,31.5,2025-01-28 04:17
24104,2470,27,18.5,2025-06-27 04:02
24105,1209,18,6.5,2025-02-17 09:39
24106,1933,3,20.0,2025-01-13 14:28
24107,2020,25,33.0,2025-11-17 06:55
24108,958,7,28.5,2025-08-07 15:47
24109,2332,19,28.0,2025-04-01 09:58
24110,357,27,5.5,2025-06-30 02:36
24111,1663,1,33.0,2025-06-26 02:46
24112,32,20,33.0,2025-08-22 23:05
24113,1801,4,14.0,2025-01-23 15:39
24114,2399,24,11.5,2025-08-11 07:50
24115,180,6,36.0,2025-02-06 12:05
24116,1572,19,5.0,2025-03-13 08:48
24117,907,23,5.5,2025-03-09 15:19
24118,1642,27,11.5,2025-11-22 02:40
24119,1245,16,15.0,2025-10-09 23:25
24120,843,12,18.5,2025-08-17 05:15
24121,420,16,10.0,2025-02-26 21:34
24122,111,19,25.5,2025-10-20 12:32
24123,2491,24,28.5,2025-08-03 09:12
24124,992,10,21.5,2024-12-31 00:25
24125,7,1,36.0,2025-07-09 04:34
24126,157,27,19.0,2025-09-09 23:45
24127,1381,24,5.0,2025-05-14 09:21
24128,2497,9,25.0,2025-04-10 18:57
24129,733,1,9.5,2025-06-18 21:46
24130,2378,2,15.0,2025-11-22 23:33
24131,1205,25,15.5,2025-05-13 15:40
24132,1986,15,15.5,2025-06-25 09:00
24133,2020,10,6.5,2025-07-25 09:31
24134,2428,26,4.5,2025-05-05 01:26
24135,752,26,15.0,2025-07-31 05:56
24136,1338,26,19.0,2025-06-01 05:20
24137,419,1,14.5,2025-07-19 12:27
24138,721,25,14.5,2025-04-02 02:27
24139,444,26,19.5,2025-07-21 03:28
24140,507,23,16.0,2025-04-04 21:55
24141,884,11,16.5,2025-02-27 02:12
24142,2276,6,25.5,2025-02-16 03:14
24143,136,3,18.5,2025-06-30 08:27
24144,358,14,33.5,2025-07-12 03:03
24145,1422,9,5.5,2025-06-16 05:43
24146,412,12,21.0,2025-07-01 00:59
24147,1793,11,35.0,2025-06-20 21:30
24148,574,19,27.5,2025-08-28 03:44
24149,492,19,15.0,2025-09-04 22:25
24150,1903,19,38.5,2025-06-15 11:47
24151,336,24,10.0,2025-08-06 22:04
24152,579,25,30.0,2025-08-04 22:33
24153,870,16,14.0,2025-01-20 00:30
24154,1352,23,27.0,2024-12-12 22:27
24155,1029,14,22.5,2025-03-07 06:09
24156,339,24,34.0,2025-12-04 10:28
24157,716,6,30.0,2025-11-30 16:45
24158,2147,9,4.5,2025-06-16 16:09
24159,2398,12,22.0,2025-04-09 18:19
24160,1766,27,16.5,2025-02-17 16:21
24161,663,8,16.0,2025-04-20 05:45
24162,1249,14,21.5,2025-03-02 12:01
24163,56,10,25.0,2025-10-21 17:14
24164,1766,18,25.0,2025-09-02 14:42
24165,1687,13,17.0,2025-04-13 19:47
24166,619,10,34.0,2025-04-29 11:39
24167,1,14,28.0,2025-05-14 17:03
24168,1464,24,5.0,2025-05-31 14:03
24169,1,6,20.0,2025-04-09 06:49
24170,64,5,4.5,2024-12-15 09:39
24171,150,27,27.5,2025-04-23 20:30
24172,730,11,9.5,2025-03-09 07:39
24173,246,3,27.5,2025-10-08 15:07
24174,867,22,33.5,2025-11-28 13:13
24175,477,5,19.0,2025-03-31 19:03
24176,910,7,11.0,2025-10-29 16:18
24177,1401,9,6.5,2025-05-28 12:47
24178,804,22,19.0,2025-03-02 05:18
24179,1971,11,26.0,2025-03-25 21:56
24180,1866,19,17.5,2024-12-16 16:20
24181,481,20,16.5,2025-11-12 19:34
24182,1831,8,36.0,2025-03-04 14:54
24183,2009,14,10.5,2025-06-28 09:09
24184,1993,1,25.0,2025-03-13 20:26
24185,1294,12,11.5,2025-09-09 21:44
24186,756,5,20.5,2025-01-16 15:05
24187,955,21,35.0,2025-06-12 18:42
24188,826,19,24.0,2025-03-19 21:58
24189,264,24,20.0,2025-06-21 22:05
24190,2071,25,6.5,2025-04-05 13:09
24191,2225,6,20.0,2025-08-14 14:18
24192,2145,19,21.5,2025-05-03 16:37
24193,1154,22,9.5,2025-11-18 09:30
24194,2045,1,17.0,2025-04-24 20:44
24195,654,10,14.0,2025-08-21 09:00
24196,803,2,19.0,2025-04-06 19:34
24197,962,27,29.5,2025-07-08 09:04
24198,944,22,26.0,2025-11-27 03:10
24199,127,11,21.5,2025-01-13 17:54
24200,771,11,15.0,2025-06-01 19:32
24201,2188,9,27.0,2025-04-29 13:22
24202,2177,26,15.0,2025-05-22 04:50
24203,353,27,28.0,2025-06-02 00:27
24204,753,22,21.0,2025-10-18 06:31
24205,2219,7,5.0,2025-07-04 03:39
24206,545,7,16.0,2025-01-06 06:41
24207,2332,15,27.0,2025-02-24 21:25
24208,172,7,19.5,2025-03-28 14:03
24209,1968,7,14.0,2025-05-04 07:20
24210,653,17,30.0,2025-05-08 05:17
24211,1799,17,30.0,2025-01-12 07:06
24212,1970,16,16.0,2024-12-19 10:33
24213,223,25,36.5,2025-06-11 07:56
24214,2215,17,21.5,2025-11-20 04:49
24215,2083,25,21.0,2025-04-13 20:48
24216,1999,24,35.5,2025-09-14 01:23
24217,2041,15,17.0,2025-02-07 23:16
24218,1038,2,24.0,2025-05-01 20:17
24219,2433,18,19.5,2025-09-01 16:12
24220,1325,11,16.5,2025-10-18 08:58
24221,258,23,11.5,2025-06-04 12:13
24222,1163,5,15.0,2025-07-06 22:51
24223,676,20,32.0,2025-07-06 15:47
24224,2331,25,16.5,2025-03-29 12:15
24225,637,24,26.5,2024-12-12 11:41
24226,823,17,9.5,2025-09-27 05:33
24227,2316,24,38.5,2025-01-22 14:35
24228,633,5,26.5,2025-10-06 07:37
24229,426,10,14.5,2025-09-06 17:13
24230,1797,24,9.5,2025-01-07 08:57
24231,1484,19,9.0,2025-02-17 15:58
24232,206,10,28.0,2025-04-24 04:36
24233,1762,18,16.0,2025-09-30 19:15
24234,245,6,10.0,2025-03-13 02:27
24235,1377,23,10.0,2025-11-11 01:07
24236,393,16,5.0,2025-05-24 02:40
24237,1919,11,9.5,2025-03-16 10:18
24238,619,10,11.5,2025-04-22 08:58
24239,1239,25,33.0,2025-10-03 15:46
24240,840,26,32.0,2025-10-14 10:10
24241,1099,17,4.5,2025-04-22 16:53
24242,553,12,21.0,2025-09-26 11:20
24243,253,17,19.0,2025-02-27 18:04
24244,2100,9,38.5,2025-06-08 09:51
24245,1901,16,25.0,2025-04-24 04:18
24246,1966,24,25.5,2025-09-20 18:58
24247,2109,2,23.5,2025-04-22 17:30
24248,548,8,35.5,2025-07-16 23:38
24249,309,20,19.0,2025-08-29 02:24
24250,1515,14,19.5,2025-02-02 06:29
24251,1035,22,14.0,2025-06-18 06:43
24252,283,18,29.5,2025-01-01 16:05
24253,1553,3,13.0,2025-09-13 05:35
24254,745,4,21.5,2024-12-15 02:34
24255,2376,12,11.0,2025-05-03 20:54
24256,2238,6,28.0,2025-04-19 05:45
24257,2129,4,30.5,2025-03-19 18:30
24258,2070,24,31.5,2025-07-12 10:10
24259,2493,22,13.0,2025-01-20 06:26
24260,579,24,5.5,2025-04-10 16:50
24261,236,5,29.0,2025-02-03 03:20
24262,266,24,25.0,2025-04-22 20:22
24263,1383,24,5.5,2025-04-30 13:11
24264,214,19,33.5,2025-08-14 20:03
24265,443,1,26.0,2025-10-12 12:38
24266,1395,21,5.5,2025-11-05 08:24
24267,1162,10,4.5,2025-10-19 22:47
24268,642,19,9.5,2025-08-20 04:43
24269,1017,24,27.0,2024-12-08 05:56
24270,464,23,15.0,2024-12-16 10:26
24271,1547,10,14.0,2024-12-29 01:23
24272,457,9,5.0,2025-06-02 04:33
24273,358,6,24.5,2025-01-10 11:48
24274,965,20,4.5,2025-02-07 04:43
24275,186,16,9.5,2025-10-11 11:34
24276,986,16,18.5,2024-12-25 09:17
24277,618,22,18.0,2025-09-02 15:03
24278,2057,25,36.0,2025-08-01 08:13
24279,1161,3,34.5,2025-10-25 12:04
24280,1207,5,28.5,2025-03-18 23:58
24281,1282,26,18.5,2025-12-04 14:05
24282,2386,26,36.5,2025-10-16 09:52
24283,543,16,9.5,2025-03-06 13:27
24284,269,23,27.5,2025-04-13 13:54
24285,1624,14,5.0,2025-04-14 13:02
24286,460,15,19.5,2025-05-19 12:10
24287,2332,8,21.5,2025-09-21 14:31
24288,1110,4,21.0,2025-08-18 10:52
24289,1171,20,10.0,2025-12-02 05:26
24290,140,13,16.0,2025-04-23 10:42
24291,1479,5,9.5,2025-01-17 03:43
24292,619,6,32.0,2025-05-01 22:07
24293,492,3,9.0,2025-09-22 20:49
24294,2253,6,4.5,2025-06-26 13:51
24295,629,2,16.0,2025-07-21 10:07
24296,2055,6,21.5,2025-04-29 10:31
24297,827,17,35.0,2025-04-26 22:42
24298,2213,9,16.5,2025-04-05 03:01
24299,116,10,15.5,2025-10-17 21:16
24300,366,20,5.0,2025-07-24 00:38
24301,2202,15,19.0,2025-07-05 16:36
24302,1850,1,5.0,2025-07-30 19:13
24303,2035,6,5.5,2025-04-28 05:10
24304,1969,24,19.5,2025-11-29 11:08
24305,1649,23,17.5,2025-05-08 17:19
24306,1714,22,9.0,2025-04-15 04:44
24307,1511,1,25.5,2025-04-18 22:20
24308,1977,15,23.0,2025-02-01 12:10
24309,514,18,24.0,2025-03-31 19:45
24310,1987,24,20.5,2025-07-06 18:43
24311,2143,25,4.5,2025-05-17 16:57
24312,282,14,16.0,2024-12-24 19:22
24313,1340,18,15.0,2025-01-27 13:02
24314,783,5,13.0,2025-08-29 14:30
24315,430,19,5.5,2025-07-23 11:15
24316,232,20,29.0,2025-04-28 21:36
24317,905,10,5.5,2025-10-06 16:20
24318,1519,12,20.5,2025-09-06 02:55
24319,2314,18,16.0,2025-06-12 05:58
24320,903,7,16.0,2025-01-26 15:03
24321,2416,25,24.0,2025-08-01 11:54
24322,195,22,32.5,2025-09-19 08:58
24323,12,9,15.0,2025-05-07 16:27
24324,671,1,5.0,2025-03-01 18:30
24325,368,10,18.5,2025-04-25 21:07
24326,409,8,9.5,2024-12-15 06:12
24327,672,9,29.5,2025-07-20 20:13
24328,819,6,16.0,2025-06-28 23:18
24329,731,24,14.0,2025-10-03 11:11
24330,1402,19,11.0,2025-10-26 15:37
24331,1929,11,29.0,2025-02-04 16:01
24332,250,13,14.5,2025-05-28 19:07
24333,795,16,5.0,2025-01-31 06:50
24334,2262,18,19.5,2025-06-15 17:23
24335,515,17,14.5,2025-03-04 01:43
24336,875,6,22.5,2025-07-01 18:52
24337,859,7,16.0,2025-11-06 11:38
24338,2091,19,20.5,2025-11-15 16:31
24339,378,25,17.5,2025-09-13 13:27
24340,1450,19,29.0,2025-01-11 07:00
24341,2202,1,14.0,2025-02-11 07:02
24342,311,7,20.5,2024-12-23 17:53
24343,524,17,14.0,2024-12-10 08:21
24344,1612,5,24.0,2025-12-02 11:30
24345,540,19,20.0,2025-07-03 04:18
24346,1896,12,20.0,2025-08-24 14:03
24347,1954,25,11.5,2025-10-05 22:13
24348,2460,7,20.5,2025-09-21 20:33
24349,1743,25,10.5,2025-11-25 14:38
24350,190,26,30.5,2025-01-10 23:59
24351,1173,27,9.5,2025-11-29 23:05
24352,1655,10,13.0,2025-09-26 14:00
24353,221,19,27.0,2025-11-13 04:19
24354,1360,18,28.0,2025-11-11 03:35
24355,181,20,16.5,2024-12-23 03:06
24356,2020,9,21.5,2025-10-14 20:20
24357,1381,4,10.5,2025-08-13 12:08
24358,2324,18,14.5,2025-10-19 00:41
24359,1712,18,30.5,2025-06-29 04:41
24360,1146,16,29.5,2025-08-23 10:21
24361,431,18,35.0,2025-05-02 23:01
24362,2128,15,35.0,2025-03-06 18:56
24363,1976,3,30.0,2025-09-30 08:34
24364,2189,18,14.0,2025-07-30 14:50
24365,1661,3,5.0,2025-02-09 10:42
24366,1631,19,33.5,2025-06-10 22:31
24367,2064,10,16.0,2025-05-27 08:18
24368,2475,16,41.5,2025-06-29 19:39
24369,440,25,17.0,2025-02-09 17:30
24370,2082,15,14.0,2025-01-20 21:57
24371,19,9,14.0,2024-12-17 02:40
24372,447,11,30.5,2025-03-07 07:25
24373,1144,2,21.0,2025-09-26 05:16
24374,2136,7,32.5,2025-06-18 03:40
24375,2353,17,5.0,2025-10-07 08:21
24376,602,22,16.0,2025-05-04 02:10
24377,2307,12,17.0,2025-05-22 17:39
24378,1770,25,15.5,2025-07-05 06:45
24379,858,5,21.5,2025-01-31 20:29
24380,532,12,20.5,2024-12-20 08:25
24381,1075,12,4.5,2025-04-14 05:49
24382,1178,22,26.5,2025-05-26 05:01
24383,261,3,17.5,2025-02-19 19:12
24384,1174,14,9.5,2025-04-19 19:27
24385,1274,2,37.5,2025-05-25 08:53
24386,201,6,11.5,2025-08-25 18:38
24387,1906,26,4.5,2025-03-11 14:21
24388,646,5,15.0,2025-08-31 20:25
24389,21,7,11.0,2025-06-25 18:50
24390,431,24,23.5,2025-02-02 23:08
24391,1284,15,32.0,2025-04-04 17:38
24392,1807,20,4.5,2025-06-24 14:23
24393,947,8,20.5,2025-08-20 21:52
24394,1757,17,23.5,2025-02-04 03:29
24395,1211,2,25.5,2025-08-13 11:33
24396,258,13,13.0,2025-08-01 23:38
24397,1221,2,21.5,2025-06-24 19:19
24398,365,7,10.0,2025-01-29 05:55
24399,1515,22,25.5,2024-12-07 20:35
24400,2272,9,21.5,2025-06-23 13:21
24401,2477,10,16.5,2025-06-23 19:11
24402,1697,24,19.5,2024-12-12 22:23
24403,210,21,23.0,2025-06-22 08:01
24404,1860,9,15.0,2024-12-13 09:22
24405,2198,24,20.0,2025-06-14 04:49
24406,2440,2,34.0,2025-10-11 11:55
24407,1024,20,16.0,2025-05-31 11:35
24408,1980,4,27.5,2025-03-13 18:19
24409,2337,18,10.0,2025-09-29 05:31
24410,285,23,5.0,2025-11-08 00:20
24411,1544,15,33.5,2025-04-09 18:09
24412,304,26,35.0,2025-10-11 02:44
24413,106,4,17.5,2025-06-09 08:12
24414,310,7,19.0,2025-09-30 22:23
24415,1796,24,30.5,2025-10-12 23:40
24416,465,2,32.5,2025-10-17 02:22
24417,1193,18,31.0,2025-05-08 19:37
24418,1059,20,16.0,2025-02-14 04:16
24419,288,17,4.5,2025-01-17 02:42
24420,1376,18,33.0,2025-05-08 01:13
24421,1285,13,18.0,2025-10-21 05:22
24422,265,11,15.5,2025-07-05 20:45
24423,1860,4,30.0,2025-06-30 05:22
24424,2166,24,30.0,2025-05-26 22:32
24425,1992,16,9.5,2025-09-18 17:24
24426,1696,16,19.0,2025-03-14 21:56
24427,1970,14,16.0,2025-10-16 03:21
24428,481,2,14.5,2025-09-13 14:26
24429,621,3,21.0,2025-01-26 00:40
24430,394,20,18.5,2025-01-15 07:19
24431,1125,14,17.5,2025-02-13 20:39
24432,810,15,31.0,2025-04-14 13:11
24433,2278,9,19.0,2025-08-27 14:22
24434,2409,18,5.0,2025-03-07 02:37
24435,1212,6,19.5,2025-06-08 20:59
24436,388,11,33.5,2025-03-12 16:31
24437,1278,4,19.5,2025-04-20 23:07
24438,807,22,30.0,2025-03-20 16:21
24439,2342,2,9.5,2025-09-30 21:21
24440,1597,18,22.5,2025-11-03 21:48
24441,1683,27,10.0,2025-01-21 21:27
24442,905,7,29.0,2025-05-21 10:07
24443,683,24,27.5,2025-10-01 13:09
24444,383,16,15.0,2025-07-24 10:12
24445,487,21,29.0,2025-05-04 19:21
24446,2175,8,5.0,2025-03-26 07:43
24447,1295,18,30.5,2025-05-09 23:43
24448,707,17,9.5,2025-10-29 15:58
24449,1172,14,11.0,2025-07-09 07:30
24450,1067,27,6.5,2025-11-09 09:53
24451,977,6,31.5,2025-08-09 08:31
24452,65,25,4.5,2025-02-18 17:11
24453,1610,12,17.0,2025-06-27 09:33
24454,2392,11,6.5,2025-05-13 01:13
24455,2007,7,28.5,2025-05-04 02:20
24456,2459,19,28.0,2025-11-19 08:22
24457,402,3,17.0,2025-11-15 19:05
24458,2089,16,15.0,2025-03-15 18:14
24459,1155,2,10.0,2025-11-22 21:17
24460,1751,9,30.0,2025-11-16 06:20
24461,2100,17,5.0,2025-11-07 15:32
24462,328,23,26.0,2025-10-13 13:15
24463,2240,26,31.5,2025-03-23 15:13
24464,1854,4,26.0,2024-12-29 05:33
24465,2270,13,9.0,2025-01-30 14:08
24466,2407,21,11.5,2025-04-27 22:20
24467,1380,19,16.0,2025-07-13 07:14
24468,2442,5,6.5,2025-11-28 22:27
24469,1713,18,6.5,2025-12-01 18:33
24470,2103,24,15.5,2025-09-02 15:14
24471,177,24,29.0,2024-12-22 20:54
24472,1041,10,9.5,2025-08-10 05:22
24473,1596,16,28.0,2025-08-22 04:45
24474,743,26,37.5,2025-09-16 12:29
24475,244,27,5.0,2025-06-28 17:35
24476,740,2,24.0,2025-08-04 23:18
24477,718,24,20.5,2025-10-04 00:21
24478,428,26,15.5,2024-12-30 02:49
24479,158,10,30.5,2025-08-15 08:12
24480,206,15,9.5,2025-03-19 21:41
24481,1734,23,23.5,2025-08-24 19:28
24482,438,13,21.5,2025-11-02 08:09
24483,1514,23,11.0,2025-06-10 12:24
24484,2369,5,22.0,2025-03-28 00:23
24485,2222,27,29.0,2025-09-14 21:31
24486,2448,3,21.0,2025-09-03 11:52
24487,906,22,34.0,2025-02-07 09:57
24488,1469,10,32.5,2025-06-22 18:44
24489,302,27,20.5,2025-03-18 15:13
24490,455,24,15.0,2025-11-16 20:28
24491,1296,20,9.5,2025-04-21 12:15
24492,2374,9,13.0,2025-10-26 12:39
24493,1082,26,6.5,2025-06-23 03:43
24494,935,11,33.0,2025-09-20 16:56
24495,931,8,28.0,2025-03-24 05:12
24496,1036,22,30.0,2025-11-20 16:05
24497,1857,18,30.0,2025-08-25 22:38
24498,613,15,28.5,2025-06-05 13:19
24499,2495,25,6.5,2025-06-21 06:16
24500,166,3,5.0,2025-02-08 22:48
24501,2308,19,5.5,2025-05-13 08:38
24502,1670,10,24.0,2025-01-15 06:20
24503,849,16,30.0,2025-10-30 18:19
24504,2222,11,14.5,2025-10-12 03:45
24505,247,17,9.5,2025-04-04 23:32
24506,148,8,25.0,2025-09-09 04:06
24507,1833,27,31.0,2025-03-14 13:09
24508,1231,3,9.5,2025-10-13 20:38
24509,2271,5,6.5,2025-05-27 08:33
24510,904,8,36.0,2025-07-06 04:24
24511,917,17,5.5,2025-11-03 15:23
24512,1731,24,29.5,2025-01-26 19:04
24513,1100,23,24.5,2025-10-06 11:45
24514,219,10,5.5,2025-11-30 14:30
24515,1273,14,21.0,2025-01-09 07:37
24516,744,24,23.5,2025-06-11 10:13
24517,365,2,21.0,2025-10-10 16:11
24518,312,4,31.0,2025-04-11 07:27
24519,2366,16,5.5,2025-08-03 12:07
24520,522,6,16.0,2025-08-29 16:05
24521,1460,7,27.0,2025-04-15 10:40
24522,653,18,9.5,2025-07-02 16:45
24523,1477,13,31.0,2024-12-07 09:07
24524,140,25,15.0,2025-08-22 14:46
24525,400,9,10.0,2025-09-06 23:40
24526,1979,13,11.0,2025-05-24 04:58
24527,1604,26,20.5,2025-06-22 18:53
24528,1010,15,15.5,2025-03-23 14:12
24529,2246,22,39.5,2025-04-05 04:39
24530,2239,1,5.5,2025-04-29 04:24
24531,1325,13,25.0,2025-06-14 08:04
24532,1817,1,18.5,2025-02-21 03:29
24533,1082,9,6.5,2025-06-05 04:43
24534,1003,5,34.0,2025-06-17 20:20
24535,1805,23,11.5,2025-11-04 14:01
24536,2038,13,18.5,2025-07-15 08:58
24537,2051,11,38.0,2025-07-17 05:23
24538,580,17,5.0,2025-10-13 00:03
24539,747,11,26.0,2025-09-20 05:40
24540,1414,19,6.5,2025-11-27 16:46
24541,703,17,26.5,2024-12-11 12:28
24542,1985,7,6.5,2025-09-01 17:18
24543,2014,9,9.5,2025-07-08 06:05
24544,404,19,36.0,2025-02-20 15:48
24545,1811,16,21.0,2025-04-28 15:18
24546,791,12,6.5,2025-05-31 18:26
24547,1315,19,5.5,2025-01-18 04:10
24548,1370,12,26.0,2025-01-13 17:59
24549,116,11,25.0,2025-08-17 06:37
24550,273,17,16.0,2025-01-10 00:27
24551,1773,14,6.5,2025-11-15 03:08
24552,570,18,5.5,2025-08-11 17:53
24553,1471,12,14.0,2025-10-20 07:11
24554,1713,2,36.5,2025-06-04 17:58
24555,583,11,25.5,2025-08-15 01:48
24556,1741,10,6.5,2025-07-05 23:38
24557,2469,4,13.0,2025-04-06 22:16
24558,1249,4,11.0,2025-03-28 04:54
24559,496,27,5.5,2025-03-19 11:51
24560,341,25,23.5,2025-03-09 13:11
24561,2305,19,32.5,2025-08-16 22:41
24562,1136,1,25.5,2025-09-30 00:45
24563,1513,8,25.5,2025-02-12 02:45
24564,1750,3,26.0,2025-06-29 22:47
24565,2143,18,28.0,2025-03-07 10:05
24566,778,5,4.5,2025-02-04 17:15
24567,953,25,29.5,2025-03-12 15:15
24568,39,25,9.5,2025-11-16 14:54
24569,851,14,23.0,2025-05-14 08:36
24570,1504,17,31.5,2025-03-01 13:29
24571,539,26,17.0,2025-06-07 07:58
24572,358,14,9.5,2025-01-06 17:08
24573,2011,27,5.0,2025-03-03 13:42
24574,351,15,20.5,2025-10-05 10:59
24575,1158,6,25.5,2025-01-22 22:39
24576,1413,10,14.0,2025-08-29 04:51
24577,1282,27,16.0,2025-09-03 16:28
24578,357,2,16.0,2025-09-01 21:46
24579,2117,5,21.5,2025-09-13 22:24
24580,1955,12,11.0,2024-12-23 16:02
24581,866,1,19.0,2025-10-30 06:31
24582,31,26,39.0,2025-10-08 19:52
24583,180,27,14.0,2025-08-23 02:14
24584,1122,2,4.5,2025-09-07 18:45
24585,1753,20,19.5,2025-01-23 23:48
24586,2168,12,14.5,2025-01-14 23:47
24587,2260,19,35.5,2025-11-27 00:31
24588,18,26,23.5,2024-12-11 08:38
24589,381,10,6.5,2025-10-11 12:58
24590,1778,11,28.0,2025-11-13 18:41
24591,303,24,34.0,2025-05-16 20:26
24592,425,10,12.0,2025-07-07 03:17
24593,1472,14,26.5,2025-09-05 04:12
24594,875,13,26.0,2025-02-03 05:35
24595,1912,19,4.5,2025-09-07 04:05
24596,875,26,29.0,2025-12-06 00:19
24597,1609,3,23.5,2024-12-28 06:42
24598,2407,22,6.5,2025-05-02 03:21
24599,1605,12,23.5,2025-02-04 14:05
24600,2286,20,19.0,2025-04-04 03:53
24601,696,10,20.0,2025-06-19 13:15
24602,1777,20,9.5,2025-03-18 11:25
24603,1574,16,10.5,2025-07-21 07:10
24604,2127,23,17.5,2025-11-21 16:29
24605,226,16,17.0,2025-01-26 06:37
24606,1149,9,25.5,2025-01-26 03:17
24607,1690,25,15.0,2025-12-01 02:54
24608,2361,22,31.5,2025-08-14 16:53
24609,279,9,14.5,2025-11-21 03:18
24610,1560,3,6.5,2025-03-19 15:29
24611,2350,4,14.5,2025-11-15 12:22
24612,1528,3,4.5,2025-08-29 12:29
24613,1566,27,21.0,2025-10-29 16:55
24614,1074,24,9.5,2025-10-23 15:47
24615,1385,9,16.0,2025-11-27 06:36
24616,2004,5,35.5,2025-11-15 20:50
24617,1098,23,29.0,2025-03-26 16:31
24618,641,7,16.5,2025-01-17 09:01
24619,1179,14,14.5,2025-09-18 18:56
24620,1038,4,24.0,2025-03-06 15:05
24621,984,13,10.5,2025-02-01 12:56
24622,54,17,20.5,2025-11-27 20:33
24623,2297,7,11.5,2025-07-06 10:49
24624,1114,9,9.5,2025-05-26 07:21
24625,2052,22,5.5,2025-04-01 11:22
24626,1344,17,25.5,2024-12-18 01:46
24627,1434,27,12.0,2025-01-24 20:50
24628,201,10,25.0,2025-05-26 07:54
24629,2304,8,5.5,2025-07-13 11:07
24630,916,22,6.5,2025-04-04 01:23
24631,1891,22,20.0,2025-10-08 18:34
24632,47,8,34.0,2025-04-08 23:52
24633,2359,20,29.0,2025-01-07 06:01
24634,1190,19,11.0,2025-04-18 02:07
24635,1515,18,22.0,2025-02-10 15:10
24636,2104,6,20.0,2025-02-28 23:56
24637,1833,7,9.5,2025-05-16 16:33
24638,1964,5,6.5,2025-05-29 11:56
24639,1466,3,15.0,2025-08-30 12:26
24640,229,23,9.5,2025-11-14 13:32
24641,2466,27,20.0,2025-02-19 05:32
24642,1253,24,28.0,2024-12-12 19:15
24643,1289,8,25.5,2025-05-23 03:51
24644,987,11,31.0,2025-08-14 20:08
24645,840,22,21.0,2025-04-19 13:08
24646,1222,9,30.0,2025-05-26 21:54
24647,904,12,31.5,2025-07-28 23:30
24648,940,4,32.0,2025-06-10 22:28
24649,976,14,26.0,2025-04-13 13:15
24650,946,20,18.0,2025-11-14 05:01
24651,610,2,24.5,2025-10-08 19:39
24652,1746,24,36.5,2025-04-05 23:22
24653,594,16,23.5,2025-11-24 12:14
24654,609,13,16.5,2025-10-13 04:22
24655,142,6,27.0,2025-01-09 03:00
24656,295,4,25.0,2025-06-26 15:31
24657,642,1,9.5,2025-03-16 07:48
24658,349,17,6.5,2025-09-05 06:51
24659,1390,12,31.0,2025-10-15 07:35
24660,853,17,9.5,2025-05-08 18:49
24661,1039,17,40.5,2025-07-23 13:33
24662,1296,8,24.5,2025-02-07 23:19
24663,1522,25,35.5,2025-09-05 17:36
24664,1638,17,23.5,2025-11-04 10:04
24665,1866,11,13.0,2025-07-25 16:28
24666,301,19,14.5,2025-09-25 00:08
24667,2374,4,25.5,2025-03-30 23:44
24668,702,23,16.0,2025-11-12 07:08
24669,1672,10,9.5,2025-01-08 14:23
24670,111,22,11.5,2025-02-09 14:18
24671,1603,9,26.0,2025-09-14 16:14
24672,589,24,35.5,2025-10-14 15:36
24673,1454,12,30.5,2025-04-16 11:20
24674,662,25,22.0,2025-12-04 04:43
24675,2006,10,6.5,2025-08-15 03:11
24676,2497,27,31.5,2025-10-21 20:42
24677,1615,6,5.5,2025-11-24 13:55
24678,1620,16,6.5,2025-08-04 18:24
24679,1404,6,23.5,2025-03-29 21:53
24680,2224,21,5.5,2025-07-16 21:22
24681,1670,21,11.5,2025-10-11 06:22
24682,1899,22,30.5,2025-06-09 09:05
24683,1099,14,19.0,2025-07-03 19:17
24684,1166,7,4.5,2025-05-23 08:28
24685,2443,24,16.5,2025-07-29 22:20
24686,2059,21,14.5,2025-01-23 07:03
24687,1355,9,11.5,2025-06-17 07:06
24688,399,15,4.5,2025-06-04 06:38
24689,347,2,20.0,2025-07-21 12:20
24690,2471,16,25.5,2025-10-05 11:20
24691,1071,24,35.5,2025-06-03 02:55
24692,957,15,27.0,2025-09-28 22:36
24693,1212,4,18.0,2025-07-14 22:16
24694,78,12,14.5,2025-04-29 00:37
24695,485,7,32.5,2025-07-08 10:50
24696,657,27,4.5,2025-05-18 20:22
24697,1254,12,10.5,2025-02-27 05:01
24698,2368,7,19.0,2025-05-10 13:30
24699,689,1,11.5,2025-04-12 11:05
24700,1483,11,20.5,2025-06-23 19:31
24701,491,20,25.5,2025-02-02 20:04
24702,693,23,25.0,2025-06-07 07:31
24703,2198,13,20.5,2025-05-27 18:32
24704,1139,22,9.5,2025-06-07 05:09
24705,2074,22,10.0,2025-08-16 11:08
24706,244,23,5.0,2025-01-28 00:07
24707,339,2,5.0,2025-07-18 11:22
24708,1243,6,19.0,2025-10-31 00:47
24709,1355,11,9.5,2025-04-19 18:28
24710,18,8,9.5,2025-09-17 05:08
24711,249,5,9.0,2025-04-22 08:00
24712,1255,21,26.5,2025-11-21 11:44
24713,117,22,35.5,2025-08-11 04:18
24714,1134,9,17.5,2025-04-15 07:45
24715,1389,19,14.0,2025-09-13 11:14
24716,632,5,5.0,2025-02-17 02:40
24717,1583,25,30.5,2025-06-01 10:08
24718,346,24,24.0,2025-02-20 23:22
24719,1881,8,38.0,2025-06-18 14:23
24720,2071,20,24.0,2025-09-24 04:56
24721,42,18,11.5,2025-03-04 17:26
24722,1552,6,28.5,2025-04-23 03:20
24723,1970,4,15.0,2024-12-20 18:53
24724,1950,8,29.5,2024-12-09 15:51
24725,1001,9,36.5,2025-02-11 15:49
24726,1266,20,6.5,2025-02-04 10:06
24727,498,20,14.5,2025-01-22 00:54
24728,2262,13,5.0,2025-06-17 19:33
24729,2408,27,28.5,2025-09-04 09:35
24730,862,18,25.5,2025-09-05 13:44
24731,1418,25,21.5,2025-08-26 15:38
24732,1359,13,9.5,2025-07-27 23:59
24733,1047,2,30.5,2025-04-13 19:28
24734,2122,27,16.5,2025-05-29 05:28
24735,2442,22,10.0,2025-04-03 01:20
24736,168,9,29.0,2025-05-03 06:32
24737,418,19,27.0,2025-06-29 14:58
24738,536,10,6.5,2025-01-03 22:35
24739,1117,21,9.5,2025-08-01 15:49
24740,514,20,23.5,2025-09-05 14:24
24741,445,18,28.0,2025-01-23 04:46
24742,1983,11,9.5,2025-05-31 13:59
24743,2235,11,43.0,2025-07-25 12:18
24744,688,8,6.5,2025-04-26 20:42
24745,2063,1,29.0,2025-04-17 15:01
24746,773,16,23.5,2024-12-17 01:53
24747,1307,13,15.0,2025-03-10 11:02
24748,370,6,30.5,2025-08-30 16:17
24749,2282,26,24.0,2025-04-21 08:21
24750,1774,19,21.0,2025-02-28 12:15
24751,1214,9,4.5,2025-01-05 11:29
24752,337,15,10.0,2025-01-16 04:20
24753,815,13,19.0,2025-05-27 04:53
24754,1369,5,9.5,2025-07-29 09:31
24755,1988,4,5.0,2025-05-14 09:31
24756,143,9,16.0,2025-08-10 05:32
24757,1009,27,25.5,2025-04-18 01:39
24758,805,12,16.0,2025-03-06 19:39
24759,765,10,27.5,2025-01-17 05:52
24760,609,15,15.5,2025-09-23 13:30
24761,59,25,30.0,2025-03-10 02:11
24762,946,10,25.5,2025-01-14 12:54
24763,576,8,4.5,2025-02-10 06:47
24764,433,26,5.5,2025-09-15 00:38
24765,794,22,6.5,2025-07-31 08:10
24766,1651,7,6.5,2025-08-15 04:32
24767,151,1,5.0,2025-08-01 18:28
24768,52,27,18.5,2025-04-02 09:11
24769,816,23,15.0,2025-01-15 10:29
24770,672,10,29.0,2025-04-06 06:30
24771,1090,16,29.5,2025-02-23 20:35
24772,1099,3,22.5,2024-12-17 04:24
24773,54,20,30.0,2025-07-03 07:31
24774,787,3,12.0,2025-04-17 23:08
24775,1067,1,14.0,2024-12-16 09:09
24776,1397,8,26.0,2024-12-10 19:08
24777,318,12,15.5,2025-05-09 18:10
24778,65,23,24.5,2025-09-23 06:33
24779,1526,4,6.5,2025-04-01 02:09
24780,497,3,5.5,2025-06-13 18:48
24781,2266,25,6.5,2025-03-01 22:26
24782,1228,8,28.0,2025-07-05 06:33
24783,1103,7,15.0,2025-01-05 14:07
24784,2281,19,29.0,2025-02-20 03:06
24785,2314,21,25.5,2025-07-23 15:33
24786,667,9,11.0,2025-03-06 12:49
24787,729,17,14.0,2025-02-03 11:55
24788,926,15,6.5,2025-07-13 12:18
24789,1878,17,25.0,2025-09-11 04:01
24790,858,12,5.5,2025-06-27 08:50
24791,494,1,19.0,2025-12-03 23:03
24792,1302,1,23.5,2024-12-13 13:59
24793,59,3,6.5,2024-12-09 23:16
24794,2257,21,19.5,2025-12-02 15:05
24795,52,26,25.5,2024-12-13 05:49
24796,2232,14,5.5,2025-06-23 17:17
24797,2382,25,21.0,2025-03-27 18:44
24798,1565,23,27.5,2025-08-07 22:12
24799,1889,8,5.5,2025-03-31 15:24
24800,269,4,29.0,2025-07-13 00:37
24801,2446,9,35.5,2025-08-20 09:09
24802,1765,7,9.5,2025-06-10 03:57
24803,2411,2,17.0,2025-02-14 21:57
24804,1739,2,15.5,2025-01-11 00:11
24805,2428,2,24.5,2025-09-23 20:22
24806,1784,6,29.5,2025-01-25 01:46
24807,1383,14,5.0,2025-03-20 03:07
24808,2030,24,30.0,2025-06-30 21:33
24809,1498,20,20.5,2025-11-02 02:54
24810,586,1,26.5,2025-11-23 11:38
24811,475,4,26.5,2025-02-01 14:36
24812,505,16,22.0,2025-11-25 10:03
24813,397,5,40.0,2025-04-19 06:07
24814,1030,5,21.5,2025-01-09 19:01
24815,1723,1,16.0,2024-12-24 14:20
24816,2389,19,36.0,2025-08-19 07:45
24817,1576,23,9.0,2025-05-13 22:17
24818,1296,14,5.5,2025-11-22 02:55
24819,943,7,9.5,2025-11-27 17:47
24820,1817,26,5.5,2025-10-26 17:22
24821,1354,20,20.5,2025-05-09 08:42
24822,271,7,16.0,2025-02-04 15:14
24823,1282,23,27.0,2024-12-25 01:17
24824,22,20,20.0,2024-12-28 09:18
24825,5,15,29.0,2025-11-20 12:51
24826,585,25,22.5,2025-08-31 17:10
24827,125,27,19.5,2025-11-07 07:40
24828,852,7,32.5,2025-05-03 21:02
24829,283,18,19.0,2025-01-27 02:34
24830,473,21,11.0,2025-11-21 02:06
24831,1510,12,11.0,2025-05-31 03:11
24832,440,25,26.5,2025-06-02 08:52
24833,1235,7,15.0,2024-12-18 14:38
24834,1005,18,27.0,2025-01-16 21:15
24835,2060,5,32.5,2025-03-22 00:18
24836,545,27,27.0,2025-08-04 18:28
24837,2215,3,24.5,2025-02-22 07:53
24838,2167,7,26.5,2025-07-05 02:18
24839,920,1,33.5,2025-11-29 23:28
24840,1382,11,28.5,2025-07-02 04:23
24841,2324,11,24.0,2025-11-07 18:30
24842,1874,22,10.5,2025-01-11 17:35
24843,534,17,11.5,2025-06-28 14:35
24844,1943,22,14.0,2025-03-26 00:47
24845,1485,18,23.5,2025-11-21 05:46
24846,1813,23,17.5,2025-09-08 05:07
24847,567,20,21.0,2025-10-14 18:41
24848,1608,3,19.0,2024-12-13 15:53
24849,1624,9,16.0,2025-01-24 05:57
24850,266,24,15.0,2025-12-04 18:57
24851,322,2,22.5,2025-10-08 23:29
24852,1239,23,24.5,2025-09-03 18:31
24853,867,22,16.0,2025-06-06 12:12
24854,2479,24,32.0,2025-03-27 11:52
24855,260,18,10.0,2025-02-08 05:10
24856,2179,19,19.5,2025-03-30 10:27
24857,1774,12,4.5,2025-03-03 16:00
24858,1065,8,15.0,2025-10-17 05:36
24859,1815,20,31.0,2025-05-21 06:05
24860,146,18,26.5,2025-02-07 07:00
24861,981,20,35.0,2025-02-22 23:51
24862,1198,7,22.0,2025-01-16 10:22
24863,1747,13,4.5,2025-08-20 06:26
24864,2007,6,15.5,2025-08-23 06:28
24865,2213,19,20.5,2025-06-22 05:29
24866,1702,21,15.0,2025-09-25 17:15
24867,1123,8,24.5,2025-11-29 12:32
24868,1968,25,16.0,2025-04-01 00:25
24869,730,12,12.0,2025-01-21 16:18
24870,1582,11,16.0,2025-07-07 08:58
24871,1801,5,18.0,2025-01-17 18:28
24872,65,10,15.0,2025-09-23 12:19
24873,963,14,29.5,2025-08-12 20:02
24874,862,19,11.0,2025-06-17 14:59
24875,2298,17,18.0,2024-12-10 13:59
24876,374,7,10.0,2025-02-09 07:11
24877,882,23,35.5,2025-06-08 06:34
24878,1643,13,11.0,2025-05-19 11:45
24879,1444,14,28.0,2025-05-27 11:12
24880,1783,25,28.5,2025-09-14 15:37
24881,2210,21,16.5,2025-01-24 08:31
24882,839,1,11.5,2025-04-28 06:02
24883,756,1,11.5,2024-12-18 11:36
24884,1118,26,26.0,2025-05-12 12:23
24885,1893,18,9.5,2025-07-01 01:29
24886,2408,2,5.0,2024-12-20 19:11
24887,1863,24,27.5,2025-06-30 01:03
24888,8,19,9.5,2025-08-31 04:26
24889,1144,24,9.5,2024-12-13 14:00
24890,358,26,31.5,2025-11-12 19:05
24891,728,24,31.0,2025-07-20 06:28
24892,1712,24,30.0,2025-07-29 09:32
24893,640,7,14.0,2025-07-24 10:24
24894,1438,5,6.5,2025-07-11 10:13
24895,1187,3,9.5,2025-11-26 13:36
24896,181,22,11.5,2025-05-19 19:35
24897,1935,19,20.0,2025-04-18 04:20
24898,1567,2,9.5,2025-03-18 16:01
24899,2282,24,24.5,2025-08-01 01:48
24900,2154,4,21.5,2025-02-05 01:22
24901,569,3,34.0,2025-03-17 06:53
24902,1456,7,40.0,2025-08-07 17:46
24903,11,11,5.5,2025-04-01 23:09
24904,1399,25,10.0,2025-09-18 10:59
24905,2380,6,32.5,2025-01-05 21:05
24906,1043,13,6.5,2025-01-06 23:00
24907,130,9,10.0,2025-11-25 16:23
24908,581,20,16.0,2025-11-22 08:47
24909,137,17,29.0,2025-05-14 17:18
24910,2385,15,30.0,2024-12-20 06:34
24911,755,7,14.0,2025-02-27 15:38
24912,518,12,6.5,2025-06-29 21:07
24913,1485,15,11.5,2025-10-02 15:41
24914,2162,17,13.5,2025-06-08 10:48
24915,422,7,14.5,2025-08-10 22:12
24916,1016,18,9.5,2025-04-07 03:35
24917,141,7,11.5,2025-02-27 15:49
24918,287,5,33.0,2025-12-02 02:40
24919,183,5,11.5,2025-01-01 16:29
24920,676,11,24.0,2025-06-23 22:08
24921,1154,9,29.5,2025-04-15 10:38
24922,2456,3,25.5,2025-07-25 00:23
24923,774,16,19.0,2025-05-18 17:21
24924,2463,4,15.5,2025-01-25 18:30
24925,368,21,25.5,2025-07-09 19:22
24926,6,7,14.5,2025-11-26 09:35
24927,81,17,5.5,2025-04-03 00:48
24928,242,13,11.0,2025-05-31 08:50
24929,560,3,11.5,2025-07-24 09:37
24930,596,3,14.0,2025-11-03 03:31
24931,1315,5,5.0,2025-01-20 10:52
24932,174,18,6.5,2025-11-11 02:58
24933,641,21,25.5,2025-06-30 20:38
24934,2131,10,36.5,2024-12-07 06:47
24935,1088,2,11.0,2025-01-18 10:51
24936,926,19,22.0,2025-10-11 11:08
24937,1578,17,9.5,2025-11-05 12:07
24938,1523,17,31.0,2025-10-03 19:51
24939,2257,1,18.0,2025-02-09 04:58
24940,1273,7,9.5,2025-08-11 16:15
24941,2337,2,24.0,2025-10-07 04:59
24942,1015,4,21.0,2025-03-02 14:10
24943,1460,12,26.5,2025-06-16 21:00
24944,2189,14,10.0,2025-09-23 10:33
24945,775,6,26.0,2025-05-17 05:13
24946,471,7,28.5,2025-01-08 07:40
24947,811,18,14.0,2025-02-15 11:53
24948,2262,26,22.5,2025-05-09 12:25
24949,1645,16,34.5,2025-12-01 10:05
24950,2346,23,9.5,2025-04-13 11:19
24951,1001,2,19.0,2025-09-29 18:03
24952,1780,9,23.5,2025-11-07 02:57
24953,1536,27,20.0,2025-08-31 05:16
24954,799,4,10.5,2025-11-06 02:37
24955,2429,1,15.0,2025-02-19 14:49
24956,577,20,11.5,2025-12-03 11:47
24957,306,24,6.5,2025-07-22 15:43
24958,1074,2,5.5,2025-10-16 18:18
24959,984,7,25.5,2024-12-12 05:17
24960,622,19,33.5,2025-08-12 21:20
24961,2350,5,14.0,2025-10-26 17:49
24962,2146,23,31.0,2025-06-04 23:22
24963,2190,3,29.5,2025-02-25 13:12
24964,1122,4,11.0,2025-05-06 11:51
24965,1663,18,5.0,2025-10-23 20:22
24966,2079,2,30.0,2025-07-20 13:59
24967,1335,3,14.0,2025-02-05 07:51
24968,2225,5,17.0,2025-06-22 20:17
24969,2400,14,21.5,2025-01-11 05:44
24970,1184,19,25.5,2025-02-27 10:18
24971,1715,1,20.5,2025-11-02 11:50
24972,800,11,11.0,2025-11-06 02:41
24973,2473,25,28.0,2025-08-07 02:42
24974,1999,16,20.5,2025-09-05 21:02
24975,2115,19,32.5,2024-12-19 06:22
24976,428,7,10.0,2025-02-17 13:51
24977,665,6,14.5,2025-03-28 18:40
24978,1858,8,16.0,2025-02-13 05:15
24979,2130,9,10.0,2024-12-23 04:14
24980,960,24,16.0,2025-05-10 03:26
24981,919,1,30.0,2025-06-19 17:45
24982,47,6,5.5,2025-10-31 14:11
24983,608,14,22.5,2025-04-29 21:06
24984,1836,12,29.0,2025-08-12 19:04
24985,2065,5,13.0,2025-01-08 02:52
24986,215,20,16.0,2025-11-17 16:00
24987,1106,10,20.0,2025-08-07 13:42
24988,2209,16,25.0,2025-09-28 21:46
24989,1335,2,19.0,2025-08-31 04:55
24990,2330,25,29.0,2025-10-31 00:59
24991,323,8,28.5,2025-01-21 09:52
24992,1283,23,4.5,2025-11-21 19:50
24993,162,19,9.5,2025-09-10 08:46
24994,215,26,29.0,2025-10-19 03:01
24995,1450,4,12.0,2025-07-26 22:39
24996,2228,6,28.0,2025-06-19 16:33
24997,1790,23,16.0,2025-11-07 20:00
24998,2311,7,26.5,2025-03-13 04:41
24999,2075,10,14.5,2025-08-26 01:19
25000,693,22,21.5,2025-09-17 09:26
25001,517,4,26.5,2025-01-27 14:47
25002,251,12,26.0,2025-07-02 05:10
25003,1083,7,6.5,2025-07-12 07:50
25004,2284,23,10.5,2025-10-17 15:21
25005,815,11,9.0,2025-01-10 19:14
25006,142,23,31.0,2025-01-09 20:05
25007,1061,6,6.5,2025-07-02 10:46
25008,546,10,5.0,2025-06-08 21:30
25009,224,5,36.0,2025-11-27 17:08
25010,2482,12,36.5,2025-05-23 20:14
25011,1308,8,4.5,2025-01-01 04:11
25012,876,27,15.0,2025-01-20 21:27
25013,1821,22,13.0,2025-06-05 17:40
25014,2277,26,5.5,2025-02-22 07:50
25015,1764,24,26.0,2025-06-19 22:03
25016,587,9,14.5,2025-12-03 21:54
25017,112,4,28.0,2025-06-03 06:33
25018,535,14,25.0,2025-03-07 15:21
25019,1568,16,34.5,2025-10-02 16:41
25020,1900,15,19.0,2025-07-08 07:33
25021,31,5,14.5,2025-04-14 23:38
25022,1188,12,19.0,2025-11-07 16:45
25023,1988,5,33.5,2025-11-17 02:12
25024,1923,13,21.5,2025-09-20 17:02
25025,1340,24,21.0,2025-04-13 12:00
25026,1669,16,26.5,2024-12-07 21:52
25027,2467,1,5.0,2025-04-17 12:33
25028,2208,26,12.0,2025-05-25 17:40
25029,1949,1,29.0,2024-12-24 21:48
25030,998,1,4.5,2025-06-29 06:23
25031,2318,24,21.5,2025-08-30 01:19
25032,1226,15,19.5,2025-08-12 10:49
25033,2240,27,24.5,2025-07-01 06:45
25034,817,2,24.0,2025-01-01 08:06
25035,661,7,9.5,2025-08-21 00:28
25036,1707,23,28.5,2025-09-20 02:16
25037,1728,26,14.5,2025-03-27 14:35
25038,938,12,5.5,2025-11-01 14:52
25039,355,13,16.5,2025-10-15 10:09
25040,183,26,25.0,2025-11-26 23:49
25041,60,24,23.5,2025-03-20 16:25
25042,863,19,25.5,2025-10-29 10:11
25043,330,11,28.5,2025-07-08 12:37
25044,341,5,25.5,2025-05-26 06:34
25045,2342,27,18.5,2025-10-12 00:31
25046,1117,6,9.0,2025-06-20 09:13
25047,592,8,24.0,2025-10-28 06:05
25048,1430,14,41.5,2024-12-12 04:23
25049,696,15,5.0,2025-09-22 17:59
25050,2167,3,31.0,2025-01-02 01:44
25051,555,27,32.5,2025-10-12 03:17
25052,1296,1,32.5,2025-04-28 12:34
25053,1048,5,11.5,2025-09-15 15:57
25054,2061,21,10.0,2025-08-15 12:38
25055,1339,9,14.0,2025-09-09 20:20
25056,827,17,11.5,2025-11-05 23:53
25057,700,22,24.5,2025-08-24 21:37
25058,2413,15,25.5,2025-01-04 03:26
25059,1523,8,13.0,2025-01-08 11:26
25060,1699,25,9.5,2025-10-11 13:33
25061,644,23,17.5,2025-01-11 00:29
25062,1594,3,29.5,2025-01-03 00:04
25063,1001,5,35.5,2025-02-26 23:39
25064,1936,21,5.0,2024-12-16 20:11
25065,2454,21,5.0,2025-05-04 10:54
25066,2371,27,21.0,2025-05-04 05:47
25067,2261,3,6.5,2025-02-21 00:46
25068,1979,4,20.5,2025-02-03 10:15
25069,1878,16,24.5,2025-02-11 00:30
25070,2128,10,23.5,2025-01-04 06:14
25071,2222,22,23.0,2025-07-14 12:42
25072,2198,23,33.0,2025-09-07 15:05
25073,1673,1,16.0,2025-02-12 01:49
25074,164,5,13.0,2025-10-24 15:55
25075,1306,27,5.0,2025-05-07 16:50
25076,1266,20,6.5,2025-01-17 18:54
25077,1517,20,31.5,2025-02-05 17:21
25078,1244,11,24.0,2025-07-27 19:30
25079,2046,5,6.5,2025-03-02 02:09
25080,343,2,9.5,2025-03-08 02:34
25081,773,9,15.5,2025-05-17 20:11
25082,375,15,4.5,2025-09-29 07:50
25083,1858,10,10.0,2025-09-01 22:15
25084,750,14,29.5,2025-10-17 20:41
25085,1761,2,6.5,2025-10-31 14:31
25086,2210,17,19.5,2025-11-02 02:23
25087,921,17,10.0,2025-07-27 05:58
25088,835,8,24.0,2025-03-18 07:53
25089,1894,7,20.5,2025-09-25 05:29
25090,1347,12,33.0,2025-04-17 00:04
25091,2472,8,28.5,2025-01-09 15:09
25092,1624,11,25.5,2025-05-29 18:19
25093,715,27,26.5,2025-03-08 21:08
25094,597,12,18.5,2025-08-03 05:02
25095,2454,10,25.0,2025-01-10 07:41
25096,329,21,20.0,2025-09-27 23:32
25097,603,1,14.5,2025-03-24 22:28
25098,2263,16,5.0,2025-07-26 03:26
25099,2446,21,28.5,2025-06-28 03:04
25100,314,12,32.0,2025-03-26 23:24
25101,2181,14,28.5,2025-10-10 14:32
25102,492,17,39.5,2025-11-11 16:52
25103,931,1,24.5,2025-04-15 01:11
25104,947,3,24.5,2025-09-23 18:12
25105,1554,27,17.5,2025-09-22 23:31
25106,502,10,34.0,2025-08-29 11:40
25107,79,7,21.5,2025-07-24 17:02
25108,805,27,30.0,2025-04-12 21:12
25109,781,24,5.0,2025-02-14 06:31
25110,940,24,9.5,2025-01-25 12:36
25111,892,18,5.5,2025-05-02 23:49
25112,951,23,10.5,2025-01-09 08:18
25113,1574,9,4.5,2025-08-18 18:53
25114,1587,20,24.5,2025-02-15 11:11
25115,1386,15,34.0,2025-08-24 01:44
25116,782,3,11.5,2025-03-02 04:56
25117,831,26,9.5,2025-05-11 07:50
25118,2362,1,5.5,2025-06-11 08:33
25119,1937,12,14.0,2025-07-27 02:43
25120,2385,20,4.5,2025-09-16 05:51
25121,166,10,28.0,2025-08-21 20:02
25122,1570,10,11.5,2024-12-30 22:57
25123,1680,3,19.0,2025-09-06 18:37
25124,188,10,11.0,2025-04-08 10:04
25125,393,15,16.0,2025-02-05 14:51
25126,1188,22,10.0,2024-12-16 10:21
25127,2148,18,32.0,2025-05-28 14:32
25128,69,15,30.0,2025-02-24 13:16
25129,267,6,20.0,2025-03-12 21:26
25130,2050,23,38.5,2025-04-17 05:01
25131,461,26,33.0,2025-02-12 11:58
25132,1817,6,21.5,2025-09-27 14:31
25133,1857,21,10.5,2025-02-11 01:39
25134,500,4,26.0,2024-12-26 13:29
25135,49,19,26.0,2024-12-22 10:49
25136,1871,4,20.0,2025-02-17 00:55
25137,2195,18,16.5,2025-06-08 15:40
25138,2387,6,20.0,2025-02-03 01:49
25139,1177,18,28.5,2025-06-06 03:08
25140,2417,12,11.0,2025-11-22 09:52
25141,1743,24,16.0,2025-04-20 15:24
25142,41,3,5.0,2025-12-03 00:37
25143,1813,1,12.0,2025-06-13 05:14
25144,126,3,13.0,2025-09-18 12:26
25145,955,11,14.5,2025-07-12 23:17
25146,1149,26,5.0,2025-10-04 07:39
25147,2331,9,14.0,2025-09-21 04:50
25148,188,24,29.5,2025-06-10 11:39
25149,1040,6,9.5,2025-01-02 20:05
25150,1493,13,35.0,2025-05-25 13:49
25151,2311,26,24.0,2025-05-10 21:13
25152,1211,18,4.5,2025-06-28 07:56
25153,590,16,23.0,2025-01-11 15:22
25154,1420,9,20.0,2025-07-30 21:56
25155,2217,23,21.5,2025-10-24 17:38
25156,1501,24,5.0,2025-04-12 05:53
25157,555,2,20.0,2025-05-19 15:30
25158,2486,3,18.5,2025-10-30 01:09
25159,628,10,28.0,2025-09-19 02:00
25160,748,12,19.5,2025-05-22 11:01
25161,725,23,17.5,2024-12-29 15:32
25162,857,9,5.0,2025-06-11 15:22
25163,954,21,35.0,2025-06-05 22:25
25164,2313,15,4.5,2025-11-21 16:57
25165,1708,6,21.5,2024-12-30 11:00
25166,1610,16,34.5,2025-06-18 12:44
25167,23,26,5.5,2025-08-15 09:31
25168,1953,5,4.5,2025-05-12 22:03
25169,1293,23,17.5,2025-01-08 03:10
25170,1601,25,30.5,2025-01-16 19:41
25171,402,21,29.5,2025-11-08 05:04
25172,1628,2,19.0,2025-02-07 04:15
25173,1462,10,26.0,2025-02-08 00:38
25174,1245,26,10.5,2025-01-23 03:02
25175,1524,9,16.0,2024-12-18 05:34
25176,2227,6,4.5,2025-04-02 12:47
25177,895,4,19.0,2025-08-06 23:39
25178,1784,3,31.0,2025-03-11 10:46
25179,2113,1,22.0,2025-02-25 07:00
25180,2126,8,22.0,2024-12-12 22:52
25181,1328,9,4.5,2025-01-23 17:35
25182,1983,20,21.0,2025-09-17 02:57
25183,1161,11,27.5,2025-02-06 18:18
25184,1654,26,35.0,2025-07-03 23:12
25185,1815,12,21.5,2025-06-13 01:49
25186,928,15,5.5,2024-12-18 02:46
25187,1219,8,9.5,2025-04-24 02:31
25188,1293,20,23.5,2025-01-06 15:32
25189,1779,25,4.5,2025-05-07 02:30
25190,2179,27,24.0,2024-12-18 17:43
25191,1204,1,34.5,2025-10-01 01:21
25192,1511,24,20.5,2025-06-14 23:03
25193,2415,26,17.5,2025-05-20 12:26
25194,255,24,26.5,2024-12-22 03:41
25195,1119,16,19.0,2025-08-26 04:13
25196,2297,7,28.5,2025-08-05 09:28
25197,498,17,20.5,2025-08-21 15:51
25198,1639,24,15.0,2025-04-08 10:44
25199,1769,18,11.5,2025-06-17 23:32
25200,1883,16,24.0,2025-03-07 20:24
25201,892,19,23.5,2025-01-05 07:28
25202,1793,9,25.0,2025-05-19 10:39
25203,49,7,26.5,2025-09-24 11:44
25204,482,2,14.5,2025-11-15 01:52
25205,1092,9,14.5,2025-08-09 22:49
25206,1804,5,21.5,2025-02-11 04:37
25207,2446,25,9.5,2025-08-16 01:30
25208,1458,12,26.5,2025-05-31 21:55
25209,535,26,16.5,2025-05-15 18:13
25210,2484,15,33.0,2025-05-24 01:58
25211,1606,8,6.5,2025-05-18 04:05
25212,472,19,20.5,2025-09-25 10:21
25213,530,17,6.5,2025-10-12 01:08
25214,1344,15,38.5,2025-08-09 13:09
25215,1903,24,26.5,2025-02-09 11:08
25216,468,17,33.5,2025-04-25 06:15
25217,795,3,25.5,2025-05-23 17:19
25218,2132,23,25.5,2025-10-30 20:18
25219,1164,2,16.0,2025-11-05 06:47
25220,1732,18,19.0,2025-02-19 03:15
25221,1656,17,17.0,2025-02-25 07:31
25222,2440,27,21.0,2025-06-30 08:12
25223,982,19,37.5,2025-06-12 17:37
25224,1775,14,24.5,2024-12-21 22:54
25225,1414,7,28.0,2025-07-06 18:39
25226,1468,22,21.0,2025-04-14 15:15
25227,1112,9,26.5,2025-08-04 15:26
25228,1481,19,33.5,2025-01-20 22:04
25229,1185,20,10.5,2025-09-18 15:02
25230,906,24,10.0,2025-05-02 05:12
25231,1346,7,11.0,2025-10-02 05:49
25232,1613,2,30.5,2025-02-23 08:57
25233,785,15,9.5,2025-01-03 06:51
25234,1421,26,38.0,2025-03-03 00:51
25235,2476,15,9.5,2025-11-25 10:02
25236,1850,16,5.5,2025-02-24 02:24
25237,1288,4,20.0,2025-07-29 21:29
25238,39,13,35.0,2025-01-02 18:33
25239,1436,20,30.0,2025-08-27 23:15
25240,590,17,26.5,2025-07-22 20:15
25241,1727,23,17.0,2025-05-27 18:00
25242,1809,13,11.5,2025-11-18 23:11
25243,87,7,17.0,2025-05-10 04:02
25244,1886,20,21.0,2025-11-24 18:26
25245,36,11,16.5,2025-07-01 18:13
25246,1130,27,19.0,2025-08-17 23:12
25247,266,3,26.0,2025-01-21 09:23
25248,815,7,15.0,2024-12-25 10:18
25249,1783,11,24.5,2025-03-24 02:58
25250,2435,14,6.5,2024-12-24 23:59
25251,1471,11,34.5,2025-11-25 21:18
25252,1689,4,26.0,2024-12-31 22:46
25253,884,10,15.0,2025-04-13 09:10
25254,51,11,27.0,2025-10-07 01:02
25255,1580,13,16.5,2025-05-24 19:38
25256,1356,20,10.5,2025-05-03 19:08
25257,1270,1,17.0,2024-12-09 11:48
25258,2245,18,29.0,2025-07-19 06:28
25259,925,19,5.5,2025-11-12 12:14
25260,2102,17,25.0,2025-08-29 14:40
25261,335,4,29.5,2025-03-20 23:14
25262,1748,26,30.0,2025-11-25 17:02
25263,1243,16,35.5,2025-02-01 07:14
25264,1761,27,10.0,2025-11-08 05:06
25265,1494,2,6.5,2025-01-19 17:40
25266,2146,24,11.0,2025-04-30 11:01
25267,1371,27,30.5,2025-06-20 14:40
25268,301,7,14.5,2025-02-28 03:22
25269,791,10,31.5,2025-11-28 03:16
25270,1316,7,32.0,2024-12-15 12:11
25271,2347,12,5.5,2025-03-27 02:00
25272,290,25,6.5,2025-10-27 17:17
25273,329,13,9.5,2025-02-25 01:28
25274,698,17,22.5,2025-09-16 00:26
25275,1404,4,16.0,2025-09-02 11:49
25276,558,24,26.0,2024-12-09 22:27
25277,1381,14,6.5,2025-11-14 07:54
25278,1800,23,21.5,2024-12-27 11:45
25279,467,10,5.5,2025-11-01 04:18
25280,1146,24,18.0,2025-03-07 17:51
25281,2105,21,13.0,2025-03-18 01:28
25282,849,19,5.5,2025-02-14 05:06
25283,495,19,24.5,2025-11-02 11:14
25284,2499,12,22.5,2025-05-14 00:22
25285,799,21,14.0,2025-10-12 08:55
25286,1864,9,9.5,2025-06-09 20:54
25287,189,27,18.5,2025-01-23 19:06
25288,1817,5,16.0,2025-01-26 14:22
25289,1380,17,30.0,2025-01-26 11:00
25290,134,26,16.0,2025-06-01 23:32
25291,2184,4,30.5,2024-12-31 02:52
25292,1815,4,19.5,2025-10-27 06:50
25293,804,24,30.0,2025-10-04 23:03
25294,1586,25,11.5,2025-02-07 22:53
25295,1513,3,24.5,2025-10-11 03:44
25296,1438,27,16.5,2025-01-14 09:51
25297,640,15,25.5,2025-08-24 23:06
25298,2284,1,4.5,2025-09-08 07:36
25299,505,13,22.5,2025-04-30 21:49
25300,1576,15,29.5,2025-03-07 20:11
25301,1872,9,11.0,2025-08-07 05:27
25302,37,20,19.5,2025-08-06 02:55
25303,1472,10,15.0,2025-06-06 05:18
25304,543,9,5.0,2025-11-18 23:01
25305,2096,3,15.5,2025-08-09 18:56
25306,984,25,9.5,2025-08-24 10:53
25307,1211,11,6.5,2025-03-17 06:13
25308,293,22,22.5,2025-10-01 05:55
25309,2255,16,30.5,2025-06-02 17:31
25310,1596,6,21.0,2025-11-06 19:01
25311,1067,7,9.0,2024-12-24 22:04
25312,2024,27,16.0,2024-12-31 12:36
25313,1936,11,5.0,2025-11-04 02:40
25314,2194,19,9.5,2025-11-30 18:34
25315,1483,1,26.5,2025-07-23 18:08
25316,378,5,9.5,2024-12-21 03:36
25317,617,7,20.5,2024-12-29 06:39
25318,899,7,13.0,2025-05-19 18:25
25319,1604,27,20.5,2025-02-15 20:33
25320,2329,20,31.0,2025-03-19 12:49
25321,2444,12,9.5,2025-09-11 16:28
25322,1566,1,22.0,2025-07-14 05:59
25323,1929,3,15.0,2025-06-27 02:47
25324,2477,17,10.5,2025-03-22 08:54
25325,811,16,26.0,2025-03-06 10:59
25326,992,21,19.0,2025-11-12 19:28
25327,305,4,12.0,2025-08-08 22:04
25328,1083,9,6.5,2025-03-26 19:28
25329,1113,27,14.0,2025-07-08 02:01
25330,115,11,24.0,2025-04-17 11:45
25331,2069,24,20.0,2025-11-01 02:25
25332,2483,21,22.0,2025-07-29 16:09
25333,982,6,31.5,2024-12-18 19:14
25334,597,18,9.5,2025-04-27 11:45
25335,275,15,23.5,2024-12-27 08:15
25336,1126,16,22.0,2025-06-29 07:48
25337,791,23,6.5,2025-09-15 22:32
25338,1118,6,27.0,2025-01-12 01:09
25339,827,4,32.0,2025-08-19 20:56
25340,815,23,21.0,2025-07-19 09:06
25341,522,15,5.0,2024-12-10 18:05
25342,1380,7,26.5,2025-05-22 04:02
25343,1844,20,15.0,2025-09-06 14:22
25344,995,20,31.0,2025-04-07 10:47
25345,2417,20,23.5,2025-08-29 02:42
25346,551,22,20.5,2025-04-09 10:16
25347,1459,22,9.5,2024-12-19 19:34
25348,2276,15,25.5,2024-12-09 06:50
25349,443,10,31.0,2025-03-28 12:13
25350,1863,15,9.5,2025-08-04 23:00
25351,265,14,10.0,2025-06-17 19:56
25352,1888,11,29.0,2025-10-21 04:10
25353,2366,27,22.5,2025-09-13 23:51
25354,1498,6,16.0,2025-06-08 20:09
25355,57,24,12.0,2025-08-17 12:18
25356,2060,26,20.5,2025-01-31 04:57
25357,1061,15,30.0,2025-10-04 02:45
25358,636,15,32.0,2025-11-18 12:25
25359,1489,5,15.0,2025-05-31 03:23
25360,741,9,20.0,2025-01-30 02:02
25361,745,17,14.5,2025-11-20 13:30
25362,2033,20,30.0,2025-09-01 11:52
25363,1970,1,5.5,2025-04-06 07:26
25364,346,8,21.0,2025-08-06 15:35
25365,362,15,18.5,2025-07-14 00:28
25366,1241,26,5.5,2025-05-06 09:24
25367,2054,1,14.5,2025-07-24 03:59
25368,126,19,6.5,2025-04-09 19:17
25369,1532,20,16.5,2025-08-13 08:24
25370,789,18,15.0,2024-12-18 11:08
25371,2446,3,5.5,2025-07-16 08:27
25372,491,25,24.5,2025-01-04 11:45
25373,1028,25,5.5,2025-11-14 14:14
25374,2353,1,26.5,2025-09-13 15:02
25375,2490,13,14.5,2025-08-25 11:01
25376,396,8,23.0,2025-11-06 16:58
25377,698,16,19.0,2025-05-29 12:10
25378,456,20,44.5,2025-06-30 19:58
25379,1811,20,19.5,2025-01-18 09:09
25380,1758,12,18.5,2025-05-23 14:23
25381,441,5,14.5,2025-03-19 02:19
25382,251,14,21.5,2025-08-22 04:42
25383,1019,24,9.5,2025-03-17 08:27
25384,2090,2,11.0,2025-04-27 18:50
25385,89,23,21.5,2025-04-02 10:30
25386,267,4,40.0,2025-09-24 14:56
25387,1199,10,29.0,2025-08-15 15:17
25388,1589,24,9.5,2025-08-18 01:31
25389,1780,21,6.5,2025-02-04 19:20
25390,1652,16,33.0,2025-02-20 13:28
25391,1873,4,21.5,2025-07-25 22:09
25392,1391,22,27.5,2025-03-10 14:11
25393,117,4,21.5,2025-05-11 17:57
25394,1162,19,18.5,2025-05-13 18:54
25395,1538,11,25.0,2025-08-11 12:08
25396,1214,2,33.0,2025-01-31 11:24
25397,1625,21,34.5,2025-06-06 04:50
25398,2281,3,25.5,2025-03-16 22:01
25399,2406,18,4.5,2025-07-19 07:04
25400,1673,13,5.5,2025-06-18 23:44
25401,2302,14,11.5,2025-01-29 04:25
25402,1814,4,14.5,2025-06-11 11:51
25403,1817,4,31.5,2025-09-11 17:17
25404,1523,24,9.5,2025-08-25 21:59
25405,1986,25,21.5,2025-10-13 02:54
25406,1044,26,12.0,2025-04-19 11:23
25407,1459,11,27.5,2025-09-25 09:54
25408,619,18,4.5,2025-05-21 20:20
25409,333,4,10.5,2025-03-09 09:30
25410,707,13,29.0,2025-12-04 04:24
25411,1120,27,10.0,2025-09-13 03:40
25412,1864,13,34.5,2025-11-01 08:29
25413,2017,14,11.5,2024-12-25 22:01
25414,2067,10,20.5,2025-09-18 02:08
25415,2152,3,5.5,2025-05-25 02:12
25416,340,7,30.5,2025-08-09 06:28
25417,1322,9,30.5,2025-01-28 10:14
25418,1105,17,10.0,2025-03-29 02:51
25419,2168,6,14.5,2025-06-25 00:45
25420,2136,21,19.5,2025-09-09 07:02
25421,1906,2,17.0,2025-01-18 15:25
25422,1183,14,34.0,2024-12-13 10:56
25423,1169,18,20.5,2025-02-03 10:59
25424,595,14,28.5,2024-12-15 04:25
25425,447,20,9.5,2025-02-04 15:35
25426,874,17,10.5,2025-03-28 08:00
25427,76,24,31.0,2025-06-18 19:56
25428,477,15,11.0,2025-08-16 12:55
25429,47,4,40.5,2025-05-04 03:45
25430,70,1,20.5,2025-04-08 18:56
25431,866,13,29.0,2025-05-12 02:37
25432,2492,19,12.0,2025-05-29 09:01
25433,2236,9,21.0,2025-06-03 04:03
25434,293,22,6.5,2025-11-09 22:54
25435,221,2,26.0,2025-11-07 06:10
25436,97,23,10.5,2025-08-16 07:50
25437,506,24,16.0,2025-10-08 01:29
25438,1477,20,20.0,2025-03-02 03:45
25439,1360,22,14.0,2025-10-13 20:56
25440,1523,27,32.0,2025-04-04 23:49
25441,202,6,5.5,2025-05-03 11:45
25442,1098,21,4.5,2025-04-19 21:50
25443,388,19,26.0,2025-02-01 00:05
25444,646,1,5.5,2025-02-02 02:31
25445,2219,4,14.0,2025-03-17 08:59
25446,1462,21,20.0,2025-03-03 04:30
25447,2135,15,22.0,2025-08-20 16:11
25448,467,10,23.5,2025-02-22 13:08
25449,1810,7,28.5,2025-06-07 10:04
25450,51,20,29.5,2025-04-08 21:05
25451,2492,9,19.0,2025-02-04 05:19
25452,341,16,34.0,2025-05-27 22:25
25453,361,3,4.5,2025-10-20 15:49
25454,1085,27,10.0,2025-10-19 09:01
25455,2374,25,25.0,2025-01-10 10:29
25456,2319,22,6.5,2025-07-16 10:05
25457,1227,20,26.0,2025-08-29 22:33
25458,161,14,16.0,2025-04-30 00:35
25459,828,17,21.0,2025-05-26 14:50
25460,802,25,15.5,2025-09-30 19:50
25461,1718,15,5.0,2025-08-13 06:46
25462,607,20,35.0,2024-12-16 04:53
25463,957,9,29.0,2025-07-03 02:51
25464,1346,15,5.5,2025-10-25 07:01
25465,823,4,11.0,2025-09-08 04:29
25466,1637,19,23.5,2025-12-01 19:13
25467,2403,9,25.0,2025-01-01 02:23
25468,1448,14,15.0,2025-11-02 01:09
25469,1783,10,5.0,2025-08-25 08:16
25470,1053,7,27.0,2024-12-30 17:17
25471,752,1,24.0,2025-07-18 09:20
25472,30,25,24.0,2025-12-01 13:26
25473,2069,24,28.5,2025-10-20 12:33
25474,1601,9,24.0,2025-06-08 18:33
25475,1559,27,20.0,2025-06-29 12:06
25476,902,9,23.0,2025-11-10 23:24
25477,427,2,21.0,2025-07-04 19:05
25478,1427,21,16.0,2025-11-23 11:05
25479,2126,13,6.5,2025-07-22 09:05
25480,965,11,6.5,2025-10-06 10:18
25481,1535,1,17.5,2025-06-29 05:14
25482,2228,5,14.0,2025-02-18 08:54
25483,1087,10,9.5,2025-02-14 23:54
25484,1933,22,21.5,2025-04-04 21:29
25485,160,16,25.0,2025-09-26 02:28
25486,1671,11,11.0,2025-05-18 11:05
25487,712,27,20.0,2025-01-23 17:31
25488,1587,24,17.0,2025-01-15 06:09
25489,586,20,28.0,2024-12-17 10:13
25490,210,24,10.0,2025-12-06 06:34
25491,2432,25,5.0,2025-05-22 17:27
25492,210,2,30.5,2025-05-03 11:14
25493,645,11,19.0,2025-05-02 22:19
25494,932,26,29.5,2025-12-05 15:26
25495,393,4,14.5,2025-11-13 22:27
25496,1005,1,18.5,2025-10-01 17:46
25497,581,18,12.0,2025-05-18 11:59
25498,615,26,23.5,2025-06-12 03:57
25499,395,26,5.0,2025-11-21 02:31
25500,433,15,26.0,2025-09-19 20:49
25501,1817,20,4.5,2025-09-16 23:40
25502,2119,25,16.5,2024-12-09 21:40
25503,1980,20,16.0,2025-03-17 08:11
25504,1680,21,11.5,2025-08-30 13:42
25505,1463,1,16.5,2025-10-04 03:16
25506,1266,10,6.5,2025-10-09 16:02
25507,2126,4,9.5,2025-11-25 17:34
25508,2330,20,16.5,2025-05-29 17:27
25509,797,21,25.0,2025-01-14 04:04
25510,1209,12,29.0,2025-03-12 09:22
25511,1324,24,31.0,2025-03-12 19:58
25512,350,14,5.0,2025-10-04 15:09
25513,1944,23,29.5,2025-06-10 14:54
25514,1491,27,12.0,2025-02-08 19:28
25515,1056,27,36.0,2025-05-02 22:54
25516,2142,1,30.5,2025-09-16 12:38
25517,1181,10,12.0,2025-01-06 13:13
25518,391,15,14.0,2025-11-06 16:33
25519,1263,17,20.0,2024-12-30 09:30
25520,594,15,22.5,2025-09-07 19:52
25521,1885,15,15.0,2025-09-08 15:41
25522,2187,2,23.5,2025-10-18 23:39
25523,1675,13,5.0,2025-08-21 12:32
25524,482,18,5.5,2025-02-14 15:02
25525,1214,11,28.0,2025-01-09 03:30
25526,418,9,30.5,2025-06-23 17:50
25527,1320,14,5.0,2025-02-17 05:57
25528,1267,11,6.5,2025-05-10 00:23
25529,2096,6,5.0,2025-06-07 16:57
25530,2392,20,5.0,2025-05-02 04:10
25531,2378,22,5.5,2025-04-11 00:33
25532,1403,18,25.5,2025-10-18 12:42
25533,1772,20,4.5,2025-04-28 12:14
25534,782,22,5.0,2025-10-19 06:01
25535,1491,16,5.0,2025-11-04 22:14
25536,2047,4,10.0,2025-10-20 00:41
25537,134,7,30.0,2025-06-02 02:37
25538,976,13,5.0,2025-01-09 15:36
25539,2196,7,24.0,2025-11-16 09:05
25540,908,2,16.0,2025-03-24 09:27
25541,148,7,24.5,2024-12-19 05:36
25542,1457,12,31.5,2025-10-12 13:38
25543,787,22,22.0,2025-11-29 20:19
25544,1961,3,10.5,2025-03-09 23:47
25545,2160,2,33.0,2025-05-21 16:59
25546,1662,6,20.5,2025-04-05 11:42
25547,151,13,10.0,2025-01-07 14:20
25548,356,1,10.0,2025-02-17 15:26
25549,783,1,19.5,2025-08-14 13:01
25550,1797,1,20.5,2025-02-21 01:53
25551,2094,27,9.5,2025-09-13 08:04
25552,1601,19,11.0,2025-09-06 20:21
25553,1341,15,28.5,2025-03-06 17:47
25554,561,27,21.0,2025-07-14 17:20
25555,1468,23,5.5,2025-07-20 00:11
25556,12,6,12.0,2025-04-10 07:47
25557,857,14,33.0,2025-10-13 07:34
25558,998,19,24.5,2025-08-04 00:24
25559,1032,14,14.0,2025-07-14 13:47
25560,1738,23,26.5,2025-03-09 14:05
25561,1128,23,24.5,2025-04-10 03:21
25562,333,2,26.0,2024-12-22 05:29
25563,2021,23,21.5,2024-12-07 21:45
25564,259,6,20.0,2025-02-16 13:31
25565,1907,17,32.0,2025-09-11 23:29
25566,93,7,19.5,2025-06-14 05:19
25567,1895,8,36.0,2025-06-03 11:04
25568,1541,23,33.5,2025-11-01 05:42
25569,313,12,30.0,2025-05-17 22:13
25570,983,7,21.0,2025-03-16 10:15
25571,618,20,24.5,2025-03-01 15:17
25572,1032,3,13.0,2025-01-26 19:09
25573,1126,21,38.0,2024-12-07 05:00
25574,1836,24,25.0,2025-04-22 00:05
25575,2013,21,10.5,2025-05-16 04:54
25576,2179,17,19.5,2025-10-21 03:32
25577,802,21,9.5,2025-01-03 04:09
25578,1391,18,19.0,2025-07-10 09:15
25579,469,25,17.5,2025-09-29 16:11
25580,2160,5,4.5,2025-02-14 11:01
25581,707,7,9.5,2024-12-13 17:38
25582,76,17,30.0,2025-10-16 06:06
25583,829,23,21.5,2025-03-25 18:02
25584,2231,8,5.0,2025-10-23 18:29
25585,764,13,16.5,2025-10-15 19:17
25586,1976,19,29.5,2025-02-24 15:16
25587,2447,10,11.0,2025-04-10 04:25
25588,2006,24,32.5,2025-12-04 14:56
25589,2020,4,16.5,2025-11-13 11:09
25590,315,5,38.5,2025-11-02 12:10
25591,859,7,33.0,2025-08-27 12:51
25592,150,23,9.5,2025-08-03 18:14
25593,630,5,17.0,2025-11-29 04:09
25594,2411,21,10.5,2025-09-04 02:25
25595,895,26,5.0,2025-04-07 08:42
25596,140,18,25.5,2025-06-13 08:04
25597,1673,20,5.0,2025-06-14 13:08
25598,2079,5,4.5,2025-08-25 21:32
25599,2376,1,11.0,2025-01-16 14:32
25600,2151,21,5.5,2025-11-13 17:48
25601,944,12,17.5,2025-07-09 22:26
25602,1838,26,15.0,2025-05-26 18:19
25603,1492,23,27.5,2025-08-02 12:59
25604,367,4,9.0,2025-11-09 22:24
25605,604,24,23.0,2025-10-10 05:28
25606,318,2,5.5,2025-01-08 13:05
25607,2378,9,9.5,2025-01-10 21:09
25608,1411,8,10.0,2025-10-27 14:37
25609,1744,27,6.5,2025-12-01 03:58
25610,2487,25,9.5,2025-05-27 00:50
25611,1589,24,15.5,2025-08-25 21:17
25612,159,3,6.5,2025-08-20 14:56
25613,157,26,5.0,2025-11-11 03:25
25614,2119,7,14.0,2025-02-22 16:14
25615,72,5,11.0,2025-06-11 05:37
25616,1709,1,24.0,2025-08-22 06:53
25617,405,21,14.0,2025-03-06 23:55
25618,201,7,9.0,2025-07-22 05:10
25619,727,6,25.5,2025-11-11 20:52
25620,1034,27,21.5,2025-11-08 21:44
25621,549,17,31.5,2025-05-10 04:07
25622,236,18,29.5,2024-12-29 18:52
25623,2273,5,15.0,2025-03-11 09:58
25624,677,16,16.0,2025-08-31 11:38
25625,804,12,25.0,2025-07-07 23:04
25626,641,5,10.0,2025-06-01 06:28
25627,899,12,21.0,2025-07-16 08:15
25628,830,23,28.5,2025-01-09 02:09
25629,1342,18,4.5,2025-08-03 10:50
25630,380,10,14.5,2025-05-31 20:53
25631,979,2,15.0,2025-07-21 22:17
25632,2364,20,5.0,2025-04-02 04:27
25633,2261,24,6.5,2025-07-05 00:55
25634,2384,19,6.5,2025-09-07 07:52
25635,409,1,14.5,2025-01-06 16:50
25636,2039,14,14.0,2025-11-19 10:50
25637,960,5,27.5,2025-10-10 11:09
25638,1777,23,15.5,2025-04-11 19:35
25639,320,4,35.5,2025-02-01 02:54
25640,1584,15,29.0,2025-11-03 00:13
25641,512,15,31.0,2025-04-21 11:22
25642,328,10,10.5,2025-04-29 14:55
25643,1016,12,24.5,2024-12-30 11:31
25644,1919,18,4.5,2025-03-13 03:37
25645,447,17,4.5,2025-07-11 06:08
25646,159,24,30.5,2025-11-17 18:01
25647,548,24,30.0,2025-01-04 04:48
25648,770,2,14.5,2025-01-27 23:28
25649,1661,20,5.0,2025-07-26 18:45
25650,967,4,33.0,2025-02-15 15:56
25651,566,25,16.0,2025-01-30 15:42
25652,1201,3,26.5,2025-06-30 17:20
25653,749,20,6.5,2025-09-03 17:51
25654,1637,11,5.5,2025-02-07 14:24
25655,2028,21,23.5,2025-04-03 07:15
25656,2412,16,34.5,2025-09-22 00:01
25657,141,13,25.0,2025-08-11 05:24
25658,374,5,20.5,2025-11-06 16:58
25659,798,19,5.5,2025-11-05 09:24
25660,189,8,28.5,2025-02-10 22:56
25661,12,20,5.0,2025-11-03 20:23
25662,610,22,29.5,2024-12-12 19:49
25663,1999,6,14.0,2025-03-07 11:39
25664,990,2,9.0,2025-06-01 08:55
25665,2168,25,34.0,2025-11-11 15:03
25666,1388,4,5.0,2025-03-22 06:26
25667,1180,9,14.0,2024-12-15 14:16
25668,1718,2,5.0,2025-08-09 21:09
25669,2103,3,19.0,2025-05-11 23:36
25670,1154,3,35.5,2025-10-31 16:33
25671,89,17,5.0,2025-03-21 23:42
25672,968,18,11.0,2025-02-14 09:10
25673,1540,27,10.0,2025-05-10 21:52
25674,2411,22,30.0,2025-10-20 05:51
25675,2486,2,36.5,2025-05-24 01:40
25676,1269,12,14.5,2024-12-10 01:50
25677,179,24,4.5,2025-02-03 05:42
25678,1944,3,20.0,2025-03-04 13:32
25679,1096,16,24.5,2025-01-20 00:23
25680,1848,23,30.5,2025-11-29 07:03
25681,1111,14,12.0,2025-04-01 16:13
25682,1285,18,21.5,2025-07-06 05:39
25683,1622,4,5.5,2025-01-31 14:38
25684,85,20,6.5,2025-08-04 04:18
25685,1720,15,13.0,2025-11-26 15:02
25686,280,22,23.0,2025-08-02 00:14
25687,1037,13,5.0,2025-05-15 02:07
25688,948,26,35.0,2025-06-06 10:59
25689,1034,1,27.5,2025-01-24 19:38
25690,272,16,11.0,2025-01-12 02:13
25691,122,21,33.0,2024-12-19 21:05
25692,1594,8,36.0,2025-06-23 22:34
25693,18,14,40.0,2025-04-05 12:42
25694,2358,6,22.5,2025-09-03 04:54
25695,101,15,25.0,2025-09-17 06:26
25696,2397,9,20.5,2025-05-31 05:25
25697,2033,7,31.0,2025-08-08 12:11
25698,1902,9,4.5,2025-03-30 03:13
25699,1260,12,20.0,2025-11-04 21:50
25700,1661,3,19.0,2025-01-05 02:13
25701,40,20,28.0,2025-11-17 05:18
25702,597,15,9.5,2025-04-16 10:28
25703,150,22,24.5,2025-07-30 14:12
25704,2059,27,11.5,2025-08-27 23:30
25705,2431,21,10.0,2025-04-09 21:39
25706,1243,7,19.0,2025-01-02 15:52
25707,277,2,17.0,2025-10-28 07:42
25708,1324,2,18.5,2025-01-13 07:59
25709,196,1,17.0,2024-12-25 16:45
25710,2131,22,27.0,2025-09-01 10:52
25711,2276,16,9.5,2025-01-22 15:42
25712,673,22,21.5,2025-03-27 15:44
25713,1553,20,20.5,2024-12-12 23:59
25714,934,26,15.5,2025-08-07 10:43
25715,67,22,24.0,2025-05-18 14:36
25716,1584,2,22.5,2025-05-30 01:37
25717,757,20,17.5,2025-11-21 07:41
25718,395,19,19.0,2025-11-30 09:42
25719,1239,25,5.0,2025-03-28 17:37
25720,1272,12,6.5,2025-04-23 04:50
25721,435,21,10.0,2025-05-02 09:14
25722,593,26,21.5,2025-02-04 15:30
25723,1929,3,22.0,2025-01-13 10:41
25724,1634,2,27.5,2025-06-01 22:51
25725,1631,8,22.5,2025-06-26 20:54
25726,445,4,18.5,2025-10-03 04:46
25727,2111,14,14.0,2025-07-22 12:39
25728,795,13,6.5,2025-06-19 05:16
25729,192,3,16.0,2025-03-17 17:01
25730,905,6,19.0,2025-01-18 00:07
25731,827,1,6.5,2025-06-06 14:39
25732,2139,9,5.0,2024-12-28 19:09
25733,422,3,31.5,2025-06-09 15:54
25734,1775,13,26.0,2025-03-22 13:02
25735,2094,6,35.0,2025-09-13 02:20
25736,778,24,25.0,2025-05-18 23:29
25737,692,11,18.5,2025-07-21 01:59
25738,1214,23,16.0,2025-03-26 06:02
25739,625,13,23.5,2025-06-19 21:06
25740,1487,14,4.5,2025-09-17 03:39
25741,861,25,6.5,2025-03-31 07:19
25742,1190,26,28.0,2024-12-16 02:29
25743,292,18,16.5,2025-09-29 14:29
25744,2114,16,5.5,2025-06-11 07:14
25745,898,15,24.5,2025-08-18 02:24
25746,1925,2,6.5,2025-06-28 08:59
25747,2152,11,9.5,2025-06-12 18:07
25748,477,12,13.0,2025-11-14 02:15
25749,154,23,22.0,2025-11-05 20:24
25750,569,22,24.5,2025-11-19 14:49
25751,2221,13,17.0,2025-11-10 10:32
25752,1795,13,9.5,2025-11-01 21:03
25753,180,4,9.5,2025-07-20 01:11
25754,1010,12,31.0,2025-01-04 20:48
25755,2352,15,31.0,2025-06-27 13:08
25756,2321,12,26.5,2025-11-15 04:46
25757,428,8,14.0,2025-10-08 02:44
25758,1865,9,23.5,2025-01-10 13:11
25759,870,11,5.0,2025-03-06 00:48
25760,1950,11,33.5,2025-10-01 04:54
25761,1046,26,6.5,2025-06-17 23:44
25762,1140,13,33.5,2024-12-21 19:18
25763,1454,7,28.5,2025-10-03 13:44
25764,1223,3,15.0,2025-08-14 10:20
25765,1960,18,5.5,2025-03-05 03:30
25766,920,12,23.5,2025-10-22 23:06
25767,636,25,20.0,2024-12-18 20:02
25768,1975,3,24.0,2025-08-22 03:36
25769,879,24,5.5,2025-01-12 19:21
25770,265,3,16.0,2025-05-10 02:06
25771,2095,23,10.0,2025-04-29 10:11
25772,468,12,18.5,2025-03-07 18:48
25773,1247,18,14.5,2025-05-12 18:20
25774,1958,17,13.0,2025-07-12 03:28
25775,1879,21,25.5,2025-09-05 04:06
25776,232,5,4.5,2025-07-16 19:37
25777,438,16,6.5,2025-08-31 05:36
25778,755,23,31.0,2025-01-01 21:00
25779,1445,3,31.0,2025-07-10 16:06
25780,2238,10,9.5,2025-11-03 07:11
25781,1652,6,9.0,2025-03-21 10:43
25782,1211,7,24.0,2025-01-25 23:05
25783,114,12,22.5,2025-11-14 01:06
25784,1750,10,5.5,2025-10-21 20:04
25785,1787,9,10.5,2025-02-07 19:52
25786,769,3,6.5,2025-11-01 16:59
25787,677,26,13.5,2025-09-07 04:59
25788,896,16,11.0,2025-10-10 18:58
25789,1044,26,16.0,2024-12-27 14:07
25790,636,18,15.5,2025-04-22 23:18
25791,1118,10,30.5,2025-09-22 13:14
25792,537,15,24.0,2025-11-15 09:36
25793,852,10,12.0,2025-03-07 11:25
25794,648,3,10.0,2025-08-26 09:08
25795,1611,15,29.5,2025-06-27 09:52
25796,919,27,6.5,2025-02-11 12:52
25797,95,14,28.5,2025-07-31 10:01
25798,92,2,23.0,2025-10-03 10:55
25799,2130,22,24.5,2024-12-27 10:23
25800,1829,8,21.0,2025-11-18 17:13
25801,466,20,5.5,2025-06-08 14:28
25802,8,25,21.5,2025-03-04 20:01
25803,1619,15,25.5,2025-05-07 06:00
25804,338,22,23.0,2024-12-15 21:23
25805,2410,24,11.5,2024-12-20 21:53
25806,1071,1,10.5,2025-05-19 13:32
25807,1478,1,34.0,2025-09-02 07:09
25808,275,6,22.5,2025-10-08 22:44
25809,1600,20,16.0,2025-01-22 13:37
25810,1519,11,11.0,2025-04-05 09:24
25811,93,13,38.5,2025-06-09 05:17
25812,1128,10,6.5,2025-06-19 21:46
25813,2457,5,5.0,2025-03-26 03:32
25814,693,4,12.0,2025-02-17 04:29
25815,2265,12,14.5,2025-03-27 16:08
25816,2355,1,10.5,2024-12-18 03:42
25817,2382,19,11.0,2025-07-19 19:10
25818,2194,20,23.5,2025-09-03 05:55
25819,2258,26,28.5,2025-03-17 14:34
25820,2496,26,24.0,2025-07-11 12:55
25821,707,18,16.0,2025-07-09 10:52
25822,722,14,20.5,2025-01-03 21:33
25823,2006,7,29.0,2025-03-03 23:34
25824,1770,18,6.5,2024-12-12 12:59
25825,1533,11,15.0,2024-12-25 21:45
25826,332,4,23.5,2025-08-21 10:45
25827,1829,5,15.0,2025-09-17 05:08
25828,653,14,21.5,2025-06-02 23:45
25829,352,3,5.0,2025-11-19 02:42
25830,1008,24,6.5,2025-05-04 15:04
25831,1295,6,23.5,2025-02-12 11:26
25832,491,3,25.5,2025-04-11 17:14
25833,2057,17,21.5,2025-03-08 19:48
25834,2293,2,24.0,2025-02-01 08:44
25835,1748,10,6.5,2025-04-17 05:23
25836,1503,5,32.0,2025-08-21 15:37
25837,2224,27,4.5,2025-02-03 21:44
25838,2383,5,27.5,2025-09-25 21:03
25839,1316,8,11.5,2025-05-31 16:38
25840,2221,26,32.0,2025-06-04 10:21
25841,1389,9,9.5,2025-07-09 03:43
25842,690,27,29.0,2025-04-18 18:06
25843,1501,4,21.0,2025-09-06 11:38
25844,705,4,10.0,2025-03-10 13:16
25845,1493,20,25.5,2025-06-11 23:24
25846,81,11,40.0,2025-03-17 20:11
25847,1169,15,28.0,2025-01-17 11:42
25848,2164,24,28.5,2025-10-24 02:12
25849,346,8,18.5,2025-03-31 10:09
25850,2386,6,19.0,2025-01-28 05:01
25851,2058,25,14.5,2025-08-18 04:06
25852,1116,4,4.5,2025-10-03 17:45
25853,78,27,16.0,2025-09-29 18:44
25854,1237,18,30.0,2024-12-18 12:42
25855,961,21,19.0,2025-09-07 02:57
25856,192,12,11.5,2025-02-13 02:30
25857,1956,7,9.5,2025-08-01 00:23
25858,344,11,9.5,2025-10-16 15:23
25859,1415,22,9.0,2025-10-31 05:44
25860,1314,7,4.5,2025-10-31 08:00
25861,1923,6,26.0,2025-08-22 09:41
25862,2044,12,27.5,2025-11-21 04:11
25863,1435,6,5.5,2025-01-10 12:06
25864,926,22,30.0,2025-02-10 13:57
25865,81,2,9.5,2025-06-30 15:45
25866,1442,27,28.0,2025-11-27 08:12
25867,771,22,9.0,2025-10-26 12:52
25868,357,14,29.5,2024-12-07 23:44
25869,2375,2,29.5,2025-01-10 10:32
25870,2394,7,6.5,2025-07-01 21:39
25871,1669,9,24.5,2025-03-23 11:12
25872,316,6,31.5,2025-09-21 17:26
25873,1547,23,26.5,2025-04-11 18:19
25874,1125,13,26.5,2025-02-20 12:57
25875,2223,15,30.0,2025-04-02 00:12
25876,498,13,21.5,2025-01-02 05:50
25877,2188,12,20.5,2024-12-11 11:23
25878,212,23,19.0,2025-11-10 04:13
25879,1323,20,26.0,2025-03-10 23:05
25880,2383,22,15.0,2025-06-16 04:46
25881,2453,1,25.5,2025-05-27 02:34
25882,5,18,14.0,2024-12-24 13:48
25883,841,21,19.0,2024-12-13 06:57
25884,2287,11,30.5,2025-11-02 17:21
25885,336,23,14.0,2025-01-03 15:23
25886,279,8,11.0,2025-10-06 09:17
25887,1858,20,28.0,2025-11-13 00:38
25888,1406,9,5.0,2025-05-17 11:39
25889,1368,5,29.5,2025-09-27 20:16
25890,1396,3,27.0,2025-05-28 09:08
25891,2274,12,19.5,2025-08-11 18:06
25892,1792,12,31.5,2025-08-27 03:23
25893,1479,27,34.0,2025-04-16 03:05
25894,1855,17,24.5,2025-04-24 18:51
25895,1456,20,16.0,2025-07-07 07:52
25896,600,22,30.5,2025-01-07 23:11
25897,2033,2,20.0,2025-04-24 03:19
25898,1325,5,21.5,2025-03-19 02:19
25899,699,5,19.0,2025-08-19 03:53
25900,2379,20,20.5,2025-04-30 13:36
25901,770,7,14.5,2025-09-25 08:52
25902,1761,25,16.0,2025-11-24 14:25
25903,754,4,14.0,2025-07-02 04:41
25904,1124,8,5.5,2025-01-25 12:31
25905,1223,22,29.5,2025-11-16 05:22
25906,1688,10,20.5,2025-04-09 18:35
25907,1578,10,4.5,2025-08-04 21:53
25908,713,6,27.0,2025-11-04 10:52
25909,713,20,20.5,2025-07-18 22:01
25910,1116,13,30.5,2025-02-26 00:35
25911,1820,14,26.0,2025-07-29 04:47
25912,885,17,24.0,2025-03-23 23:13
25913,1062,6,24.0,2024-12-24 10:01
25914,251,11,4.5,2025-03-05 00:25
25915,1112,7,24.0,2025-04-27 18:47
25916,756,12,26.5,2024-12-24 01:33
25917,1073,27,11.0,2025-02-07 21:44
25918,1485,22,31.0,2025-01-04 16:25
25919,43,7,25.0,2025-11-19 09:06
25920,881,20,23.0,2025-11-10 00:34
25921,1372,27,24.0,2025-02-24 04:05
25922,664,2,14.5,2025-11-16 12:52
25923,809,6,33.5,2025-09-28 01:09
25924,865,10,29.0,2025-08-04 23:04
25925,2194,3,21.5,2025-02-27 20:44
25926,2349,23,23.0,2025-06-14 06:53
25927,2233,8,15.5,2025-07-09 07:48
25928,1516,23,22.0,2025-06-28 09:53
25929,791,21,30.5,2025-11-24 12:40
25930,800,9,19.0,2025-01-27 19:43
25931,1207,14,13.0,2025-07-15 20:50
25932,2074,12,11.0,2025-04-30 07:41
25933,387,20,18.0,2025-05-30 14:44
25934,1437,1,20.5,2025-01-04 13:30
25935,2058,10,28.5,2025-07-26 13:25
25936,426,7,26.0,2025-08-23 20:23
25937,36,5,9.5,2025-01-24 12:00
25938,889,4,31.0,2025-05-06 04:42
25939,559,26,34.0,2025-07-02 11:30
25940,760,21,14.0,2025-08-03 21:53
25941,1779,1,30.5,2025-10-27 20:49
25942,1877,23,9.5,2025-05-07 14:01
25943,1214,21,11.0,2025-05-12 20:01
25944,420,4,27.0,2025-11-08 18:31
25945,2219,16,28.5,2025-04-29 17:38
25946,1641,8,4.5,2025-05-21 00:25
25947,961,2,31.0,2025-02-25 02:40
25948,16,9,22.5,2025-11-14 10:19
25949,927,10,20.0,2025-08-07 15:11
25950,1408,7,9.5,2025-12-01 10:52
25951,428,19,4.5,2025-11-24 13:17
25952,525,21,21.0,2024-12-11 07:36
25953,788,19,5.5,2025-01-25 13:28
25954,430,8,26.5,2025-09-12 19:12
25955,1674,11,16.0,2025-03-01 04:16
25956,1192,16,26.0,2025-01-14 06:51
25957,539,10,25.0,2025-04-15 11:39
25958,2463,10,28.0,2025-09-11 20:53
25959,2295,9,9.5,2025-11-27 03:22
25960,1907,2,20.5,2025-02-13 23:56
25961,369,4,4.5,2025-09-27 12:13
25962,189,3,14.5,2025-05-31 15:28
25963,1015,14,10.5,2025-03-28 09:42
25964,326,23,9.5,2025-02-08 07:24
25965,1022,14,9.5,2025-01-06 19:47
25966,221,24,9.0,2025-11-17 13:55
25967,799,26,27.5,2025-08-05 01:32
25968,275,18,35.0,2025-10-22 08:09
25969,2455,17,10.5,2025-11-11 20:26
25970,2134,27,24.5,2025-03-03 04:51
25971,2454,13,20.5,2025-01-18 20:01
25972,2378,21,32.0,2025-01-03 00:35
25973,2494,23,12.0,2025-07-16 21:09
25974,119,6,34.5,2025-11-18 03:25
25975,518,6,5.5,2025-01-26 08:07
25976,533,15,35.0,2025-09-21 03:21
25977,2085,5,15.0,2025-09-23 18:35
25978,228,21,25.5,2025-09-20 07:42
25979,1836,2,38.5,2025-07-06 20:54
25980,389,1,32.0,2025-11-19 03:51
25981,1124,5,16.0,2025-04-15 23:17
25982,10,26,16.0,2025-09-19 01:11
25983,180,7,12.0,2025-03-25 09:12
25984,710,22,21.5,2025-11-12 08:22
25985,2210,16,5.0,2025-09-24 00:30
25986,500,16,4.5,2025-03-22 12:26
25987,2477,26,16.0,2025-04-10 13:18
25988,305,4,15.5,2025-12-01 11:38
25989,2083,13,21.5,2025-08-24 17:37
25990,692,13,11.5,2025-11-04 15:25
25991,1984,18,23.5,2025-09-19 08:16
25992,743,11,33.5,2025-11-10 11:42
25993,268,4,20.0,2025-09-08 08:23
25994,2086,5,23.5,2025-02-21 02:26
25995,445,19,24.0,2025-11-19 13:16
25996,1588,9,39.0,2025-01-24 00:37
25997,1152,23,9.5,2025-02-28 01:49
25998,749,24,19.0,2025-04-17 00:19
25999,2472,10,31.0,2025-04-04 19:07
26000,1040,16,10.5,2024-12-31 22:55
26001,277,27,24.0,2025-03-24 05:11
26002,498,1,12.0,2025-01-04 04:19
26003,86,16,23.5,2025-06-06 00:01
26004,1013,7,9.0,2025-04-10 08:00
26005,1963,21,12.0,2025-02-27 17:05
26006,1635,7,4.5,2025-11-10 11:20
26007,1612,15,5.0,2024-12-18 13:09
26008,253,23,11.0,2025-05-11 14:52
26009,1615,16,16.0,2025-06-05 10:45
26010,1803,15,29.5,2025-06-25 03:17
26011,171,4,15.0,2025-04-26 16:41
26012,830,17,20.0,2025-11-10 13:10
26013,2329,23,27.0,2025-03-02 23:26
26014,1752,4,20.0,2025-04-19 17:53
26015,488,9,25.0,2025-01-04 22:48
26016,1342,1,5.5,2025-07-31 07:15
26017,1972,2,23.5,2025-04-07 21:12
26018,966,13,4.5,2025-05-08 04:12
26019,1847,13,25.5,2025-03-14 11:07
26020,1452,12,15.0,2025-04-06 13:55
26021,1216,1,19.0,2025-01-04 01:34
26022,10,18,16.5,2025-03-29 16:04
26023,277,14,9.5,2025-05-30 16:10
26024,1576,25,5.0,2025-02-28 18:13
26025,2172,3,21.0,2025-04-17 06:47
26026,400,19,34.0,2025-10-04 04:17
26027,1529,17,19.5,2025-05-17 01:14
26028,1567,25,4.5,2025-01-24 23:38
26029,2058,14,32.0,2025-07-08 16:57
26030,491,24,22.5,2025-08-14 13:45
26031,765,19,29.5,2025-05-05 13:57
26032,731,3,10.0,2025-05-17 03:14
26033,1456,10,9.5,2025-03-13 21:06
26034,445,27,33.5,2025-08-18 16:51
26035,324,5,19.0,2025-02-03 16:44
26036,1934,18,5.5,2025-09-12 05:41
26037,140,20,19.5,2025-06-09 11:18
26038,2369,21,34.0,2025-10-30 12:48
26039,547,21,11.0,2025-06-14 04:05
26040,51,14,20.0,2025-08-25 05:47
26041,1033,17,38.5,2025-02-25 21:53
26042,102,21,21.5,2025-08-19 13:41
26043,293,16,5.5,2025-07-16 00:50
26044,450,17,26.5,2025-06-04 05:50
26045,1388,11,29.0,2025-09-27 18:57
26046,2039,17,10.0,2025-06-17 01:24
26047,2312,12,16.0,2025-04-29 11:04
26048,902,25,21.5,2025-04-25 02:09
26049,2023,7,9.5,2025-05-02 22:22
26050,855,4,29.0,2025-07-28 14:36
26051,1473,3,34.0,2025-09-26 11:20
26052,1040,25,22.5,2025-11-06 15:16
26053,785,1,20.5,2025-04-05 05:32
26054,1130,2,24.5,2025-09-05 12:42
26055,1513,15,5.0,2025-05-19 16:38
26056,1267,10,9.5,2025-06-15 00:42
26057,1888,5,22.5,2025-01-17 08:59
26058,717,24,5.0,2025-05-12 09:31
26059,2464,12,9.5,2024-12-20 10:07
26060,2373,25,9.5,2025-05-22 22:41
26061,722,17,29.5,2025-06-29 23:24
26062,1988,26,28.0,2025-01-02 00:40
26063,2204,26,16.5,2025-06-08 15:38
26064,1762,10,5.5,2025-06-03 18:01
26065,389,14,35.0,2025-04-05 10:15
26066,1513,12,25.0,2025-02-12 14:59
26067,1812,9,5.0,2025-03-03 13:04
26068,1170,9,32.5,2025-10-06 01:12
26069,1991,3,19.5,2025-08-29 03:11
26070,2163,17,34.5,2025-04-02 13:27
26071,2388,15,9.0,2025-09-15 01:15
26072,101,1,5.0,2025-10-12 13:17
26073,1080,12,25.0,2024-12-22 03:47
26074,1637,26,4.5,2025-04-05 21:56
26075,1369,24,24.5,2025-04-07 15:17
26076,2357,19,9.5,2025-04-27 04:18
26077,1123,16,27.5,2025-06-11 05:02
26078,2403,5,22.0,2025-10-27 07:30
26079,2077,27,5.0,2025-03-02 12:44
26080,2472,5,12.0,2025-08-01 16:58
26081,1853,21,4.5,2025-10-08 20:03
26082,1680,1,29.0,2025-02-23 22:19
26083,1232,16,29.5,2025-06-08 12:59
26084,1357,8,10.0,2025-10-29 18:50
26085,763,13,6.5,2025-08-10 11:38
26086,2028,10,34.5,2025-10-08 08:04
26087,1980,16,6.5,2025-02-15 18:34
26088,716,9,9.5,2025-04-10 03:40
26089,2168,3,26.0,2025-01-23 16:07
26090,1917,19,26.0,2024-12-09 23:57
26091,1008,17,23.0,2025-10-20 05:35
26092,1122,19,16.0,2025-11-06 20:59
26093,2274,6,6.5,2025-03-20 15:07
26094,2435,7,38.5,2025-09-24 22:54
26095,2195,26,30.5,2025-09-23 11:02
26096,627,4,25.5,2025-03-13 00:46
26097,486,25,14.5,2025-01-28 05:36
26098,1844,11,4.5,2025-03-15 04:09
26099,1068,16,38.0,2025-10-09 03:38
26100,623,18,15.0,2025-10-24 19:57
26101,2051,17,4.5,2025-06-15 14:22
26102,1066,2,25.5,2024-12-16 09:36
26103,1579,27,5.0,2025-10-29 13:43
26104,653,23,25.5,2025-10-18 18:04
26105,946,9,30.5,2024-12-27 19:04
26106,3,27,32.5,2025-05-31 23:23
26107,1152,10,31.5,2025-09-23 22:44
26108,540,25,16.5,2025-10-16 08:22
26109,1802,9,25.0,2025-09-20 22:32
26110,570,5,9.0,2025-10-11 16:13
26111,477,23,14.5,2025-10-10 15:16
26112,2304,2,19.5,2025-04-24 18:05
26113,2152,25,11.0,2025-08-14 04:41
26114,639,15,5.5,2025-06-05 07:10
26115,1899,11,9.5,2025-05-28 09:49
26116,384,20,25.0,2025-07-28 04:37
26117,1388,12,5.0,2025-10-06 15:59
26118,1649,5,34.5,2025-10-19 00:28
26119,382,21,4.5,2025-04-17 10:45
26120,559,18,28.5,2025-10-04 09:08
26121,2428,16,20.0,2025-07-20 13:38
26122,26,13,27.0,2025-09-18 19:57
26123,193,19,21.5,2025-06-08 04:24
26124,1796,4,25.5,2025-05-22 21:12
26125,1286,26,21.0,2025-01-23 15:05
26126,1733,15,24.0,2025-03-28 20:12
26127,2259,5,4.5,2025-03-03 04:51
26128,367,7,16.0,2024-12-19 13:02
26129,1312,3,5.5,2025-05-21 11:15
26130,1570,22,29.5,2025-11-15 12:10
26131,283,6,21.0,2025-02-22 19:28
26132,448,14,24.0,2025-09-08 06:07
26133,552,22,12.0,2025-06-12 10:21
26134,1260,8,17.5,2025-07-16 06:35
26135,454,26,12.0,2024-12-07 05:45
26136,2137,18,16.0,2025-06-22 15:16
26137,250,12,19.0,2025-08-07 09:59
26138,2257,2,10.5,2025-03-18 23:37
26139,1065,6,27.5,2025-11-18 08:44
26140,789,15,32.5,2025-08-20 16:11
26141,1874,25,34.0,2025-11-21 16:22
26142,553,11,5.0,2025-01-20 19:18
26143,344,16,28.0,2025-03-17 00:27
26144,2005,25,23.5,2025-04-12 02:57
26145,338,18,5.0,2025-05-27 19:10
26146,1591,7,12.0,2025-10-02 13:28
26147,1761,12,20.0,2025-11-27 19:19
26148,965,8,27.5,2025-02-09 07:08
26149,1288,18,29.0,2025-11-23 21:49
26150,1422,5,9.5,2025-02-01 12:18
26151,1142,20,21.5,2025-01-12 05:26
26152,2477,18,28.0,2025-03-07 01:13
26153,418,5,4.5,2025-10-02 03:57
26154,1802,25,22.5,2025-11-13 12:47
26155,786,27,14.5,2024-12-10 03:58
26156,2184,25,11.5,2025-07-07 02:08
26157,1930,23,11.5,2025-10-15 18:10
26158,1129,10,13.0,2024-12-11 14:24
26159,475,16,10.5,2025-08-10 17:54
26160,2430,2,9.5,2025-03-02 19:53
26161,528,6,25.5,2025-02-11 18:50
26162,2065,19,5.0,2025-03-30 20:25
26163,1090,7,9.5,2025-05-13 11:56
26164,1132,13,14.0,2025-02-07 13:52
26165,1425,22,33.5,2025-10-26 13:18
26166,697,9,20.0,2025-05-02 06:06
26167,1184,19,12.0,2025-05-29 05:05
26168,1657,9,26.0,2025-05-25 22:24
26169,1312,11,20.0,2025-10-16 22:55
26170,1166,17,14.5,2025-03-13 05:42
26171,1532,20,5.5,2025-09-15 09:55
26172,552,21,6.5,2025-05-13 16:25
26173,2466,19,30.0,2025-03-16 20:57
26174,307,10,16.0,2025-05-31 06:05
26175,903,10,15.5,2025-11-13 09:10
26176,2023,6,28.5,2025-01-10 08:33
26177,1479,10,5.0,2025-01-28 08:16
26178,686,22,25.0,2024-12-25 13:43
26179,1706,2,22.5,2025-10-29 06:40
26180,1452,2,25.5,2025-07-05 19:06
26181,1531,11,24.5,2025-03-05 13:22
26182,2256,24,6.5,2025-05-24 18:21
26183,711,19,10.0,2025-07-07 19:47
26184,797,1,12.0,2025-04-21 18:16
26185,1561,10,21.0,2025-03-17 05:57
26186,1339,23,27.0,2025-10-11 18:09
26187,175,19,6.5,2025-03-03 20:17
26188,1996,25,14.5,2025-02-16 04:45
26189,2242,6,14.0,2025-07-28 21:43
26190,1734,13,9.5,2025-07-20 09:16
26191,739,27,15.0,2025-01-21 16:16
26192,1665,14,17.0,2025-01-26 17:45
26193,2404,7,5.0,2025-07-15 21:54
26194,1977,14,19.5,2025-04-29 05:24
26195,364,18,24.5,2025-11-16 08:55
26196,112,21,14.5,2025-07-09 18:02
26197,1659,15,9.5,2025-08-28 10:18
26198,1223,8,26.5,2025-01-19 20:24
26199,1007,20,22.5,2025-01-29 13:28
26200,547,20,16.0,2025-05-11 12:29
26201,422,3,10.0,2025-07-21 11:33
26202,1274,24,17.5,2025-03-15 16:45
26203,1079,25,9.5,2025-01-05 07:09
26204,1297,8,30.0,2025-11-11 10:25
26205,805,18,17.0,2025-03-03 12:09
26206,1401,5,19.5,2025-05-03 04:52
26207,335,27,25.0,2025-08-10 01:25
26208,375,8,19.5,2024-12-17 03:04
26209,1298,2,28.5,2025-06-17 23:46
26210,12,17,24.5,2025-11-11 08:46
26211,1035,12,9.5,2025-08-16 04:45
26212,1879,21,19.5,2025-04-26 05:50
26213,1804,17,16.5,2025-09-04 16:40
26214,2198,22,20.0,2024-12-17 17:56
26215,1848,8,25.0,2025-06-20 08:53
26216,1772,11,18.0,2025-09-11 00:06
26217,1538,13,30.0,2025-03-23 22:57
26218,528,7,28.0,2025-09-08 22:51
26219,428,25,18.0,2025-07-06 07:23
26220,533,15,13.0,2025-03-03 15:10
26221,2110,4,19.5,2025-10-01 15:38
26222,280,4,9.5,2025-04-22 15:45
26223,36,22,4.5,2025-03-20 09:28
26224,988,17,11.0,2024-12-10 19:42
26225,1863,19,20.5,2025-04-07 13:12
26226,1308,25,6.5,2025-05-22 01:46
26227,12,14,4.5,2025-11-05 17:58
26228,2186,16,9.5,2025-03-19 23:43
26229,660,4,23.0,2025-04-22 20:43
26230,2290,21,34.5,2024-12-08 14:23
26231,1545,27,27.0,2025-10-03 17:09
26232,919,20,30.0,2025-08-29 15:20
26233,872,18,17.0,2025-01-23 00:50
26234,2299,26,18.5,2025-08-25 04:48
26235,638,4,15.5,2025-11-14 06:39
26236,1526,19,9.5,2025-08-24 02:57
26237,2198,2,6.5,2025-02-27 16:11
26238,1982,15,23.5,2024-12-14 15:43
26239,1361,23,14.0,2025-08-07 10:03
26240,1906,9,23.0,2025-07-22 15:06
26241,2403,4,9.5,2025-08-26 10:09
26242,1207,24,11.0,2025-07-26 10:11
26243,505,4,28.5,2025-02-10 12:50
26244,143,26,9.5,2025-01-30 21:04
26245,1147,2,24.0,2025-04-02 20:07
26246,549,25,10.5,2025-10-25 18:31
26247,1436,14,30.5,2025-04-26 06:19
26248,1814,27,33.5,2025-03-21 19:20
26249,2496,25,9.5,2025-10-02 23:13
26250,2158,18,21.5,2025-04-24 23:53
26251,446,10,5.0,2025-05-04 06:07
26252,1496,2,30.0,2025-11-02 18:07
26253,105,2,32.5,2025-07-24 11:53
26254,1076,23,6.5,2025-06-06 18:29
26255,1595,24,5.0,2025-11-26 22:53
26256,1903,3,27.0,2025-08-03 01:36
26257,1025,10,16.0,2024-12-28 19:40
26258,1324,27,14.0,2024-12-26 18:53
26259,2419,18,14.5,2025-03-22 19:07
26260,960,8,26.5,2025-11-23 05:48
26261,810,27,22.5,2025-04-25 04:36
26262,2218,3,36.0,2024-12-19 19:33
26263,1350,3,29.0,2025-05-06 17:37
26264,552,22,15.0,2025-08-06 04:51
26265,645,12,26.0,2025-10-26 11:53
26266,493,18,25.0,2025-03-16 03:37
26267,1748,12,11.5,2025-06-03 22:38
26268,1798,21,31.0,2025-11-23 21:18
26269,1934,18,30.0,2025-01-23 20:17
26270,804,11,33.5,2025-03-22 04:55
26271,2218,13,11.0,2025-10-24 14:17
26272,553,10,32.5,2024-12-17 08:19
26273,2446,26,20.0,2025-07-26 04:03
26274,99,11,30.5,2025-03-11 22:51
26275,112,9,15.5,2025-06-28 08:59
26276,1321,17,14.0,2025-08-06 07:25
26277,992,18,5.5,2025-08-20 19:03
26278,1455,7,5.0,2025-03-01 15:35
26279,2446,1,24.5,2025-04-12 11:49
26280,874,5,5.0,2025-03-05 04:15
26281,1864,4,24.5,2025-08-29 22:12
26282,1517,14,21.5,2025-06-18 10:19
26283,490,1,5.5,2025-07-06 00:42
26284,446,20,11.5,2025-08-16 11:27
26285,2442,9,14.5,2025-03-29 12:14
26286,61,26,24.0,2025-05-15 07:48
26287,345,14,25.5,2025-10-18 21:22
26288,1437,11,34.0,2025-04-29 13:05
26289,1829,12,34.5,2025-05-12 13:53
26290,492,5,29.5,2025-05-12 19:27
26291,1911,10,5.0,2025-10-06 10:38
26292,1847,4,24.5,2025-08-22 18:59
26293,1851,14,34.0,2025-06-07 19:25
26294,23,2,19.5,2025-03-02 18:13
26295,1288,19,14.0,2025-05-12 05:45
26296,1817,3,10.0,2025-06-19 09:41
26297,173,8,32.0,2025-09-27 08:02
26298,1575,27,29.0,2025-11-07 21:29
26299,2448,15,29.5,2025-08-24 10:39
26300,253,26,14.5,2025-08-14 22:30
26301,2158,18,20.5,2024-12-11 16:23
26302,1661,22,27.5,2025-11-22 04:49
26303,1726,24,5.0,2025-11-15 13:56
26304,265,18,9.5,2025-07-01 06:46
26305,2013,26,29.5,2025-09-15 21:44
26306,1285,14,22.5,2025-05-10 03:14
26307,385,15,26.5,2025-07-20 21:46
26308,1673,16,20.0,2025-03-08 22:51
26309,1179,16,20.0,2025-03-02 21:58
26310,1817,16,34.0,2025-05-03 11:20
26311,144,5,31.5,2025-07-06 02:03
26312,1771,19,34.0,2025-06-28 01:30
26313,1142,5,6.5,2025-04-22 23:17
26314,1747,23,23.5,2025-07-21 03:32
26315,1726,18,25.0,2024-12-30 01:35
26316,550,22,6.5,2025-04-16 01:21
26317,1412,9,14.0,2025-06-21 18:03
26318,1717,10,20.5,2025-02-12 09:24
26319,32,12,5.5,2025-10-03 00:32
26320,1867,14,19.5,2025-03-22 19:49
26321,92,11,21.0,2025-06-14 20:15
26322,79,18,25.0,2025-09-15 20:17
26323,537,11,30.5,2025-06-02 01:42
26324,796,22,13.0,2025-09-03 01:01
26325,1529,21,29.5,2025-09-18 15:42
26326,695,23,24.5,2025-01-15 22:17
26327,2376,13,11.0,2025-02-27 00:59
26328,611,18,20.5,2025-10-18 19:30
26329,1698,25,6.5,2025-10-02 19:11
26330,579,21,22.0,2025-07-16 11:02
26331,1506,19,21.0,2025-11-09 04:40
26332,734,4,29.0,2025-04-29 03:00
26333,2048,21,14.0,2025-11-02 01:39
26334,625,10,19.0,2025-04-30 23:00
26335,1764,16,14.0,2025-06-20 16:20
26336,1954,5,4.5,2025-07-25 16:28
26337,2192,9,4.5,2025-03-07 04:38
26338,2222,2,34.0,2025-06-05 16:54
26339,1052,10,9.5,2025-08-17 22:56
26340,1237,21,31.0,2025-09-02 11:55
26341,676,2,29.0,2025-11-03 13:55
26342,1249,1,37.5,2024-12-21 19:24
26343,1296,13,30.5,2025-05-26 02:18
26344,2173,18,34.5,2025-05-26 13:16
26345,763,7,4.5,2025-01-15 22:45
26346,2336,7,27.5,2025-01-31 13:42
26347,1767,11,15.0,2025-11-15 15:49
26348,728,16,29.0,2025-06-02 01:53
26349,2207,21,24.0,2025-05-31 15:41
26350,420,6,21.0,2025-09-02 09:19
26351,1493,19,24.0,2025-05-06 10:36
26352,1312,2,16.0,2025-11-17 05:59
26353,402,16,31.5,2025-11-23 15:29
26354,419,10,9.5,2025-05-28 18:40
26355,2401,17,30.0,2025-05-09 01:50
26356,1789,4,10.0,2025-10-13 02:53
26357,1995,27,4.5,2025-11-09 06:33
26358,400,3,14.5,2025-07-29 03:01
26359,2459,27,19.0,2025-11-17 09:01
26360,1841,6,17.0,2024-12-16 12:19
26361,484,10,24.5,2025-01-14 06:53
26362,874,10,23.5,2025-07-25 15:34
26363,89,25,20.0,2025-02-21 11:52
26364,15,5,34.0,2025-11-02 11:33
26365,1809,23,6.5,2025-12-04 02:21
26366,2002,23,14.5,2025-05-16 18:08
26367,447,10,28.5,2025-04-23 12:01
26368,1880,26,22.0,2025-05-24 06:42
26369,1639,1,21.0,2025-09-14 01:18
26370,256,27,28.0,2025-09-30 20:55
26371,1119,14,14.0,2024-12-23 13:46
26372,1437,10,11.0,2025-11-11 01:21
26373,433,2,6.5,2025-05-02 18:17
26374,304,18,29.5,2025-05-04 20:41
26375,2178,16,5.5,2025-03-03 05:32
26376,2310,12,30.0,2025-09-29 01:10
26377,1664,25,24.5,2024-12-07 08:04
26378,614,12,28.5,2025-08-19 18:02
26379,735,23,17.0,2025-02-14 17:44
26380,253,16,6.5,2025-03-11 23:27
26381,467,1,32.0,2025-09-08 01:42
26382,950,18,33.5,2025-04-04 11:31
26383,563,15,10.0,2025-09-09 02:53
26384,1309,14,27.5,2024-12-07 20:03
26385,2217,2,22.5,2025-11-25 06:17
26386,549,26,5.5,2025-07-11 17:25
26387,300,24,9.5,2025-03-10 09:46
26388,1722,11,26.0,2025-07-06 10:19
26389,1742,12,10.0,2025-08-17 16:54
26390,1883,25,22.5,2024-12-29 19:52
26391,1151,22,21.5,2025-09-16 06:17
26392,600,9,36.0,2025-02-28 23:26
26393,768,14,5.0,2025-09-19 00:15
26394,6,8,20.0,2025-04-13 13:05
26395,2406,4,9.5,2025-03-28 08:20
26396,416,27,11.0,2025-05-25 03:30
26397,906,16,12.0,2025-01-04 20:20
26398,60,2,39.5,2025-02-23 13:28
26399,2490,6,6.5,2025-02-14 15:58
26400,641,27,19.0,2025-08-06 07:50
26401,133,6,22.0,2025-11-21 05:36
26402,2332,25,5.0,2025-05-14 15:48
26403,266,19,11.5,2025-11-01 19:21
26404,2170,8,32.5,2025-04-06 12:31
26405,830,23,16.0,2025-04-18 23:45
26406,2041,19,10.5,2025-03-10 21:58
26407,2308,7,9.5,2025-08-17 02:55
26408,466,1,20.0,2025-08-27 08:07
26409,627,3,24.5,2025-02-04 23:22
26410,390,3,27.0,2025-03-06 18:22
26411,1675,14,6.5,2025-02-07 17:51
26412,1275,15,10.5,2025-07-23 20:49
26413,1874,15,10.0,2025-03-01 22:59
26414,422,11,11.5,2025-11-05 03:57
26415,388,20,21.5,2025-07-25 16:25
26416,1063,9,21.0,2025-04-28 04:56
26417,1452,1,15.0,2025-08-28 05:35
26418,702,26,30.5,2025-05-01 01:18
26419,1611,12,33.5,2025-11-14 03:30
26420,630,11,29.0,2025-12-01 02:27
26421,1087,12,9.0,2025-03-30 21:15
26422,1804,26,19.0,2025-08-18 18:14
26423,2313,25,16.0,2025-02-23 09:32
26424,378,10,9.5,2025-11-20 02:04
26425,1535,3,4.5,2025-01-26 03:14
26426,496,4,5.0,2025-04-14 13:59
26427,413,2,15.0,2025-07-02 22:56
26428,94,22,10.5,2025-03-29 08:12
26429,2402,7,36.5,2025-03-08 11:30
26430,2017,27,29.0,2025-05-31 06:43
26431,1471,5,16.0,2025-02-12 07:37
26432,2362,5,31.0,2025-11-29 21:56
26433,1978,2,35.5,2025-04-23 02:48
26434,555,15,32.5,2025-06-11 20:38
26435,1596,4,28.5,2025-08-22 09:06
26436,1037,7,20.0,2025-06-17 11:17
26437,2362,2,10.0,2024-12-11 19:20
26438,2226,14,32.5,2025-10-05 18:08
26439,2419,14,21.0,2025-05-26 00:59
26440,958,8,25.5,2025-07-01 02:59
26441,2265,25,11.5,2025-05-21 01:16
26442,2379,26,12.0,2025-02-14 02:37
26443,1706,27,21.5,2025-05-07 08:00
26444,2241,23,19.0,2025-10-25 23:42
26445,1916,5,15.5,2025-06-09 20:23
26446,2250,9,18.5,2025-10-25 16:51
26447,977,14,11.0,2025-09-26 15:48
26448,268,13,5.0,2025-10-24 02:32
26449,619,24,5.0,2025-12-05 15:11
26450,2177,5,11.0,2025-07-19 02:05
26451,756,1,9.5,2025-10-17 21:32
26452,81,17,11.0,2025-04-15 12:30
26453,605,9,9.5,2025-06-08 16:58
26454,2022,4,36.0,2025-01-25 00:48
26455,1461,25,10.0,2025-07-03 04:28
26456,597,27,27.5,2025-03-11 22:29
26457,1502,16,33.5,2025-09-26 01:48
26458,2142,23,23.5,2024-12-09 04:58
26459,838,18,35.5,2025-10-07 15:35
26460,993,11,16.5,2025-11-20 07:14
26461,2229,19,20.5,2025-01-22 22:36
26462,2183,15,17.0,2025-04-15 17:25
26463,807,8,29.5,2025-10-10 18:09
26464,2156,25,6.5,2025-07-06 10:33
26465,2451,20,24.0,2025-06-18 11:47
26466,1580,2,11.0,2025-09-05 12:51
26467,1184,21,4.5,2025-11-09 02:51
26468,1558,11,16.0,2025-10-06 19:37
26469,640,1,35.5,2025-07-09 22:44
26470,196,6,19.5,2025-07-11 18:43
26471,880,7,14.0,2025-02-05 05:47
26472,2397,10,4.5,2025-04-01 15:38
26473,142,1,12.0,2025-02-25 23:20
26474,567,8,30.0,2025-04-27 02:16
26475,2368,1,25.0,2025-01-27 21:30
26476,2434,25,19.5,2025-04-23 09:57
26477,300,24,9.5,2025-04-14 04:29
26478,210,6,25.5,2025-06-05 07:16
26479,537,1,14.5,2025-11-03 01:21
26480,1377,11,6.5,2025-04-22 13:43
26481,2252,14,10.0,2025-01-04 14:43
26482,1101,26,24.0,2025-01-11 02:07
26483,171,3,30.0,2025-02-15 19:13
26484,359,24,30.0,2025-11-29 19:58
26485,202,22,6.5,2025-07-25 06:59
26486,117,26,30.0,2025-01-29 12:02
26487,2295,27,21.0,2025-06-22 20:23
26488,2349,13,5.5,2025-01-12 11:11
26489,1321,26,30.5,2025-10-24 05:28
26490,1534,18,24.5,2025-09-07 13:22
26491,1994,25,19.5,2025-04-21 00:56
26492,397,20,20.0,2025-10-20 08:18
26493,2429,23,9.5,2025-06-21 15:16
26494,1284,4,11.5,2025-01-27 00:42
26495,1308,21,19.5,2025-09-06 05:47
26496,1319,10,23.0,2025-09-17 19:54
26497,2212,14,31.0,2025-07-10 07:13
26498,1895,17,28.0,2025-10-21 02:55
26499,1100,24,24.0,2025-01-28 12:12
26500,1778,9,28.0,2025-10-02 08:41
26501,230,24,4.5,2025-09-20 05:51
26502,1412,24,11.0,2025-01-07 02:03
26503,61,5,20.0,2025-09-16 12:24
26504,1260,19,30.5,2025-10-30 05:01
26505,711,8,29.0,2025-11-24 09:25
26506,1508,10,15.0,2025-04-13 14:19
26507,234,10,38.0,2025-01-08 17:23
26508,1896,4,28.5,2025-01-03 20:38
26509,2,14,16.5,2025-06-05 12:44
26510,2270,26,11.5,2025-08-13 07:38
26511,2166,8,22.5,2025-06-23 18:26
26512,1739,27,9.0,2025-02-23 01:25
26513,1016,4,10.5,2025-01-10 20:23
26514,1737,7,20.5,2025-02-27 20:35
26515,548,4,28.0,2024-12-11 02:06
26516,1797,22,10.0,2025-08-18 17:00
26517,386,14,6.5,2025-06-11 21:35
26518,409,27,16.5,2025-09-14 19:42
26519,869,25,29.0,2025-08-31 07:46
26520,2295,3,19.5,2024-12-13 16:32
26521,662,26,10.0,2025-03-31 11:56
26522,1907,22,5.0,2025-09-20 03:26
26523,1819,6,26.5,2025-09-20 06:12
26524,1521,7,13.0,2024-12-12 00:06
26525,1538,23,27.5,2025-03-19 17:19
26526,1550,12,10.5,2024-12-15 17:34
26527,2331,15,31.5,2025-09-02 08:45
26528,369,18,12.0,2025-08-26 09:56
26529,2194,12,14.0,2025-01-27 00:52
26530,62,4,18.5,2025-04-22 14:55
26531,2244,2,9.5,2025-09-01 18:36
26532,307,3,23.5,2025-02-20 08:20
26533,1111,9,25.0,2025-02-26 04:14
26534,1574,6,15.5,2025-08-09 11:08
26535,54,9,28.0,2025-02-09 07:16
26536,1374,13,30.0,2025-03-25 03:43
26537,706,5,24.5,2025-04-29 06:57
26538,2219,16,21.0,2025-09-26 07:56
26539,787,26,31.0,2025-01-10 06:45
26540,2068,16,25.0,2025-10-15 10:49
26541,1128,19,10.0,2025-02-03 06:17
26542,244,9,4.5,2025-01-31 05:12
26543,454,21,24.5,2025-05-31 22:05
26544,21,14,19.0,2025-09-09 02:57
26545,1751,20,16.5,2024-12-11 16:19
26546,2248,26,9.5,2025-10-11 21:20
26547,158,19,27.0,2025-02-06 04:26
26548,1148,21,4.5,2025-09-21 02:13
26549,1270,11,28.0,2025-08-22 17:33
26550,447,20,5.0,2025-06-16 03:29
26551,172,12,20.5,2025-11-06 17:21
26552,924,1,29.5,2025-04-09 05:56
26553,1855,24,25.5,2025-05-07 14:01
26554,1625,17,11.0,2025-11-16 11:03
26555,1945,24,11.0,2024-12-13 06:54
26556,971,3,34.0,2025-01-08 13:51
26557,1893,13,10.5,2025-10-08 12:30
26558,733,13,15.0,2025-03-08 23:16
26559,1180,8,9.5,2025-02-28 05:17
26560,1210,9,28.5,2025-03-06 15:59
26561,233,17,16.0,2025-02-09 13:55
26562,1316,13,9.5,2025-01-26 15:03
26563,810,19,11.0,2025-08-13 21:19
26564,1809,3,11.0,2025-02-22 09:53
26565,1669,17,4.5,2025-09-18 07:26
26566,1959,9,11.5,2025-11-20 10:46
26567,1642,9,28.0,2025-11-17 16:48
26568,59,9,9.5,2025-06-01 22:54
26569,2060,16,5.0,2025-02-01 22:45
26570,1372,4,14.0,2025-10-31 00:50
26571,53,4,29.0,2025-07-09 05:03
26572,2421,19,26.0,2025-09-16 17:45
26573,1836,2,33.5,2025-06-03 08:10
26574,1248,18,25.0,2025-06-04 23:18
26575,2156,24,14.5,2025-09-10 01:34
26576,1262,17,24.0,2025-09-01 05:54
26577,809,17,4.5,2025-05-27 08:59
26578,2212,14,26.0,2025-06-06 00:08
26579,1651,21,15.5,2025-02-14 13:18
26580,2193,24,30.0,2025-11-26 15:19
26581,1830,10,15.0,2025-11-04 20:13
26582,1897,2,22.5,2025-12-01 11:13
26583,2196,20,18.0,2025-04-25 02:33
26584,2034,5,5.5,2025-08-05 17:07
26585,314,18,13.0,2025-06-30 15:09
26586,1234,20,26.5,2025-07-04 18:12
26587,1645,4,29.0,2025-11-02 15:20
26588,665,3,5.5,2025-09-14 21:19
26589,1881,16,25.5,2025-09-30 17:53
26590,1179,17,16.0,2025-02-11 11:42
26591,242,9,9.5,2025-05-23 20:10
26592,1417,12,41.5,2025-09-19 10:31
26593,1144,16,14.0,2025-06-16 21:41
26594,751,20,14.5,2025-02-08 17:43
26595,1940,26,25.0,2025-08-11 21:42
26596,655,1,9.0,2025-11-01 04:34
26597,1773,23,9.5,2025-09-22 07:37
26598,888,8,29.0,2025-07-19 12:39
26599,208,14,9.5,2025-08-16 14:04
26600,1956,24,25.5,2025-11-19 08:42
26601,984,6,32.5,2025-09-30 12:16
26602,1128,16,15.5,2025-02-23 22:49
26603,2115,25,5.0,2025-09-24 05:43
26604,159,11,24.0,2025-05-04 10:27
26605,454,14,33.0,2025-01-30 23:21
26606,2482,21,18.0,2025-02-10 13:08
26607,1960,14,10.5,2025-11-05 16:04
26608,221,12,24.5,2025-01-13 11:13
26609,1362,6,18.0,2025-04-20 05:41
26610,1798,10,19.5,2025-08-15 05:05
26611,1657,4,14.0,2024-12-08 08:23
26612,1557,5,9.5,2025-03-23 06:16
26613,150,25,24.0,2025-04-04 04:16
26614,2077,2,30.0,2025-05-11 21:38
26615,1125,15,33.5,2025-05-28 22:19
26616,490,3,15.0,2025-08-20 16:25
26617,1209,25,26.5,2025-09-27 15:49
26618,1320,4,34.5,2025-03-25 21:47
26619,64,1,11.0,2024-12-13 13:26
26620,1305,11,20.0,2025-02-06 23:35
26621,1047,8,20.5,2025-09-30 19:09
26622,1105,24,6.5,2025-03-11 12:43
26623,266,19,29.5,2025-03-20 19:23
26624,1382,21,23.5,2025-02-27 23:33
26625,1946,21,24.5,2025-05-21 02:37
26626,1868,13,21.0,2025-12-02 04:35
26627,215,11,9.0,2025-06-12 01:12
26628,1509,11,10.5,2025-10-28 19:37
26629,1790,15,5.0,2025-02-11 22:01
26630,1820,27,9.5,2025-01-03 18:42
26631,1560,13,16.5,2025-01-11 17:44
26632,659,9,15.0,2025-10-13 17:28
26633,1982,12,19.0,2025-11-13 01:52
26634,2353,3,19.0,2025-12-07 00:36
26635,1738,11,6.5,2025-08-01 10:43
26636,1399,5,19.0,2025-01-05 18:33
26637,1326,18,19.5,2025-05-03 18:07
26638,730,22,20.5,2025-05-04 16:07
26639,161,4,24.0,2025-10-05 10:04
26640,1507,2,16.5,2025-11-23 20:33
26641,1700,8,27.0,2025-06-17 23:08
26642,518,17,22.5,2025-11-19 11:11
26643,1370,8,22.0,2025-05-24 01:48
26644,380,17,14.5,2025-10-18 02:54
26645,1922,9,11.0,2025-08-04 19:13
26646,2245,9,26.5,2025-03-25 10:14
26647,589,22,20.5,2025-03-16 20:43
26648,2407,17,22.0,2025-03-16 21:05
26649,2026,1,27.0,2025-03-14 11:11
26650,875,12,12.0,2025-08-14 19:28
26651,974,14,5.0,2024-12-10 03:04
26652,1260,19,4.5,2025-07-06 10:49
26653,2340,7,24.0,2025-09-24 11:56
26654,1988,16,11.0,2025-10-16 10:46
26655,443,5,14.5,2025-08-08 01:33
26656,1304,7,10.5,2024-12-16 14:19
26657,1906,27,28.5,2025-06-04 00:48
26658,242,2,16.5,2025-11-22 23:15
26659,1124,23,6.5,2025-11-20 12:48
26660,1641,3,5.5,2025-06-20 07:27
26661,826,16,34.5,2025-11-22 11:30
26662,1748,8,31.5,2025-01-03 05:38
26663,1255,13,20.0,2025-03-28 06:40
26664,551,18,9.0,2025-01-26 13:00
26665,2300,19,29.0,2025-12-04 21:19
26666,1634,13,39.5,2025-11-03 06:01
26667,585,11,16.0,2025-05-11 04:02
26668,859,11,25.0,2025-01-23 06:31
26669,1750,10,30.0,2025-08-05 16:09
26670,286,9,30.5,2025-08-14 17:53
26671,145,23,34.5,2025-03-04 13:01
26672,1712,5,24.0,2024-12-13 01:54
26673,1626,15,4.5,2025-11-18 19:01
26674,1399,13,9.5,2024-12-16 11:06
26675,1068,23,30.5,2024-12-19 01:10
26676,440,10,36.0,2024-12-07 18:45
26677,2185,25,9.5,2025-03-02 00:44
26678,1708,23,9.5,2025-10-07 15:11
26679,2177,14,19.5,2025-11-22 11:43
26680,2395,27,37.5,2025-01-12 23:23
26681,328,17,35.0,2025-09-01 18:17
26682,1880,1,5.0,2024-12-20 03:17
26683,1515,20,28.0,2025-08-17 02:45
26684,18,26,11.0,2025-03-26 19:20
26685,1225,13,15.5,2025-07-25 03:58
26686,1684,5,5.5,2025-04-13 17:02
26687,252,21,25.0,2025-11-09 22:13
26688,221,18,10.0,2025-02-02 20:26
26689,1959,19,5.5,2025-01-17 09:57
26690,881,12,5.5,2025-09-06 02:58
26691,845,22,14.5,2025-09-30 00:25
26692,813,8,27.5,2025-11-24 01:08
26693,828,8,21.5,2025-04-15 21:29
26694,857,3,16.0,2025-05-22 21:04
26695,1931,1,24.0,2025-04-03 00:12
26696,527,24,17.0,2025-06-26 00:14
26697,1452,11,29.5,2025-03-23 15:33
26698,929,9,10.0,2025-09-11 05:39
26699,1213,18,10.0,2025-09-23 22:53
26700,1166,24,34.5,2025-07-25 13:06
26701,946,10,9.5,2025-02-19 23:54
26702,1177,19,14.0,2025-06-11 10:25
26703,2103,1,21.5,2025-04-21 15:21
26704,363,16,26.5,2025-08-02 17:55
26705,204,13,11.5,2025-11-16 20:49
26706,180,24,4.5,2025-08-04 07:48
26707,1924,21,5.5,2025-05-31 00:07
26708,1630,11,19.0,2025-08-19 16:39
26709,1671,3,9.5,2025-12-03 15:49
26710,195,5,18.0,2025-04-19 03:44
26711,1388,3,6.5,2025-09-16 15:37
26712,1062,20,13.0,2025-10-16 04:08
26713,837,1,20.0,2025-06-15 18:34
26714,1894,6,9.5,2025-04-24 06:56
26715,1636,3,25.0,2024-12-27 17:41
26716,1203,27,29.0,2025-03-14 13:12
26717,1007,26,15.5,2025-09-03 22:55
26718,1836,16,16.0,2025-08-06 14:53
26719,985,11,20.0,2025-10-26 07:35
26720,1582,12,11.0,2025-05-03 07:57
26721,845,23,9.5,2025-05-11 21:29
26722,1292,27,14.5,2025-12-05 07:01
26723,842,7,36.0,2025-04-02 01:55
26724,1306,16,21.0,2025-01-20 20:49
26725,456,13,4.5,2025-08-20 23:37
26726,2146,18,12.0,2025-09-02 00:13
26727,90,11,18.5,2025-10-18 18:25
26728,2053,10,31.5,2025-06-14 06:40
26729,839,6,23.5,2025-01-19 20:43
26730,1157,5,10.0,2025-10-12 05:46
26731,1869,5,26.5,2025-02-12 04:31
26732,1667,27,24.5,2025-04-11 12:19
26733,2418,2,10.0,2024-12-10 06:42
26734,2368,23,14.0,2025-06-06 21:08
26735,838,11,31.0,2025-07-24 00:07
26736,657,10,34.0,2025-04-20 06:56
26737,552,11,5.5,2025-11-20 04:46
26738,1656,23,35.5,2025-03-29 21:46
26739,1702,7,30.5,2025-12-02 17:42
26740,958,15,4.5,2025-05-01 05:18
26741,2439,22,6.5,2025-03-19 22:07
26742,1276,27,9.5,2025-07-17 04:28
26743,721,1,10.5,2025-08-31 07:52
26744,712,23,5.0,2025-09-09 12:09
26745,800,9,14.0,2025-06-22 07:56
26746,1403,23,26.0,2025-02-05 10:38
26747,1621,8,6.5,2024-12-21 08:31
26748,91,13,26.5,2025-01-17 20:02
26749,666,22,5.5,2025-03-22 06:58
26750,2376,14,27.0,2025-09-11 08:52
26751,1409,27,13.0,2025-05-26 08:04
26752,828,9,24.5,2025-09-19 00:10
26753,1606,27,16.5,2024-12-23 04:07
26754,2402,26,10.5,2025-01-10 20:54
26755,507,19,35.0,2025-04-16 00:34
26756,2093,2,19.5,2025-11-04 21:33
26757,1591,19,9.0,2025-07-16 16:20
26758,1175,10,20.0,2025-04-23 17:19
26759,1814,22,23.0,2024-12-29 15:24
26760,1570,11,23.0,2025-10-31 18:14
26761,608,17,6.5,2025-05-06 05:38
26762,413,19,5.5,2025-11-11 19:57
26763,2174,8,33.0,2025-07-23 05:26
26764,853,27,9.5,2025-10-20 02:43
26765,1678,24,20.0,2025-08-14 04:06
26766,376,8,35.0,2025-07-25 23:47
26767,406,23,10.0,2025-08-28 09:00
26768,1472,23,9.5,2025-07-05 23:12
26769,831,7,43.0,2025-10-14 09:23
26770,231,3,9.5,2025-08-23 19:09
26771,554,22,9.5,2025-03-02 02:22
26772,1951,20,17.0,2025-01-27 17:28
26773,1204,18,21.5,2025-02-24 08:48
26774,2058,12,19.5,2025-02-04 23:54
26775,96,27,16.5,2025-01-04 21:14
26776,1646,16,34.0,2025-11-02 17:21
26777,1801,18,34.0,2025-06-17 17:59
26778,2437,26,29.5,2025-11-16 20:23
26779,110,13,26.0,2025-01-05 03:25
26780,79,25,14.5,2025-07-04 12:52
26781,1211,19,38.5,2025-06-30 13:48
26782,2490,13,11.0,2025-06-01 10:41
26783,271,9,5.5,2025-09-12 18:32
26784,597,20,5.0,2025-04-21 20:48
26785,479,24,22.0,2025-09-06 18:12
26786,676,11,15.5,2025-08-01 02:13
26787,106,3,6.5,2025-10-20 11:34
26788,1936,10,15.5,2025-12-02 03:02
26789,1073,14,4.5,2025-09-25 20:58
26790,2270,21,36.0,2024-12-30 07:44
26791,870,6,21.5,2024-12-20 13:42
26792,1759,10,20.5,2025-07-28 06:33
26793,1095,22,16.0,2024-12-21 11:11
26794,1339,14,29.0,2025-09-02 02:06
26795,1147,9,22.5,2024-12-27 09:57
26796,794,16,5.5,2024-12-15 03:13
26797,660,19,6.5,2025-10-10 08:52
26798,1890,4,17.0,2025-01-04 12:04
26799,1039,7,9.5,2025-07-05 20:33
26800,1819,11,31.5,2025-09-21 11:39
26801,1638,27,38.0,2025-08-13 01:16
26802,1197,14,24.0,2025-04-04 19:05
26803,1454,7,14.5,2025-04-04 17:58
26804,143,11,28.5,2025-06-16 15:31
26805,1858,19,16.0,2025-11-20 06:45
26806,1857,3,6.5,2025-04-06 05:12
26807,2463,26,26.0,2025-09-07 05:24
26808,2252,8,20.5,2025-03-17 13:22
26809,2371,12,6.5,2025-07-17 01:20
26810,1591,2,15.5,2025-01-15 16:56
26811,405,13,12.0,2025-04-19 03:14
26812,1512,4,31.0,2025-03-22 21:36
26813,793,7,9.5,2025-01-16 05:23
26814,2453,26,5.0,2025-07-02 20:56
26815,155,6,10.0,2025-08-21 07:03
26816,1174,9,19.5,2024-12-23 03:37
26817,706,15,14.5,2025-02-07 02:58
26818,160,4,31.5,2025-02-02 05:54
26819,1634,26,5.0,2025-06-26 21:29
26820,1198,16,19.0,2025-04-08 19:47
26821,177,12,24.5,2025-05-28 15:58
26822,2014,25,27.0,2025-07-27 08:49
26823,1125,2,14.5,2025-04-13 01:21
26824,664,3,28.5,2025-06-21 04:24
26825,1475,3,16.5,2025-08-25 11:35
26826,1039,26,12.0,2025-07-24 20:23
26827,2001,10,10.5,2025-12-07 00:27
26828,1061,8,14.5,2025-05-18 00:46
26829,1969,2,4.5,2025-03-11 18:35
26830,923,21,25.0,2025-04-13 01:07
26831,1337,10,5.0,2025-01-01 20:23
26832,1745,1,5.0,2025-06-11 04:07
26833,683,15,5.0,2025-03-14 09:31
26834,661,8,29.0,2025-02-17 02:09
26835,1138,27,5.5,2025-11-24 08:52
26836,795,12,12.0,2025-02-11 17:30
26837,468,6,30.0,2025-10-22 03:41
26838,389,15,28.0,2025-04-22 11:16
26839,2295,11,4.5,2025-10-10 10:52
26840,1112,7,11.0,2025-10-30 15:57
26841,203,6,19.0,2025-12-04 17:37
26842,1933,15,20.0,2025-06-08 15:02
26843,940,11,10.0,2025-09-13 12:35
26844,2198,13,33.0,2025-09-02 05:39
26845,2442,21,17.5,2025-08-09 09:24
26846,1777,22,35.5,2025-10-24 17:11
26847,1761,27,4.5,2025-08-03 09:51
26848,1494,6,34.0,2025-03-06 06:11
26849,1615,3,9.5,2025-08-03 23:44
26850,2258,21,13.0,2024-12-12 15:04
26851,2230,1,31.0,2025-07-27 22:03
26852,1533,13,5.5,2025-05-04 13:05
26853,1617,10,22.0,2025-02-12 17:50
26854,2289,12,5.0,2025-10-19 04:15
26855,637,25,27.0,2025-07-21 11:00
26856,107,12,14.5,2025-02-23 19:47
26857,704,22,20.5,2025-09-24 03:52
26858,1877,9,11.0,2025-08-04 14:10
26859,1793,8,25.0,2025-06-28 20:00
26860,90,10,19.0,2025-06-15 09:34
26861,1487,18,5.0,2025-11-20 12:44
26862,730,3,36.0,2025-10-24 01:27
26863,2185,2,4.5,2025-01-12 17:00
26864,2474,10,18.5,2025-11-08 16:21
26865,1097,14,24.0,2025-09-20 05:50
26866,272,4,19.5,2025-10-13 03:59
26867,1214,13,33.0,2025-10-15 04:33
26868,1709,17,5.0,2025-11-03 14:10
26869,597,11,9.5,2025-03-30 17:49
26870,1272,13,16.0,2025-08-09 11:40
26871,502,22,9.0,2025-03-16 19:35
26872,1044,24,10.0,2025-06-14 17:48
26873,2348,1,4.5,2025-02-08 14:54
26874,159,12,19.0,2025-03-07 16:01
26875,474,1,37.0,2025-03-31 06:07
26876,2393,5,20.0,2025-10-07 13:18
26877,1009,23,5.0,2025-11-24 15:14
26878,2064,16,32.5,2025-11-14 14:37
26879,2139,5,11.0,2025-09-07 00:20
26880,1211,6,19.0,2025-10-19 00:36
26881,1605,20,6.5,2025-12-01 20:49
26882,806,23,10.5,2025-07-02 13:43
26883,1644,8,10.0,2024-12-21 08:54
26884,746,17,15.0,2025-01-31 15:43
26885,74,20,14.5,2025-07-15 03:56
26886,2319,11,6.5,2025-07-24 07:51
26887,1042,16,14.5,2025-10-11 11:17
26888,1922,20,5.0,2025-07-27 20:25
26889,1515,10,19.0,2025-08-05 08:50
26890,1781,19,16.0,2025-04-04 00:12
26891,1578,16,9.5,2025-01-26 06:51
26892,2036,27,23.5,2025-04-07 14:40
26893,257,21,11.5,2025-01-10 01:07
26894,1438,16,20.5,2025-09-24 15:28
26895,2008,7,19.0,2025-10-04 00:31
26896,583,12,9.0,2025-10-12 14:11
26897,198,27,30.5,2025-04-17 17:45
26898,1652,6,24.0,2025-07-25 22:25
26899,1963,11,4.5,2025-10-03 23:21
26900,202,26,10.0,2025-05-20 05:01
26901,2438,25,25.0,2025-01-01 01:24
26902,934,27,19.5,2025-10-11 01:30
26903,732,17,14.0,2025-08-31 11:51
26904,696,20,9.5,2025-04-29 04:17
26905,1139,21,10.0,2025-10-02 16:29
26906,1000,20,15.0,2025-08-01 14:10
26907,1360,20,4.5,2025-11-11 07:41
26908,1774,20,19.5,2025-08-20 18:49
